month,dest_city,bool_carrier_delay_min,bool_weather_delay_min,bool_traffic_delay_min,bool_security_delay_min,bool_late_aircraft_delay_min,is_late,cancelled,flight_number
1,"Aberdeen, SD",4,2,2,0,0,6,3,61
1,"Abilene, TX",12,12,22,0,23,34,1,151
1,"Adak Island, AK",0,0,0,0,1,1,3,9
1,"Aguadilla, PR",49,1,20,0,39,60,1,227
1,"Akron, OH",40,14,49,0,36,86,16,270
1,"Albany, GA",8,2,1,0,0,10,0,62
1,"Albany, NY",144,25,99,2,136,229,23,864
1,"Albuquerque, NM",221,27,143,3,225,370,33,1807
1,"Alexandria, LA",16,10,11,0,8,29,8,155
1,"Allentown/Bethlehem/Easton, PA",33,9,20,0,33,57,10,349
1,"Alpena, MI",10,4,8,0,0,15,13,51
1,"Amarillo, TX",52,6,39,0,67,95,18,396
1,"Anchorage, AK",146,24,164,22,169,327,105,1130
1,"Appleton, WI",77,21,56,0,36,129,22,461
1,"Arcata/Eureka, CA",17,5,16,0,9,35,3,149
1,"Asheville, NC",72,17,81,2,84,158,17,853
1,"Ashland, WV",3,0,0,0,1,3,0,20
1,"Aspen, CO",148,35,162,0,50,292,55,968
1,"Atlanta, GA",2568,569,3041,24,2501,5233,311,26294
1,"Atlantic City, NJ",31,2,36,3,18,45,5,262
1,"Augusta, GA",43,14,21,0,23,67,6,250
1,"Austin, TX",979,108,1113,17,945,1728,216,6690
1,"Bakersfield, CA",15,3,11,0,17,26,0,180
1,"Baltimore, MD",899,65,804,27,1027,1559,294,7552
1,"Bangor, ME",19,6,27,0,22,45,19,241
1,"Barrow, AK",6,0,2,0,4,7,7,30
1,"Baton Rouge, LA",59,17,51,1,44,106,15,387
1,"Beaumont/Port Arthur, TX",4,4,6,0,5,13,2,62
1,"Belleville, IL",7,1,5,0,10,13,2,60
1,"Bellingham, WA",15,4,21,0,23,39,1,205
1,"Bemidji, MN",10,5,5,0,0,15,0,61
1,"Bend/Redmond, OR",58,27,71,2,26,113,41,491
1,"Bethel, AK",7,2,8,0,6,16,2,60
1,"Billings, MT",33,8,29,0,26,56,3,277
1,"Binghamton, NY",4,4,6,0,3,9,5,32
1,"Birmingham, AL",180,31,156,4,184,314,41,1310
1,"Bishop, CA",5,1,3,0,7,14,2,54
1,"Bismarck/Mandan, ND",28,10,17,0,11,50,10,277
1,"Bloomington/Normal, IL",15,10,18,0,15,31,9,143
1,"Boise, ID",223,43,182,0,141,356,24,1594
1,"Boston, MA",1470,168,1256,8,1409,2464,335,10126
1,"Bozeman, MT",124,21,89,0,82,184,24,839
1,"Brainerd, MN",8,3,2,0,0,11,0,52
1,"Bristol/Johnson City/Kingsport, TN",28,8,16,0,20,42,4,191
1,"Brownsville, TX",7,4,10,0,11,20,3,111
1,"Brunswick, GA",21,5,6,0,0,27,0,62
1,"Buffalo, NY",227,41,182,2,191,378,212,1581
1,"Burbank, CA",241,16,135,3,277,421,45,2330
1,"Burlington, VT",65,21,70,0,64,132,20,526
1,"Butte, MT",7,1,2,0,0,8,0,56
1,"Casper, WY",2,1,2,0,2,5,0,63
1,"Cedar City, UT",5,1,4,0,0,6,0,52
1,"Cedar Rapids/Iowa City, IA",74,33,68,1,65,146,61,586
1,"Champaign/Urbana, IL",10,13,16,0,26,34,15,123
1,"Charleston, SC",218,41,222,2,228,388,39,1751
1,"Charleston/Dunbar, WV",44,18,18,2,22,78,19,261
1,"Charlotte Amalie, VI",61,11,59,1,31,96,0,553
1,"Charlotte, NC",1741,435,1968,34,2167,3722,319,16382
1,"Charlottesville, VA",28,5,21,0,23,47,15,236
1,"Chattanooga, TN",44,20,62,0,64,112,19,472
1,"Cheyenne, WY",1,1,1,0,4,6,2,57
1,"Chicago, IL",3029,561,3287,47,3026,6011,1978,26209
1,"Christiansted, VI",20,3,21,0,13,32,0,146
1,"Cincinnati, OH",351,59,341,4,387,665,74,3112
1,"Clarksburg/Fairmont, WV",1,0,2,0,2,3,0,15
1,"Cleveland, OH",433,71,334,6,410,738,169,3104
1,"College Station/Bryan, TX",3,5,7,0,4,12,4,93
1,"Colorado Springs, CO",124,12,86,4,143,222,11,955
1,"Columbia, MO",8,11,14,0,14,26,19,131
1,"Columbia, SC",67,18,52,0,69,124,18,488
1,"Columbus, GA",26,2,9,0,1,29,2,82
1,"Columbus, MS",6,2,6,0,8,12,6,62
1,"Columbus, OH",444,56,371,6,428,734,81,3226
1,"Concord, NC",5,0,8,0,8,11,0,68
1,"Cordova, AK",4,0,8,0,14,20,2,60
1,"Corpus Christi, TX",25,11,47,0,51,70,7,317
1,"Dallas, TX",748,30,785,9,862,1288,234,6037
1,"Dallas/Fort Worth, TX",3139,1069,4255,66,3654,6886,694,23588
1,"Dayton, OH",60,24,69,0,57,124,16,578
1,"Daytona Beach, FL",18,4,14,0,20,35,2,201
1,"Deadhorse, AK",4,1,7,0,4,10,6,46
1,"Decatur, IL",11,0,6,0,4,18,13,83
1,"Denver, CO",2387,293,2227,23,2425,4375,1028,23357
1,"Des Moines, IA",171,33,187,0,203,342,93,1255
1,"Detroit, MI",1199,323,1168,9,936,2268,311,9470
1,"Devils Lake, ND",1,0,0,0,0,1,7,56
1,"Dickinson, ND",5,0,2,0,1,6,4,53
1,"Dodge City, KS",3,1,5,0,2,6,8,53
1,"Dothan, AL",11,1,6,0,9,18,0,62
1,"Duluth, MN",26,13,24,0,8,46,7,150
1,"Durango, CO",34,7,19,0,22,57,3,273
1,"Eagle, CO",81,17,107,0,49,167,4,634
1,"El Paso, TX",146,27,116,6,200,272,19,1283
1,"Elko, NV",2,1,2,0,0,3,1,31
1,"Elmira/Corning, NY",17,8,11,0,0,24,2,76
1,"Escanaba, MI",7,2,3,0,0,9,3,52
1,"Eugene, OR",75,11,59,0,48,121,83,588
1,"Evansville, IN",20,8,13,0,17,36,4,152
1,"Everett, WA",10,0,15,0,22,29,28,114
1,"Fairbanks, AK",28,2,25,1,18,48,11,193
1,"Fargo, ND",63,20,50,0,53,115,14,531
1,"Fayetteville, AR",97,41,154,3,114,229,31,977
1,"Fayetteville, NC",9,8,15,0,9,22,1,123
1,"Flagstaff, AZ",10,7,3,0,1,16,0,110
1,"Flint, MI",23,7,21,0,34,51,6,160
1,"Fort Dodge, IA",2,2,4,0,10,14,6,52
1,"Fort Lauderdale, FL",1224,165,1675,26,1094,2329,267,8447
1,"Fort Myers, FL",534,87,759,6,482,1057,144,3842
1,"Fort Smith, AR",9,7,7,0,10,20,10,93
1,"Fort Wayne, IN",35,10,26,0,29,68,19,312
1,"Fresno, CA",105,21,86,0,99,194,9,872
1,"Gainesville, FL",15,5,15,0,15,32,4,205
1,"Garden City, KS",3,3,2,0,3,10,8,62
1,"Gillette, WY",3,1,3,0,2,7,3,61
1,"Grand Forks, ND",18,1,10,0,6,22,0,119
1,"Grand Island, NE",6,5,4,0,1,13,5,81
1,"Grand Junction, CO",32,6,28,0,22,59,3,277
1,"Grand Rapids, MI",208,68,180,3,208,422,97,1569
1,"Great Falls, MT",23,7,14,0,11,41,4,217
1,"Green Bay, WI",63,18,48,0,24,107,19,332
1,"Greensboro/High Point, NC",80,32,74,2,104,173,24,917
1,"Greer, SC",144,40,136,1,155,264,34,1209
1,"Guam, TT",3,0,0,0,5,6,0,62
1,"Gulfport/Biloxi, MS",19,15,32,0,30,49,5,234
1,"Gunnison, CO",15,6,7,1,11,29,2,100
1,"Hagerstown, MD",3,0,2,0,1,3,0,17
1,"Hancock/Houghton, MI",6,0,3,0,4,10,12,61
1,"Harlingen/San Benito, TX",30,8,18,0,51,65,5,337
1,"Harrisburg, PA",45,16,34,0,31,76,10,363
1,"Hartford, CT",285,45,238,5,254,439,55,1604
1,"Hattiesburg/Laurel, MS",3,0,2,0,4,7,3,52
1,"Hayden, CO",56,5,45,0,52,90,1,418
1,"Hays, KS",6,1,7,0,11,19,6,61
1,"Helena, MT",17,6,16,0,10,33,4,161
1,"Hibbing, MN",10,3,2,0,0,13,0,51
1,"Hilo, HI",102,30,7,1,108,142,6,597
1,"Hilton Head, SC",6,2,1,0,5,9,3,62
1,"Honolulu, HI",892,300,728,20,680,1487,147,5171
1,"Houston, TX",1631,177,1794,22,1485,2979,665,13545
1,"Huntsville, AL",70,27,75,0,81,142,49,676
1,"Idaho Falls, ID",22,10,25,0,9,42,3,227
1,"Indianapolis, IN",507,73,407,9,475,821,94,3552
1,"International Falls, MN",5,2,1,0,0,7,1,51
1,"Iron Mountain/Kingsfd, MI",12,6,7,0,0,16,1,61
1,"Islip, NY",84,1,50,0,95,123,9,479
1,"Ithaca/Cortland, NY",5,2,6,0,7,11,5,62
1,"Jackson, WY",75,15,62,0,49,119,8,556
1,"Jackson/Vicksburg, MS",65,12,72,0,66,123,11,529
1,"Jacksonville, FL",344,48,317,4,339,588,41,2310
1,"Jacksonville/Camp Lejeune, NC",5,1,3,0,3,8,1,71
1,"Jamestown, ND",3,1,2,0,1,5,7,56
1,"Johnstown, PA",5,3,3,0,4,14,11,62
1,"Joplin, MO",1,0,4,0,4,7,7,51
1,"Juneau, AK",28,5,42,1,49,86,16,334
1,"Kahului, HI",295,56,128,1,223,433,85,2261
1,"Kalamazoo, MI",16,5,7,0,0,23,8,82
1,"Kalispell, MT",21,10,23,0,17,49,16,250
1,"Kansas City, MO",562,71,458,7,518,880,173,3781
1,"Ketchikan, AK",10,8,20,0,23,43,13,182
1,"Key West, FL",101,30,151,2,81,213,16,854
1,"Killeen, TX",13,9,11,0,9,26,9,129
1,"Knoxville, TN",155,37,150,1,174,292,62,1119
1,"Kodiak, AK",1,1,5,0,10,13,5,57
1,"Kona, HI",211,40,122,0,190,328,65,1402
1,"Kotzebue, AK",0,1,3,0,4,4,3,30
1,"La Crosse, WI",0,1,0,0,1,1,1,6
1,"Lafayette, LA",32,13,39,0,22,63,16,216
1,"Lake Charles, LA",11,5,5,0,1,16,5,93
1,"Lansing, MI",26,8,18,0,8,40,9,103
1,"Laramie, WY",4,0,4,0,2,6,7,52
1,"Laredo, TX",16,4,23,0,13,28,2,129
1,"Las Vegas, NV",1578,199,1763,17,1838,3183,385,14943
1,"Latrobe, PA",4,0,3,0,1,5,1,31
1,"Lawton/Fort Sill, OK",6,5,8,0,9,16,5,91
1,"Lewiston, ID",13,3,10,1,5,22,2,93
1,"Lexington, KY",77,19,67,0,67,138,19,633
1,"Liberal, KS",1,0,1,0,0,1,0,11
1,"Lihue, HI",183,56,141,1,171,312,7,1323
1,"Lincoln, NE",8,0,9,0,5,17,4,47
1,"Little Rock, AR",125,33,124,1,125,231,28,900
1,"Long Beach, CA",126,14,71,2,161,237,24,1487
1,"Longview, TX",2,5,2,0,0,9,3,61
1,"Los Angeles, CA",1675,257,1331,22,1166,2643,491,15220
1,"Louisville, KY",222,48,199,5,214,390,35,1754
1,"Lubbock, TX",58,15,40,1,81,111,19,477
1,"Madison, WI",137,30,85,0,101,210,34,838
1,"Manchester, NH",58,10,28,1,61,86,17,361
1,"Manhattan/Ft. Riley, KS",9,6,9,0,11,21,2,93
1,"Marquette, MI",2,0,2,0,4,4,3,31
1,"Mason City, IA",3,2,4,0,6,12,5,52
1,"Medford, OR",45,17,37,0,9,67,2,363
1,"Melbourne, FL",25,6,17,2,27,48,0,223
1,"Memphis, TN",210,48,210,6,219,392,55,1673
1,"Meridian, MS",6,0,0,0,3,9,4,52
1,"Miami, FL",1562,232,2146,24,1249,2949,256,10210
1,"Midland/Odessa, TX",67,15,62,1,85,136,20,686
1,"Milwaukee, WI",317,41,241,3,251,513,137,2159
1,"Minneapolis, MN",1015,299,728,5,613,1681,183,9431
1,"Minot, ND",18,8,23,0,8,39,17,189
1,"Mission/McAllen/Edinburg, TX",38,12,32,0,34,67,8,286
1,"Missoula, MT",29,12,18,0,14,54,13,242
1,"Moab, UT",2,1,1,0,3,6,2,31
1,"Mobile, AL",23,13,18,0,17,43,3,192
1,"Moline, IL",37,15,35,0,28,69,41,346
1,"Monroe, LA",22,4,14,2,14,35,7,155
1,"Monterey, CA",35,5,32,0,16,54,1,309
1,"Montgomery, AL",24,14,17,0,24,45,5,189
1,"Montrose/Delta, CO",51,9,52,1,45,97,3,376
1,"Mosinee, WI",6,1,5,0,6,10,2,62
1,"Myrtle Beach, SC",87,26,86,0,66,154,8,780
1,"Nashville, TN",934,105,834,12,950,1583,496,7553
1,"New Orleans, LA",638,87,682,8,609,1115,100,4060
1,"New York, NY",2458,454,2637,18,2263,4657,872,22185
1,"Newark, NJ",963,134,823,10,794,1648,728,10179
1,"Newburgh/Poughkeepsie, NY",2,0,1,0,1,3,0,30
1,"Niagara Falls, NY",2,0,1,0,1,3,2,38
1,"Nome, AK",1,1,2,0,5,6,3,30
1,"Norfolk, VA",217,36,177,3,203,348,27,1483
1,"North Bend/Coos Bay, OR",0,1,1,0,0,2,1,17
1,"North Platte, NE",6,0,6,0,2,8,1,51
1,"Oakland, CA",398,19,277,5,453,639,63,3539
1,"Oklahoma City, OK",237,40,165,1,210,391,62,1732
1,"Omaha, NE",283,49,229,5,215,448,107,1904
1,"Ontario, CA",216,23,117,2,247,357,41,1885
1,"Orlando, FL",2026,226,2640,28,2024,3859,441,14304
1,"Pago Pago, TT",2,0,0,0,1,3,0,10
1,"Palm Springs, CA",150,21,117,0,175,292,57,1432
1,"Panama City, FL",48,10,57,0,53,85,1,417
1,"Pasco/Kennewick/Richland, WA",52,25,51,1,17,102,10,370
1,"Pellston, MI",13,2,4,0,0,15,11,51
1,"Pensacola, FL",104,30,117,1,128,205,12,857
1,"Peoria, IL",22,20,35,0,37,68,34,284
1,"Petersburg, AK",3,1,9,0,12,15,1,60
1,"Philadelphia, PA",918,146,823,16,1020,1672,181,6939
1,"Phoenix, AZ",1828,283,1543,27,1749,3204,344,15878
1,"Pittsburgh, PA",436,66,336,5,433,730,79,3250
1,"Plattsburgh, NY",4,1,8,0,0,9,0,40
1,"Pocatello, ID",1,5,2,0,0,6,0,62
1,"Ponce, PR",14,0,8,0,5,16,0,92
1,"Portland, ME",72,14,75,0,85,142,43,599
1,"Portland, OR",474,78,549,7,474,929,393,4288
1,"Portsmouth, NH",2,0,2,0,0,3,0,23
1,"Prescott, AZ",2,0,4,0,5,7,0,62
1,"Providence, RI",152,32,97,0,154,228,46,964
1,"Provo, UT",17,9,23,0,22,40,3,166
1,"Punta Gorda, FL",75,28,120,1,72,167,11,540
1,"Raleigh/Durham, NC",655,95,549,5,658,1094,118,4493
1,"Rapid City, SD",22,13,20,0,22,54,5,295
1,"Redding, CA",7,0,5,0,3,11,0,93
1,"Reno, NV",184,19,130,1,186,310,18,1545
1,"Rhinelander, WI",11,3,6,0,0,14,1,61
1,"Richmond, VA",187,29,145,3,204,325,20,1330
1,"Riverton/Lander, WY",2,1,2,0,2,5,2,39
1,"Roanoke, VA",32,10,29,0,33,63,12,257
1,"Rochester, MN",10,7,8,0,5,17,5,88
1,"Rochester, NY",139,38,120,2,144,251,44,958
1,"Rock Springs, WY",1,1,1,0,1,3,1,39
1,"Rockford, IL",1,1,1,0,2,3,0,65
1,"Roswell, NM",8,2,3,0,2,13,3,62
1,"Sacramento, CA",514,42,344,8,558,819,54,4144
1,"Saginaw/Bay City/Midland, MI",36,11,33,0,17,64,18,164
1,"Saipan, TT",0,0,0,0,0,0,0,31
1,"Salina, KS",3,1,9,0,11,16,7,61
1,"Salt Lake City, UT",1041,311,829,10,804,1828,109,9455
1,"San Angelo, TX",11,9,13,0,8,26,2,93
1,"San Antonio, TX",480,60,441,5,474,802,99,3285
1,"San Diego, CA",792,75,619,14,746,1286,341,7074
1,"San Francisco, CA",1172,159,1512,17,940,2466,575,10128
1,"San Jose, CA",422,27,234,5,468,691,77,3834
1,"San Juan, PR",578,60,503,10,404,843,30,3018
1,"San Luis Obispo, CA",35,4,34,0,33,69,1,351
1,"Sanford, FL",80,26,114,0,74,173,12,744
1,"Santa Ana, CA",351,52,273,4,349,633,36,3642
1,"Santa Barbara, CA",62,6,38,2,85,123,4,543
1,"Santa Fe, NM",13,3,4,0,3,20,2,124
1,"Santa Maria, CA",1,0,0,0,1,2,0,9
1,"Santa Rosa, CA",26,6,28,0,24,60,5,250
1,"Sarasota/Bradenton, FL",217,31,270,1,202,403,33,1585
1,"Sault Ste. Marie, MI",13,4,3,0,0,16,5,61
1,"Savannah, GA",187,28,162,3,162,308,29,1336
1,"Scottsbluff, NE",3,1,2,0,2,6,3,51
1,"Scranton/Wilkes-Barre, PA",14,4,10,1,26,34,3,129
1,"Seattle, WA",1118,331,1162,18,1049,2350,1002,11757
1,"Sheridan, WY",5,0,6,0,2,7,3,61
1,"Shreveport, LA",26,14,31,1,29,60,23,307
1,"Sioux City, IA",3,1,5,0,3,8,6,61
1,"Sioux Falls, SD",60,26,54,1,49,124,22,570
1,"Sitka, AK",9,3,17,0,17,30,4,92
1,"South Bend, IN",65,31,58,0,39,139,45,508
1,"Spokane, WA",187,48,130,2,117,295,43,1289
1,"Springfield, IL",3,0,2,0,2,5,0,12
1,"Springfield, MO",69,40,116,0,77,166,28,606
1,"St. Cloud, MN",4,0,2,0,1,4,0,19
1,"St. George, UT",12,5,6,0,9,25,0,207
1,"St. Louis, MO",646,70,514,8,672,1061,211,4935
1,"St. Petersburg, FL",61,24,87,1,55,139,5,580
1,"State College, PA",3,0,0,0,0,3,3,22
1,"Stillwater, OK",2,3,3,0,0,6,5,62
1,"Stockton, CA",4,1,5,0,6,9,0,39
1,"Sun Valley/Hailey/Ketchum, ID",26,11,19,0,10,47,3,264
1,"Syracuse, NY",155,34,138,0,137,256,26,1073
1,"Tallahassee, FL",57,13,69,2,52,104,6,480
1,"Tampa, FL",979,108,1132,9,885,1718,209,6823
1,"Texarkana, AR",6,3,2,0,1,11,6,69
1,"Toledo, OH",2,1,4,1,2,7,0,38
1,"Traverse City, MI",45,13,30,0,25,77,17,211
1,"Trenton, NJ",21,2,17,0,27,47,10,246
1,"Tucson, AZ",188,34,139,1,171,333,13,1584
1,"Tulsa, OK",174,32,127,3,168,289,23,1219
1,"Twin Falls, ID",3,3,2,0,0,6,2,62
1,"Tyler, TX",12,4,4,0,1,18,8,93
1,"Valdosta, GA",8,0,1,0,5,12,0,62
1,"Valparaiso, FL",56,19,49,1,70,117,5,553
1,"Vernal, UT",4,1,6,0,3,7,0,52
1,"Victoria, TX",3,0,2,0,3,6,3,53
1,"Waco, TX",14,5,3,0,0,19,6,93
1,"Walla Walla, WA",3,2,2,0,4,10,12,62
1,"Washington, DC",1679,300,1850,17,1786,3268,931,15475
1,"West Palm Beach/Palm Beach, FL",421,51,524,3,340,766,106,2908
1,"White Plains, NY",159,39,147,0,125,264,32,1076
1,"Wichita Falls, TX",9,4,2,0,0,13,5,62
1,"Wichita, KS",107,26,89,2,92,185,17,749
1,"Williston, ND",20,7,9,0,10,37,8,149
1,"Wilmington, NC",62,19,38,2,68,111,12,500
1,"Worcester, MA",11,0,9,0,6,15,9,101
1,"Wrangell, AK",1,3,5,0,11,13,2,60
1,"Yakutat, AK",2,5,13,0,12,16,2,60
1,"Yuma, AZ",17,0,9,0,9,26,0,111
2,"Aberdeen, SD",4,1,1,0,0,5,0,58
2,"Abilene, TX",7,0,5,0,3,9,0,141
2,"Adak Island, AK",0,0,0,0,0,0,1,8
2,"Aguadilla, PR",35,0,12,1,26,41,3,202
2,"Akron, OH",21,0,19,1,15,36,0,250
2,"Albany, GA",9,1,4,0,0,10,0,58
2,"Albany, NY",97,5,65,2,72,137,2,885
2,"Albuquerque, NM",153,17,107,0,155,268,5,1632
2,"Alexandria, LA",11,1,7,0,4,17,1,144
2,"Allentown/Bethlehem/Easton, PA",25,3,21,0,18,43,3,334
2,"Alpena, MI",4,2,1,0,0,6,0,50
2,"Amarillo, TX",29,3,17,0,22,42,0,394
2,"Anchorage, AK",73,16,113,13,73,180,15,1071
2,"Appleton, WI",43,5,34,0,30,69,3,435
2,"Arcata/Eureka, CA",18,4,21,0,11,38,3,137
2,"Asheville, NC",41,7,43,1,48,82,4,753
2,"Ashland, WV",4,0,4,0,2,5,0,17
2,"Aspen, CO",167,29,153,1,54,302,45,907
2,"Atlanta, GA",1521,141,1382,28,1187,2697,31,24802
2,"Atlantic City, NJ",25,3,51,5,26,60,1,282
2,"Augusta, GA",20,4,12,0,7,31,0,239
2,"Austin, TX",492,22,418,4,460,822,16,5876
2,"Bakersfield, CA",18,2,11,0,12,26,2,179
2,"Baltimore, MD",541,14,454,17,514,860,18,6895
2,"Bangor, ME",23,2,18,0,24,37,4,235
2,"Barrow, AK",5,0,4,0,5,8,1,29
2,"Baton Rouge, LA",25,0,14,0,17,37,1,386
2,"Beaumont/Port Arthur, TX",1,1,1,0,0,2,0,58
2,"Belleville, IL",9,1,9,0,5,13,0,55
2,"Bellingham, WA",9,0,9,0,18,23,2,200
2,"Bemidji, MN",5,1,3,0,0,6,2,58
2,"Bend/Redmond, OR",32,11,37,1,23,70,8,476
2,"Bethel, AK",6,4,7,0,4,15,2,58
2,"Billings, MT",21,5,14,0,11,34,0,248
2,"Binghamton, NY",0,0,0,0,1,1,0,29
2,"Birmingham, AL",111,3,101,3,96,177,3,1228
2,"Bishop, CA",11,1,8,0,4,18,7,50
2,"Bismarck/Mandan, ND",19,8,17,0,6,36,0,259
2,"Bloomington/Normal, IL",9,1,6,0,5,14,0,133
2,"Boise, ID",149,17,84,0,93,230,8,1480
2,"Boston, MA",1001,33,985,14,871,1685,105,10117
2,"Bozeman, MT",78,10,41,0,55,113,6,802
2,"Brainerd, MN",4,2,0,0,0,5,0,50
2,"Bristol/Johnson City/Kingsport, TN",10,2,6,0,2,16,0,161
2,"Brownsville, TX",5,2,3,0,3,7,0,108
2,"Brunswick, GA",8,2,3,0,0,9,0,58
2,"Buffalo, NY",176,8,123,0,136,260,10,1573
2,"Burbank, CA",211,12,193,0,224,373,34,2063
2,"Burlington, VT",27,5,20,1,22,40,3,472
2,"Butte, MT",2,1,0,0,0,3,0,54
2,"Casper, WY",1,0,0,0,0,1,0,29
2,"Cedar City, UT",3,0,1,0,0,3,0,50
2,"Cedar Rapids/Iowa City, IA",66,5,35,0,38,95,2,561
2,"Champaign/Urbana, IL",6,2,6,0,5,14,0,116
2,"Charleston, SC",146,8,116,1,113,241,7,1706
2,"Charleston/Dunbar, WV",27,5,18,0,11,39,1,252
2,"Charlotte Amalie, VI",40,10,74,3,30,100,10,515
2,"Charlotte, NC",1113,99,1113,23,1255,2142,30,15764
2,"Charlottesville, VA",12,1,9,0,7,22,5,237
2,"Chattanooga, TN",31,0,26,1,32,56,1,498
2,"Cheyenne, WY",4,3,5,0,2,10,2,54
2,"Chicago, IL",1567,151,1364,24,1239,2771,92,24789
2,"Christiansted, VI",13,1,18,0,8,25,1,137
2,"Cincinnati, OH",235,15,220,2,222,401,14,3006
2,"Clarksburg/Fairmont, WV",2,0,1,0,1,2,0,13
2,"Cleveland, OH",257,11,241,1,226,448,17,2972
2,"College Station/Bryan, TX",3,1,4,0,3,7,0,87
2,"Colorado Springs, CO",90,12,76,0,72,150,10,855
2,"Columbia, MO",10,2,8,0,8,17,0,129
2,"Columbia, SC",49,1,21,1,35,67,3,483
2,"Columbus, GA",13,7,5,0,0,21,0,78
2,"Columbus, MS",2,0,2,0,0,2,0,58
2,"Columbus, OH",271,12,275,6,239,452,15,3101
2,"Concord, NC",4,4,10,0,11,16,2,59
2,"Cordova, AK",3,0,6,0,3,9,1,58
2,"Corpus Christi, TX",15,1,11,0,12,21,0,314
2,"Dallas, TX",399,9,323,6,450,656,15,5522
2,"Dallas/Fort Worth, TX",1887,285,2068,32,1743,3604,36,22675
2,"Dayton, OH",41,4,40,1,35,74,1,557
2,"Daytona Beach, FL",22,1,19,0,9,29,0,229
2,"Deadhorse, AK",2,0,4,0,2,5,1,46
2,"Decatur, IL",4,0,0,0,3,7,0,79
2,"Denver, CO",1706,221,2125,10,1680,3709,210,21763
2,"Des Moines, IA",111,7,88,0,106,194,2,1177
2,"Detroit, MI",572,74,504,5,367,976,22,9097
2,"Devils Lake, ND",4,3,4,0,1,8,4,54
2,"Dickinson, ND",4,2,2,0,1,7,3,52
2,"Dodge City, KS",2,0,3,0,4,7,1,50
2,"Dothan, AL",3,0,4,0,1,6,0,58
2,"Duluth, MN",14,3,12,0,4,21,0,136
2,"Durango, CO",24,4,16,0,12,38,3,255
2,"Eagle, CO",62,9,51,1,31,106,5,600
2,"El Paso, TX",107,5,76,0,118,189,2,1158
2,"Elko, NV",1,2,1,0,0,3,0,29
2,"Elmira/Corning, NY",8,3,3,0,1,12,0,88
2,"Escanaba, MI",4,0,1,0,0,4,0,50
2,"Eugene, OR",52,6,37,0,41,87,2,538
2,"Evansville, IN",12,1,7,0,6,15,0,145
2,"Everett, WA",4,0,21,0,15,29,1,116
2,"Fairbanks, AK",9,0,12,0,7,20,1,187
2,"Fargo, ND",31,11,25,0,10,53,7,514
2,"Fayetteville, AR",80,5,64,1,60,131,1,922
2,"Fayetteville, NC",7,0,6,0,3,10,0,101
2,"Flagstaff, AZ",11,3,6,0,0,14,1,125
2,"Flint, MI",24,1,21,0,27,38,1,195
2,"Fort Dodge, IA",2,0,1,0,1,3,2,50
2,"Fort Lauderdale, FL",890,42,1000,16,743,1580,48,8113
2,"Fort Myers, FL",347,11,385,6,301,627,11,3778
2,"Fort Smith, AR",6,1,2,0,1,8,0,87
2,"Fort Wayne, IN",22,5,16,1,12,37,0,311
2,"Fresno, CA",86,9,92,0,62,150,6,839
2,"Gainesville, FL",5,1,6,0,5,9,0,186
2,"Garden City, KS",8,0,2,0,2,8,0,58
2,"Gillette, WY",7,1,2,0,3,10,1,58
2,"Grand Forks, ND",11,4,6,0,1,15,3,110
2,"Grand Island, NE",1,1,1,0,2,4,0,76
2,"Grand Junction, CO",29,4,18,0,10,40,2,290
2,"Grand Rapids, MI",132,11,123,1,133,249,7,1499
2,"Great Falls, MT",13,3,5,0,5,20,3,211
2,"Green Bay, WI",18,9,12,0,5,29,4,352
2,"Greensboro/High Point, NC",69,5,48,1,61,114,7,901
2,"Greer, SC",85,3,54,1,71,129,6,1165
2,"Guam, TT",2,0,4,0,6,8,0,58
2,"Gulfport/Biloxi, MS",12,3,12,0,7,25,0,239
2,"Gunnison, CO",9,2,5,0,3,14,1,89
2,"Hagerstown, MD",3,1,3,0,3,4,0,17
2,"Hancock/Houghton, MI",3,1,1,0,2,6,3,58
2,"Harlingen/San Benito, TX",21,1,9,0,18,28,0,323
2,"Harrisburg, PA",24,1,21,0,22,39,2,359
2,"Hartford, CT",218,5,201,0,170,335,12,1588
2,"Hattiesburg/Laurel, MS",5,0,2,0,3,8,0,50
2,"Hayden, CO",55,9,64,0,44,102,5,426
2,"Hays, KS",7,1,2,0,2,9,0,58
2,"Helena, MT",11,3,4,0,1,15,1,145
2,"Hibbing, MN",5,2,1,0,0,7,1,50
2,"Hilo, HI",56,4,4,0,52,70,2,549
2,"Hilton Head, SC",7,0,8,1,6,11,0,73
2,"Honolulu, HI",658,48,382,6,423,955,35,4779
2,"Houston, TX",869,45,708,12,750,1445,42,12665
2,"Huntsville, AL",46,6,31,5,35,75,1,668
2,"Idaho Falls, ID",12,3,9,0,8,21,2,188
2,"Indianapolis, IN",300,24,254,12,273,475,17,3435
2,"International Falls, MN",3,5,1,0,0,8,2,50
2,"Iron Mountain/Kingsfd, MI",4,1,1,0,0,5,0,58
2,"Islip, NY",52,0,43,0,46,78,4,456
2,"Ithaca/Cortland, NY",1,1,1,0,0,2,1,58
2,"Jackson, WY",65,9,49,1,33,100,1,519
2,"Jackson/Vicksburg, MS",39,2,34,0,28,61,0,497
2,"Jacksonville, FL",215,12,164,1,192,343,6,2181
2,"Jacksonville/Camp Lejeune, NC",4,0,4,0,0,6,0,75
2,"Jamestown, ND",3,2,2,0,2,6,6,54
2,"Johnstown, PA",5,1,3,0,2,8,3,58
2,"Joplin, MO",2,0,1,0,2,3,1,50
2,"Juneau, AK",13,2,22,0,19,40,5,319
2,"Kahului, HI",268,12,138,0,144,374,14,2071
2,"Kalamazoo, MI",4,1,0,0,0,5,0,78
2,"Kalispell, MT",21,4,16,0,11,33,1,222
2,"Kansas City, MO",301,15,240,5,245,479,10,3489
2,"Ketchikan, AK",6,2,3,0,5,13,2,174
2,"Key West, FL",46,11,97,0,47,132,7,804
2,"Killeen, TX",7,1,6,0,4,11,0,116
2,"Knoxville, TN",78,4,67,1,73,129,3,1040
2,"Kodiak, AK",2,1,3,0,5,8,0,58
2,"Kona, HI",187,15,121,0,132,279,12,1285
2,"Kotzebue, AK",2,0,3,0,4,6,2,29
2,"La Crosse, WI",0,0,0,0,0,0,0,4
2,"Lafayette, LA",14,3,14,0,17,32,0,212
2,"Lake Charles, LA",6,1,2,0,2,9,0,87
2,"Lansing, MI",9,1,5,0,5,14,0,103
2,"Laramie, WY",5,1,6,0,0,8,2,50
2,"Laredo, TX",8,1,10,0,5,12,0,121
2,"Las Vegas, NV",1172,113,2087,16,1395,2969,121,14064
2,"Latrobe, PA",8,1,6,0,1,10,0,29
2,"Lawton/Fort Sill, OK",2,1,1,0,2,6,1,86
2,"Lewiston, ID",9,1,6,0,2,12,1,87
2,"Lexington, KY",50,10,39,1,29,82,1,627
2,"Liberal, KS",3,0,2,0,3,6,0,30
2,"Lihue, HI",146,11,77,0,89,198,8,1216
2,"Lincoln, NE",5,2,1,0,2,9,0,56
2,"Little Rock, AR",77,6,51,1,54,112,1,860
2,"Long Beach, CA",114,2,120,3,134,208,8,1392
2,"Longview, TX",2,2,3,0,1,5,0,58
2,"Los Angeles, CA",1474,143,1732,26,1011,2661,76,14141
2,"Louisville, KY",144,9,119,4,99,226,7,1686
2,"Lubbock, TX",38,2,21,1,27,54,1,442
2,"Madison, WI",69,10,55,1,54,117,1,846
2,"Manchester, NH",37,1,21,0,25,47,1,329
2,"Manhattan/Ft. Riley, KS",0,0,0,0,0,0,0,72
2,"Marquette, MI",7,2,4,0,4,8,0,58
2,"Mason City, IA",1,0,0,0,1,2,0,50
2,"Medford, OR",24,2,20,0,13,39,3,342
2,"Melbourne, FL",14,0,11,1,9,21,0,223
2,"Memphis, TN",126,13,115,2,106,213,5,1574
2,"Meridian, MS",2,0,2,0,3,5,0,50
2,"Miami, FL",879,58,1152,22,695,1686,19,9538
2,"Midland/Odessa, TX",46,2,24,0,38,72,3,639
2,"Milwaukee, WI",213,15,146,2,164,333,7,2121
2,"Minneapolis, MN",468,98,379,0,293,854,34,8805
2,"Minot, ND",15,5,7,0,3,24,6,174
2,"Mission/McAllen/Edinburg, TX",24,2,15,0,24,42,0,286
2,"Missoula, MT",21,4,9,0,7,28,0,213
2,"Mobile, AL",25,1,13,0,6,27,0,229
2,"Moline, IL",27,3,19,0,15,44,1,325
2,"Monroe, LA",9,4,9,0,6,16,0,145
2,"Monterey, CA",31,2,31,0,14,52,4,301
2,"Montgomery, AL",19,8,7,0,5,29,0,190
2,"Montrose/Delta, CO",59,1,45,1,33,84,4,356
2,"Mosinee, WI",2,0,4,0,0,4,0,58
2,"Myrtle Beach, SC",61,1,47,3,40,86,6,837
2,"Nashville, TN",496,28,381,14,483,817,18,7009
2,"New Orleans, LA",404,21,347,7,338,623,7,4046
2,"New York, NY",1868,151,1984,19,1470,3314,383,21890
2,"Newark, NJ",733,35,659,7,491,1211,129,9888
2,"Newburgh/Poughkeepsie, NY",1,0,2,0,1,3,0,30
2,"Niagara Falls, NY",5,2,7,1,1,10,0,41
2,"Nome, AK",2,1,1,0,1,4,1,29
2,"Norfolk, VA",132,9,92,2,107,207,8,1427
2,"North Bend/Coos Bay, OR",1,1,1,0,0,3,1,15
2,"North Platte, NE",5,0,2,0,2,8,2,50
2,"Oakland, CA",304,11,290,1,343,535,32,3181
2,"Oklahoma City, OK",146,13,90,2,127,243,4,1598
2,"Omaha, NE",172,16,108,1,136,259,5,1795
2,"Ontario, CA",155,8,128,1,176,269,12,1734
2,"Orlando, FL",1286,60,1485,14,1175,2399,50,13573
2,"Pago Pago, TT",2,1,0,0,0,2,0,9
2,"Palm Springs, CA",111,9,166,1,112,264,12,1429
2,"Panama City, FL",33,1,24,1,20,48,0,440
2,"Pasco/Kennewick/Richland, WA",33,3,20,0,11,48,1,355
2,"Pellston, MI",3,1,1,0,0,4,0,50
2,"Pensacola, FL",86,4,69,5,61,133,1,890
2,"Peoria, IL",9,3,13,0,12,26,1,280
2,"Petersburg, AK",2,1,2,0,5,9,1,58
2,"Philadelphia, PA",587,49,556,17,576,1028,21,6555
2,"Phoenix, AZ",1312,100,1276,16,1112,2307,36,15307
2,"Pittsburgh, PA",279,12,217,2,231,425,20,3129
2,"Plattsburgh, NY",4,0,11,0,2,13,0,49
2,"Pocatello, ID",2,0,1,0,0,2,0,58
2,"Ponce, PR",17,0,5,0,11,21,0,85
2,"Portland, ME",50,1,41,1,43,77,4,575
2,"Portland, OR",297,18,281,2,310,589,16,4019
2,"Portsmouth, NH",1,0,1,0,0,1,0,34
2,"Prescott, AZ",4,1,4,0,5,10,2,58
2,"Providence, RI",88,4,67,0,88,135,11,928
2,"Provo, UT",11,4,12,0,11,23,0,155
2,"Punta Gorda, FL",58,9,68,0,55,117,0,584
2,"Raleigh/Durham, NC",384,17,317,5,371,626,22,4246
2,"Rapid City, SD",16,10,19,0,9,33,10,289
2,"Redding, CA",10,2,6,0,7,21,3,87
2,"Reno, NV",182,14,134,0,176,283,9,1435
2,"Rhinelander, WI",2,1,0,0,0,3,0,58
2,"Richmond, VA",143,8,126,1,136,237,9,1288
2,"Riverton/Lander, WY",4,1,0,0,1,5,3,38
2,"Roanoke, VA",15,0,11,0,9,24,2,231
2,"Rochester, MN",10,2,4,0,2,15,0,104
2,"Rochester, NY",75,5,66,0,65,122,6,886
2,"Rock Springs, WY",3,3,3,0,2,8,0,38
2,"Rockford, IL",2,1,7,0,1,7,0,63
2,"Roswell, NM",3,1,0,0,0,4,0,58
2,"Sacramento, CA",364,16,289,9,368,589,39,3730
2,"Saginaw/Bay City/Midland, MI",7,2,2,0,3,12,0,159
2,"Saipan, TT",1,0,1,0,0,1,0,29
2,"Salina, KS",4,1,4,0,1,6,0,58
2,"Salt Lake City, UT",659,82,473,2,433,1056,13,8718
2,"San Angelo, TX",6,2,4,0,1,7,0,87
2,"San Antonio, TX",255,15,232,2,233,436,6,3024
2,"San Diego, CA",641,26,823,3,619,1254,37,6579
2,"San Francisco, CA",930,156,2937,4,870,3587,199,9638
2,"San Jose, CA",294,24,261,2,338,549,22,3537
2,"San Juan, PR",364,15,322,2,225,552,17,2602
2,"San Luis Obispo, CA",31,7,39,0,23,65,7,324
2,"Sanford, FL",78,9,87,0,95,158,0,758
2,"Santa Ana, CA",279,8,309,0,280,537,26,3408
2,"Santa Barbara, CA",48,3,61,1,70,97,37,515
2,"Santa Fe, NM",11,0,5,0,4,14,0,116
2,"Santa Maria, CA",0,0,2,0,1,2,0,9
2,"Santa Rosa, CA",15,2,24,0,19,39,0,231
2,"Sarasota/Bradenton, FL",128,4,141,2,101,231,5,1537
2,"Sault Ste. Marie, MI",6,1,0,0,0,7,1,58
2,"Savannah, GA",101,3,75,2,86,149,5,1305
2,"Scottsbluff, NE",3,2,6,0,1,7,1,50
2,"Scranton/Wilkes-Barre, PA",17,2,16,0,19,32,1,121
2,"Seattle, WA",607,78,644,7,577,1283,58,11097
2,"Sheridan, WY",5,0,2,0,1,6,2,58
2,"Shreveport, LA",18,1,10,0,16,30,0,285
2,"Sioux City, IA",4,1,1,0,2,7,0,58
2,"Sioux Falls, SD",53,8,39,0,22,87,3,578
2,"Sitka, AK",3,1,8,0,6,11,1,87
2,"South Bend, IN",61,9,33,0,14,85,0,485
2,"Spokane, WA",121,23,83,0,75,191,5,1183
2,"Springfield, IL",1,0,2,0,1,1,0,9
2,"Springfield, MO",44,5,42,1,28,70,1,548
2,"St. Cloud, MN",1,0,4,0,1,4,0,21
2,"St. George, UT",21,0,11,0,3,25,1,195
2,"St. Louis, MO",380,8,282,3,309,557,19,4605
2,"St. Petersburg, FL",54,7,69,0,66,117,1,593
2,"State College, PA",4,1,2,0,2,7,1,31
2,"Stillwater, OK",2,0,0,0,0,2,0,58
2,"Stockton, CA",0,1,4,0,3,4,0,39
2,"Sun Valley/Hailey/Ketchum, ID",18,7,13,0,9,35,3,221
2,"Syracuse, NY",92,5,84,2,72,157,5,1096
2,"Tallahassee, FL",28,2,42,0,26,59,0,474
2,"Tampa, FL",595,18,586,8,558,1009,22,6573
2,"Texarkana, AR",0,0,0,0,2,2,0,58
2,"Toledo, OH",5,1,9,0,5,10,0,41
2,"Traverse City, MI",17,10,11,0,9,31,1,224
2,"Trenton, NJ",17,1,24,0,37,46,1,237
2,"Tucson, AZ",155,35,131,1,122,267,5,1471
2,"Tulsa, OK",97,8,57,0,82,150,1,1143
2,"Twin Falls, ID",2,0,0,0,0,2,0,58
2,"Tyler, TX",8,0,3,0,0,8,0,87
2,"Valdosta, GA",4,0,3,0,1,5,0,58
2,"Valparaiso, FL",47,0,36,1,31,68,2,587
2,"Victoria, TX",2,0,0,0,0,2,0,50
2,"Waco, TX",2,1,2,0,4,5,0,87
2,"Walla Walla, WA",1,1,0,0,1,3,3,58
2,"Washington, DC",1039,71,1281,11,949,2066,60,15060
2,"West Palm Beach/Palm Beach, FL",323,13,321,1,214,517,18,2817
2,"White Plains, NY",139,6,115,0,88,193,11,1012
2,"Wichita Falls, TX",2,1,1,0,1,4,0,58
2,"Wichita, KS",63,5,49,0,43,92,0,698
2,"Williston, ND",16,6,7,0,4,24,5,141
2,"Wilmington, NC",37,0,20,2,32,50,3,470
2,"Worcester, MA",18,0,19,1,13,28,3,123
2,"Wrangell, AK",0,2,1,0,5,6,2,58
2,"Yakutat, AK",1,0,3,0,6,9,1,58
2,"Yuma, AZ",8,0,4,0,3,11,0,124
3,"Aberdeen, SD",8,2,2,0,0,10,1,62
3,"Abilene, TX",18,7,15,0,17,31,2,147
3,"Adak Island, AK",0,0,0,0,1,1,0,9
3,"Aguadilla, PR",67,1,25,0,63,87,4,245
3,"Akron, OH",25,5,23,1,19,42,1,270
3,"Albany, GA",9,1,4,0,0,10,0,62
3,"Albany, NY",169,6,94,2,149,224,16,1030
3,"Albuquerque, NM",271,20,184,3,265,404,7,1892
3,"Alexandria, LA",9,5,11,0,3,17,3,155
3,"Allentown/Bethlehem/Easton, PA",27,2,29,1,33,57,2,392
3,"Alpena, MI",4,2,2,0,0,6,0,54
3,"Amarillo, TX",31,6,25,0,56,71,4,427
3,"Anchorage, AK",108,10,128,23,124,253,15,1301
3,"Appleton, WI",37,14,50,1,51,90,3,530
3,"Arcata/Eureka, CA",13,0,25,1,6,37,3,148
3,"Asheville, NC",70,9,85,2,89,163,3,862
3,"Ashland, WV",3,1,4,0,4,5,1,18
3,"Aspen, CO",171,44,160,1,59,304,79,1043
3,"Atlanta, GA",2392,220,2245,30,2442,4432,91,28453
3,"Atlantic City, NJ",53,4,80,0,28,93,7,326
3,"Augusta, GA",20,2,19,0,12,35,0,252
3,"Austin, TX",969,53,940,9,996,1646,43,7154
3,"Bakersfield, CA",19,2,12,0,25,39,1,186
3,"Baltimore, MD",924,33,669,22,1063,1521,74,8070
3,"Bangor, ME",19,5,26,1,28,45,7,257
3,"Barrow, AK",1,0,0,0,1,2,1,31
3,"Baton Rouge, LA",35,10,34,0,27,58,3,372
3,"Beaumont/Port Arthur, TX",5,4,2,1,6,13,2,62
3,"Belleville, IL",15,2,13,0,11,24,1,93
3,"Bellingham, WA",22,4,25,0,33,49,0,255
3,"Bemidji, MN",6,1,3,0,0,6,1,62
3,"Bend/Redmond, OR",35,4,40,1,23,75,2,521
3,"Bethel, AK",7,1,4,0,8,15,0,62
3,"Billings, MT",26,2,16,0,14,43,1,276
3,"Binghamton, NY",2,0,1,0,0,0,0,31
3,"Birmingham, AL",149,11,144,2,163,265,11,1370
3,"Bishop, CA",5,1,8,0,2,11,8,58
3,"Bismarck/Mandan, ND",20,2,9,0,10,32,7,292
3,"Bloomington/Normal, IL",9,4,14,0,10,23,0,142
3,"Boise, ID",141,16,110,3,119,251,9,1725
3,"Boston, MA",1282,76,1127,13,1172,2168,69,11336
3,"Bozeman, MT",90,8,50,0,70,137,3,878
3,"Brainerd, MN",11,0,5,0,0,12,1,53
3,"Bristol/Johnson City/Kingsport, TN",17,1,10,1,9,26,0,168
3,"Brownsville, TX",16,7,18,1,16,31,5,190
3,"Brunswick, GA",3,2,1,0,1,4,0,62
3,"Buffalo, NY",258,10,152,3,216,382,11,1839
3,"Burbank, CA",249,7,223,3,279,441,31,2253
3,"Burlington, VT",31,1,22,0,32,53,6,479
3,"Butte, MT",3,1,0,0,0,3,0,58
3,"Casper, WY",1,3,0,0,0,4,0,31
3,"Cedar City, UT",1,1,0,0,0,2,4,53
3,"Cedar Rapids/Iowa City, IA",69,10,59,0,56,114,6,646
3,"Champaign/Urbana, IL",8,4,16,0,18,27,0,124
3,"Charleston, SC",256,18,182,1,231,390,11,2054
3,"Charleston/Dunbar, WV",30,3,21,1,16,47,0,274
3,"Charlotte Amalie, VI",53,8,66,4,36,103,8,615
3,"Charlotte, NC",1740,175,1728,26,2067,3296,65,17401
3,"Charlottesville, VA",20,0,10,0,16,26,0,253
3,"Chattanooga, TN",51,9,46,1,38,88,2,574
3,"Cheyenne, WY",1,1,3,0,1,5,3,57
3,"Chicago, IL",2714,208,2392,29,2661,4796,166,28975
3,"Christiansted, VI",12,2,28,1,8,31,3,153
3,"Cincinnati, OH",338,25,341,1,433,662,24,3559
3,"Clarksburg/Fairmont, WV",2,0,2,0,1,2,0,18
3,"Cleveland, OH",427,23,359,3,464,732,18,3414
3,"College Station/Bryan, TX",5,3,1,0,9,11,2,93
3,"Colorado Springs, CO",111,17,66,1,125,187,24,972
3,"Columbia, MO",9,8,15,0,20,28,1,147
3,"Columbia, SC",52,6,32,4,50,88,2,523
3,"Columbus, GA",9,3,6,0,1,13,0,88
3,"Columbus, MS",2,0,1,0,2,4,0,62
3,"Columbus, OH",423,27,324,1,403,656,19,3544
3,"Concord, NC",14,2,17,0,15,24,1,63
3,"Cordova, AK",3,5,6,0,5,15,0,62
3,"Corpus Christi, TX",21,8,27,0,32,54,7,335
3,"Dallas, TX",725,28,700,9,915,1308,53,6272
3,"Dallas/Fort Worth, TX",2878,815,3439,53,3448,6038,457,25564
3,"Dayton, OH",59,8,38,5,47,91,4,657
3,"Daytona Beach, FL",23,2,30,0,24,42,1,258
3,"Deadhorse, AK",1,0,1,0,3,3,1,47
3,"Decatur, IL",7,0,3,0,3,11,0,84
3,"Denver, CO",2179,154,1786,11,2462,3952,536,24969
3,"Des Moines, IA",148,12,125,2,152,258,3,1330
3,"Detroit, MI",981,112,860,13,786,1729,29,10758
3,"Devils Lake, ND",3,0,3,0,1,5,2,58
3,"Dickinson, ND",1,1,4,0,0,5,5,57
3,"Dodge City, KS",2,0,5,0,4,6,3,53
3,"Dothan, AL",6,0,2,0,3,9,0,62
3,"Duluth, MN",14,3,5,0,1,16,4,150
3,"Durango, CO",23,1,17,0,7,36,4,279
3,"Eagle, CO",77,12,60,0,49,126,8,647
3,"El Paso, TX",187,18,137,3,224,312,7,1323
3,"Elko, NV",0,1,0,0,0,1,0,31
3,"Elmira/Corning, NY",6,0,8,0,2,8,0,89
3,"Escanaba, MI",6,0,1,0,0,6,0,53
3,"Eugene, OR",63,5,53,0,62,109,2,630
3,"Evansville, IN",20,4,10,0,7,27,2,159
3,"Everett, WA",3,2,22,0,24,35,1,142
3,"Fairbanks, AK",23,4,31,0,21,56,0,306
3,"Fargo, ND",44,9,33,0,30,75,5,557
3,"Fayetteville, AR",92,11,89,3,85,176,15,1039
3,"Fayetteville, NC",9,1,5,0,4,10,0,92
3,"Flagstaff, AZ",5,3,0,0,3,9,1,134
3,"Flint, MI",27,2,23,0,36,53,1,249
3,"Fort Dodge, IA",4,0,5,0,6,11,0,53
3,"Fort Lauderdale, FL",1326,76,2017,16,1374,2881,137,9232
3,"Fort Myers, FL",596,46,902,5,613,1341,78,4528
3,"Fort Smith, AR",4,6,6,0,7,15,2,93
3,"Fort Wayne, IN",33,4,31,1,18,61,2,365
3,"Fresno, CA",84,11,71,1,100,171,7,955
3,"Gainesville, FL",17,2,14,0,8,29,1,212
3,"Garden City, KS",6,2,2,0,9,12,1,62
3,"Gillette, WY",4,1,2,0,1,7,2,62
3,"Grand Forks, ND",12,3,7,0,1,16,2,118
3,"Grand Island, NE",8,0,4,0,0,9,2,80
3,"Grand Junction, CO",18,6,22,0,11,42,3,298
3,"Grand Rapids, MI",221,15,146,1,197,334,8,1686
3,"Great Falls, MT",13,2,8,0,5,22,2,230
3,"Green Bay, WI",29,11,23,0,15,60,1,393
3,"Greensboro/High Point, NC",87,9,53,1,66,128,4,967
3,"Greer, SC",135,8,105,0,107,211,5,1270
3,"Guam, TT",4,0,3,0,2,7,0,62
3,"Gulfport/Biloxi, MS",21,3,21,0,13,34,4,281
3,"Gunnison, CO",11,1,8,0,9,18,1,98
3,"Hagerstown, MD",1,0,3,0,4,4,0,18
3,"Hancock/Houghton, MI",3,0,3,0,5,9,2,62
3,"Harlingen/San Benito, TX",30,5,22,0,37,56,6,352
3,"Harrisburg, PA",35,7,26,0,28,58,0,394
3,"Hartford, CT",308,13,200,4,275,438,12,1757
3,"Hattiesburg/Laurel, MS",4,2,9,0,2,11,1,53
3,"Hayden, CO",40,6,35,0,30,70,7,440
3,"Hays, KS",4,0,2,0,2,7,2,62
3,"Helena, MT",8,2,8,0,1,13,3,137
3,"Hibbing, MN",8,0,1,0,0,8,1,54
3,"Hilo, HI",50,0,4,0,34,51,1,574
3,"Hilton Head, SC",7,4,12,1,3,17,0,94
3,"Honolulu, HI",423,24,188,5,273,609,19,5265
3,"Houston, TX",1545,124,1560,17,1435,2733,121,14491
3,"Huntsville, AL",71,10,49,3,60,110,7,774
3,"Idaho Falls, ID",22,7,12,0,12,37,1,216
3,"Indianapolis, IN",514,29,431,10,514,861,37,4256
3,"International Falls, MN",8,2,5,0,0,10,0,54
3,"Iron Mountain/Kingsfd, MI",3,1,2,0,0,5,0,62
3,"Islip, NY",80,0,53,1,92,120,8,467
3,"Ithaca/Cortland, NY",2,2,5,0,7,11,0,62
3,"Jackson, WY",45,9,36,0,47,85,14,535
3,"Jackson/Vicksburg, MS",60,13,62,0,68,117,5,556
3,"Jacksonville, FL",363,26,298,3,359,588,22,2638
3,"Jacksonville/Camp Lejeune, NC",7,1,5,0,1,9,0,93
3,"Jamestown, ND",1,1,5,0,1,6,2,58
3,"Johnstown, PA",4,1,1,0,2,8,2,62
3,"Joplin, MO",2,0,1,0,0,2,1,54
3,"Juneau, AK",21,4,28,0,24,53,4,341
3,"Kahului, HI",196,5,70,2,121,249,10,2298
3,"Kalamazoo, MI",10,1,2,0,0,11,0,88
3,"Kalispell, MT",18,1,10,0,8,26,2,246
3,"Kansas City, MO",514,24,402,4,537,831,24,4165
3,"Ketchikan, AK",13,1,7,0,9,22,4,186
3,"Key West, FL",71,22,168,0,79,226,15,857
3,"Killeen, TX",13,7,10,0,13,24,2,124
3,"Knoxville, TN",128,13,121,5,147,239,5,1183
3,"Kodiak, AK",3,1,2,0,7,11,3,60
3,"Kona, HI",107,2,43,0,71,140,1,1380
3,"Kotzebue, AK",2,1,2,0,0,2,4,31
3,"Lafayette, LA",27,5,28,0,19,57,7,333
3,"Lake Charles, LA",9,3,3,0,0,12,2,89
3,"Lansing, MI",19,4,12,1,7,27,0,114
3,"Laramie, WY",0,1,2,0,1,2,3,53
3,"Laredo, TX",13,4,21,0,12,25,4,130
3,"Las Vegas, NV",1678,171,2715,22,2321,4224,151,16058
3,"Latrobe, PA",2,0,7,0,2,7,1,31
3,"Lawton/Fort Sill, OK",8,5,4,0,10,15,3,93
3,"Lewiston, ID",6,0,5,0,2,10,1,93
3,"Lexington, KY",78,7,66,1,51,124,8,780
3,"Liberal, KS",2,0,3,0,5,7,2,53
3,"Lihue, HI",111,1,37,1,93,152,1,1340
3,"Lincoln, NE",1,0,3,0,2,3,0,43
3,"Little Rock, AR",118,10,90,0,105,197,9,982
3,"Long Beach, CA",129,5,96,1,176,227,10,1504
3,"Longview, TX",3,3,4,0,1,9,0,62
3,"Los Angeles, CA",1781,158,1737,33,1516,3111,85,15909
3,"Louisville, KY",245,27,182,6,211,397,10,2025
3,"Lubbock, TX",58,15,51,0,83,111,7,543
3,"Madison, WI",111,16,87,4,99,188,4,953
3,"Manchester, NH",50,2,34,0,54,88,3,414
3,"Manhattan/Ft. Riley, KS",2,0,3,0,7,10,2,62
3,"Marquette, MI",3,1,1,0,5,9,0,62
3,"Mason City, IA",4,1,4,0,5,10,0,53
3,"Medford, OR",32,2,23,0,14,50,1,360
3,"Melbourne, FL",29,1,33,1,20,54,2,252
3,"Memphis, TN",226,21,184,2,220,384,10,1820
3,"Meridian, MS",4,0,5,0,4,7,2,53
3,"Miami, FL",1392,146,2036,19,1335,2880,222,10524
3,"Midland/Odessa, TX",54,6,59,1,71,111,11,721
3,"Milwaukee, WI",378,22,233,5,348,559,21,2602
3,"Minneapolis, MN",773,141,620,4,641,1407,103,10254
3,"Minot, ND",16,2,8,0,2,17,6,190
3,"Mission/McAllen/Edinburg, TX",39,13,35,1,47,72,5,291
3,"Missoula, MT",24,1,14,0,14,37,0,247
3,"Mobile, AL",17,4,23,1,20,35,4,212
3,"Moline, IL",27,7,29,0,23,54,0,363
3,"Monroe, LA",11,5,14,0,8,21,1,155
3,"Monterey, CA",17,3,24,0,17,39,2,299
3,"Montgomery, AL",21,9,15,0,18,38,0,207
3,"Montrose/Delta, CO",34,4,33,0,25,61,1,389
3,"Mosinee, WI",5,1,6,0,2,9,1,62
3,"Myrtle Beach, SC",98,7,96,2,83,173,6,1069
3,"Nashville, TN",873,58,563,10,1003,1439,54,8290
3,"New Orleans, LA",631,44,603,8,611,1066,35,4501
3,"New York, NY",2537,211,2682,19,2224,4547,133,23528
3,"Newark, NJ",1081,56,974,13,848,1737,80,10705
3,"Newburgh/Poughkeepsie, NY",2,1,5,0,2,4,0,36
3,"Niagara Falls, NY",4,1,5,0,2,7,0,54
3,"Nome, AK",6,1,1,0,4,8,1,32
3,"Norfolk, VA",212,15,128,1,171,313,7,1617
3,"North Bend/Coos Bay, OR",1,0,2,0,1,3,1,19
3,"North Platte, NE",2,1,3,0,2,5,3,54
3,"Oakland, CA",405,6,280,4,450,661,28,3508
3,"Oklahoma City, OK",196,19,131,0,192,325,18,1779
3,"Omaha, NE",286,20,185,2,232,429,9,2004
3,"Ontario, CA",243,15,142,1,268,421,8,2023
3,"Orlando, FL",2120,141,2874,19,2385,4550,251,15654
3,"Pago Pago, TT",0,0,0,0,0,0,0,8
3,"Palm Springs, CA",158,12,174,1,160,319,14,1723
3,"Panama City, FL",70,6,71,2,85,135,1,710
3,"Pasco/Kennewick/Richland, WA",23,4,26,0,14,43,2,391
3,"Pellston, MI",8,1,1,0,0,9,0,54
3,"Pensacola, FL",150,23,148,1,140,270,7,1137
3,"Peoria, IL",25,6,32,0,31,63,1,318
3,"Petersburg, AK",1,0,3,0,5,7,0,62
3,"Philadelphia, PA",978,75,829,20,941,1597,58,7470
3,"Phoenix, AZ",1972,120,1637,11,1926,3383,101,17985
3,"Pittsburgh, PA",420,27,294,5,418,675,27,3617
3,"Plattsburgh, NY",6,1,11,0,2,13,0,42
3,"Pocatello, ID",4,2,3,0,0,6,0,62
3,"Ponce, PR",26,0,10,0,19,30,1,113
3,"Portland, ME",68,1,54,0,74,110,9,602
3,"Portland, OR",425,41,417,9,466,839,22,4666
3,"Portsmouth, NH",2,1,3,1,1,3,0,29
3,"Prescott, AZ",3,0,5,0,6,10,2,62
3,"Providence, RI",155,6,62,1,141,207,5,1087
3,"Provo, UT",25,4,23,0,27,44,3,176
3,"Punta Gorda, FL",92,7,165,1,115,242,6,766
3,"Raleigh/Durham, NC",650,26,475,6,653,1035,23,4829
3,"Rapid City, SD",27,4,18,0,11,39,8,325
3,"Redding, CA",5,1,12,0,1,13,0,109
3,"Reno, NV",198,11,128,4,189,326,22,1690
3,"Rhinelander, WI",3,0,1,0,0,4,2,62
3,"Richmond, VA",230,15,159,5,193,322,10,1451
3,"Riverton/Lander, WY",0,1,2,0,0,3,2,40
3,"Roanoke, VA",14,1,11,0,5,21,0,224
3,"Rochester, MN",16,3,13,0,6,21,2,155
3,"Rochester, NY",106,0,55,2,89,140,2,935
3,"Rock Springs, WY",0,0,3,0,2,5,3,40
3,"Rockford, IL",8,0,9,1,4,12,0,88
3,"Roswell, NM",2,2,3,1,7,10,0,62
3,"Sacramento, CA",493,19,294,7,518,761,25,4245
3,"Saginaw/Bay City/Midland, MI",19,3,11,0,4,28,0,172
3,"Saipan, TT",0,0,0,0,0,0,0,31
3,"Salina, KS",4,0,5,0,1,7,2,62
3,"Salt Lake City, UT",854,99,597,10,726,1423,44,9720
3,"San Angelo, TX",13,3,4,0,8,19,1,93
3,"San Antonio, TX",501,49,457,4,504,858,21,3425
3,"San Diego, CA",900,48,890,12,912,1625,41,7575
3,"San Francisco, CA",1049,108,3688,15,1201,4489,94,10920
3,"San Jose, CA",376,15,268,6,412,648,19,3922
3,"San Juan, PR",568,22,483,2,418,858,37,3035
3,"San Luis Obispo, CA",40,2,37,0,18,65,5,382
3,"Sanford, FL",95,12,159,1,146,256,10,917
3,"Santa Ana, CA",356,15,309,2,346,655,23,3789
3,"Santa Barbara, CA",53,6,36,1,83,116,3,557
3,"Santa Fe, NM",6,5,7,0,5,18,1,124
3,"Santa Maria, CA",1,1,2,0,0,3,0,9
3,"Santa Rosa, CA",11,5,28,2,26,53,2,280
3,"Sarasota/Bradenton, FL",186,13,311,1,212,476,24,1918
3,"Sault Ste. Marie, MI",8,2,4,0,0,10,0,62
3,"Savannah, GA",162,18,132,5,174,284,3,1579
3,"Scottsbluff, NE",2,1,5,0,1,5,2,54
3,"Scranton/Wilkes-Barre, PA",16,0,11,1,9,20,0,117
3,"Seattle, WA",949,82,937,10,1026,2021,73,12627
3,"Sheridan, WY",3,0,4,0,1,5,3,62
3,"Shreveport, LA",22,6,28,0,19,48,3,327
3,"Sioux City, IA",7,0,6,0,2,10,2,62
3,"Sioux Falls, SD",59,11,51,1,43,102,3,605
3,"Sitka, AK",1,0,7,0,12,14,2,93
3,"South Bend, IN",61,10,41,1,14,90,1,542
3,"Spokane, WA",171,14,114,1,133,277,4,1421
3,"Springfield, IL",3,0,3,0,1,4,0,14
3,"Springfield, MO",67,15,69,2,62,120,9,629
3,"St. Cloud, MN",0,0,1,0,0,1,0,27
3,"St. George, UT",15,2,6,0,3,21,2,224
3,"St. Louis, MO",662,22,463,16,740,1072,36,5449
3,"St. Petersburg, FL",52,8,136,0,92,193,8,783
3,"State College, PA",1,0,4,0,3,5,0,63
3,"Stillwater, OK",7,0,1,0,9,11,0,62
3,"Stockton, CA",3,0,3,1,3,8,0,49
3,"Sun Valley/Hailey/Ketchum, ID",10,3,13,0,2,26,6,232
3,"Syracuse, NY",164,7,95,1,117,231,9,1189
3,"Tallahassee, FL",59,9,75,0,60,118,5,530
3,"Tampa, FL",1101,62,1457,15,1219,2341,118,8043
3,"Texarkana, AR",4,5,2,0,6,11,1,62
3,"Toledo, OH",4,1,5,0,4,10,0,59
3,"Traverse City, MI",26,6,22,0,12,44,0,225
3,"Trenton, NJ",28,2,28,0,54,65,6,221
3,"Tucson, AZ",223,31,174,1,201,372,10,1729
3,"Tulsa, OK",154,19,97,2,161,263,13,1306
3,"Twin Falls, ID",2,1,1,0,0,3,0,62
3,"Tyler, TX",8,3,4,0,2,13,2,93
3,"Valdosta, GA",9,2,4,0,1,11,0,62
3,"Valparaiso, FL",100,11,77,0,88,156,4,810
3,"Victoria, TX",4,4,4,0,1,11,1,53
3,"Waco, TX",12,5,7,0,13,20,3,93
3,"Walla Walla, WA",2,0,0,0,2,4,0,62
3,"Washington, DC",1552,107,1492,14,1573,2786,63,16252
3,"West Palm Beach/Palm Beach, FL",409,28,593,1,404,896,24,3139
3,"White Plains, NY",175,8,124,0,130,242,4,1089
3,"Wichita Falls, TX",4,2,2,1,1,9,0,62
3,"Wichita, KS",82,14,64,2,91,153,7,770
3,"Williston, ND",16,6,9,0,5,29,5,150
3,"Wilmington, NC",53,3,37,3,46,76,1,500
3,"Worcester, MA",29,0,32,0,20,39,4,150
3,"Wrangell, AK",0,1,5,0,8,10,0,62
3,"Yakutat, AK",1,1,10,0,10,14,0,62
3,"Yuma, AZ",3,1,2,0,1,5,0,134
4,"Aberdeen, SD",4,0,0,0,0,4,0,60
4,"Abilene, TX",8,11,20,0,24,35,3,145
4,"Adak Island, AK",0,0,0,0,1,1,1,8
4,"Aguadilla, PR",28,0,12,0,25,37,1,234
4,"Akron, OH",45,4,37,0,38,72,1,287
4,"Albany, GA",12,2,11,0,0,14,0,60
4,"Albany, NY",141,11,86,1,126,208,3,1000
4,"Albuquerque, NM",239,21,149,1,195,354,6,1901
4,"Alexandria, LA",5,5,13,0,8,24,4,150
4,"Allentown/Bethlehem/Easton, PA",34,7,37,0,38,69,1,364
4,"Alpena, MI",2,1,2,0,0,3,1,51
4,"Amarillo, TX",35,11,31,1,52,71,4,365
4,"Anchorage, AK",139,4,172,16,132,278,19,1323
4,"Appleton, WI",46,18,43,0,33,91,4,516
4,"Arcata/Eureka, CA",6,3,10,0,5,18,1,120
4,"Asheville, NC",84,12,89,0,66,163,3,1001
4,"Ashland, WV",2,0,2,0,2,2,0,17
4,"Aspen, CO",72,13,45,1,21,109,21,484
4,"Atlanta, GA",2247,201,2065,22,2258,4124,62,28413
4,"Atlantic City, NJ",22,3,32,2,12,40,3,300
4,"Augusta, GA",46,7,67,1,30,91,1,483
4,"Austin, TX",855,72,951,10,879,1625,35,7304
4,"Bakersfield, CA",31,2,17,0,20,45,2,169
4,"Baltimore, MD",849,39,620,9,944,1396,48,8235
4,"Bangor, ME",20,2,16,1,21,40,5,219
4,"Barrow, AK",3,1,3,0,4,7,0,31
4,"Baton Rouge, LA",43,13,44,0,42,85,7,428
4,"Beaumont/Port Arthur, TX",4,5,9,0,3,14,3,60
4,"Belleville, IL",3,0,2,0,4,6,0,85
4,"Bellingham, WA",13,1,20,0,25,34,1,245
4,"Bemidji, MN",4,1,0,0,0,5,0,60
4,"Bend/Redmond, OR",34,3,21,1,19,55,1,449
4,"Bethel, AK",5,2,4,0,5,10,1,60
4,"Billings, MT",27,6,25,0,17,45,1,321
4,"Binghamton, NY",2,0,1,0,2,3,0,30
4,"Birmingham, AL",136,26,133,5,136,246,8,1430
4,"Bishop, CA",1,0,1,0,0,2,0,5
4,"Bismarck/Mandan, ND",29,3,15,0,7,35,1,280
4,"Bloomington/Normal, IL",8,4,7,0,6,18,3,140
4,"Boise, ID",144,10,105,3,126,248,1,1786
4,"Boston, MA",1235,82,1451,10,1204,2424,120,11597
4,"Bozeman, MT",57,2,32,0,57,89,1,642
4,"Brainerd, MN",5,0,0,0,0,5,0,51
4,"Bristol/Johnson City/Kingsport, TN",3,3,5,0,5,9,1,163
4,"Brownsville, TX",7,5,17,0,11,23,5,150
4,"Brunswick, GA",7,3,2,0,0,11,0,60
4,"Buffalo, NY",223,13,117,1,184,331,10,1786
4,"Burbank, CA",259,10,178,1,286,437,10,2242
4,"Burlington, VT",38,9,30,0,39,69,9,508
4,"Butte, MT",3,0,0,1,0,4,0,55
4,"Casper, WY",1,0,0,0,0,1,0,30
4,"Cedar City, UT",6,1,2,1,0,7,0,51
4,"Cedar Rapids/Iowa City, IA",56,16,65,1,80,134,2,621
4,"Champaign/Urbana, IL",9,4,14,0,15,25,1,120
4,"Charleston, SC",248,22,185,1,221,401,12,2209
4,"Charleston/Dunbar, WV",34,8,28,0,24,57,0,266
4,"Charlotte Amalie, VI",60,3,68,3,35,103,4,541
4,"Charlotte, NC",1808,193,1933,17,2210,3612,99,18157
4,"Charlottesville, VA",26,0,20,0,16,43,3,275
4,"Chattanooga, TN",51,13,55,0,52,101,7,591
4,"Cheyenne, WY",3,2,3,0,1,7,1,56
4,"Chicago, IL",2827,191,2624,25,2635,5062,136,30439
4,"Christiansted, VI",9,0,11,0,13,23,2,108
4,"Cincinnati, OH",369,32,313,3,357,631,16,3582
4,"Clarksburg/Fairmont, WV",2,0,1,1,0,3,0,17
4,"Cleveland, OH",411,29,289,3,373,647,23,3333
4,"College Station/Bryan, TX",8,2,7,0,8,15,4,90
4,"Colorado Springs, CO",125,14,76,2,108,201,7,972
4,"Columbia, MO",13,8,13,0,19,30,1,122
4,"Columbia, SC",56,9,43,1,53,99,2,547
4,"Columbus, GA",7,4,1,0,0,11,0,86
4,"Columbus, MS",2,1,2,0,1,4,0,60
4,"Columbus, OH",372,24,249,3,353,608,15,3420
4,"Concord, NC",4,1,10,1,7,14,2,60
4,"Cordova, AK",2,1,6,0,5,9,2,60
4,"Corpus Christi, TX",24,13,25,0,46,62,5,318
4,"Dallas, TX",604,39,719,8,753,1256,65,6080
4,"Dallas/Fort Worth, TX",2619,845,3491,39,3264,5963,574,24902
4,"Dayton, OH",69,8,58,0,57,119,6,686
4,"Daytona Beach, FL",28,4,20,0,14,41,2,248
4,"Deadhorse, AK",4,2,5,0,3,9,2,48
4,"Decatur, IL",8,3,4,0,6,16,0,81
4,"Denver, CO",2416,138,2188,11,2349,4330,119,24663
4,"Des Moines, IA",119,18,109,1,99,211,7,1261
4,"Detroit, MI",949,127,695,7,689,1568,46,10773
4,"Devils Lake, ND",4,0,0,0,2,6,0,55
4,"Dickinson, ND",4,1,2,0,0,6,0,56
4,"Dodge City, KS",1,2,0,0,1,4,0,51
4,"Dothan, AL",7,2,4,0,1,8,0,60
4,"Duluth, MN",9,0,4,0,3,12,0,172
4,"Durango, CO",20,5,24,0,8,43,3,243
4,"Eagle, CO",13,2,11,0,5,24,2,204
4,"El Paso, TX",165,17,109,2,179,263,8,1431
4,"Elko, NV",2,0,0,0,0,2,0,30
4,"Elmira/Corning, NY",12,0,6,0,0,12,0,85
4,"Escanaba, MI",7,3,3,0,0,10,0,51
4,"Eugene, OR",55,11,38,0,55,100,0,595
4,"Evansville, IN",23,5,15,0,12,34,2,154
4,"Everett, WA",10,1,18,0,9,22,0,130
4,"Fairbanks, AK",37,2,39,1,28,69,4,264
4,"Fargo, ND",49,10,37,0,35,91,2,531
4,"Fayetteville, AR",106,31,99,3,84,190,6,1078
4,"Fayetteville, NC",3,1,4,3,5,7,0,86
4,"Flagstaff, AZ",8,0,10,0,5,16,0,143
4,"Flint, MI",14,2,13,0,19,34,1,194
4,"Fort Dodge, IA",4,0,6,0,10,13,0,51
4,"Fort Lauderdale, FL",879,66,912,8,782,1569,73,8297
4,"Fort Myers, FL",337,25,336,4,321,632,45,3505
4,"Fort Smith, AR",8,3,6,0,7,16,2,90
4,"Fort Wayne, IN",51,12,34,2,13,74,3,351
4,"Fresno, CA",89,10,69,1,78,160,5,911
4,"Gainesville, FL",16,5,14,0,19,36,2,256
4,"Garden City, KS",4,7,8,0,11,17,1,60
4,"Gillette, WY",4,3,4,0,3,10,1,60
4,"Grand Forks, ND",10,0,2,1,1,13,0,108
4,"Grand Island, NE",5,6,6,0,0,13,2,76
4,"Grand Junction, CO",15,6,18,0,12,32,3,245
4,"Grand Rapids, MI",180,16,112,1,154,285,4,1518
4,"Great Falls, MT",8,2,6,0,6,17,0,223
4,"Green Bay, WI",52,6,25,0,18,73,7,397
4,"Greensboro/High Point, NC",78,12,63,1,68,133,9,959
4,"Greer, SC",149,13,118,0,125,240,8,1326
4,"Guam, TT",2,0,0,0,0,2,0,60
4,"Gulfport/Biloxi, MS",21,10,32,2,17,47,2,270
4,"Gunnison, CO",3,1,2,0,1,4,0,41
4,"Hagerstown, MD",4,2,4,0,1,7,1,17
4,"Hancock/Houghton, MI",5,5,7,0,9,19,4,60
4,"Harlingen/San Benito, TX",32,7,22,0,41,64,5,382
4,"Harrisburg, PA",52,7,33,0,33,77,2,509
4,"Hartford, CT",273,18,178,3,217,380,9,1975
4,"Hattiesburg/Laurel, MS",5,1,2,0,2,8,0,51
4,"Hayden, CO",10,1,3,0,4,14,0,120
4,"Hays, KS",10,0,8,0,5,14,0,61
4,"Helena, MT",7,2,3,0,3,10,0,120
4,"Hibbing, MN",6,1,1,0,0,7,0,51
4,"Hilo, HI",56,2,6,1,47,67,0,572
4,"Hilton Head, SC",12,5,24,0,13,34,1,177
4,"Honolulu, HI",439,32,210,5,335,684,51,5104
4,"Houston, TX",1432,108,1374,19,1333,2504,71,14144
4,"Huntsville, AL",68,19,68,1,54,126,5,802
4,"Idaho Falls, ID",18,4,12,0,5,28,1,266
4,"Indianapolis, IN",433,34,308,3,378,688,24,3947
4,"International Falls, MN",4,0,0,0,0,4,0,51
4,"Iron Mountain/Kingsfd, MI",10,1,1,0,0,10,0,60
4,"Islip, NY",59,2,30,1,71,94,6,433
4,"Ithaca/Cortland, NY",4,0,2,0,6,9,1,60
4,"Jackson, WY",29,1,14,0,18,37,1,246
4,"Jackson/Vicksburg, MS",61,19,63,0,56,120,4,606
4,"Jacksonville, FL",290,28,254,4,267,473,14,2591
4,"Jacksonville/Camp Lejeune, NC",12,2,9,1,6,17,0,147
4,"Jamestown, ND",1,1,2,0,2,4,0,55
4,"Johnstown, PA",8,0,6,0,7,16,0,60
4,"Joplin, MO",2,0,5,0,6,8,0,51
4,"Juneau, AK",21,1,22,0,29,49,3,345
4,"Kahului, HI",177,3,50,2,108,222,17,2155
4,"Kalamazoo, MI",12,4,4,0,0,15,0,86
4,"Kalispell, MT",18,1,7,0,7,22,0,195
4,"Kansas City, MO",504,41,426,1,493,838,19,4107
4,"Ketchikan, AK",13,0,9,0,7,20,3,195
4,"Key West, FL",59,8,111,0,54,147,9,772
4,"Killeen, TX",8,10,13,0,14,28,6,147
4,"King Salmon, AK",0,0,0,0,0,0,0,7
4,"Knoxville, TN",136,22,108,2,102,235,8,1210
4,"Kodiak, AK",3,1,4,0,5,7,2,58
4,"Kona, HI",113,4,49,2,82,160,8,1292
4,"Kotzebue, AK",1,2,4,0,0,5,4,30
4,"Lafayette, LA",20,10,22,1,22,41,5,266
4,"Lake Charles, LA",1,4,8,0,2,9,4,90
4,"Lansing, MI",23,4,15,0,6,34,1,112
4,"Laramie, WY",9,0,3,0,2,11,2,51
4,"Laredo, TX",11,12,22,0,17,33,4,154
4,"Las Vegas, NV",1541,107,1710,21,1908,3203,56,15585
4,"Latrobe, PA",2,0,5,0,1,6,0,51
4,"Lawton/Fort Sill, OK",7,1,6,0,3,13,5,90
4,"Lewiston, ID",5,0,2,0,2,8,0,90
4,"Lexington, KY",75,9,52,0,46,110,6,785
4,"Liberal, KS",4,0,1,0,0,4,0,51
4,"Lihue, HI",117,9,44,4,90,156,18,1290
4,"Lincoln, NE",17,0,8,0,3,19,0,90
4,"Little Rock, AR",122,27,126,0,93,210,10,1086
4,"Long Beach, CA",139,2,76,1,157,211,5,1476
4,"Longview, TX",2,4,4,0,3,10,2,60
4,"Los Angeles, CA",1714,141,1569,20,1331,2872,41,15725
4,"Louisville, KY",229,21,167,6,195,362,9,2049
4,"Lubbock, TX",55,17,44,1,63,105,4,483
4,"Madison, WI",141,29,96,0,105,229,8,1016
4,"Manchester, NH",67,1,36,2,57,92,5,464
4,"Manhattan/Ft. Riley, KS",0,4,6,0,6,9,1,60
4,"Marquette, MI",7,3,1,0,4,11,1,60
4,"Mason City, IA",3,0,3,0,5,8,0,51
4,"Medford, OR",24,3,22,0,11,44,2,344
4,"Melbourne, FL",17,5,21,1,23,41,1,243
4,"Memphis, TN",195,33,169,0,214,339,10,1851
4,"Meridian, MS",7,0,1,0,5,12,0,51
4,"Miami, FL",959,99,904,13,870,1697,77,9586
4,"Midland/Odessa, TX",78,22,70,0,85,150,11,831
4,"Milwaukee, WI",329,21,199,4,245,491,8,2371
4,"Minneapolis, MN",779,105,529,4,593,1289,18,10257
4,"Minot, ND",9,4,5,0,3,18,0,181
4,"Mission/McAllen/Edinburg, TX",40,17,39,1,41,73,5,308
4,"Missoula, MT",28,3,14,0,13,36,0,240
4,"Mobile, AL",11,6,21,0,16,33,2,206
4,"Moline, IL",34,14,31,0,28,73,1,304
4,"Monroe, LA",14,7,13,0,12,29,3,150
4,"Monterey, CA",30,6,23,0,15,47,2,351
4,"Montgomery, AL",14,4,10,0,11,25,4,202
4,"Montrose/Delta, CO",11,3,9,0,14,19,1,153
4,"Mosinee, WI",0,1,1,0,1,2,0,60
4,"Myrtle Beach, SC",112,15,134,3,101,213,13,1381
4,"Nashville, TN",809,71,573,11,846,1332,29,8279
4,"New Orleans, LA",546,53,413,7,516,877,31,4323
4,"New York, NY",2164,210,2265,24,1913,4016,299,23671
4,"Newark, NJ",895,91,1115,7,779,1819,153,10730
4,"Newburgh/Poughkeepsie, NY",1,2,2,0,1,4,0,34
4,"Niagara Falls, NY",1,1,3,0,2,6,0,42
4,"Nome, AK",1,0,2,0,4,5,2,30
4,"Norfolk, VA",218,11,187,4,172,320,17,1702
4,"North Bend/Coos Bay, OR",1,0,2,0,1,3,0,30
4,"North Platte, NE",5,0,3,0,3,8,0,51
4,"Oakland, CA",323,7,195,5,411,538,13,3509
4,"Oklahoma City, OK",188,29,169,0,165,329,17,1880
4,"Omaha, NE",229,32,181,1,193,379,5,1924
4,"Ontario, CA",242,17,132,2,263,400,9,2096
4,"Orlando, FL",1358,104,1416,19,1511,2621,169,14170
4,"Pago Pago, TT",3,0,0,0,0,2,0,9
4,"Palm Springs, CA",141,10,140,3,126,294,7,1622
4,"Panama City, FL",67,8,60,0,76,118,4,735
4,"Pasco/Kennewick/Richland, WA",34,5,21,0,13,51,0,401
4,"Pellston, MI",8,4,1,0,0,12,0,51
4,"Pensacola, FL",118,11,120,2,132,207,13,1139
4,"Peoria, IL",26,5,22,0,33,59,1,286
4,"Petersburg, AK",2,0,5,0,7,10,0,60
4,"Philadelphia, PA",869,69,702,21,844,1449,49,7894
4,"Phoenix, AZ",1728,91,1484,10,1709,2950,49,16999
4,"Pittsburgh, PA",356,28,267,11,352,605,26,3534
4,"Plattsburgh, NY",2,0,4,0,0,4,0,50
4,"Pocatello, ID",4,1,0,0,0,5,0,60
4,"Ponce, PR",20,2,10,0,14,28,1,114
4,"Portland, ME",75,6,44,0,55,113,15,618
4,"Portland, OR",436,25,399,3,449,825,14,4768
4,"Portsmouth, NH",2,0,2,0,2,3,1,53
4,"Prescott, AZ",10,0,4,0,1,10,0,60
4,"Providence, RI",140,10,89,3,132,222,4,1205
4,"Provo, UT",13,1,10,0,15,20,0,156
4,"Punta Gorda, FL",35,1,45,1,40,85,1,540
4,"Raleigh/Durham, NC",584,58,450,4,644,1010,31,5013
4,"Rapid City, SD",29,8,22,0,14,45,0,312
4,"Redding, CA",4,0,5,0,4,11,0,114
4,"Reno, NV",159,12,83,0,153,266,4,1638
4,"Rhinelander, WI",4,1,2,0,0,5,0,60
4,"Richmond, VA",221,16,161,3,167,317,7,1570
4,"Riverton/Lander, WY",4,1,1,0,3,7,0,39
4,"Roanoke, VA",16,0,17,0,13,25,1,226
4,"Rochester, MN",18,3,11,0,5,29,0,124
4,"Rochester, NY",121,5,73,0,99,175,10,947
4,"Rock Springs, WY",4,0,5,0,5,8,0,39
4,"Rockford, IL",3,1,4,0,2,5,0,66
4,"Roswell, NM",4,1,8,0,7,14,1,60
4,"Sacramento, CA",473,22,268,6,504,748,8,4394
4,"Saginaw/Bay City/Midland, MI",19,4,11,0,6,29,0,168
4,"Saipan, TT",0,0,0,0,0,0,0,30
4,"Salina, KS",4,0,5,0,6,10,2,61
4,"Salt Lake City, UT",765,72,462,8,616,1240,20,9328
4,"San Angelo, TX",9,3,4,0,12,20,2,90
4,"San Antonio, TX",499,38,463,3,473,807,16,3401
4,"San Diego, CA",863,49,856,6,816,1512,35,7584
4,"San Francisco, CA",1039,123,3683,7,1161,4460,84,10645
4,"San Jose, CA",368,10,213,3,425,623,12,3919
4,"San Juan, PR",385,24,284,9,279,563,20,2920
4,"San Luis Obispo, CA",35,1,35,3,24,69,6,408
4,"Sanford, FL",48,11,66,1,65,130,9,754
4,"Santa Ana, CA",312,21,276,1,338,601,17,3598
4,"Santa Barbara, CA",55,9,45,0,58,106,9,557
4,"Santa Fe, NM",11,7,17,0,8,32,3,170
4,"Santa Maria, CA",0,0,0,0,0,0,0,8
4,"Santa Rosa, CA",19,0,27,0,21,49,0,264
4,"Sarasota/Bradenton, FL",169,12,155,0,145,286,14,1615
4,"Sault Ste. Marie, MI",10,0,2,0,0,10,0,60
4,"Savannah, GA",181,13,161,0,189,322,9,1664
4,"Scottsbluff, NE",6,1,5,0,6,13,1,51
4,"Scranton/Wilkes-Barre, PA",17,1,9,0,23,30,0,92
4,"Seattle, WA",993,79,1042,14,1011,2047,44,12918
4,"Sheridan, WY",8,0,3,0,1,9,0,60
4,"Shreveport, LA",17,15,30,0,29,55,7,330
4,"Sioux City, IA",7,2,4,0,2,11,0,60
4,"Sioux Falls, SD",65,8,36,0,32,92,1,598
4,"Sitka, AK",5,0,1,0,6,6,0,90
4,"South Bend, IN",66,13,52,0,25,106,3,541
4,"Spokane, WA",143,12,84,3,104,226,5,1473
4,"Springfield, IL",0,1,3,0,1,3,0,10
4,"Springfield, MO",70,18,80,0,64,129,7,665
4,"St. Cloud, MN",0,0,0,0,0,0,0,15
4,"St. George, UT",12,4,9,0,3,18,0,254
4,"St. Louis, MO",581,37,391,7,617,946,25,5445
4,"St. Petersburg, FL",38,7,42,1,47,92,5,641
4,"State College, PA",10,0,3,0,5,14,0,60
4,"Stillwater, OK",4,7,11,0,7,15,1,60
4,"Stockton, CA",4,1,3,0,3,7,0,36
4,"Sun Valley/Hailey/Ketchum, ID",3,4,4,0,1,8,0,98
4,"Syracuse, NY",118,12,79,0,118,199,7,1104
4,"Tallahassee, FL",40,9,54,1,39,81,3,503
4,"Tampa, FL",708,54,707,7,821,1350,92,7118
4,"Texarkana, AR",7,7,6,0,10,18,1,60
4,"Toledo, OH",5,0,7,0,4,7,0,40
4,"Traverse City, MI",31,2,24,2,22,50,0,224
4,"Trenton, NJ",24,0,13,0,23,40,1,201
4,"Tucson, AZ",204,23,175,2,161,319,7,1663
4,"Tulsa, OK",151,28,98,1,145,258,13,1394
4,"Twin Falls, ID",6,0,1,0,0,6,0,60
4,"Tyler, TX",3,5,2,0,0,8,1,90
4,"Valdosta, GA",5,2,5,0,1,10,0,60
4,"Valparaiso, FL",84,19,73,2,83,142,6,843
4,"Victoria, TX",3,0,0,0,2,5,0,51
4,"Waco, TX",10,4,11,0,8,19,4,90
4,"Walla Walla, WA",2,0,1,0,2,4,0,60
4,"Washington, DC",1485,147,1566,18,1475,2831,95,15850
4,"West Palm Beach/Palm Beach, FL",323,26,298,2,286,549,29,2767
4,"White Plains, NY",144,15,121,4,102,219,15,1058
4,"Wichita Falls, TX",3,2,4,0,3,10,1,56
4,"Wichita, KS",96,21,72,1,91,182,7,842
4,"Williston, ND",15,0,4,0,1,15,0,146
4,"Wilmington, NC",74,6,70,0,78,130,3,597
4,"Worcester, MA",10,1,8,0,6,14,3,124
4,"Wrangell, AK",2,0,4,0,6,7,1,60
4,"Yakutat, AK",0,0,4,0,7,9,1,60
4,"Yuma, AZ",4,2,6,0,4,10,1,131
5,"Aberdeen, SD",9,2,5,0,0,10,0,62
5,"Abilene, TX",22,16,33,0,41,55,4,144
5,"Adak Island, AK",1,0,1,0,0,2,0,9
5,"Aguadilla, PR",42,1,19,0,26,52,1,253
5,"Akron, OH",42,10,38,0,37,79,6,306
5,"Albany, GA",11,5,8,0,0,18,1,62
5,"Albany, NY",186,19,93,1,168,268,5,1015
5,"Albuquerque, NM",351,38,244,2,354,550,42,2136
5,"Alexandria, LA",13,6,16,0,6,26,5,155
5,"Allentown/Bethlehem/Easton, PA",34,9,47,1,39,81,5,391
5,"Alpena, MI",11,3,7,0,0,12,0,53
5,"Amarillo, TX",64,18,74,0,77,129,18,421
5,"Anchorage, AK",242,18,353,16,199,468,15,1724
5,"Appleton, WI",70,21,67,0,62,139,5,532
5,"Arcata/Eureka, CA",13,2,12,0,6,25,0,123
5,"Asheville, NC",131,32,155,3,142,268,9,1124
5,"Ashland, WV",5,1,8,0,8,13,0,31
5,"Aspen, CO",27,9,23,0,16,55,3,210
5,"Atlanta, GA",3190,495,3365,22,3778,6497,186,29868
5,"Atlantic City, NJ",38,0,49,2,27,64,3,286
5,"Augusta, GA",35,14,34,1,30,68,2,310
5,"Austin, TX",1402,166,1669,5,1395,2579,118,7851
5,"Bakersfield, CA",27,9,26,0,22,47,5,205
5,"Baltimore, MD",1271,96,851,13,1463,2042,63,8655
5,"Bangor, ME",26,4,20,0,32,45,4,225
5,"Barrow, AK",3,0,2,0,3,6,0,31
5,"Baton Rouge, LA",55,25,73,1,73,125,11,441
5,"Beaumont/Port Arthur, TX",6,5,3,0,0,11,4,62
5,"Belleville, IL",6,3,10,0,9,15,0,98
5,"Bellingham, WA",17,0,13,0,29,34,0,244
5,"Bemidji, MN",5,0,1,0,0,5,0,62
5,"Bend/Redmond, OR",54,5,34,0,33,78,1,458
5,"Bethel, AK",3,2,4,0,2,8,0,62
5,"Billings, MT",47,14,36,0,44,80,1,342
5,"Binghamton, NY",3,2,2,0,2,5,0,31
5,"Birmingham, AL",232,51,240,3,258,444,21,1513
5,"Bismarck/Mandan, ND",24,17,30,0,18,58,1,349
5,"Bloomington/Normal, IL",18,9,24,0,23,38,2,158
5,"Boise, ID",249,32,172,5,185,399,8,2020
5,"Boston, MA",1655,172,2022,12,1660,3333,83,12661
5,"Bozeman, MT",88,11,35,0,88,136,2,721
5,"Brainerd, MN",3,0,1,0,0,3,0,53
5,"Bristol/Johnson City/Kingsport, TN",16,4,18,0,13,32,3,168
5,"Brownsville, TX",36,13,44,0,27,63,11,191
5,"Brunswick, GA",16,4,9,0,0,22,0,62
5,"Buffalo, NY",331,28,171,1,313,469,19,1879
5,"Burbank, CA",309,16,205,0,332,523,16,2327
5,"Burlington, VT",77,6,47,1,81,122,7,631
5,"Butte, MT",4,0,1,0,0,4,0,58
5,"Casper, WY",8,2,6,0,3,14,0,104
5,"Cedar City, UT",6,0,0,0,0,5,0,53
5,"Cedar Rapids/Iowa City, IA",120,26,103,0,118,203,9,669
5,"Champaign/Urbana, IL",19,13,27,0,30,47,3,124
5,"Charleston, SC",355,40,250,2,358,571,24,2406
5,"Charleston/Dunbar, WV",50,16,53,0,34,99,6,305
5,"Charlotte Amalie, VI",59,6,67,1,31,94,2,541
5,"Charlotte, NC",2854,600,3152,43,3868,5721,252,19206
5,"Charlottesville, VA",19,2,31,0,14,48,6,285
5,"Chattanooga, TN",83,21,80,0,72,155,12,586
5,"Cheyenne, WY",4,0,2,0,2,6,0,58
5,"Chicago, IL",4233,683,4973,21,4513,8560,484,31818
5,"Christiansted, VI",18,2,11,0,18,24,0,102
5,"Cincinnati, OH",516,83,520,4,626,981,44,3712
5,"Clarksburg/Fairmont, WV",3,2,3,0,1,4,0,19
5,"Cleveland, OH",491,69,402,8,545,857,55,3670
5,"Cody, WY",5,0,4,0,2,8,0,29
5,"College Station/Bryan, TX",10,7,14,0,11,26,7,92
5,"Colorado Springs, CO",205,26,116,1,186,312,17,1069
5,"Columbia, MO",20,13,32,0,39,56,5,149
5,"Columbia, SC",78,17,68,1,94,148,12,592
5,"Columbus, GA",17,4,12,0,3,25,0,88
5,"Columbus, MS",5,0,3,0,7,9,0,62
5,"Columbus, OH",520,80,382,4,576,874,34,3664
5,"Concord, NC",6,0,4,0,7,10,0,61
5,"Cordova, AK",2,0,5,1,5,7,1,62
5,"Corpus Christi, TX",43,16,56,2,70,108,17,328
5,"Dallas, TX",941,82,1139,2,1223,1878,189,6207
5,"Dallas/Fort Worth, TX",4197,1334,5862,38,5108,9075,1724,27104
5,"Dayton, OH",79,28,107,1,87,181,12,712
5,"Daytona Beach, FL",37,6,35,0,37,70,3,274
5,"Deadhorse, AK",2,1,0,0,2,5,0,50
5,"Decatur, IL",15,3,9,0,6,26,5,85
5,"Denver, CO",3214,388,3609,17,3466,6460,252,26364
5,"Des Moines, IA",198,27,192,4,210,359,23,1254
5,"Detroit, MI",1213,216,1012,15,1029,2112,60,11295
5,"Devils Lake, ND",4,1,5,0,6,11,0,58
5,"Dickinson, ND",5,1,2,0,1,7,1,57
5,"Dodge City, KS",3,0,4,0,5,10,0,54
5,"Dothan, AL",7,1,8,0,5,11,0,62
5,"Duluth, MN",23,10,15,0,10,41,1,176
5,"Durango, CO",39,4,23,0,14,50,6,284
5,"Eagle, CO",11,2,9,0,6,20,2,151
5,"El Paso, TX",260,41,201,1,302,431,34,1470
5,"Elko, NV",1,0,0,0,0,1,0,31
5,"Elmira/Corning, NY",17,4,10,0,2,21,0,80
5,"Escanaba, MI",2,1,1,0,0,3,0,53
5,"Eugene, OR",80,13,55,0,80,127,4,589
5,"Evansville, IN",22,12,21,0,13,40,2,161
5,"Everett, WA",7,1,14,0,9,17,0,90
5,"Fairbanks, AK",55,4,51,1,40,91,3,309
5,"Fargo, ND",70,29,69,1,68,144,3,541
5,"Fayetteville, AR",138,53,200,2,143,301,16,1152
5,"Fayetteville, NC",11,3,5,1,5,16,2,92
5,"Flagstaff, AZ",19,3,9,0,3,25,2,156
5,"Flint, MI",29,8,23,0,26,50,3,168
5,"Fort Dodge, IA",4,0,9,0,6,13,3,54
5,"Fort Lauderdale, FL",1139,115,1215,15,1092,2076,70,7891
5,"Fort Myers, FL",337,44,331,2,376,668,25,2606
5,"Fort Smith, AR",17,10,17,0,14,31,5,93
5,"Fort Wayne, IN",42,20,53,0,35,93,6,338
5,"Fresno, CA",157,33,145,1,147,267,14,1006
5,"Gainesville, FL",23,2,20,2,25,48,5,247
5,"Garden City, KS",6,8,9,0,16,21,2,62
5,"Gillette, WY",2,2,4,0,2,7,1,62
5,"Grand Forks, ND",11,1,5,0,0,12,0,102
5,"Grand Island, NE",10,5,8,0,5,19,4,80
5,"Grand Junction, CO",28,22,38,0,32,74,5,301
5,"Grand Rapids, MI",224,30,167,5,229,373,21,1439
5,"Great Falls, MT",19,1,10,0,8,30,0,210
5,"Green Bay, WI",51,15,34,0,24,91,4,351
5,"Greensboro/High Point, NC",117,32,107,2,150,241,24,1016
5,"Greer, SC",227,42,214,1,230,397,19,1449
5,"Guam, TT",6,0,2,0,1,6,1,62
5,"Gulfport/Biloxi, MS",37,20,49,1,50,89,11,283
5,"Gunnison, CO",2,2,2,0,2,7,0,41
5,"Hagerstown, MD",3,1,4,0,3,6,0,21
5,"Hancock/Houghton, MI",8,1,8,0,12,23,4,62
5,"Harlingen/San Benito, TX",49,19,55,0,73,106,11,355
5,"Harrisburg, PA",78,23,62,2,82,138,5,482
5,"Hartford, CT",357,42,232,0,325,532,13,1909
5,"Hattiesburg/Laurel, MS",10,3,12,0,2,17,4,54
5,"Hayden, CO",8,3,5,0,10,17,2,102
5,"Hays, KS",11,2,10,1,6,21,0,62
5,"Helena, MT",4,4,4,0,2,12,1,124
5,"Hibbing, MN",4,2,3,0,0,6,0,53
5,"Hilo, HI",95,6,6,0,74,98,7,577
5,"Hilton Head, SC",34,11,37,0,32,65,1,232
5,"Hobbs, NM",3,3,2,0,1,7,0,18
5,"Honolulu, HI",629,30,255,1,533,913,93,5230
5,"Houston, TX",2324,327,3011,10,2366,4595,446,15136
5,"Huntsville, AL",90,23,124,2,102,198,20,810
5,"Hyannis, MA",4,0,0,0,3,4,0,9
5,"Idaho Falls, ID",33,9,18,0,3,47,5,334
5,"Indianapolis, IN",620,72,526,9,663,1065,54,4141
5,"International Falls, MN",4,2,0,0,0,5,0,53
5,"Iron Mountain/Kingsfd, MI",9,1,3,0,0,10,0,62
5,"Islip, NY",78,8,31,0,86,117,3,417
5,"Ithaca/Cortland, NY",6,1,5,0,6,12,3,122
5,"Jackson, WY",38,5,24,0,38,64,5,329
5,"Jackson/Vicksburg, MS",103,25,106,1,120,199,11,665
5,"Jacksonville, FL",493,58,361,6,450,781,40,2741
5,"Jacksonville/Camp Lejeune, NC",11,7,7,0,14,23,0,103
5,"Jamestown, ND",0,0,1,0,0,1,0,12
5,"Johnstown, PA",4,3,8,0,7,15,1,62
5,"Joplin, MO",3,0,8,0,7,11,3,53
5,"Juneau, AK",43,1,58,0,40,78,6,398
5,"Kahului, HI",207,5,50,1,159,284,31,2169
5,"Kalamazoo, MI",14,3,4,0,0,17,1,88
5,"Kalispell, MT",48,5,34,0,24,62,0,254
5,"Kansas City, MO",697,84,524,6,719,1109,48,4346
5,"Ketchikan, AK",18,0,28,0,18,38,3,217
5,"Key West, FL",66,16,98,0,69,155,1,629
5,"Killeen, TX",31,18,38,0,40,62,7,154
5,"King Salmon, AK",1,0,1,0,0,2,0,22
5,"Knoxville, TN",198,52,235,0,234,390,18,1346
5,"Kodiak, AK",7,0,3,0,2,9,0,72
5,"Kona, HI",182,1,42,0,149,221,14,1322
5,"Kotzebue, AK",2,0,2,0,0,2,0,31
5,"La Crosse, WI",4,6,16,0,13,23,1,51
5,"Lafayette, LA",23,17,40,0,40,70,10,243
5,"Lake Charles, LA",15,8,14,0,8,27,5,93
5,"Lansing, MI",16,2,3,1,4,19,1,115
5,"Laramie, WY",3,2,5,0,3,10,0,54
5,"Laredo, TX",28,9,41,0,30,51,9,159
5,"Las Vegas, NV",2206,187,2257,18,2520,4129,116,16340
5,"Latrobe, PA",9,0,12,0,5,14,0,61
5,"Lawton/Fort Sill, OK",14,6,8,0,2,21,3,92
5,"Lewiston, ID",7,4,2,1,0,13,0,93
5,"Lexington, KY",107,34,110,0,92,201,18,775
5,"Liberal, KS",5,1,4,0,1,9,0,54
5,"Lihue, HI",158,1,37,0,136,193,32,1346
5,"Lincoln, NE",25,5,24,0,14,49,2,133
5,"Little Rock, AR",172,49,205,0,207,350,30,1120
5,"Long Beach, CA",170,12,85,0,206,271,7,1522
5,"Longview, TX",9,6,12,0,9,21,3,62
5,"Los Angeles, CA",2468,249,2172,29,1929,3924,101,16582
5,"Louisville, KY",332,53,326,3,311,596,30,2296
5,"Lubbock, TX",109,22,92,0,111,183,31,561
5,"Madison, WI",177,36,168,0,171,313,19,1029
5,"Manchester, NH",89,10,52,0,103,141,1,477
5,"Manhattan/Ft. Riley, KS",11,8,15,0,18,27,3,62
5,"Marquette, MI",13,7,18,0,20,29,0,85
5,"Martha's Vineyard, MA",3,0,4,0,3,7,2,40
5,"Mason City, IA",3,1,5,0,4,8,3,54
5,"Medford, OR",34,2,30,0,18,51,2,364
5,"Melbourne, FL",27,8,29,1,21,50,0,241
5,"Memphis, TN",320,52,290,1,343,553,39,2016
5,"Meridian, MS",5,2,4,0,8,15,5,54
5,"Miami, FL",1450,192,1275,24,1412,2514,101,9499
5,"Midland/Odessa, TX",136,43,161,0,136,274,42,866
5,"Milwaukee, WI",396,53,327,2,354,653,26,2407
5,"Minneapolis, MN",1038,213,833,6,923,1829,36,10847
5,"Minot, ND",11,5,7,0,2,20,1,186
5,"Mission/McAllen/Edinburg, TX",87,30,72,0,88,158,25,393
5,"Missoula, MT",48,9,56,0,37,87,1,364
5,"Mobile, AL",27,10,34,0,34,57,6,211
5,"Moline, IL",45,18,68,1,50,109,8,373
5,"Monroe, LA",17,5,22,0,21,36,4,155
5,"Monterey, CA",61,8,42,0,38,94,4,431
5,"Montgomery, AL",28,7,22,0,17,46,5,208
5,"Montrose/Delta, CO",21,2,24,1,20,41,3,151
5,"Mosinee, WI",3,1,3,0,1,5,0,62
5,"Myrtle Beach, SC",209,22,195,7,193,354,15,1615
5,"Nantucket, MA",12,5,14,0,6,21,2,127
5,"Nashville, TN",1295,160,1191,12,1488,2355,76,8813
5,"New Orleans, LA",781,93,695,10,831,1310,65,4516
5,"New York, NY",2994,388,3035,27,2757,5388,319,24715
5,"Newark, NJ",1305,170,1384,5,1100,2421,160,11357
5,"Newburgh/Poughkeepsie, NY",2,0,2,0,1,4,0,29
5,"Niagara Falls, NY",1,1,1,0,1,3,0,27
5,"Nome, AK",0,0,1,0,2,2,0,31
5,"Norfolk, VA",305,36,255,1,298,488,36,1778
5,"North Bend/Coos Bay, OR",1,1,0,0,1,3,0,34
5,"North Platte, NE",2,1,2,0,2,6,0,53
5,"Oakland, CA",463,11,235,1,583,744,19,3606
5,"Oklahoma City, OK",328,58,267,0,297,556,31,1963
5,"Omaha, NE",380,61,308,0,341,629,25,2089
5,"Ontario, CA",403,36,222,1,419,615,21,2260
5,"Orlando, FL",1893,172,1948,22,2192,3676,139,13838
5,"Pago Pago, TT",2,0,0,0,0,2,0,11
5,"Palm Springs, CA",144,16,102,1,116,234,10,1148
5,"Panama City, FL",139,32,133,1,139,230,10,826
5,"Pasco/Kennewick/Richland, WA",45,6,37,2,16,76,0,425
5,"Pellston, MI",12,5,6,0,0,17,0,69
5,"Pensacola, FL",214,45,224,5,226,386,27,1224
5,"Peoria, IL",36,20,53,0,43,93,5,297
5,"Petersburg, AK",3,1,5,0,11,14,0,62
5,"Philadelphia, PA",1350,157,1078,19,1364,2194,85,8742
5,"Phoenix, AZ",2400,236,1946,15,2479,3957,114,17199
5,"Pittsburgh, PA",564,64,464,9,597,966,46,3800
5,"Plattsburgh, NY",1,0,2,0,2,3,2,27
5,"Pocatello, ID",7,1,2,0,0,8,0,62
5,"Ponce, PR",23,0,4,0,16,29,1,93
5,"Portland, ME",114,6,76,0,101,164,16,856
5,"Portland, OR",671,73,594,5,652,1159,35,5109
5,"Portsmouth, NH",2,1,1,0,2,4,0,27
5,"Prescott, AZ",4,7,7,0,4,15,0,62
5,"Providence, RI",250,30,152,1,219,363,7,1243
5,"Provo, UT",12,2,28,0,30,36,0,163
5,"Punta Gorda, FL",40,10,73,0,51,110,1,421
5,"Raleigh/Durham, NC",911,100,666,9,969,1481,61,5492
5,"Rapid City, SD",47,16,35,1,29,81,3,382
5,"Redding, CA",10,1,9,0,3,18,0,117
5,"Reno, NV",208,24,111,2,224,341,17,1709
5,"Rhinelander, WI",4,0,2,0,0,4,0,70
5,"Richmond, VA",293,33,219,4,253,459,22,1778
5,"Riverton/Lander, WY",1,0,3,0,2,5,0,39
5,"Roanoke, VA",23,2,42,0,24,56,5,248
5,"Rochester, MN",22,20,25,0,7,48,3,145
5,"Rochester, NY",172,18,107,0,155,256,11,1026
5,"Rock Springs, WY",1,2,3,0,3,7,0,40
5,"Rockford, IL",6,1,5,0,1,10,0,65
5,"Roswell, NM",12,4,5,0,2,15,9,88
5,"Sacramento, CA",647,55,357,7,663,1019,26,4631
5,"Saginaw/Bay City/Midland, MI",17,5,21,0,16,44,1,179
5,"Saipan, TT",0,0,0,0,0,0,0,31
5,"Salina, KS",4,4,9,0,12,21,0,62
5,"Salt Lake City, UT",938,137,681,1,844,1624,40,9625
5,"San Angelo, TX",14,5,16,0,12,24,6,92
5,"San Antonio, TX",648,86,613,5,659,1085,66,3539
5,"San Diego, CA",1235,78,1081,10,1176,2005,49,7935
5,"San Francisco, CA",1462,159,3421,13,1405,4412,92,10991
5,"San Jose, CA",497,28,250,5,594,832,13,4161
5,"San Juan, PR",561,39,395,0,431,788,24,3105
5,"San Luis Obispo, CA",45,9,27,1,43,76,2,402
5,"Sanford, FL",99,14,108,0,122,200,3,777
5,"Santa Ana, CA",482,38,336,1,445,767,49,3707
5,"Santa Barbara, CA",95,8,36,0,80,136,4,655
5,"Santa Fe, NM",36,11,21,0,9,55,9,222
5,"Santa Maria, CA",1,0,1,0,1,1,0,9
5,"Santa Rosa, CA",21,6,21,0,16,35,1,241
5,"Sarasota/Bradenton, FL",192,24,169,0,192,331,10,1343
5,"Sault Ste. Marie, MI",7,1,3,0,0,8,0,62
5,"Savannah, GA",244,36,256,3,263,476,18,1794
5,"Scottsbluff, NE",3,1,3,0,2,6,0,53
5,"Scranton/Wilkes-Barre, PA",33,10,42,1,46,76,2,145
5,"Seattle, WA",1463,183,1903,32,1477,3086,75,14333
5,"Sheridan, WY",4,2,3,0,1,9,0,62
5,"Shreveport, LA",48,20,63,1,42,104,9,347
5,"Sioux City, IA",8,2,9,0,7,16,3,62
5,"Sioux Falls, SD",81,28,61,0,77,156,5,572
5,"Sitka, AK",13,0,19,0,14,29,0,125
5,"South Bend, IN",92,24,85,2,45,173,15,536
5,"Spokane, WA",203,20,147,0,154,316,8,1475
5,"Springfield, IL",0,0,1,0,0,0,0,9
5,"Springfield, MO",102,57,168,0,127,238,18,737
5,"St. Cloud, MN",0,0,0,0,0,0,0,9
5,"St. George, UT",14,5,6,0,2,20,1,231
5,"St. Louis, MO",838,87,703,3,951,1452,47,5658
5,"St. Petersburg, FL",65,15,95,1,105,169,5,670
5,"State College, PA",9,3,13,0,12,28,3,88
5,"Stillwater, OK",8,8,9,0,2,19,2,62
5,"Stockton, CA",2,0,3,0,5,6,0,41
5,"Sun Valley/Hailey/Ketchum, ID",2,1,2,0,1,5,0,109
5,"Syracuse, NY",173,30,123,0,171,286,12,1155
5,"Tallahassee, FL",74,23,88,1,79,143,4,543
5,"Tampa, FL",1032,101,903,10,1168,1895,76,6843
5,"Texarkana, AR",9,5,5,0,10,17,3,62
5,"Toledo, OH",4,2,4,0,3,9,0,29
5,"Traverse City, MI",38,11,37,0,48,76,4,274
5,"Trenton, NJ",23,2,21,0,27,46,0,172
5,"Tucson, AZ",275,40,206,0,248,423,23,1639
5,"Tulsa, OK",249,55,197,0,252,444,30,1515
5,"Twin Falls, ID",6,0,1,0,0,6,0,62
5,"Tyler, TX",13,5,5,0,2,17,4,93
5,"Valdosta, GA",6,2,6,0,7,12,1,62
5,"Valparaiso, FL",149,26,131,3,149,258,20,918
5,"Victoria, TX",5,4,4,0,3,14,4,54
5,"Waco, TX",10,5,7,0,2,17,10,92
5,"Walla Walla, WA",2,0,2,0,3,6,0,60
5,"Washington, DC",2154,307,2225,14,2127,3934,138,16613
5,"West Palm Beach/Palm Beach, FL",360,32,327,2,355,625,21,2416
5,"West Yellowstone, MT",7,0,0,0,0,7,0,34
5,"White Plains, NY",154,22,128,1,141,253,8,1015
5,"Wichita Falls, TX",6,5,5,0,1,13,2,62
5,"Wichita, KS",133,47,137,0,133,270,26,875
5,"Williston, ND",12,3,8,0,5,23,1,178
5,"Wilmington, NC",80,24,69,2,104,164,8,684
5,"Worcester, MA",16,1,10,0,11,21,2,120
5,"Wrangell, AK",4,0,6,0,13,16,0,62
5,"Yakutat, AK",2,1,4,0,5,6,0,62
5,"Yuma, AZ",11,3,8,0,11,22,0,142
6,"Aberdeen, SD",17,10,19,0,0,26,1,60
6,"Abilene, TX",21,4,23,0,30,43,2,145
6,"Adak Island, AK",0,0,0,0,0,0,1,9
6,"Aguadilla, PR",59,8,43,2,40,83,6,208
6,"Akron, OH",41,10,45,1,45,90,5,327
6,"Albany, GA",14,1,8,0,0,14,1,60
6,"Albany, NY",197,16,100,1,164,282,12,1036
6,"Albuquerque, NM",380,27,205,0,345,537,16,2077
6,"Alexandria, LA",13,3,7,0,4,21,0,169
6,"Allentown/Bethlehem/Easton, PA",56,9,42,0,41,91,4,414
6,"Alpena, MI",10,1,3,0,0,10,2,52
6,"Amarillo, TX",77,13,52,0,88,131,5,445
6,"Anchorage, AK",276,10,295,17,241,475,19,2129
6,"Appleton, WI",71,19,58,2,44,123,7,520
6,"Arcata/Eureka, CA",9,2,8,0,9,22,0,113
6,"Asheville, NC",151,21,160,3,151,286,23,1190
6,"Ashland, WV",15,4,15,0,11,25,2,90
6,"Aspen, CO",87,12,54,0,43,147,47,696
6,"Atlanta, GA",2799,351,2077,35,2716,4795,141,29353
6,"Atlantic City, NJ",32,7,58,5,30,69,4,244
6,"Augusta, GA",33,2,21,0,19,50,1,368
6,"Austin, TX",1243,109,1014,12,1150,2065,53,7551
6,"Bakersfield, CA",32,2,17,0,34,53,0,222
6,"Baltimore, MD",1210,98,907,11,1331,1955,88,8778
6,"Bangor, ME",66,13,55,1,67,118,23,513
6,"Barrow, AK",5,1,6,0,4,8,1,30
6,"Baton Rouge, LA",49,13,41,1,45,92,2,428
6,"Beaumont/Port Arthur, TX",8,0,3,0,0,9,0,60
6,"Belleville, IL",21,4,12,0,20,31,2,146
6,"Bellingham, WA",30,1,24,0,34,51,0,264
6,"Bemidji, MN",21,0,7,0,0,20,1,60
6,"Bend/Redmond, OR",58,7,49,1,49,103,0,471
6,"Bethel, AK",7,0,7,0,5,10,0,60
6,"Billings, MT",72,15,54,0,67,121,2,395
6,"Binghamton, NY",5,0,1,0,5,7,0,30
6,"Birmingham, AL",238,32,171,1,254,404,12,1461
6,"Bismarck/Mandan, ND",60,16,41,0,40,91,2,342
6,"Bloomington/Normal, IL",16,5,18,0,26,36,1,158
6,"Boise, ID",317,19,222,3,278,499,7,2062
6,"Boston, MA",1549,201,1810,8,1686,3196,196,12570
6,"Bozeman, MT",178,11,99,0,156,268,1,1037
6,"Brainerd, MN",6,3,6,0,0,9,0,52
6,"Bristol/Johnson City/Kingsport, TN",21,6,12,0,20,34,0,187
6,"Brownsville, TX",27,12,18,0,20,46,1,201
6,"Brunswick, GA",13,3,2,0,1,17,0,60
6,"Buffalo, NY",372,35,241,1,335,527,38,1913
6,"Burbank, CA",364,9,281,0,412,622,16,2671
6,"Burlington, VT",96,11,81,2,87,163,14,757
6,"Butte, MT",10,1,4,0,0,11,0,56
6,"Casper, WY",39,4,14,0,14,54,2,212
6,"Cedar City, UT",13,0,3,0,0,13,0,52
6,"Cedar Rapids/Iowa City, IA",137,27,100,0,110,227,8,685
6,"Champaign/Urbana, IL",16,5,20,0,27,40,0,116
6,"Charleston, SC",295,28,164,4,300,481,49,2392
6,"Charleston/Dunbar, WV",41,8,16,0,15,60,3,293
6,"Charlotte Amalie, VI",80,11,91,1,43,128,1,504
6,"Charlotte, NC",2202,416,1917,27,2691,4119,298,18712
6,"Charlottesville, VA",20,1,24,0,17,39,6,250
6,"Chattanooga, TN",67,14,45,1,53,108,2,547
6,"Cheyenne, WY",3,1,1,0,4,8,1,55
6,"Chicago, IL",4278,508,3808,39,4188,7587,391,31746
6,"Christiansted, VI",23,11,22,0,20,39,2,106
6,"Cincinnati, OH",476,63,405,1,588,881,63,3631
6,"Clarksburg/Fairmont, WV",5,1,4,0,7,8,1,32
6,"Cleveland, OH",636,66,480,3,667,1059,64,3725
6,"Cody, WY",12,0,9,0,8,22,1,98
6,"College Station/Bryan, TX",17,7,10,1,14,28,1,90
6,"Colorado Springs, CO",196,16,119,1,167,307,10,1170
6,"Columbia, MO",36,5,40,0,53,75,4,168
6,"Columbia, SC",73,6,37,0,54,107,10,558
6,"Columbus, GA",10,1,3,0,2,12,0,84
6,"Columbus, MS",2,0,2,0,2,5,0,60
6,"Columbus, OH",520,54,352,6,485,806,56,3767
6,"Concord, NC",7,5,10,0,13,19,2,61
6,"Cordova, AK",2,0,3,0,5,6,0,60
6,"Corpus Christi, TX",49,10,43,0,74,92,6,316
6,"Dallas, TX",915,56,658,17,1081,1498,29,6274
6,"Dallas/Fort Worth, TX",3985,887,3318,58,4738,7327,540,27685
6,"Dayton, OH",77,14,52,1,74,128,9,629
6,"Daytona Beach, FL",22,2,11,0,12,33,0,246
6,"Deadhorse, AK",6,0,4,0,1,6,1,45
6,"Decatur, IL",8,2,5,0,5,15,0,52
6,"Denver, CO",3584,329,3481,20,3479,6596,241,27576
6,"Des Moines, IA",228,23,187,1,253,392,12,1281
6,"Detroit, MI",1472,282,1116,15,1153,2513,77,11406
6,"Devils Lake, ND",5,0,6,0,5,10,4,56
6,"Dickinson, ND",6,1,3,0,2,10,0,55
6,"Dillingham, AK",1,1,1,0,0,3,1,18
6,"Dodge City, KS",3,1,5,0,3,7,1,51
6,"Dothan, AL",10,0,4,0,2,12,0,60
6,"Duluth, MN",26,5,21,0,10,42,1,181
6,"Durango, CO",43,4,35,5,29,77,2,356
6,"Eagle, CO",33,2,11,0,28,47,2,220
6,"El Paso, TX",239,11,129,2,262,375,11,1515
6,"Elko, NV",6,0,2,0,0,6,0,30
6,"Elmira/Corning, NY",18,5,7,0,0,23,0,80
6,"Escanaba, MI",14,0,3,0,0,14,0,52
6,"Eugene, OR",93,4,54,1,69,128,1,606
6,"Evansville, IN",29,8,22,1,28,50,2,197
6,"Everett, WA",1,1,5,0,6,6,0,57
6,"Fairbanks, AK",57,1,45,0,48,92,0,373
6,"Fargo, ND",89,22,82,0,70,160,4,565
6,"Fayetteville, AR",166,30,150,1,151,275,8,1173
6,"Fayetteville, NC",9,7,5,0,10,20,1,146
6,"Flagstaff, AZ",15,4,9,0,5,24,0,146
6,"Flint, MI",24,10,21,0,22,44,0,159
6,"Fort Dodge, IA",6,0,3,0,10,16,0,51
6,"Fort Lauderdale, FL",1144,93,1144,26,1014,1884,297,7287
6,"Fort Myers, FL",304,24,210,2,278,476,38,2078
6,"Fort Smith, AR",31,5,23,1,32,49,0,109
6,"Fort Wayne, IN",74,21,52,0,33,113,5,398
6,"Fresno, CA",163,15,119,0,124,247,3,981
6,"Gainesville, FL",28,3,32,3,26,54,3,286
6,"Garden City, KS",14,2,8,0,18,25,1,60
6,"Gillette, WY",9,0,6,0,3,13,0,60
6,"Grand Forks, ND",27,8,15,0,0,38,0,99
6,"Grand Island, NE",13,0,4,0,4,15,2,78
6,"Grand Junction, CO",30,6,30,0,25,56,0,346
6,"Grand Rapids, MI",286,25,176,2,208,402,23,1526
6,"Great Falls, MT",35,5,19,0,14,43,1,191
6,"Green Bay, WI",74,21,43,0,30,118,6,374
6,"Greensboro/High Point, NC",132,16,87,1,123,220,29,1029
6,"Greer, SC",165,25,124,3,151,277,27,1413
6,"Guam, TT",7,0,5,0,6,9,0,60
6,"Gulfport/Biloxi, MS",24,5,26,1,29,54,2,298
6,"Gunnison, CO",3,1,9,0,7,13,0,65
6,"Gustavus, AK",0,0,0,0,0,0,0,30
6,"Hagerstown, MD",7,1,8,0,8,15,1,36
6,"Hancock/Houghton, MI",6,2,3,0,7,16,1,60
6,"Harlingen/San Benito, TX",48,7,35,0,69,90,0,320
6,"Harrisburg, PA",81,11,56,0,66,129,5,504
6,"Hartford, CT",342,26,231,2,321,519,24,1886
6,"Hattiesburg/Laurel, MS",4,0,3,0,2,7,0,51
6,"Hayden, CO",13,2,11,0,10,24,0,122
6,"Hays, KS",3,3,6,0,8,16,0,51
6,"Helena, MT",12,3,6,0,2,17,0,120
6,"Hibbing, MN",11,5,10,0,0,16,0,52
6,"Hilo, HI",57,0,4,0,52,62,0,547
6,"Hilton Head, SC",28,2,24,1,19,39,3,236
6,"Hobbs, NM",17,3,17,0,5,25,2,60
6,"Honolulu, HI",543,14,194,5,440,754,23,5219
6,"Houston, TX",2131,184,1896,16,2026,3616,179,15101
6,"Huntsville, AL",94,17,64,0,119,187,7,740
6,"Hyannis, MA",5,0,6,0,7,9,2,65
6,"Idaho Falls, ID",33,6,17,0,18,52,1,327
6,"Indianapolis, IN",645,60,458,4,639,1015,61,4159
6,"International Falls, MN",12,3,6,0,0,17,1,56
6,"Iron Mountain/Kingsfd, MI",12,3,10,0,0,15,0,60
6,"Islip, NY",71,8,39,0,68,100,5,397
6,"Ithaca/Cortland, NY",2,0,8,0,11,15,6,60
6,"Jackson, WY",101,4,52,0,63,129,8,580
6,"Jackson/Vicksburg, MS",92,15,59,1,85,140,2,580
6,"Jacksonville, FL",461,49,252,5,397,681,43,2574
6,"Jacksonville/Camp Lejeune, NC",12,3,10,0,11,20,1,148
6,"Jamestown, ND",2,0,3,0,6,8,5,39
6,"Johnstown, PA",10,1,5,0,5,16,0,60
6,"Joplin, MO",7,0,5,0,5,11,0,52
6,"Juneau, AK",51,1,63,2,41,91,2,486
6,"Kahului, HI",159,4,42,1,108,216,12,2274
6,"Kalamazoo, MI",16,3,3,0,0,19,2,84
6,"Kalispell, MT",75,2,55,0,47,111,0,467
6,"Kansas City, MO",783,54,447,4,738,1117,29,4449
6,"Ketchikan, AK",22,0,24,0,19,40,1,252
6,"Key West, FL",65,7,64,0,47,109,17,509
6,"Killeen, TX",30,10,21,0,36,50,3,146
6,"King Salmon, AK",4,0,4,0,1,5,0,36
6,"Knoxville, TN",199,36,164,1,192,338,15,1467
6,"Kodiak, AK",2,3,5,0,6,10,3,76
6,"Kona, HI",127,1,41,3,111,177,4,1400
6,"Kotzebue, AK",3,1,0,0,0,4,0,30
6,"La Crosse, WI",3,0,4,0,2,5,0,12
6,"Lafayette, LA",32,6,28,0,21,57,5,273
6,"Lake Charles, LA",11,3,8,0,2,15,1,90
6,"Lansing, MI",33,11,14,0,3,47,0,109
6,"Laramie, WY",6,0,4,0,5,10,1,51
6,"Laredo, TX",29,3,27,0,27,50,3,165
6,"Las Vegas, NV",2199,126,1807,34,2497,3759,122,15696
6,"Latrobe, PA",6,0,5,0,5,10,0,60
6,"Lawton/Fort Sill, OK",7,4,6,1,1,14,1,90
6,"Lewiston, ID",14,1,3,0,0,14,0,90
6,"Lexington, KY",117,28,98,0,117,202,10,819
6,"Liberal, KS",4,0,2,0,2,6,1,51
6,"Lihue, HI",155,1,23,1,115,188,6,1384
6,"Lincoln, NE",29,6,30,0,19,59,3,210
6,"Little Rock, AR",175,23,139,0,154,288,10,1137
6,"Long Beach, CA",169,6,60,3,205,261,3,1484
6,"Longview, TX",5,3,2,0,4,10,0,60
6,"Los Angeles, CA",2526,214,1772,26,2007,3808,106,16677
6,"Louisville, KY",342,54,235,4,275,514,26,2159
6,"Lubbock, TX",83,5,48,2,94,136,7,508
6,"Madison, WI",193,23,184,1,170,311,17,1052
6,"Manchester, NH",66,8,39,0,61,96,3,500
6,"Manhattan/Ft. Riley, KS",13,3,14,0,18,25,2,86
6,"Marquette, MI",14,1,14,0,14,26,0,88
6,"Martha's Vineyard, MA",24,1,19,0,20,37,10,233
6,"Mason City, IA",3,2,3,0,8,14,0,51
6,"Medford, OR",52,5,47,1,18,83,1,371
6,"Melbourne, FL",19,2,6,0,8,25,0,226
6,"Memphis, TN",326,39,215,4,328,506,33,2093
6,"Meridian, MS",6,1,3,0,5,12,1,51
6,"Miami, FL",1431,175,1154,19,1339,2327,393,8542
6,"Midland/Odessa, TX",137,28,92,1,112,231,7,834
6,"Milwaukee, WI",398,34,262,1,331,604,26,2443
6,"Minneapolis, MN",1659,363,2244,14,1406,3463,50,11268
6,"Minot, ND",31,17,28,0,11,60,1,199
6,"Mission/McAllen/Edinburg, TX",101,19,51,0,81,145,6,410
6,"Missoula, MT",67,5,69,0,78,120,2,508
6,"Mobile, AL",26,4,20,0,24,48,1,216
6,"Moline, IL",67,12,44,0,41,108,2,360
6,"Monroe, LA",15,4,11,0,16,28,0,169
6,"Monterey, CA",51,4,50,0,51,93,2,427
6,"Montgomery, AL",25,10,27,0,25,51,1,225
6,"Montrose/Delta, CO",31,3,18,0,29,53,2,240
6,"Mosinee, WI",8,1,15,0,12,20,0,60
6,"Myrtle Beach, SC",272,33,224,6,253,448,31,1955
6,"Nantucket, MA",37,9,34,0,20,57,5,346
6,"Nashville, TN",1314,115,812,16,1314,2034,92,8895
6,"New Orleans, LA",682,63,456,11,666,1045,39,4203
6,"New York, NY",2815,409,3332,15,2651,5634,815,24019
6,"Newark, NJ",1179,166,1682,8,1098,2620,393,10771
6,"Newburgh/Poughkeepsie, NY",3,1,4,0,5,6,1,35
6,"Niagara Falls, NY",5,2,4,0,1,7,1,29
6,"Nome, AK",2,0,4,0,3,5,0,30
6,"Norfolk, VA",299,32,213,3,268,485,48,1857
6,"North Bend/Coos Bay, OR",2,0,2,0,2,4,0,39
6,"North Platte, NE",3,1,2,0,2,6,1,52
6,"Oakland, CA",580,5,278,5,634,832,18,3620
6,"Oklahoma City, OK",326,44,186,0,282,508,26,2040
6,"Omaha, NE",405,46,263,1,332,586,22,2059
6,"Ontario, CA",391,17,165,4,378,544,27,2304
6,"Orlando, FL",2089,171,1932,28,2112,3586,174,13179
6,"Pago Pago, TT",1,0,0,0,0,1,0,12
6,"Palm Springs, CA",95,8,55,1,77,142,2,654
6,"Panama City, FL",182,8,139,1,148,279,3,1017
6,"Pasco/Kennewick/Richland, WA",57,9,49,2,21,89,1,410
6,"Pellston, MI",21,4,8,0,0,25,0,112
6,"Pensacola, FL",210,22,181,4,183,349,16,1380
6,"Peoria, IL",35,6,38,0,35,75,4,318
6,"Petersburg, AK",7,0,5,0,2,9,0,60
6,"Philadelphia, PA",1276,178,1239,9,1364,2316,241,9376
6,"Phoenix, AZ",2354,143,1464,32,2433,3617,97,15836
6,"Pittsburgh, PA",611,61,473,14,653,1021,64,3927
6,"Plattsburgh, NY",3,1,6,0,3,7,2,33
6,"Pocatello, ID",11,0,4,0,0,10,0,60
6,"Ponce, PR",24,3,14,1,18,29,2,80
6,"Portland, ME",163,12,132,0,153,272,42,1286
6,"Portland, OR",819,59,787,9,782,1395,27,5271
6,"Portsmouth, NH",0,2,2,0,3,5,1,28
6,"Prescott, AZ",8,4,12,0,9,21,0,60
6,"Providence, RI",211,16,134,1,201,322,13,1278
6,"Provo, UT",20,4,24,0,36,43,2,159
6,"Punta Gorda, FL",52,14,64,1,70,117,4,490
6,"Raleigh/Durham, NC",845,102,599,8,847,1373,109,5508
6,"Rapid City, SD",86,15,75,0,74,136,8,537
6,"Redding, CA",8,0,16,0,15,26,0,114
6,"Reno, NV",316,13,173,1,289,447,9,1806
6,"Rhinelander, WI",25,10,13,0,0,36,0,82
6,"Richmond, VA",285,33,175,6,227,413,32,1631
6,"Riverton/Lander, WY",4,0,2,0,3,8,1,60
6,"Roanoke, VA",26,3,29,0,22,49,3,229
6,"Rochester, MN",20,6,13,0,4,30,1,94
6,"Rochester, NY",165,13,100,0,141,232,25,1014
6,"Rock Springs, WY",4,1,1,0,2,7,0,60
6,"Rockford, IL",6,3,4,0,5,9,1,73
6,"Roswell, NM",15,4,13,0,3,20,0,90
6,"Sacramento, CA",765,43,479,5,811,1158,31,4756
6,"Saginaw/Bay City/Midland, MI",38,3,12,0,6,46,3,190
6,"Saipan, TT",2,0,0,0,0,2,0,30
6,"Salina, KS",6,2,2,0,4,13,0,51
6,"Salt Lake City, UT",1093,120,640,2,920,1708,27,9606
6,"San Angelo, TX",9,5,6,0,12,17,3,90
6,"San Antonio, TX",613,50,386,8,639,981,23,3555
6,"San Diego, CA",1246,78,1311,16,1300,2284,56,8294
6,"San Francisco, CA",1444,108,2168,6,1248,3168,83,10263
6,"San Jose, CA",601,26,390,4,661,984,14,4374
6,"San Juan, PR",695,83,598,15,577,1060,58,3411
6,"San Luis Obispo, CA",54,2,40,0,44,90,0,414
6,"Sanford, FL",151,29,141,0,213,294,14,970
6,"Santa Ana, CA",495,19,245,2,454,728,31,3551
6,"Santa Barbara, CA",75,4,42,0,63,107,6,664
6,"Santa Fe, NM",34,10,21,0,16,59,1,300
6,"Santa Maria, CA",0,1,3,0,2,3,0,9
6,"Santa Rosa, CA",29,1,46,0,26,67,0,289
6,"Sarasota/Bradenton, FL",165,12,95,2,136,237,7,1152
6,"Sault Ste. Marie, MI",9,6,8,0,0,15,0,60
6,"Savannah, GA",218,24,132,0,199,332,24,1701
6,"Scottsbluff, NE",7,2,7,0,1,10,1,52
6,"Scranton/Wilkes-Barre, PA",34,7,27,0,41,61,1,146
6,"Seattle, WA",1880,229,2644,34,1779,3893,91,15186
6,"Sheridan, WY",7,1,3,0,3,10,2,60
6,"Shreveport, LA",54,12,55,1,55,101,5,400
6,"Sioux City, IA",14,2,4,0,3,19,1,60
6,"Sioux Falls, SD",95,29,70,0,72,174,1,571
6,"Sitka, AK",27,5,19,0,21,48,2,174
6,"South Bend, IN",76,18,52,0,20,114,5,504
6,"Spokane, WA",263,21,208,1,217,416,2,1513
6,"Springfield, IL",2,0,1,0,1,2,0,8
6,"Springfield, MO",119,25,120,0,121,222,12,890
6,"St. Cloud, MN",0,0,0,0,0,0,0,8
6,"St. George, UT",20,5,19,0,6,30,0,206
6,"St. Louis, MO",865,63,491,7,918,1301,37,5825
6,"St. Petersburg, FL",121,33,125,5,151,239,11,867
6,"State College, PA",17,3,10,0,7,26,1,82
6,"Stillwater, OK",5,3,6,0,0,9,0,60
6,"Stockton, CA",2,0,9,0,6,9,0,44
6,"Sun Valley/Hailey/Ketchum, ID",10,1,9,0,5,20,0,153
6,"Syracuse, NY",200,16,147,2,173,303,33,1207
6,"Tallahassee, FL",51,12,53,0,63,111,7,529
6,"Tampa, FL",1116,86,769,13,1037,1703,62,6243
6,"Texarkana, AR",11,4,8,1,18,28,1,60
6,"Toledo, OH",1,0,1,0,0,1,0,26
6,"Traverse City, MI",56,14,56,2,40,107,4,512
6,"Trenton, NJ",13,3,17,0,19,30,6,134
6,"Tucson, AZ",201,10,138,0,180,309,8,1361
6,"Tulsa, OK",264,27,135,1,249,397,14,1553
6,"Twin Falls, ID",5,0,0,0,0,5,0,60
6,"Tyler, TX",8,4,8,0,3,16,0,90
6,"Valdosta, GA",3,0,1,0,1,5,0,60
6,"Valparaiso, FL",122,17,94,1,163,239,10,1141
6,"Victoria, TX",7,0,1,0,6,13,1,51
6,"Waco, TX",22,4,27,1,23,43,2,90
6,"Walla Walla, WA",3,0,4,0,6,10,1,60
6,"Washington, DC",1839,265,1638,8,1761,3216,210,15981
6,"West Palm Beach/Palm Beach, FL",335,32,223,3,271,507,55,2012
6,"West Yellowstone, MT",7,0,1,0,0,7,2,62
6,"White Plains, NY",146,23,108,8,107,226,19,986
6,"Wichita Falls, TX",5,2,2,0,2,9,1,60
6,"Wichita, KS",182,32,142,1,161,296,9,928
6,"Williston, ND",28,8,24,0,8,48,0,170
6,"Wilmington, NC",83,17,72,0,84,156,16,732
6,"Worcester, MA",14,0,4,1,7,16,2,115
6,"Wrangell, AK",4,0,4,0,9,12,0,60
6,"Yakutat, AK",0,1,2,0,7,7,0,60
6,"Yuma, AZ",10,0,3,0,9,16,0,118
7,"Aberdeen, SD",11,4,3,0,0,16,0,62
7,"Abilene, TX",29,2,47,0,40,59,0,149
7,"Adak Island, AK",1,0,0,0,0,1,0,9
7,"Aguadilla, PR",55,5,39,1,33,72,2,197
7,"Akron, OH",61,17,56,2,73,127,5,332
7,"Albany, GA",13,7,8,0,0,21,3,62
7,"Albany, NY",256,33,109,6,237,369,42,1061
7,"Albuquerque, NM",430,20,236,4,385,604,27,2126
7,"Alexandria, LA",17,4,16,0,13,35,6,177
7,"Allentown/Bethlehem/Easton, PA",53,26,52,0,66,118,17,375
7,"Alpena, MI",7,1,2,0,0,8,0,52
7,"Amarillo, TX",73,5,54,0,81,124,2,465
7,"Anchorage, AK",270,20,396,32,284,597,37,2301
7,"Appleton, WI",84,15,55,1,57,141,13,532
7,"Arcata/Eureka, CA",10,2,11,0,12,27,1,141
7,"Asheville, NC",208,59,239,1,217,415,41,1249
7,"Ashland, WV",7,8,14,0,11,21,6,91
7,"Aspen, CO",92,11,70,0,40,160,9,711
7,"Atlanta, GA",4930,529,4816,27,4834,8678,1822,30072
7,"Atlantic City, NJ",36,8,45,3,37,65,10,230
7,"Augusta, GA",58,25,36,2,72,111,30,384
7,"Austin, TX",1565,147,1378,13,1458,2521,151,7756
7,"Bakersfield, CA",37,2,18,0,47,57,1,266
7,"Baltimore, MD",1675,126,1487,16,1803,2694,140,9067
7,"Bangor, ME",92,12,82,1,104,175,28,589
7,"Barrow, AK",6,0,9,0,2,9,2,31
7,"Baton Rouge, LA",82,20,75,4,91,146,21,434
7,"Beaumont/Port Arthur, TX",3,1,5,0,0,7,3,62
7,"Belleville, IL",21,14,16,0,24,46,6,149
7,"Bellingham, WA",33,1,26,0,45,62,3,280
7,"Bemidji, MN",7,5,2,0,0,12,0,62
7,"Bend/Redmond, OR",77,1,55,1,50,118,10,517
7,"Bethel, AK",6,0,3,0,10,13,1,62
7,"Billings, MT",68,6,34,0,58,104,11,420
7,"Binghamton, NY",5,0,2,0,5,7,2,31
7,"Birmingham, AL",350,44,267,1,302,546,57,1460
7,"Bishop, CA",2,1,0,0,2,5,1,31
7,"Bismarck/Mandan, ND",50,10,30,1,37,83,3,357
7,"Bloomington/Normal, IL",19,8,22,0,29,46,4,162
7,"Boise, ID",322,28,222,2,278,499,33,2140
7,"Boston, MA",2062,189,1852,10,2012,3675,347,12957
7,"Bozeman, MT",200,11,102,1,194,301,16,1164
7,"Brainerd, MN",7,4,5,0,0,10,0,62
7,"Bristol/Johnson City/Kingsport, TN",23,6,18,0,27,42,8,197
7,"Brownsville, TX",22,6,28,0,20,48,8,202
7,"Brunswick, GA",13,5,9,0,0,18,0,62
7,"Buffalo, NY",428,39,281,2,412,648,63,2028
7,"Burbank, CA",433,19,244,1,453,652,43,2875
7,"Burlington, VT",131,16,102,1,121,218,40,795
7,"Butte, MT",8,0,3,0,0,8,0,62
7,"Casper, WY",27,1,18,0,16,44,0,246
7,"Cedar City, UT",9,1,3,0,0,10,0,52
7,"Cedar Rapids/Iowa City, IA",140,32,98,0,144,239,21,729
7,"Champaign/Urbana, IL",19,5,21,0,31,42,2,123
7,"Charleston, SC",442,56,343,0,444,747,106,2495
7,"Charleston/Dunbar, WV",57,26,34,1,46,107,5,288
7,"Charlotte Amalie, VI",94,4,72,2,47,125,5,495
7,"Charlotte, NC",3377,689,3707,31,4383,6484,729,19040
7,"Charlottesville, VA",34,9,25,0,32,62,14,259
7,"Chattanooga, TN",90,23,78,2,76,160,16,527
7,"Cheyenne, WY",7,1,3,0,1,9,0,58
7,"Chicago, IL",5031,582,4572,41,4828,8668,773,32411
7,"Christiansted, VI",13,3,13,1,21,28,1,87
7,"Cincinnati, OH",641,100,578,3,716,1178,138,3750
7,"Clarksburg/Fairmont, WV",4,3,8,1,11,13,1,34
7,"Cleveland, OH",690,78,461,4,714,1107,128,3798
7,"Cody, WY",12,0,10,0,9,20,0,121
7,"College Station/Bryan, TX",20,1,18,1,17,33,3,92
7,"Colorado Springs, CO",260,18,145,1,214,376,15,1220
7,"Columbia, MO",39,8,46,0,50,75,1,182
7,"Columbia, SC",129,20,76,0,106,189,37,577
7,"Columbus, GA",16,7,20,0,13,31,5,85
7,"Columbus, MS",6,2,9,0,9,17,2,62
7,"Columbus, OH",655,94,471,7,645,1074,106,3928
7,"Concord, NC",9,7,16,0,8,20,2,62
7,"Cordova, AK",2,0,7,0,8,10,1,62
7,"Corpus Christi, TX",67,4,54,0,70,107,13,369
7,"Dallas, TX",1144,56,728,12,1295,1701,52,6447
7,"Dallas/Fort Worth, TX",4954,888,4398,71,5768,8863,557,29080
7,"Dayton, OH",114,27,75,0,108,186,20,640
7,"Daytona Beach, FL",43,7,22,0,39,75,11,245
7,"Deadhorse, AK",2,0,2,0,0,2,1,50
7,"Decatur, IL",9,1,9,0,6,16,0,53
7,"Denver, CO",3858,279,2613,9,3750,6255,512,28400
7,"Des Moines, IA",256,28,185,1,298,415,49,1351
7,"Detroit, MI",1918,222,1119,9,1412,2871,507,11751
7,"Devils Lake, ND",5,0,0,0,4,9,0,57
7,"Dickinson, ND",2,1,2,0,1,5,0,58
7,"Dillingham, AK",2,0,0,0,1,3,0,31
7,"Dodge City, KS",6,1,3,0,2,8,5,53
7,"Dothan, AL",13,9,9,0,0,22,3,62
7,"Duluth, MN",30,2,20,0,26,48,2,208
7,"Durango, CO",46,1,36,4,24,66,1,373
7,"Eagle, CO",40,6,25,1,43,64,4,243
7,"El Paso, TX",334,21,191,1,331,456,16,1545
7,"Elko, NV",4,1,4,0,0,5,1,31
7,"Elmira/Corning, NY",27,4,18,0,0,33,0,88
7,"Escanaba, MI",12,0,3,0,0,11,0,52
7,"Eugene, OR",110,4,53,0,106,166,4,639
7,"Evansville, IN",34,7,29,0,46,70,5,207
7,"Everett, WA",5,0,7,0,5,11,0,58
7,"Fairbanks, AK",58,2,60,0,48,105,3,384
7,"Fargo, ND",77,14,59,0,68,145,6,584
7,"Fayetteville, AR",218,40,192,0,201,372,20,1214
7,"Fayetteville, NC",17,11,15,0,18,38,7,100
7,"Flagstaff, AZ",5,1,11,0,5,17,0,150
7,"Flint, MI",34,7,20,1,24,52,1,165
7,"Fort Dodge, IA",9,1,7,0,6,17,0,53
7,"Fort Lauderdale, FL",1563,109,1210,23,1314,2244,221,7388
7,"Fort Myers, FL",439,40,331,1,372,650,54,2027
7,"Fort Smith, AR",23,2,10,0,20,32,2,112
7,"Fort Wayne, IN",86,21,63,0,35,134,8,416
7,"Fresno, CA",205,13,116,0,153,286,13,1023
7,"Gainesville, FL",53,19,47,0,47,94,10,296
7,"Garden City, KS",12,2,12,0,11,17,0,62
7,"Gillette, WY",9,0,4,0,3,11,0,62
7,"Grand Forks, ND",15,7,10,0,0,26,0,101
7,"Grand Island, NE",7,0,10,0,3,13,1,78
7,"Grand Junction, CO",34,1,26,1,35,69,2,354
7,"Grand Rapids, MI",296,37,171,0,261,447,47,1541
7,"Great Falls, MT",19,5,13,0,8,30,2,194
7,"Green Bay, WI",48,16,28,0,16,76,3,283
7,"Greensboro/High Point, NC",207,47,163,2,207,369,51,1056
7,"Greer, SC",280,53,216,4,290,475,57,1502
7,"Guam, TT",13,1,7,0,3,14,0,62
7,"Gulfport/Biloxi, MS",53,13,31,0,54,88,11,308
7,"Gunnison, CO",5,1,6,0,4,12,0,66
7,"Gustavus, AK",5,1,7,0,4,8,2,31
7,"Hagerstown, MD",8,6,13,0,10,19,1,44
7,"Hancock/Houghton, MI",3,3,8,0,11,20,1,62
7,"Harlingen/San Benito, TX",64,6,49,1,94,114,5,343
7,"Harrisburg, PA",98,32,60,0,86,163,15,504
7,"Hartford, CT",412,36,248,3,418,627,68,1937
7,"Hattiesburg/Laurel, MS",10,3,7,0,4,17,4,53
7,"Hayden, CO",16,5,10,0,12,31,1,131
7,"Hays, KS",5,3,1,0,0,8,0,53
7,"Helena, MT",10,0,5,0,5,14,0,124
7,"Hibbing, MN",7,1,5,0,0,8,0,52
7,"Hilo, HI",59,0,5,2,57,72,2,569
7,"Hilton Head, SC",26,5,31,1,24,49,3,238
7,"Hobbs, NM",7,3,12,0,12,24,4,62
7,"Honolulu, HI",522,10,183,3,416,755,51,5495
7,"Houston, TX",2905,232,3061,24,2579,4968,1037,15618
7,"Huntsville, AL",129,35,103,0,138,241,28,756
7,"Hyannis, MA",11,0,9,0,9,17,2,93
7,"Idaho Falls, ID",33,7,25,0,23,62,2,322
7,"Indianapolis, IN",840,99,614,6,828,1334,103,4218
7,"International Falls, MN",14,6,5,0,0,20,0,62
7,"Iron Mountain/Kingsfd, MI",13,1,2,0,0,13,0,62
7,"Islip, NY",84,3,38,1,81,117,13,407
7,"Ithaca/Cortland, NY",11,0,10,0,11,19,3,62
7,"Jackson, WY",120,11,57,0,84,163,12,663
7,"Jackson/Vicksburg, MS",118,22,92,2,109,195,23,610
7,"Jacksonville, FL",613,60,474,3,538,908,100,2612
7,"Jacksonville/Camp Lejeune, NC",35,22,37,0,48,70,12,205
7,"Jamestown, ND",8,0,6,0,2,10,0,57
7,"Johnstown, PA",3,2,4,0,7,12,1,62
7,"Joplin, MO",7,0,5,0,6,13,2,52
7,"Juneau, AK",75,3,92,4,65,149,7,527
7,"Kahului, HI",192,2,45,6,138,262,27,2422
7,"Kalamazoo, MI",19,3,7,0,0,22,1,85
7,"Kalispell, MT",97,5,46,0,50,125,7,570
7,"Kansas City, MO",916,67,562,10,948,1371,106,4592
7,"Ketchikan, AK",25,1,28,0,22,52,2,278
7,"Key West, FL",96,11,57,0,73,139,17,513
7,"Killeen, TX",33,7,29,0,32,57,0,176
7,"King Salmon, AK",6,0,8,0,7,10,0,46
7,"Knoxville, TN",246,72,228,3,307,474,59,1550
7,"Kodiak, AK",4,1,5,0,7,11,1,79
7,"Kona, HI",162,1,47,6,119,214,11,1464
7,"Kotzebue, AK",1,0,1,0,1,2,0,31
7,"La Crosse, WI",11,4,14,0,17,26,2,53
7,"Lafayette, LA",57,22,51,3,40,103,11,315
7,"Lake Charles, LA",6,1,9,0,8,15,1,92
7,"Lansing, MI",24,1,11,0,10,30,2,111
7,"Laramie, WY",2,2,1,0,2,6,4,53
7,"Laredo, TX",23,5,39,0,36,53,0,171
7,"Las Vegas, NV",2772,169,2683,37,2998,4800,442,16295
7,"Latrobe, PA",5,1,3,0,4,9,2,62
7,"Lawton/Fort Sill, OK",9,1,5,0,2,13,2,92
7,"Lewiston, ID",10,1,3,0,1,12,0,93
7,"Lexington, KY",168,40,133,4,176,283,35,855
7,"Liberal, KS",6,0,1,0,1,6,4,53
7,"Lihue, HI",128,0,35,6,98,170,15,1455
7,"Lincoln, NE",32,4,20,0,20,59,0,215
7,"Little Rock, AR",230,33,207,1,227,402,22,1192
7,"Long Beach, CA",232,9,68,2,241,313,7,1541
7,"Longview, TX",12,2,9,0,11,23,2,62
7,"Los Angeles, CA",3110,244,2045,30,2254,4453,433,17519
7,"Louisville, KY",448,55,362,3,404,703,59,2182
7,"Lubbock, TX",81,6,64,0,92,134,0,520
7,"Madison, WI",170,23,153,2,190,319,41,1019
7,"Manchester, NH",99,17,51,1,111,165,17,520
7,"Manhattan/Ft. Riley, KS",13,0,11,0,19,25,0,93
7,"Marquette, MI",10,2,8,0,12,21,0,92
7,"Martha's Vineyard, MA",35,0,37,0,32,58,9,353
7,"Mason City, IA",7,1,8,0,9,18,0,53
7,"Medford, OR",61,4,31,0,27,78,6,386
7,"Melbourne, FL",25,8,23,0,25,53,11,232
7,"Memphis, TN",463,60,324,5,481,733,82,2134
7,"Meridian, MS",7,2,9,0,10,19,7,53
7,"Miami, FL",1665,190,1060,24,1468,2509,197,8732
7,"Midland/Odessa, TX",132,13,116,2,135,232,8,810
7,"Milwaukee, WI",507,51,316,2,426,757,70,2614
7,"Minneapolis, MN",1994,261,1860,7,1549,3472,493,11788
7,"Minot, ND",25,11,17,0,4,42,1,233
7,"Mission/McAllen/Edinburg, TX",124,17,54,0,107,177,13,472
7,"Missoula, MT",76,7,62,0,67,135,15,567
7,"Mobile, AL",37,7,30,0,36,66,13,228
7,"Moline, IL",70,17,64,0,81,147,11,384
7,"Monroe, LA",26,3,22,0,35,54,5,204
7,"Monterey, CA",58,8,57,0,71,119,5,441
7,"Montgomery, AL",42,7,25,0,41,69,9,234
7,"Montrose/Delta, CO",42,2,28,0,35,65,4,251
7,"Mosinee, WI",6,0,7,0,9,13,1,62
7,"Myrtle Beach, SC",333,48,322,2,319,570,89,1940
7,"Nantucket, MA",45,12,48,0,30,90,20,479
7,"Nashville, TN",1560,184,1088,21,1656,2482,157,9146
7,"New Bern/Morehead/Beaufort, NC",5,2,4,0,5,10,2,22
7,"New Orleans, LA",1002,66,757,11,913,1488,118,4192
7,"New York, NY",3583,443,4218,29,3605,7067,1183,25212
7,"Newark, NJ",1608,209,2321,9,1517,3521,564,11095
7,"Newburgh/Poughkeepsie, NY",6,5,10,0,5,13,1,48
7,"Niagara Falls, NY",3,4,9,0,3,12,1,34
7,"Nome, AK",5,0,3,0,6,9,0,31
7,"Norfolk, VA",379,63,368,1,363,650,101,1945
7,"North Bend/Coos Bay, OR",2,2,2,0,4,9,0,40
7,"North Platte, NE",11,0,4,0,2,13,0,52
7,"Oakland, CA",553,15,229,2,650,834,34,3726
7,"Oklahoma City, OK",379,58,262,0,384,614,38,2073
7,"Omaha, NE",443,40,287,5,405,664,50,2102
7,"Ontario, CA",434,24,193,2,445,635,50,2411
7,"Orlando, FL",2626,183,2231,18,2579,4266,387,13337
7,"Pago Pago, TT",3,1,0,1,0,3,0,14
7,"Palm Springs, CA",72,5,46,0,74,121,4,604
7,"Panama City, FL",186,20,142,1,184,308,21,1038
7,"Pasco/Kennewick/Richland, WA",57,8,35,4,38,99,2,462
7,"Pellston, MI",21,3,0,0,0,23,0,114
7,"Pensacola, FL",291,42,241,2,279,484,41,1422
7,"Peoria, IL",35,17,33,1,43,78,3,321
7,"Petersburg, AK",5,1,5,0,6,10,0,62
7,"Philadelphia, PA",1691,258,1607,9,1882,3102,388,9966
7,"Phoenix, AZ",2559,219,1771,24,2671,4072,274,16282
7,"Pittsburgh, PA",747,86,528,7,784,1220,152,4113
7,"Plattsburgh, NY",8,0,8,0,6,10,1,48
7,"Pocatello, ID",2,1,0,0,0,3,0,62
7,"Ponce, PR",29,3,19,0,18,33,1,93
7,"Portland, ME",224,14,160,1,219,358,44,1362
7,"Portland, OR",857,59,597,6,788,1369,121,5491
7,"Portsmouth, NH",2,4,7,0,1,8,0,31
7,"Prescott, AZ",7,0,6,0,6,13,0,62
7,"Providence, RI",290,34,170,5,301,443,27,1317
7,"Provo, UT",26,7,34,0,42,55,5,160
7,"Punta Gorda, FL",65,8,110,0,91,154,16,509
7,"Raleigh/Durham, NC",1082,122,839,2,1151,1792,226,5668
7,"Rapid City, SD",97,11,69,0,69,150,12,567
7,"Redding, CA",13,3,4,0,7,23,0,124
7,"Reno, NV",372,19,214,2,351,545,28,1920
7,"Rhinelander, WI",25,9,13,0,0,34,1,91
7,"Richmond, VA",381,50,248,5,353,567,60,1622
7,"Riverton/Lander, WY",8,1,5,0,3,11,0,62
7,"Roanoke, VA",33,10,32,0,36,69,8,232
7,"Rochester, MN",19,6,23,0,22,42,2,124
7,"Rochester, NY",242,29,117,0,228,357,56,1130
7,"Rock Springs, WY",6,0,4,0,3,10,1,62
7,"Rockford, IL",11,4,10,0,5,18,2,80
7,"Roswell, NM",11,2,12,0,2,16,1,92
7,"Sacramento, CA",845,53,433,8,863,1270,70,5022
7,"Saginaw/Bay City/Midland, MI",28,3,22,0,14,46,1,196
7,"Saipan, TT",1,0,0,0,0,1,0,31
7,"Salina, KS",8,0,5,0,2,10,0,53
7,"Salt Lake City, UT",1383,101,692,1,1066,2019,330,9947
7,"San Angelo, TX",15,0,16,0,17,24,0,92
7,"San Antonio, TX",854,62,628,8,812,1298,108,3756
7,"San Diego, CA",1587,111,1368,15,1480,2623,155,8721
7,"San Francisco, CA",1672,123,1254,12,1448,2785,296,11828
7,"San Jose, CA",597,38,353,2,724,1004,57,4516
7,"San Juan, PR",889,60,637,13,647,1183,58,3568
7,"San Luis Obispo, CA",68,5,51,1,75,121,2,465
7,"Sanford, FL",158,42,188,2,235,330,23,1008
7,"Santa Ana, CA",514,31,245,6,503,767,89,3697
7,"Santa Barbara, CA",98,7,69,0,81,156,12,749
7,"Santa Fe, NM",33,10,23,0,15,62,1,306
7,"Santa Maria, CA",1,0,0,0,1,2,0,8
7,"Santa Rosa, CA",26,2,31,0,31,56,1,319
7,"Sarasota/Bradenton, FL",225,27,168,2,207,342,29,1151
7,"Sault Ste. Marie, MI",13,1,4,0,0,13,0,62
7,"Savannah, GA",353,56,298,4,375,603,61,1726
7,"Scottsbluff, NE",2,0,4,0,7,9,0,52
7,"Scranton/Wilkes-Barre, PA",23,13,25,1,32,58,3,148
7,"Seattle, WA",1971,226,2125,26,1983,3856,291,16200
7,"Sheridan, WY",3,1,2,0,3,7,0,62
7,"Shreveport, LA",53,17,58,1,76,123,16,410
7,"Sioux City, IA",11,0,9,0,9,22,2,62
7,"Sioux Falls, SD",93,14,66,1,79,167,16,556
7,"Sitka, AK",19,6,22,1,25,48,1,186
7,"South Bend, IN",85,35,73,0,44,158,10,546
7,"Spokane, WA",281,19,178,1,257,431,32,1606
7,"Springfield, IL",0,0,0,0,0,0,1,9
7,"Springfield, MO",134,30,117,1,124,249,13,884
7,"St. Cloud, MN",0,0,0,0,0,0,1,9
7,"St. George, UT",32,12,17,0,5,50,0,234
7,"St. Louis, MO",1015,88,644,6,1147,1675,105,6029
7,"St. Petersburg, FL",118,69,165,1,190,314,30,960
7,"State College, PA",2,0,3,0,2,6,0,34
7,"Stillwater, OK",5,1,2,0,0,7,0,62
7,"Stockton, CA",4,3,6,0,7,11,1,49
7,"Sun Valley/Hailey/Ketchum, ID",16,3,16,0,16,34,0,194
7,"Syracuse, NY",216,39,167,0,228,381,51,1258
7,"Tallahassee, FL",83,20,66,0,89,148,18,483
7,"Tampa, FL",1389,104,1205,17,1322,2145,180,6327
7,"Texarkana, AR",16,1,10,0,15,24,2,62
7,"Toledo, OH",3,0,0,0,0,3,0,26
7,"Traverse City, MI",79,19,70,0,60,141,12,607
7,"Trenton, NJ",11,5,21,0,16,29,4,142
7,"Tucson, AZ",220,19,129,0,180,326,26,1392
7,"Tulsa, OK",295,27,170,1,299,469,29,1559
7,"Twin Falls, ID",7,1,1,0,0,8,0,62
7,"Tyler, TX",16,1,19,0,18,26,3,92
7,"Valdosta, GA",14,3,9,0,7,16,4,62
7,"Valparaiso, FL",194,34,192,2,241,358,34,1141
7,"Victoria, TX",7,1,6,0,8,16,4,53
7,"Waco, TX",8,2,7,0,1,14,0,92
7,"Walla Walla, WA",5,1,7,0,8,14,0,60
7,"Washington, DC",2505,333,2163,23,2460,4297,483,16640
7,"West Palm Beach/Palm Beach, FL",473,33,306,1,375,662,68,2055
7,"West Yellowstone, MT",18,1,7,0,0,19,0,70
7,"White Plains, NY",219,44,162,5,187,333,23,1032
7,"Wichita Falls, TX",6,3,8,1,0,13,0,62
7,"Wichita, KS",162,23,143,2,156,301,21,952
7,"Williston, ND",30,6,19,1,4,42,0,165
7,"Wilmington, NC",131,33,107,2,157,249,36,861
7,"Worcester, MA",19,1,11,0,17,29,2,120
7,"Wrangell, AK",5,2,5,0,7,11,0,62
7,"Yakutat, AK",4,0,10,1,9,14,1,62
7,"Yuma, AZ",16,0,15,0,12,22,2,118
8,"Aberdeen, SD",8,6,7,0,0,13,0,62
8,"Abilene, TX",16,3,23,0,17,31,0,146
8,"Adak Island, AK",1,0,2,0,0,2,0,9
8,"Aguadilla, PR",60,8,50,1,28,77,6,190
8,"Akron, OH",42,10,34,0,44,82,10,307
8,"Albany, GA",14,3,3,0,0,17,1,62
8,"Albany, NY",210,21,118,3,187,309,22,1081
8,"Albuquerque, NM",280,9,185,1,272,438,9,2077
8,"Alexandria, LA",17,3,4,0,5,23,1,177
8,"Allentown/Bethlehem/Easton, PA",39,21,34,1,50,81,9,369
8,"Alpena, MI",10,1,0,0,0,11,0,54
8,"Amarillo, TX",49,5,28,0,41,80,1,460
8,"Anchorage, AK",237,18,381,18,269,524,20,2235
8,"Appleton, WI",64,12,50,0,35,112,2,503
8,"Arcata/Eureka, CA",14,3,18,0,11,30,5,145
8,"Asheville, NC",130,38,170,0,135,292,32,1196
8,"Ashland, WV",11,2,11,0,7,17,2,56
8,"Aspen, CO",88,15,73,0,49,163,0,647
8,"Atlanta, GA",2695,420,2317,14,2678,4882,319,29481
8,"Atlantic City, NJ",43,16,61,1,37,78,8,279
8,"Augusta, GA",38,14,24,2,43,74,10,361
8,"Austin, TX",976,86,641,3,880,1522,65,7156
8,"Bakersfield, CA",33,3,18,0,24,49,1,266
8,"Baltimore, MD",1096,116,1411,14,1262,2152,225,8946
8,"Bangor, ME",68,7,98,0,58,142,42,644
8,"Barrow, AK",4,1,6,0,9,11,0,31
8,"Baton Rouge, LA",38,12,39,0,30,74,2,412
8,"Beaumont/Port Arthur, TX",3,0,0,0,0,3,0,62
8,"Belleville, IL",15,4,7,0,12,20,4,105
8,"Bellingham, WA",13,1,21,1,23,37,0,183
8,"Bemidji, MN",7,4,5,0,0,11,0,62
8,"Bend/Redmond, OR",49,10,52,1,43,88,1,537
8,"Bethel, AK",8,2,8,0,6,14,0,62
8,"Billings, MT",59,5,21,0,53,88,2,413
8,"Binghamton, NY",3,0,0,0,2,4,4,31
8,"Birmingham, AL",196,28,158,2,163,324,25,1427
8,"Bishop, CA",0,0,0,0,0,0,0,31
8,"Bismarck/Mandan, ND",50,9,28,0,23,75,0,353
8,"Bloomington/Normal, IL",8,2,6,0,13,20,1,151
8,"Boise, ID",230,18,194,2,215,411,5,2100
8,"Boston, MA",1865,217,2294,15,1934,3762,472,13206
8,"Bozeman, MT",157,6,112,1,147,253,6,1113
8,"Brainerd, MN",7,0,3,0,0,5,0,62
8,"Bristol/Johnson City/Kingsport, TN",10,2,5,0,8,17,2,191
8,"Brownsville, TX",20,1,10,0,14,29,0,195
8,"Brunswick, GA",13,0,5,0,0,13,0,62
8,"Buffalo, NY",403,42,286,4,366,603,81,2065
8,"Burbank, CA",281,11,195,0,280,472,32,2746
8,"Burlington, VT",118,19,129,2,121,222,33,862
8,"Butte, MT",2,2,1,0,0,3,0,62
8,"Casper, WY",36,0,29,0,18,59,2,234
8,"Cedar City, UT",5,2,1,0,0,7,0,54
8,"Cedar Rapids/Iowa City, IA",115,18,87,1,94,194,10,790
8,"Champaign/Urbana, IL",17,4,14,0,20,32,0,126
8,"Charleston, SC",340,35,267,5,275,553,126,2323
8,"Charleston/Dunbar, WV",53,6,38,1,44,91,5,290
8,"Charlotte Amalie, VI",59,17,64,1,40,102,7,412
8,"Charlotte, NC",2370,437,2699,29,2975,4681,626,19151
8,"Charlottesville, VA",29,0,44,0,23,61,15,259
8,"Chattanooga, TN",57,9,48,0,51,106,8,549
8,"Cheyenne, WY",8,0,3,0,5,13,1,57
8,"Chicago, IL",4073,476,4808,29,4077,7904,446,32684
8,"Christiansted, VI",13,7,14,0,8,24,1,60
8,"Cincinnati, OH",451,68,443,3,557,888,107,3599
8,"Clarksburg/Fairmont, WV",3,0,3,0,3,4,1,21
8,"Cleveland, OH",539,57,412,6,526,885,133,3612
8,"Cody, WY",10,3,15,0,12,29,0,113
8,"College Station/Bryan, TX",9,0,5,0,18,19,0,94
8,"Colorado Springs, CO",189,9,102,0,140,288,4,1129
8,"Columbia, MO",13,2,15,0,23,33,0,178
8,"Columbia, SC",79,13,44,0,71,127,11,594
8,"Columbus, GA",8,1,5,0,3,13,5,85
8,"Columbus, MS",4,0,1,0,2,6,0,62
8,"Columbus, OH",515,70,447,4,475,874,106,3797
8,"Concord, NC",5,3,9,0,7,13,2,52
8,"Cordova, AK",6,0,12,0,16,19,0,62
8,"Corpus Christi, TX",19,1,14,0,21,36,0,319
8,"Dallas, TX",582,42,496,19,699,1044,40,5891
8,"Dallas/Fort Worth, TX",3429,439,2540,30,3682,5921,286,27901
8,"Dayton, OH",85,21,80,1,77,167,8,634
8,"Daytona Beach, FL",24,6,19,0,14,41,10,242
8,"Deadhorse, AK",1,2,0,0,2,5,0,49
8,"Decatur, IL",10,0,12,0,15,26,0,53
8,"Denver, CO",2882,285,3087,10,2816,5590,246,27330
8,"Des Moines, IA",218,24,162,1,214,347,28,1316
8,"Detroit, MI",1493,247,1206,14,1114,2500,192,11833
8,"Devils Lake, ND",3,0,0,0,1,3,3,58
8,"Dickinson, ND",6,0,2,0,3,11,0,57
8,"Dillingham, AK",1,0,2,0,1,1,1,31
8,"Dodge City, KS",13,1,4,0,4,17,1,53
8,"Dothan, AL",6,2,0,0,0,8,1,62
8,"Duluth, MN",32,3,22,0,20,55,1,236
8,"Durango, CO",51,1,34,0,23,70,0,361
8,"Eagle, CO",36,3,25,0,30,56,1,241
8,"El Paso, TX",199,10,111,0,207,315,8,1596
8,"Elko, NV",4,0,2,0,0,4,0,31
8,"Elmira/Corning, NY",12,2,4,0,1,15,0,85
8,"Escanaba, MI",5,2,2,0,0,6,0,54
8,"Eugene, OR",77,6,45,0,67,119,0,561
8,"Evansville, IN",18,6,11,0,23,35,1,174
8,"Everett, WA",0,0,3,0,4,5,0,59
8,"Fairbanks, AK",54,3,76,0,49,113,3,394
8,"Fargo, ND",83,13,41,0,54,138,2,575
8,"Fayetteville, AR",131,19,124,1,117,248,11,1238
8,"Fayetteville, NC",13,6,7,0,12,22,1,118
8,"Flagstaff, AZ",14,2,6,0,4,20,0,146
8,"Flint, MI",27,9,27,0,22,52,2,170
8,"Fort Dodge, IA",6,1,11,0,12,20,1,53
8,"Fort Lauderdale, FL",1276,86,1320,14,1115,2057,254,6887
8,"Fort Myers, FL",291,16,249,0,212,438,74,1917
8,"Fort Smith, AR",9,1,6,0,12,17,0,117
8,"Fort Wayne, IN",55,16,54,1,26,105,3,365
8,"Fresno, CA",144,7,103,1,117,239,4,1009
8,"Gainesville, FL",24,6,17,0,18,43,15,296
8,"Garden City, KS",10,0,14,0,10,17,0,62
8,"Gillette, WY",3,1,4,0,6,10,0,64
8,"Grand Forks, ND",14,5,6,0,0,20,0,102
8,"Grand Island, NE",3,2,2,0,2,7,0,80
8,"Grand Junction, CO",35,4,26,0,30,60,4,342
8,"Grand Rapids, MI",237,23,179,1,195,372,29,1474
8,"Great Falls, MT",18,8,10,0,11,29,0,193
8,"Green Bay, WI",70,16,48,1,32,118,0,383
8,"Greensboro/High Point, NC",140,23,125,3,137,256,39,1096
8,"Greer, SC",185,26,152,2,195,347,38,1481
8,"Guam, TT",4,0,2,0,5,7,0,62
8,"Gulfport/Biloxi, MS",31,5,14,1,21,47,2,298
8,"Gunnison, CO",6,2,5,0,3,15,0,67
8,"Gustavus, AK",0,0,1,0,1,1,4,29
8,"Hagerstown, MD",1,2,4,0,6,6,2,34
8,"Hancock/Houghton, MI",5,3,7,0,13,23,0,62
8,"Harlingen/San Benito, TX",30,2,13,0,33,44,0,348
8,"Harrisburg, PA",83,20,56,4,74,137,4,467
8,"Hartford, CT",371,40,262,3,341,559,49,2036
8,"Hattiesburg/Laurel, MS",6,0,4,0,3,10,0,53
8,"Hayden, CO",14,2,11,0,7,27,0,134
8,"Hays, KS",6,0,4,0,4,12,0,53
8,"Helena, MT",8,0,10,0,8,19,0,124
8,"Hibbing, MN",11,1,5,0,0,12,0,54
8,"Hilo, HI",55,2,8,0,46,67,29,577
8,"Hilton Head, SC",23,4,31,0,11,40,10,234
8,"Hobbs, NM",7,0,16,0,3,17,0,62
8,"Honolulu, HI",503,12,211,2,311,692,63,5273
8,"Houston, TX",1630,215,1353,14,1514,2828,192,14977
8,"Huntsville, AL",101,16,57,0,85,171,7,751
8,"Hyannis, MA",10,1,11,0,7,15,4,93
8,"Idaho Falls, ID",29,4,17,0,11,48,0,312
8,"Indianapolis, IN",513,60,438,1,546,891,130,3900
8,"International Falls, MN",3,4,1,0,0,7,0,62
8,"Iron Mountain/Kingsfd, MI",9,3,2,0,0,12,3,62
8,"Islip, NY",77,8,50,0,80,112,9,378
8,"Ithaca/Cortland, NY",6,0,13,0,8,18,10,85
8,"Jackson, WY",101,5,55,0,70,139,3,652
8,"Jackson/Vicksburg, MS",56,11,32,0,54,92,2,531
8,"Jacksonville, FL",427,52,343,1,376,684,103,2492
8,"Jacksonville/Camp Lejeune, NC",19,11,18,0,24,38,5,208
8,"Jamestown, ND",3,0,0,0,2,5,1,58
8,"Johnstown, PA",9,1,7,0,6,19,1,62
8,"Joplin, MO",10,0,5,0,7,17,1,54
8,"Juneau, AK",54,3,65,4,55,111,11,519
8,"Kahului, HI",182,5,67,0,71,214,7,2271
8,"Kalamazoo, MI",30,2,4,0,0,32,1,83
8,"Kalispell, MT",78,1,55,1,44,110,0,551
8,"Kansas City, MO",600,45,421,5,597,947,56,4374
8,"Ketchikan, AK",18,4,24,0,24,48,2,275
8,"Key West, FL",38,8,51,0,30,77,37,497
8,"Killeen, TX",18,2,10,0,21,29,0,149
8,"King Salmon, AK",3,0,8,0,7,9,0,37
8,"Knoxville, TN",176,32,174,1,207,351,30,1476
8,"Kodiak, AK",6,1,9,0,7,12,3,86
8,"Kona, HI",132,2,72,1,91,189,7,1407
8,"Kotzebue, AK",0,0,1,0,0,1,0,31
8,"La Crosse, WI",0,2,4,0,3,4,1,34
8,"Lafayette, LA",29,8,12,0,16,48,1,300
8,"Lake Charles, LA",9,1,0,0,0,10,0,92
8,"Lansing, MI",21,2,14,0,5,26,1,109
8,"Laramie, WY",11,0,7,0,1,14,0,53
8,"Laredo, TX",16,1,15,0,12,23,0,162
8,"Las Vegas, NV",1821,112,2102,19,2044,3714,148,16112
8,"Latrobe, PA",3,1,2,0,3,5,4,48
8,"Lawton/Fort Sill, OK",5,1,2,0,1,7,0,92
8,"Lewiston, ID",11,4,5,0,1,16,0,93
8,"Lexington, KY",115,31,94,1,96,207,12,788
8,"Liberal, KS",11,0,6,0,8,18,1,53
8,"Lihue, HI",102,2,49,0,59,136,16,1395
8,"Lincoln, NE",36,2,34,0,27,70,3,217
8,"Little Rock, AR",166,17,114,0,134,250,12,1107
8,"Long Beach, CA",116,2,27,0,114,162,0,1443
8,"Longview, TX",10,3,2,0,8,13,0,62
8,"Los Angeles, CA",2051,225,1319,13,1624,3129,152,17184
8,"Louisville, KY",291,39,246,3,239,482,49,2056
8,"Lubbock, TX",43,4,30,1,46,83,0,545
8,"Madison, WI",188,19,138,1,177,316,16,1129
8,"Manchester, NH",79,15,60,1,88,138,14,577
8,"Manhattan/Ft. Riley, KS",10,1,3,1,2,12,0,93
8,"Marquette, MI",12,1,12,0,18,27,0,92
8,"Martha's Vineyard, MA",54,5,50,0,44,79,16,348
8,"Mason City, IA",5,0,9,0,14,20,1,53
8,"Medford, OR",44,5,40,1,24,72,1,369
8,"Melbourne, FL",20,5,24,0,19,41,11,229
8,"Memphis, TN",295,30,226,1,311,501,40,2041
8,"Meridian, MS",8,1,5,0,6,14,0,53
8,"Miami, FL",1378,159,1383,28,1219,2379,360,8455
8,"Midland/Odessa, TX",71,8,66,1,68,144,1,837
8,"Milwaukee, WI",398,40,284,0,320,620,50,2600
8,"Minneapolis, MN",1295,254,1614,5,1141,2713,92,11745
8,"Minot, ND",18,19,17,1,4,42,2,211
8,"Mission/McAllen/Edinburg, TX",80,9,34,0,69,118,3,453
8,"Missoula, MT",59,6,57,0,38,92,4,502
8,"Mobile, AL",12,1,10,0,10,20,0,229
8,"Moline, IL",41,12,44,0,41,94,4,354
8,"Monroe, LA",13,0,7,0,8,21,0,179
8,"Monterey, CA",43,5,46,0,41,88,0,441
8,"Montgomery, AL",25,1,16,0,13,37,1,234
8,"Montrose/Delta, CO",22,3,11,0,24,41,1,249
8,"Mosinee, WI",5,2,11,0,8,16,1,62
8,"Myrtle Beach, SC",219,37,240,7,196,404,83,1741
8,"Nantucket, MA",58,6,51,0,38,88,19,474
8,"Nashville, TN",1063,112,702,10,1107,1733,139,8769
8,"New Bern/Morehead/Beaufort, NC",2,3,4,0,3,7,1,26
8,"New Orleans, LA",578,63,422,4,563,941,65,3768
8,"New York, NY",3064,469,3811,22,3007,6135,1764,24992
8,"Newark, NJ",1139,216,1682,3,1041,2544,774,10866
8,"Newburgh/Poughkeepsie, NY",3,4,5,0,2,10,2,39
8,"Niagara Falls, NY",0,2,2,0,0,3,1,24
8,"Nome, AK",5,0,6,0,9,12,1,31
8,"Norfolk, VA",319,43,281,5,251,515,79,1973
8,"North Bend/Coos Bay, OR",8,0,7,0,5,17,0,39
8,"North Platte, NE",7,2,11,0,5,16,0,54
8,"Oakland, CA",389,10,246,5,447,636,20,3555
8,"Oklahoma City, OK",273,32,172,1,243,440,17,1973
8,"Omaha, NE",315,26,204,0,267,471,22,1997
8,"Ontario, CA",272,18,135,2,298,449,16,2428
8,"Orlando, FL",1874,165,2019,17,1866,3433,401,12174
8,"Pago Pago, TT",2,0,0,0,0,2,0,13
8,"Palm Springs, CA",81,4,62,3,85,149,0,632
8,"Panama City, FL",78,8,52,0,83,138,5,861
8,"Pasco/Kennewick/Richland, WA",59,9,56,5,29,102,0,426
8,"Pellston, MI",26,3,8,0,0,29,0,116
8,"Pensacola, FL",175,19,109,4,157,271,13,1172
8,"Peoria, IL",29,11,32,0,29,64,3,302
8,"Petersburg, AK",5,2,7,0,6,14,1,62
8,"Philadelphia, PA",1496,249,2009,10,1712,2991,495,10238
8,"Phoenix, AZ",1838,138,1355,18,1879,3048,116,15813
8,"Pittsburgh, PA",557,78,530,7,569,1009,153,3997
8,"Plattsburgh, NY",7,2,10,0,3,13,0,34
8,"Pocatello, ID",1,0,0,0,0,1,0,62
8,"Ponce, PR",26,5,14,0,23,32,6,79
8,"Portland, ME",217,17,196,0,194,346,64,1469
8,"Portland, OR",623,57,570,6,613,1136,35,5545
8,"Portsmouth, NH",3,2,1,0,1,5,0,25
8,"Prescott, AZ",10,1,14,0,15,26,0,62
8,"Providence, RI",226,26,158,4,226,369,26,1377
8,"Provo, UT",17,6,22,0,29,37,0,145
8,"Punta Gorda, FL",28,9,70,0,63,109,10,362
8,"Raleigh/Durham, NC",849,111,740,6,890,1496,171,5533
8,"Rapid City, SD",71,8,63,0,52,123,1,582
8,"Redding, CA",8,0,10,0,9,20,0,137
8,"Reno, NV",280,18,156,1,254,437,10,1947
8,"Rhinelander, WI",14,8,10,0,0,20,0,92
8,"Richmond, VA",263,38,207,1,253,436,54,1546
8,"Riverton/Lander, WY",4,0,6,0,5,11,0,62
8,"Roanoke, VA",19,4,32,0,19,49,11,252
8,"Rochester, MN",12,3,16,0,13,25,0,116
8,"Rochester, NY",215,17,135,1,168,297,49,1061
8,"Rock Springs, WY",4,1,4,0,6,12,0,62
8,"Rockford, IL",5,5,7,0,3,12,0,64
8,"Roswell, NM",8,2,6,0,2,12,1,92
8,"Sacramento, CA",606,37,425,2,653,989,29,5059
8,"Saginaw/Bay City/Midland, MI",33,5,23,0,16,55,1,200
8,"Saipan, TT",4,0,1,0,0,4,0,31
8,"Salina, KS",5,2,2,0,4,13,1,62
8,"Salt Lake City, UT",956,125,705,4,847,1656,48,9806
8,"San Angelo, TX",10,1,7,0,8,11,0,92
8,"San Antonio, TX",547,40,295,6,540,826,41,3639
8,"San Diego, CA",1051,71,929,6,1013,1874,69,8576
8,"San Francisco, CA",1404,128,1700,7,1144,2755,108,12041
8,"San Jose, CA",448,24,278,4,502,754,25,4616
8,"San Juan, PR",620,94,533,7,472,961,73,3015
8,"San Luis Obispo, CA",54,3,40,1,47,92,2,472
8,"Sanford, FL",85,34,116,5,126,207,20,695
8,"Santa Ana, CA",356,15,190,1,358,556,22,3708
8,"Santa Barbara, CA",85,4,42,0,76,126,4,689
8,"Santa Fe, NM",32,4,23,0,11,49,0,309
8,"Santa Maria, CA",0,0,1,0,2,2,0,9
8,"Santa Rosa, CA",33,1,34,0,37,65,0,337
8,"Sarasota/Bradenton, FL",130,11,120,0,126,220,45,974
8,"Sault Ste. Marie, MI",9,2,4,0,0,11,0,62
8,"Savannah, GA",226,22,174,2,207,371,75,1616
8,"Scottsbluff, NE",3,1,5,0,7,12,0,54
8,"Scranton/Wilkes-Barre, PA",30,4,24,0,40,62,3,145
8,"Seattle, WA",1515,243,2162,34,1763,3645,139,15983
8,"Sheridan, WY",12,2,7,0,1,15,1,62
8,"Shreveport, LA",30,10,18,0,34,62,5,409
8,"Sioux City, IA",10,1,9,0,10,21,1,62
8,"Sioux Falls, SD",93,16,36,0,61,137,4,542
8,"Sitka, AK",20,9,26,0,18,47,5,173
8,"South Bend, IN",100,24,77,1,48,169,3,576
8,"Spokane, WA",227,16,172,1,186,366,2,1638
8,"Springfield, IL",1,0,1,0,0,1,0,4
8,"Springfield, MO",98,22,113,0,86,196,5,916
8,"St. Cloud, MN",0,0,0,0,0,0,0,4
8,"St. George, UT",36,10,27,0,7,55,0,235
8,"St. Louis, MO",678,47,435,11,697,1081,75,5751
8,"St. Petersburg, FL",54,30,87,0,101,176,18,669
8,"State College, PA",2,6,4,0,4,12,0,45
8,"Stillwater, OK",6,0,1,0,1,7,0,62
8,"Stockton, CA",3,0,4,1,5,9,0,40
8,"Sun Valley/Hailey/Ketchum, ID",14,0,12,0,7,26,0,195
8,"Syracuse, NY",184,22,172,2,162,310,59,1134
8,"Tallahassee, FL",64,8,57,0,58,110,20,551
8,"Tampa, FL",903,78,826,7,832,1536,232,5897
8,"Texarkana, AR",5,1,4,0,3,9,0,62
8,"Toledo, OH",0,2,1,0,0,2,0,16
8,"Traverse City, MI",91,20,78,0,49,149,4,609
8,"Trenton, NJ",23,3,13,0,26,39,2,131
8,"Tucson, AZ",179,26,111,2,147,290,5,1430
8,"Tulsa, OK",241,13,140,1,219,378,12,1526
8,"Twin Falls, ID",5,0,1,0,0,5,0,62
8,"Tyler, TX",10,1,7,0,1,12,0,92
8,"Valdosta, GA",6,3,3,0,2,9,3,62
8,"Valparaiso, FL",141,14,97,1,144,232,7,982
8,"Victoria, TX",3,0,1,0,3,6,0,53
8,"Waco, TX",12,0,7,0,10,16,0,92
8,"Walla Walla, WA",4,1,14,0,14,21,1,62
8,"Washington, DC",1926,296,2219,17,2020,3755,560,16447
8,"West Palm Beach/Palm Beach, FL",406,21,397,3,306,634,77,1944
8,"West Yellowstone, MT",4,0,3,0,0,4,0,72
8,"White Plains, NY",196,27,178,2,178,314,37,1042
8,"Wichita Falls, TX",4,1,0,0,2,7,0,62
8,"Wichita, KS",143,16,114,2,109,237,8,927
8,"Williston, ND",13,6,11,0,7,30,0,169
8,"Wilmington, NC",120,17,103,1,110,205,40,867
8,"Worcester, MA",21,1,11,0,18,28,6,119
8,"Wrangell, AK",0,0,3,0,13,12,0,62
8,"Yakutat, AK",2,0,8,0,14,16,0,62
8,"Yuma, AZ",19,1,8,0,8,22,0,167
9,"Aberdeen, SD",5,1,1,0,0,6,0,60
9,"Abilene, TX",15,3,28,0,16,33,0,146
9,"Adak Island, AK",0,0,1,0,0,1,0,8
9,"Aguadilla, PR",22,3,11,0,13,31,0,147
9,"Akron, OH",39,11,22,1,38,77,1,274
9,"Albany, GA",10,3,3,0,0,12,1,60
9,"Albany, NY",123,8,80,0,110,185,3,1052
9,"Albuquerque, NM",220,4,140,0,179,331,2,2039
9,"Alexandria, LA",16,1,5,0,7,22,0,171
9,"Allentown/Bethlehem/Easton, PA",26,12,19,0,27,50,4,321
9,"Alpena, MI",4,5,4,0,0,9,0,53
9,"Amarillo, TX",30,4,29,0,31,58,0,425
9,"Anchorage, AK",110,5,220,9,123,288,6,1671
9,"Appleton, WI",61,8,27,0,27,93,0,510
9,"Arcata/Eureka, CA",11,7,19,0,8,30,5,150
9,"Asheville, NC",76,17,123,1,86,190,138,1148
9,"Ashland, WV",2,1,2,0,0,3,0,23
9,"Aspen, CO",66,6,25,0,26,95,3,547
9,"Atlanta, GA",1826,304,2188,6,1926,3925,252,28248
9,"Atlantic City, NJ",23,3,28,0,13,34,4,197
9,"Augusta, GA",37,5,24,1,27,59,40,412
9,"Austin, TX",607,44,482,1,557,1015,23,6818
9,"Bakersfield, CA",16,2,9,0,13,31,0,224
9,"Baltimore, MD",628,56,507,9,612,1059,48,8272
9,"Bangor, ME",35,2,34,1,31,71,5,593
9,"Barrow, AK",8,0,3,0,3,10,0,30
9,"Baton Rouge, LA",42,7,43,0,35,77,14,403
9,"Beaumont/Port Arthur, TX",4,0,0,0,2,6,0,60
9,"Belleville, IL",6,1,1,0,2,8,0,66
9,"Bellingham, WA",8,3,17,1,18,31,1,153
9,"Bemidji, MN",6,1,2,0,0,8,0,60
9,"Bend/Redmond, OR",48,2,57,0,27,86,0,529
9,"Bethel, AK",5,1,4,0,4,9,0,60
9,"Billings, MT",25,2,10,0,19,39,0,375
9,"Binghamton, NY",1,0,1,0,0,1,0,30
9,"Birmingham, AL",135,18,117,0,129,234,9,1431
9,"Bishop, CA",3,0,2,0,1,4,0,10
9,"Bismarck/Mandan, ND",24,4,14,0,19,43,1,351
9,"Bloomington/Normal, IL",5,1,2,0,4,8,1,138
9,"Boise, ID",176,23,161,1,168,336,1,2037
9,"Boston, MA",949,106,1595,4,920,2379,48,12370
9,"Bozeman, MT",66,4,29,0,49,98,0,900
9,"Brainerd, MN",3,1,2,0,0,5,0,55
9,"Bristol/Johnson City/Kingsport, TN",7,2,8,0,12,17,0,180
9,"Brownsville, TX",13,0,11,0,9,18,0,155
9,"Brunswick, GA",7,1,3,0,0,8,1,60
9,"Buffalo, NY",177,10,147,0,158,289,8,1982
9,"Burbank, CA",248,7,260,4,272,513,24,2713
9,"Burlington, VT",60,6,62,0,64,118,2,874
9,"Butte, MT",4,3,2,0,0,7,0,58
9,"Casper, WY",13,3,5,0,7,23,0,210
9,"Cedar City, UT",1,1,0,0,0,2,0,53
9,"Cedar Rapids/Iowa City, IA",64,5,46,1,41,102,5,739
9,"Champaign/Urbana, IL",9,2,8,1,13,19,0,117
9,"Charleston, SC",191,17,201,1,146,339,9,2201
9,"Charleston/Dunbar, WV",48,12,25,1,26,75,3,304
9,"Charlotte Amalie, VI",22,2,17,0,7,32,1,231
9,"Charlotte, NC",1638,380,2158,10,2063,3616,386,18654
9,"Charlottesville, VA",10,2,10,0,12,21,1,252
9,"Chattanooga, TN",52,10,33,1,50,87,4,589
9,"Cheyenne, WY",7,0,2,0,7,13,0,56
9,"Chicago, IL",2379,153,2550,17,2137,4506,106,31687
9,"Christiansted, VI",6,0,5,0,3,9,0,47
9,"Cincinnati, OH",295,30,293,2,306,563,15,3326
9,"Clarksburg/Fairmont, WV",0,0,0,0,0,0,0,9
9,"Cleveland, OH",306,19,249,1,271,506,20,3487
9,"Cody, WY",7,1,4,0,4,12,0,88
9,"College Station/Bryan, TX",13,1,6,0,6,16,0,92
9,"Colorado Springs, CO",109,6,56,0,97,175,0,1077
9,"Columbia, MO",11,0,13,0,8,19,0,132
9,"Columbia, SC",51,11,36,0,59,94,4,596
9,"Columbus, GA",4,0,1,0,3,6,4,81
9,"Columbus, MS",5,1,4,0,2,9,0,60
9,"Columbus, OH",300,25,255,3,262,508,14,3617
9,"Concord, NC",2,2,2,0,1,5,1,46
9,"Cordova, AK",4,0,4,0,12,12,0,60
9,"Corpus Christi, TX",11,3,21,0,20,34,1,305
9,"Dallas, TX",464,18,471,6,528,857,23,5604
9,"Dallas/Fort Worth, TX",2393,319,2588,31,2312,4565,82,26205
9,"Dayton, OH",69,7,44,0,53,116,5,667
9,"Daytona Beach, FL",21,5,15,0,19,37,3,227
9,"Deadhorse, AK",0,1,1,0,1,2,0,46
9,"Decatur, IL",10,1,5,0,3,14,0,52
9,"Denver, CO",1840,114,1363,6,1556,3189,69,26144
9,"Des Moines, IA",106,8,63,0,102,183,4,1219
9,"Detroit, MI",784,123,564,7,505,1293,32,11162
9,"Devils Lake, ND",8,0,2,0,0,8,0,56
9,"Dickinson, ND",9,0,2,0,2,11,0,55
9,"Dillingham, AK",0,2,2,0,0,3,1,30
9,"Dodge City, KS",8,0,2,0,2,9,1,52
9,"Dothan, AL",7,0,5,0,2,9,2,60
9,"Duluth, MN",13,5,10,0,12,30,1,230
9,"Durango, CO",35,1,19,0,15,47,0,351
9,"Eagle, CO",12,1,3,0,7,20,0,185
9,"El Paso, TX",146,1,73,0,152,233,2,1494
9,"Elko, NV",2,1,0,0,0,3,0,30
9,"Elmira/Corning, NY",8,2,2,0,3,9,1,78
9,"Escanaba, MI",4,1,1,0,0,6,0,58
9,"Eugene, OR",56,3,20,0,36,80,0,527
9,"Evansville, IN",15,3,11,0,7,23,1,187
9,"Everett, WA",1,1,1,0,2,4,0,59
9,"Fairbanks, AK",32,0,37,0,21,57,1,347
9,"Fargo, ND",49,3,28,0,34,80,0,559
9,"Fayetteville, AR",90,15,96,0,96,177,1,1232
9,"Fayetteville, NC",11,6,9,0,23,32,2,190
9,"Flagstaff, AZ",13,1,6,0,2,17,0,137
9,"Flint, MI",26,2,18,0,19,42,2,160
9,"Fort Dodge, IA",11,0,6,0,5,15,0,52
9,"Fort Lauderdale, FL",641,23,691,4,459,1050,35,6028
9,"Fort Myers, FL",154,9,113,1,109,227,65,1813
9,"Fort Smith, AR",6,0,10,0,10,12,0,99
9,"Fort Wayne, IN",51,10,37,0,22,78,1,415
9,"Fresno, CA",90,5,72,0,80,164,1,1010
9,"Gainesville, FL",27,4,16,1,30,45,9,278
9,"Garden City, KS",8,0,3,0,1,8,0,60
9,"Gillette, WY",4,0,1,0,4,8,0,60
9,"Grand Forks, ND",7,1,3,0,0,8,0,99
9,"Grand Island, NE",10,0,1,0,1,11,0,78
9,"Grand Junction, CO",26,2,16,0,17,42,0,358
9,"Grand Rapids, MI",120,14,75,0,90,195,6,1442
9,"Great Falls, MT",13,1,5,0,7,16,0,180
9,"Green Bay, WI",50,5,23,0,32,86,0,404
9,"Greensboro/High Point, NC",94,16,84,0,85,165,7,1063
9,"Greer, SC",122,23,106,1,117,218,20,1359
9,"Guam, TT",3,1,2,0,1,6,4,60
9,"Gulfport/Biloxi, MS",28,4,23,1,26,48,7,290
9,"Gunnison, CO",4,0,0,0,0,4,0,63
9,"Hagerstown, MD",1,0,0,0,0,1,0,19
9,"Hancock/Houghton, MI",11,0,10,0,7,18,0,60
9,"Harlingen/San Benito, TX",23,1,23,0,25,48,1,341
9,"Harrisburg, PA",46,4,25,0,43,74,3,428
9,"Hartford, CT",192,20,126,2,145,294,6,1850
9,"Hattiesburg/Laurel, MS",4,1,1,0,4,9,0,52
9,"Hayden, CO",8,1,2,0,3,12,0,120
9,"Hays, KS",4,0,1,0,2,6,0,52
9,"Helena, MT",5,1,0,0,4,10,0,120
9,"Hibbing, MN",4,2,2,0,0,7,0,53
9,"Hilo, HI",27,0,2,0,35,40,4,546
9,"Hilton Head, SC",12,5,19,0,11,26,6,192
9,"Hobbs, NM",10,1,8,0,4,16,0,60
9,"Honolulu, HI",332,4,139,2,192,460,21,4843
9,"Houston, TX",1033,67,1041,11,840,1837,86,13920
9,"Huntsville, AL",64,10,41,0,53,117,2,774
9,"Hyannis, MA",1,0,1,0,1,1,0,9
9,"Idaho Falls, ID",24,3,10,0,7,32,0,301
9,"Indianapolis, IN",334,18,236,0,293,532,16,3822
9,"International Falls, MN",6,2,3,0,0,9,0,55
9,"Iron Mountain/Kingsfd, MI",6,3,1,0,0,9,0,60
9,"Islip, NY",24,0,19,0,27,41,3,291
9,"Ithaca/Cortland, NY",1,0,3,0,2,4,0,60
9,"Jackson, WY",50,5,31,2,30,76,0,520
9,"Jackson/Vicksburg, MS",33,9,31,0,33,62,5,529
9,"Jacksonville, FL",240,20,186,0,184,381,46,2368
9,"Jacksonville/Camp Lejeune, NC",17,9,17,0,16,38,4,230
9,"Jamestown, ND",3,0,1,0,1,4,0,56
9,"Johnstown, PA",8,1,4,0,8,16,0,60
9,"Joplin, MO",9,0,1,1,10,18,0,52
9,"Juneau, AK",27,3,34,3,24,65,3,438
9,"Kahului, HI",125,2,38,1,55,156,6,2081
9,"Kalamazoo, MI",4,2,2,0,0,7,0,80
9,"Kalispell, MT",22,2,11,0,19,36,0,358
9,"Kansas City, MO",338,17,218,4,300,542,6,4141
9,"Ketchikan, AK",18,0,19,0,15,33,1,212
9,"Key West, FL",30,4,30,0,19,45,27,483
9,"Killeen, TX",20,0,20,0,17,31,0,149
9,"King Salmon, AK",4,0,1,0,1,5,0,30
9,"Knoxville, TN",131,21,137,1,117,247,10,1406
9,"Kodiak, AK",2,1,2,0,6,9,0,90
9,"Kona, HI",98,2,38,0,52,126,2,1333
9,"Kotzebue, AK",1,0,1,0,1,1,0,30
9,"La Crosse, WI",6,1,7,0,7,12,0,72
9,"Lafayette, LA",20,5,13,0,21,39,8,240
9,"Lake Charles, LA",11,1,5,0,2,15,0,90
9,"Lansing, MI",16,1,3,0,1,18,0,106
9,"Laramie, WY",7,1,3,0,3,11,0,52
9,"Laredo, TX",5,0,10,0,4,14,0,141
9,"Las Vegas, NV",1163,102,1831,5,1509,2901,67,15663
9,"Latrobe, PA",3,0,2,0,3,5,1,61
9,"Lawton/Fort Sill, OK",5,2,2,0,4,11,0,90
9,"Lewiston, ID",9,1,2,0,1,11,0,90
9,"Lexington, KY",94,9,59,0,67,145,6,790
9,"Liberal, KS",2,1,3,0,9,12,1,52
9,"Lihue, HI",76,2,32,0,41,101,5,1260
9,"Lincoln, NE",22,0,8,0,11,34,0,214
9,"Little Rock, AR",88,13,99,0,99,188,3,1061
9,"Long Beach, CA",88,1,52,2,111,149,2,1381
9,"Longview, TX",5,0,5,0,4,10,0,60
9,"Los Angeles, CA",1354,92,999,15,1000,2143,36,15965
9,"Louisville, KY",163,22,165,2,125,293,7,2023
9,"Lubbock, TX",51,0,32,0,37,76,0,515
9,"Madison, WI",91,5,57,0,90,154,1,982
9,"Manchester, NH",50,6,34,0,53,84,3,567
9,"Manhattan/Ft. Riley, KS",3,0,3,0,0,6,0,90
9,"Marquette, MI",5,0,9,0,7,11,0,90
9,"Martha's Vineyard, MA",5,0,2,0,3,5,0,68
9,"Mason City, IA",6,0,3,0,6,12,0,52
9,"Medford, OR",42,9,31,0,9,64,0,353
9,"Melbourne, FL",15,5,13,0,18,30,3,222
9,"Memphis, TN",207,19,151,0,169,331,2,1868
9,"Meridian, MS",4,0,3,0,5,9,1,52
9,"Miami, FL",627,86,611,4,510,1130,64,7591
9,"Midland/Odessa, TX",60,2,46,1,39,100,0,775
9,"Milwaukee, WI",230,11,142,1,148,330,5,2395
9,"Minneapolis, MN",661,86,596,2,421,1215,20,10682
9,"Minot, ND",14,4,8,0,5,22,0,188
9,"Mission/McAllen/Edinburg, TX",55,6,35,1,28,75,1,438
9,"Missoula, MT",26,1,22,0,26,48,0,376
9,"Mobile, AL",18,4,14,0,13,28,0,222
9,"Moline, IL",37,5,16,0,32,65,0,339
9,"Monroe, LA",20,2,13,0,10,33,0,197
9,"Monterey, CA",22,2,41,0,32,58,1,393
9,"Montgomery, AL",25,3,20,0,18,36,2,227
9,"Montrose/Delta, CO",17,0,5,0,13,20,0,195
9,"Mosinee, WI",1,1,5,0,1,6,0,60
9,"Myrtle Beach, SC",92,16,107,0,107,185,10,1423
9,"Nantucket, MA",6,3,5,0,3,12,0,175
9,"Nashville, TN",670,48,552,3,642,1150,36,8293
9,"New Bern/Morehead/Beaufort, NC",0,1,0,0,1,1,0,3
9,"New Orleans, LA",325,31,290,2,313,592,125,3659
9,"New York, NY",1759,147,1518,15,1217,2852,81,23912
9,"Newark, NJ",680,96,907,8,507,1438,94,10563
9,"Newburgh/Poughkeepsie, NY",0,1,1,0,1,2,1,19
9,"Niagara Falls, NY",1,0,0,0,0,1,1,18
9,"Nome, AK",2,0,2,0,1,3,0,31
9,"Norfolk, VA",178,22,161,6,162,300,12,1888
9,"North Bend/Coos Bay, OR",8,1,8,0,4,16,0,39
9,"North Platte, NE",7,0,3,0,5,12,0,52
9,"Oakland, CA",280,6,186,1,348,486,9,3393
9,"Oklahoma City, OK",195,11,103,1,154,292,1,1914
9,"Omaha, NE",154,6,73,0,114,228,1,1903
9,"Ontario, CA",257,13,140,1,215,392,5,2315
9,"Orlando, FL",930,50,874,7,836,1665,52,10760
9,"Pago Pago, TT",1,0,0,0,0,0,0,10
9,"Palm Springs, CA",66,1,57,1,68,120,0,719
9,"Panama City, FL",51,8,39,0,54,96,18,715
9,"Pasco/Kennewick/Richland, WA",35,8,26,0,10,53,0,427
9,"Pellston, MI",3,3,0,0,0,6,0,69
9,"Pensacola, FL",83,19,87,0,85,170,6,1095
9,"Peoria, IL",34,4,16,1,23,53,4,323
9,"Petersburg, AK",3,1,3,0,2,5,1,60
9,"Philadelphia, PA",860,95,1163,7,846,1737,50,9027
9,"Phoenix, AZ",1185,44,751,6,1212,1965,36,15405
9,"Pittsburgh, PA",298,21,214,2,274,495,13,3765
9,"Plattsburgh, NY",0,2,1,0,0,2,1,19
9,"Pocatello, ID",2,0,0,0,0,2,0,56
9,"Ponce, PR",9,0,9,0,5,13,0,49
9,"Portland, ME",109,6,84,0,63,172,3,1394
9,"Portland, OR",375,30,335,3,397,754,13,5245
9,"Portsmouth, NH",3,0,2,0,0,3,0,22
9,"Prescott, AZ",3,0,2,0,2,5,0,60
9,"Presque Isle/Houlton, ME",6,0,2,0,4,7,0,26
9,"Providence, RI",116,8,83,0,110,183,7,1352
9,"Provo, UT",19,4,18,1,28,34,0,142
9,"Punta Gorda, FL",28,8,28,0,29,57,5,286
9,"Raleigh/Durham, NC",430,48,432,1,415,806,43,5105
9,"Rapid City, SD",44,2,46,0,25,76,0,547
9,"Redding, CA",8,0,7,0,8,16,0,150
9,"Reno, NV",153,9,116,1,172,293,1,1868
9,"Rhinelander, WI",4,2,4,0,0,9,0,69
9,"Richmond, VA",147,13,95,1,120,224,3,1469
9,"Riverton/Lander, WY",6,2,2,0,3,10,0,60
9,"Roanoke, VA",12,0,7,0,12,19,2,218
9,"Rochester, MN",11,2,8,0,3,17,0,139
9,"Rochester, NY",99,6,76,0,65,152,2,1041
9,"Rock Springs, WY",6,0,0,0,3,9,0,60
9,"Rockford, IL",5,0,3,0,0,5,1,66
9,"Roswell, NM",10,0,4,0,2,14,0,90
9,"Sacramento, CA",421,26,294,1,469,700,16,4871
9,"Saginaw/Bay City/Midland, MI",22,2,12,0,7,28,0,192
9,"Saipan, TT",0,0,0,0,0,0,1,30
9,"Salina, KS",7,0,3,0,3,10,0,60
9,"Salt Lake City, UT",578,46,394,3,433,960,11,9278
9,"San Angelo, TX",7,1,6,0,6,11,0,90
9,"San Antonio, TX",371,18,281,3,310,563,3,3445
9,"San Diego, CA",769,51,1026,3,755,1633,22,7938
9,"San Francisco, CA",994,97,1406,3,844,2180,41,11773
9,"San Jose, CA",328,12,258,2,425,648,18,4456
9,"San Juan, PR",212,21,149,1,139,318,8,2066
9,"San Luis Obispo, CA",33,4,40,1,42,77,2,482
9,"Sanford, FL",71,18,64,0,73,124,4,501
9,"Santa Ana, CA",261,10,212,1,261,467,12,3517
9,"Santa Barbara, CA",56,3,26,1,51,86,1,638
9,"Santa Fe, NM",43,3,13,0,11,55,0,327
9,"Santa Maria, CA",0,0,4,0,2,4,0,9
9,"Santa Rosa, CA",17,5,42,0,26,61,0,347
9,"Sarasota/Bradenton, FL",81,7,56,0,49,109,39,857
9,"Sault Ste. Marie, MI",6,1,1,0,0,7,0,60
9,"Savannah, GA",125,15,116,1,120,233,11,1495
9,"Scottsbluff, NE",4,1,5,0,6,10,1,52
9,"Scranton/Wilkes-Barre, PA",17,5,14,0,17,29,2,127
9,"Seattle, WA",989,137,1642,17,1118,2559,70,14810
9,"Sheridan, WY",5,0,4,0,2,7,0,60
9,"Shreveport, LA",25,6,24,0,23,47,1,388
9,"Sioux City, IA",8,0,4,0,7,14,0,60
9,"Sioux Falls, SD",45,7,22,0,30,70,0,548
9,"Sitka, AK",10,0,15,0,11,22,0,127
9,"South Bend, IN",75,14,50,0,40,122,3,580
9,"Spokane, WA",118,6,109,1,93,201,2,1515
9,"Springfield, MO",74,13,70,0,74,142,1,899
9,"St. George, UT",21,2,13,0,6,28,0,266
9,"St. Louis, MO",439,12,242,2,391,646,20,5497
9,"St. Petersburg, FL",54,8,40,1,60,96,35,479
9,"State College, PA",2,0,0,0,1,2,0,30
9,"Stillwater, OK",4,1,1,0,1,5,0,60
9,"Stockton, CA",7,0,5,0,8,13,0,39
9,"Sun Valley/Hailey/Ketchum, ID",4,1,2,0,1,5,0,135
9,"Syracuse, NY",97,8,73,1,79,164,4,1039
9,"Tallahassee, FL",37,12,34,0,33,68,31,542
9,"Tampa, FL",508,42,441,0,446,857,260,5440
9,"Texarkana, AR",6,0,5,0,6,10,0,60
9,"Toledo, OH",0,0,0,0,0,0,1,9
9,"Traverse City, MI",31,2,16,0,18,49,0,403
9,"Trenton, NJ",5,1,4,0,1,7,3,66
9,"Tucson, AZ",157,8,100,1,122,242,0,1538
9,"Tulsa, OK",130,17,67,0,120,216,0,1469
9,"Twin Falls, ID",5,1,2,0,0,6,0,56
9,"Tyler, TX",5,0,4,0,5,9,0,90
9,"Valdosta, GA",2,1,5,0,2,6,8,60
9,"Valparaiso, FL",74,8,56,0,65,124,7,778
9,"Victoria, TX",2,0,0,0,5,7,0,56
9,"Waco, TX",9,1,7,0,8,17,0,90
9,"Walla Walla, WA",6,1,9,0,13,20,0,59
9,"Washington, DC",1127,121,1193,7,1022,2123,103,15861
9,"West Palm Beach/Palm Beach, FL",194,11,207,1,111,315,4,1788
9,"West Yellowstone, MT",2,1,1,0,0,3,0,60
9,"White Plains, NY",96,13,75,1,76,150,7,993
9,"Wichita Falls, TX",7,1,2,0,1,9,0,60
9,"Wichita, KS",82,3,58,0,75,144,0,819
9,"Williston, ND",11,0,3,0,4,13,0,172
9,"Wilmington, NC",43,12,52,1,63,104,5,716
9,"Worcester, MA",6,0,2,0,2,5,0,98
9,"Wrangell, AK",1,0,4,0,4,8,1,60
9,"Yakutat, AK",4,0,6,0,11,12,0,60
9,"Yuma, AZ",6,1,3,0,2,7,0,167
10,"Aberdeen, SD",10,0,0,0,0,10,0,62
10,"Abilene, TX",10,0,11,0,8,17,0,149
10,"Adak Island, AK",0,0,0,0,0,0,1,9
10,"Aguadilla, PR",14,0,10,0,7,21,5,146
10,"Akron, OH",31,1,21,0,32,55,6,280
10,"Albany, GA",7,1,4,0,0,8,0,62
10,"Albany, NY",105,4,55,1,77,151,16,1090
10,"Albuquerque, NM",184,0,113,0,165,300,3,2400
10,"Alexandria, LA",20,1,6,0,6,25,0,176
10,"Allentown/Bethlehem/Easton, PA",27,3,20,0,18,46,11,363
10,"Alpena, MI",4,0,2,0,0,5,0,52
10,"Amarillo, TX",42,1,12,1,35,59,0,462
10,"Anchorage, AK",73,8,142,11,93,200,19,1333
10,"Appleton, WI",53,5,28,0,22,74,5,563
10,"Arcata/Eureka, CA",20,2,12,0,8,33,1,179
10,"Asheville, NC",65,26,55,0,70,140,89,1094
10,"Ashland, WV",0,1,2,0,0,2,2,17
10,"Aspen, CO",41,6,13,0,20,63,2,497
10,"Atlanta, GA",1683,68,1224,11,1353,2776,260,29852
10,"Atlantic City, NJ",11,0,10,0,7,15,11,213
10,"Augusta, GA",39,24,30,0,34,77,1,343
10,"Austin, TX",612,13,469,2,521,962,38,7403
10,"Bakersfield, CA",23,0,6,0,16,31,0,259
10,"Baltimore, MD",699,4,500,10,655,1031,116,8404
10,"Bangor, ME",34,2,30,0,27,56,6,547
10,"Barrow, AK",4,1,10,0,6,12,1,31
10,"Baton Rouge, LA",33,0,18,0,17,44,0,429
10,"Beaumont/Port Arthur, TX",8,1,2,0,1,9,0,62
10,"Belleville, IL",4,0,1,1,3,7,5,78
10,"Bellingham, WA",10,2,18,0,20,31,0,174
10,"Bemidji, MN",7,0,1,0,0,7,0,62
10,"Bend/Redmond, OR",36,2,27,1,22,60,1,500
10,"Bethel, AK",0,3,6,0,5,7,0,62
10,"Billings, MT",22,2,16,0,11,31,0,366
10,"Binghamton, NY",0,0,0,0,0,0,0,31
10,"Birmingham, AL",122,4,79,0,86,171,8,1622
10,"Bishop, CA",0,0,0,0,0,0,0,2
10,"Bismarck/Mandan, ND",20,1,5,0,4,25,2,374
10,"Bloomington/Normal, IL",6,0,3,0,2,5,2,141
10,"Boise, ID",150,9,110,0,124,250,2,1993
10,"Boston, MA",985,28,1102,2,751,1805,100,13026
10,"Bozeman, MT",54,2,30,0,49,90,1,727
10,"Brainerd, MN",3,3,2,0,0,6,0,52
10,"Bristol/Johnson City/Kingsport, TN",12,2,7,1,7,20,1,257
10,"Brownsville, TX",14,1,5,0,7,20,0,196
10,"Brunswick, GA",13,3,4,0,0,14,0,81
10,"Buffalo, NY",213,0,139,1,170,298,20,2030
10,"Burbank, CA",225,4,237,1,266,475,14,2886
10,"Burlington, VT",59,7,75,0,41,117,0,901
10,"Butte, MT",1,0,0,0,0,1,0,57
10,"Casper, WY",13,0,3,0,7,20,2,217
10,"Cedar City, UT",2,0,0,0,0,1,0,52
10,"Cedar Rapids/Iowa City, IA",79,2,44,0,56,125,4,754
10,"Champaign/Urbana, IL",3,0,2,0,4,5,0,118
10,"Charleston, SC",177,0,152,1,110,274,1,2254
10,"Charleston/Dunbar, WV",40,3,14,0,14,50,0,328
10,"Charlotte Amalie, VI",19,1,10,0,15,35,2,278
10,"Charlotte, NC",1549,58,2039,21,1660,3218,183,19755
10,"Charlottesville, VA",15,1,12,0,19,32,0,360
10,"Chattanooga, TN",36,2,19,0,18,53,3,627
10,"Cheyenne, WY",3,3,1,0,2,8,0,58
10,"Chicago, IL",2326,56,2114,26,1704,3956,177,31934
10,"Christiansted, VI",7,0,4,1,5,9,2,48
10,"Cincinnati, OH",243,5,179,0,261,433,45,3580
10,"Clarksburg/Fairmont, WV",2,0,2,0,3,3,1,9
10,"Cleveland, OH",284,8,201,2,256,438,41,3577
10,"Cody, WY",2,1,1,0,2,5,0,62
10,"College Station/Bryan, TX",8,3,3,0,6,14,0,117
10,"Colorado Springs, CO",101,7,48,0,72,147,1,1141
10,"Columbia, MO",13,0,7,0,10,22,0,168
10,"Columbia, SC",58,1,34,0,52,91,0,655
10,"Columbus, GA",1,0,2,0,3,4,0,84
10,"Columbus, MS",0,0,0,0,0,0,0,62
10,"Columbus, OH",282,9,242,5,219,442,49,3913
10,"Concord, NC",1,2,2,0,3,6,3,46
10,"Cordova, AK",3,0,3,0,5,9,0,62
10,"Corpus Christi, TX",16,1,9,0,21,30,1,327
10,"Dallas, TX",400,7,357,1,460,715,36,6138
10,"Dallas/Fort Worth, TX",2129,104,1560,20,1748,3612,105,27862
10,"Dayton, OH",54,1,39,1,33,78,4,680
10,"Daytona Beach, FL",7,0,5,0,7,12,19,239
10,"Deadhorse, AK",2,3,4,0,2,7,2,50
10,"Decatur, IL",2,0,3,0,3,5,0,53
10,"Denver, CO",1695,86,1066,11,1455,2846,134,26930
10,"Des Moines, IA",112,1,49,0,113,165,5,1331
10,"Detroit, MI",825,75,494,7,481,1266,53,11731
10,"Devils Lake, ND",7,0,1,0,1,8,0,57
10,"Dickinson, ND",2,1,0,0,4,7,0,58
10,"Dodge City, KS",5,0,3,0,5,11,0,53
10,"Dothan, AL",7,1,6,0,1,8,0,62
10,"Duluth, MN",11,1,6,0,5,18,0,230
10,"Durango, CO",32,4,12,0,12,47,0,356
10,"Eagle, CO",9,0,3,0,5,12,0,126
10,"El Paso, TX",123,2,51,1,114,190,3,1613
10,"Elko, NV",1,1,0,0,0,2,0,31
10,"Elmira/Corning, NY",14,2,4,0,0,16,3,87
10,"Escanaba, MI",6,0,1,0,0,6,0,62
10,"Eugene, OR",57,4,26,0,46,85,1,651
10,"Evansville, IN",13,1,5,1,6,19,3,221
10,"Everett, WA",1,1,5,0,9,10,0,64
10,"Fairbanks, AK",18,1,27,0,15,41,2,266
10,"Fargo, ND",44,3,18,0,24,64,0,582
10,"Fayetteville, AR",93,1,44,0,48,129,0,1296
10,"Fayetteville, NC",27,1,10,0,12,34,0,201
10,"Flagstaff, AZ",29,0,5,0,13,40,0,205
10,"Flint, MI",24,1,15,0,10,31,6,177
10,"Fort Dodge, IA",7,0,4,0,5,12,0,53
10,"Fort Lauderdale, FL",654,17,530,4,444,948,71,6779
10,"Fort Myers, FL",204,0,104,4,129,268,194,2378
10,"Fort Smith, AR",6,1,3,0,3,7,0,113
10,"Fort Wayne, IN",60,7,26,0,25,81,10,512
10,"Fresno, CA",100,4,81,0,76,172,4,1098
10,"Gainesville, FL",16,1,6,0,8,20,10,286
10,"Garden City, KS",6,0,1,0,2,8,0,62
10,"Gillette, WY",5,3,1,0,0,8,1,62
10,"Grand Forks, ND",4,1,2,0,0,5,0,111
10,"Grand Island, NE",9,0,7,0,8,18,0,80
10,"Grand Junction, CO",32,3,3,0,13,44,0,404
10,"Grand Rapids, MI",126,7,79,2,90,185,14,1494
10,"Great Falls, MT",3,0,1,0,2,6,0,194
10,"Green Bay, WI",37,1,12,0,6,42,0,368
10,"Greensboro/High Point, NC",70,2,54,2,63,113,2,1086
10,"Greer, SC",123,2,90,0,99,200,3,1465
10,"Guam, TT",7,0,5,0,4,10,0,62
10,"Gulfport/Biloxi, MS",19,1,14,0,13,31,0,299
10,"Gunnison, CO",2,1,0,0,1,3,0,62
10,"Hagerstown, MD",2,2,2,0,1,4,2,28
10,"Hancock/Houghton, MI",10,0,6,0,8,18,0,62
10,"Harlingen/San Benito, TX",25,0,11,0,21,36,2,401
10,"Harrisburg, PA",43,3,39,1,35,66,8,488
10,"Hartford, CT",189,2,141,2,124,267,21,2023
10,"Hattiesburg/Laurel, MS",10,0,3,0,4,16,0,53
10,"Hayden, CO",4,1,1,0,3,7,0,114
10,"Hays, KS",2,2,2,0,1,5,0,53
10,"Helena, MT",6,1,0,0,1,6,0,143
10,"Hibbing, MN",8,1,0,0,0,9,0,52
10,"Hilo, HI",55,0,8,0,51,72,7,551
10,"Hilton Head, SC",12,0,13,0,11,21,0,173
10,"Hobbs, NM",7,0,3,0,3,10,0,62
10,"Honolulu, HI",445,6,202,1,315,626,43,4982
10,"Houston, TX",1066,22,895,11,806,1736,107,15112
10,"Huntsville, AL",61,1,26,0,41,91,0,790
10,"Idaho Falls, ID",22,1,6,0,14,39,0,307
10,"Indianapolis, IN",334,9,214,1,258,506,75,4469
10,"International Falls, MN",10,0,0,0,0,10,0,52
10,"Iron Mountain/Kingsfd, MI",5,0,2,0,0,5,0,62
10,"Islip, NY",25,0,7,0,25,36,9,270
10,"Ithaca/Cortland, NY",0,0,4,0,1,3,0,62
10,"Jackson, WY",20,0,4,0,10,25,0,378
10,"Jackson/Vicksburg, MS",42,1,17,0,27,57,0,615
10,"Jacksonville, FL",225,3,133,0,167,327,17,2585
10,"Jacksonville/Camp Lejeune, NC",13,1,10,0,11,22,0,212
10,"Jamestown, ND",2,2,1,0,1,4,0,57
10,"Johnstown, PA",6,2,5,0,8,16,0,62
10,"Joplin, MO",8,0,2,0,1,9,0,52
10,"Juneau, AK",18,5,22,0,14,36,5,371
10,"Kahului, HI",165,7,56,0,84,214,13,2127
10,"Kalamazoo, MI",11,1,2,0,0,12,0,88
10,"Kalispell, MT",15,0,6,0,6,19,0,267
10,"Kansas City, MO",342,10,188,1,295,507,30,4419
10,"Ketchikan, AK",10,0,10,0,11,21,2,186
10,"Key West, FL",34,1,19,0,25,51,23,560
10,"Killeen, TX",12,0,10,0,8,18,0,176
10,"Knoxville, TN",145,9,141,1,97,232,16,1693
10,"Kodiak, AK",5,4,3,0,5,10,3,62
10,"Kona, HI",106,1,49,0,76,150,9,1367
10,"Kotzebue, AK",0,2,3,0,1,4,4,34
10,"La Crosse, WI",2,0,5,0,4,7,0,40
10,"Lafayette, LA",29,3,12,1,18,43,0,283
10,"Lake Charles, LA",17,0,6,0,2,19,0,92
10,"Lansing, MI",19,2,6,0,5,24,0,114
10,"Laramie, WY",3,1,1,0,3,7,0,53
10,"Laredo, TX",14,0,5,0,3,16,0,152
10,"Las Vegas, NV",1216,72,1520,9,1308,2631,66,17195
10,"Latrobe, PA",1,0,0,0,0,1,3,73
10,"Lawton/Fort Sill, OK",9,0,0,0,4,13,0,92
10,"Lewiston, ID",4,0,1,0,0,4,0,93
10,"Lexington, KY",64,4,29,2,39,89,7,815
10,"Liberal, KS",6,1,4,0,2,8,0,53
10,"Lihue, HI",81,1,31,0,56,112,13,1308
10,"Lincoln, NE",16,5,8,0,9,29,1,242
10,"Little Rock, AR",86,2,55,0,73,127,1,1177
10,"Long Beach, CA",111,8,76,0,112,196,6,1471
10,"Longview, TX",2,2,1,0,1,6,0,62
10,"Los Angeles, CA",1315,58,923,7,958,2052,52,16864
10,"Louisville, KY",161,6,112,0,98,238,15,2180
10,"Lubbock, TX",57,1,20,0,52,87,1,522
10,"Madison, WI",92,2,35,0,59,128,1,1030
10,"Manchester, NH",59,0,51,0,62,98,2,587
10,"Manhattan/Ft. Riley, KS",8,0,3,0,5,11,0,92
10,"Marquette, MI",2,1,4,0,1,6,0,68
10,"Martha's Vineyard, MA",5,0,1,0,3,5,0,33
10,"Mason City, IA",3,0,1,0,2,5,0,53
10,"Medford, OR",28,5,19,0,12,42,1,382
10,"Melbourne, FL",12,0,2,0,7,15,15,227
10,"Memphis, TN",157,3,81,3,113,221,9,1994
10,"Meridian, MS",7,0,3,0,2,9,0,53
10,"Miami, FL",669,27,455,3,460,997,158,8308
10,"Midland/Odessa, TX",47,4,30,0,39,85,2,829
10,"Milwaukee, WI",232,6,130,1,138,315,19,2564
10,"Minneapolis, MN",622,25,271,5,383,920,46,11058
10,"Minot, ND",10,1,2,0,3,13,1,206
10,"Mission/McAllen/Edinburg, TX",41,2,20,0,20,57,0,483
10,"Missoula, MT",21,3,23,0,15,32,0,319
10,"Mobile, AL",9,0,1,0,4,10,0,224
10,"Moline, IL",31,2,9,1,18,51,2,408
10,"Monroe, LA",9,0,4,0,2,11,0,182
10,"Monterey, CA",39,1,34,0,36,71,1,461
10,"Montgomery, AL",10,0,6,0,9,17,0,233
10,"Montrose/Delta, CO",4,0,3,0,1,7,0,130
10,"Mosinee, WI",3,0,3,0,1,5,0,62
10,"Myrtle Beach, SC",108,2,70,0,84,160,6,1387
10,"Nantucket, MA",3,1,0,0,2,4,0,74
10,"Nashville, TN",703,12,438,5,575,1029,68,8981
10,"New Orleans, LA",380,2,245,4,279,542,38,4469
10,"New York, NY",1685,70,1567,10,1147,2784,159,24877
10,"Newark, NJ",709,15,1052,5,545,1578,134,11248
10,"Newburgh/Poughkeepsie, NY",5,0,6,0,4,6,2,34
10,"Niagara Falls, NY",0,0,1,0,0,1,1,21
10,"Nome, AK",4,1,4,0,1,7,2,32
10,"Norfolk, VA",168,4,134,3,128,266,6,1936
10,"North Bend/Coos Bay, OR",4,0,2,0,3,7,0,36
10,"North Platte, NE",6,0,1,0,2,7,0,52
10,"Oakland, CA",265,4,187,1,307,444,13,3379
10,"Oklahoma City, OK",177,5,86,1,135,263,4,2062
10,"Omaha, NE",176,2,65,1,104,220,5,2063
10,"Ontario, CA",158,4,72,0,176,274,3,2388
10,"Orlando, FL",918,21,583,9,755,1428,919,12290
10,"Pago Pago, TT",0,0,0,0,0,0,0,9
10,"Palm Springs, CA",86,2,73,1,91,168,0,1145
10,"Panama City, FL",41,1,30,0,35,67,0,652
10,"Pasco/Kennewick/Richland, WA",45,5,23,0,15,61,0,500
10,"Pellston, MI",9,0,1,0,0,9,0,52
10,"Pensacola, FL",82,2,53,0,58,118,6,1077
10,"Peoria, IL",26,0,19,0,20,41,7,322
10,"Petersburg, AK",2,1,4,0,5,8,0,62
10,"Philadelphia, PA",782,21,793,8,700,1409,99,9352
10,"Phoenix, AZ",1344,38,850,9,1241,2154,55,17436
10,"Pittsburgh, PA",304,14,208,5,226,468,50,3924
10,"Plattsburgh, NY",2,1,3,0,0,3,6,43
10,"Pocatello, ID",1,1,2,0,0,2,0,53
10,"Ponce, PR",8,0,0,0,6,6,4,38
10,"Portland, ME",123,2,101,0,80,189,2,1306
10,"Portland, OR",345,23,283,4,336,641,14,5258
10,"Portsmouth, NH",1,0,0,0,0,1,3,26
10,"Prescott, AZ",5,0,3,0,3,8,0,62
10,"Presque Isle/Houlton, ME",6,0,2,0,2,6,0,31
10,"Providence, RI",132,2,89,2,104,192,17,1450
10,"Provo, UT",30,1,22,0,27,47,0,219
10,"Punta Gorda, FL",49,3,53,0,61,91,56,521
10,"Raleigh/Durham, NC",470,6,336,4,402,732,43,5360
10,"Rapid City, SD",25,6,13,0,15,46,1,498
10,"Redding, CA",11,0,10,0,9,22,0,151
10,"Reno, NV",146,6,106,2,132,258,5,1859
10,"Rhinelander, WI",10,0,0,0,0,10,0,62
10,"Richmond, VA",156,5,97,1,87,215,6,1602
10,"Riverton/Lander, WY",2,0,2,0,2,5,0,62
10,"Roanoke, VA",22,1,18,0,14,38,3,281
10,"Rochester, MN",11,1,8,0,6,18,0,135
10,"Rochester, NY",93,4,74,1,70,144,3,1054
10,"Rock Springs, WY",3,0,3,0,3,6,0,62
10,"Rockford, IL",12,1,7,0,2,15,6,71
10,"Roswell, NM",13,2,5,0,5,20,3,92
10,"Sacramento, CA",411,23,296,4,438,735,18,5013
10,"Saginaw/Bay City/Midland, MI",23,1,7,0,7,31,0,205
10,"Saipan, TT",0,0,0,0,0,0,0,31
10,"Salina, KS",2,2,1,0,0,4,0,62
10,"Salt Lake City, UT",490,28,287,3,393,824,17,9445
10,"San Angelo, TX",5,0,1,0,4,8,0,92
10,"San Antonio, TX",297,7,178,1,275,475,13,3720
10,"San Diego, CA",774,74,1498,7,768,2051,98,8379
10,"San Francisco, CA",1075,52,1375,4,856,2182,50,12566
10,"San Jose, CA",359,7,327,1,433,686,16,4588
10,"San Juan, PR",267,8,184,0,153,362,60,2333
10,"San Luis Obispo, CA",38,2,33,1,37,80,1,519
10,"Sanford, FL",64,11,57,0,89,124,73,759
10,"Santa Ana, CA",268,8,171,1,256,451,9,3674
10,"Santa Barbara, CA",63,11,35,2,38,102,8,653
10,"Santa Fe, NM",48,3,19,0,24,76,0,340
10,"Santa Maria, CA",2,1,2,0,0,3,0,9
10,"Santa Rosa, CA",36,2,41,1,34,71,3,347
10,"Sarasota/Bradenton, FL",62,0,23,0,58,91,322,1189
10,"Sault Ste. Marie, MI",9,0,5,0,0,8,0,62
10,"Savannah, GA",139,5,111,1,107,214,2,1696
10,"Scottsbluff, NE",4,0,1,0,5,8,1,52
10,"Scranton/Wilkes-Barre, PA",13,0,12,0,9,20,0,138
10,"Seattle, WA",798,74,975,14,711,1717,70,13756
10,"Sheridan, WY",6,2,1,0,4,12,0,62
10,"Shreveport, LA",27,1,16,0,18,36,0,418
10,"Sioux City, IA",11,0,4,0,3,14,0,62
10,"Sioux Falls, SD",43,2,24,1,37,75,4,619
10,"Sitka, AK",2,1,4,0,7,10,5,93
10,"South Bend, IN",71,3,46,0,31,99,9,631
10,"Spokane, WA",125,8,67,0,84,185,1,1474
10,"Springfield, IL",2,0,0,0,0,1,1,9
10,"Springfield, MO",65,1,43,0,46,100,3,898
10,"St. Cloud, MN",0,0,0,0,0,0,0,9
10,"St. George, UT",35,2,12,0,6,41,0,348
10,"St. Louis, MO",421,4,205,0,406,626,47,5761
10,"St. Petersburg, FL",36,4,35,0,47,74,94,631
10,"State College, PA",7,0,2,0,4,11,0,59
10,"Stillwater, OK",4,2,2,0,5,11,0,62
10,"Stockton, CA",4,1,3,0,7,8,0,45
10,"Sun Valley/Hailey/Ketchum, ID",4,0,0,0,2,6,0,109
10,"Syracuse, NY",98,4,67,0,62,142,7,1082
10,"Tallahassee, FL",25,0,18,0,20,42,2,565
10,"Tampa, FL",480,14,354,1,448,786,609,6057
10,"Texarkana, AR",6,1,0,0,0,7,0,62
10,"Toledo, OH",3,0,1,0,0,2,3,26
10,"Traverse City, MI",31,3,13,0,13,43,3,292
10,"Trenton, NJ",3,0,1,0,3,6,5,58
10,"Tucson, AZ",157,2,96,1,122,241,0,1717
10,"Tulsa, OK",109,6,37,0,87,159,0,1597
10,"Twin Falls, ID",2,1,1,0,0,3,0,53
10,"Tyler, TX",8,0,3,0,7,15,0,92
10,"Valdosta, GA",8,1,3,0,2,9,0,78
10,"Valparaiso, FL",49,1,24,1,47,83,0,856
10,"Victoria, TX",7,1,1,0,3,11,0,53
10,"Waco, TX",13,1,9,0,10,25,0,92
10,"Washington, DC",1143,28,1019,7,908,1903,108,16699
10,"West Palm Beach/Palm Beach, FL",247,7,152,1,137,314,78,2130
10,"West Yellowstone, MT",1,0,1,0,0,1,0,15
10,"White Plains, NY",99,2,52,1,54,133,24,1037
10,"Wichita Falls, TX",8,1,8,0,5,14,0,61
10,"Wichita, KS",78,1,48,0,55,119,0,886
10,"Williston, ND",15,1,6,0,4,18,1,186
10,"Wilmington, NC",42,3,41,0,35,75,0,777
10,"Worcester, MA",10,0,6,0,5,11,1,100
10,"Wrangell, AK",0,0,6,0,9,9,1,62
10,"Yakutat, AK",1,1,5,0,4,7,1,62
10,"Yuma, AZ",12,0,5,0,7,17,0,180
11,"Aberdeen, SD",8,0,4,0,0,8,0,59
11,"Abilene, TX",4,3,16,0,11,21,2,143
11,"Adak Island, AK",1,0,1,0,0,2,1,9
11,"Aguadilla, PR",42,0,28,1,27,49,0,169
11,"Akron, OH",36,5,24,0,29,59,0,272
11,"Albany, GA",5,2,0,0,0,7,0,77
11,"Albany, NY",96,6,71,0,71,142,1,950
11,"Albuquerque, NM",148,18,135,0,139,268,13,1990
11,"Alexandria, LA",11,4,4,0,5,20,4,169
11,"Allentown/Bethlehem/Easton, PA",24,0,28,0,23,43,0,316
11,"Alpena, MI",15,0,6,0,0,15,0,53
11,"Amarillo, TX",28,8,30,0,30,56,8,406
11,"Anchorage, AK",90,14,143,3,76,200,11,1163
11,"Appleton, WI",58,18,38,0,30,92,5,555
11,"Arcata/Eureka, CA",29,2,26,0,17,51,6,177
11,"Asheville, NC",51,4,40,0,50,90,2,856
11,"Ashland, WV",7,0,2,0,3,8,0,20
11,"Aspen, CO",42,17,41,0,17,78,31,410
11,"Atlanta, GA",1651,120,1685,12,1526,3214,27,28002
11,"Atlantic City, NJ",14,0,15,0,11,26,0,241
11,"Augusta, GA",24,7,19,0,14,42,1,325
11,"Austin, TX",527,36,492,4,513,949,26,6856
11,"Bakersfield, CA",29,3,20,0,13,43,4,265
11,"Baltimore, MD",535,13,340,6,528,838,14,7794
11,"Bangor, ME",24,1,30,0,32,45,1,307
11,"Barrow, AK",4,0,5,0,4,6,2,29
11,"Baton Rouge, LA",29,4,10,0,21,45,3,427
11,"Beaumont/Port Arthur, TX",7,1,4,0,2,11,1,59
11,"Belleville, IL",5,2,6,0,9,11,0,73
11,"Bellingham, WA",10,0,8,1,7,17,1,163
11,"Bemidji, MN",9,0,3,0,0,8,0,59
11,"Bend/Redmond, OR",26,5,27,1,25,53,4,475
11,"Bethel, AK",0,0,3,0,1,3,2,58
11,"Billings, MT",29,4,19,0,19,47,3,342
11,"Binghamton, NY",2,0,3,0,1,3,0,30
11,"Birmingham, AL",132,8,84,0,96,193,6,1528
11,"Bismarck/Mandan, ND",34,10,27,0,16,56,5,354
11,"Bloomington/Normal, IL",4,3,7,0,6,12,1,135
11,"Boise, ID",161,10,133,0,142,286,9,1958
11,"Boston, MA",835,44,1013,1,705,1686,5,11756
11,"Bozeman, MT",53,5,34,0,24,78,0,586
11,"Brainerd, MN",8,1,4,0,0,9,0,53
11,"Bristol/Johnson City/Kingsport, TN",14,3,10,0,11,25,0,204
11,"Brownsville, TX",11,2,7,0,6,17,3,130
11,"Brunswick, GA",9,1,5,0,0,10,0,86
11,"Buffalo, NY",174,6,93,0,132,247,0,1756
11,"Burbank, CA",219,9,203,2,248,418,19,2770
11,"Burlington, VT",45,1,49,0,53,85,1,646
11,"Butte, MT",7,2,0,0,0,9,0,56
11,"Casper, WY",25,4,14,0,10,38,6,206
11,"Cedar City, UT",6,1,3,0,0,7,0,53
11,"Cedar Rapids/Iowa City, IA",72,9,50,0,44,102,4,671
11,"Champaign/Urbana, IL",4,3,9,0,7,13,0,89
11,"Charleston, SC",170,4,102,0,125,236,3,1958
11,"Charleston/Dunbar, WV",36,6,20,0,13,55,2,303
11,"Charlotte Amalie, VI",30,1,37,0,11,49,0,369
11,"Charlotte, NC",1188,55,1246,18,1110,2167,10,17506
11,"Charlottesville, VA",19,0,10,0,11,31,0,285
11,"Chattanooga, TN",39,7,46,0,26,76,3,698
11,"Cheyenne, WY",10,0,3,0,2,12,2,55
11,"Chicago, IL",2238,160,2299,13,1705,4009,89,28347
11,"Christiansted, VI",9,0,13,0,5,19,0,75
11,"Cincinnati, OH",251,21,223,2,243,437,5,3212
11,"Clarksburg/Fairmont, WV",1,0,1,0,0,1,0,9
11,"Cleveland, OH",250,18,182,0,226,419,5,3193
11,"Cody, WY",6,0,7,0,5,11,2,60
11,"College Station/Bryan, TX",10,3,9,0,6,18,3,91
11,"Colorado Springs, CO",103,12,81,0,73,177,31,1046
11,"Columbia, MO",14,3,13,0,13,25,3,135
11,"Columbia, SC",53,2,37,1,39,86,2,610
11,"Columbus, GA",6,3,4,0,2,10,2,82
11,"Columbus, MS",2,0,1,0,3,4,0,60
11,"Columbus, OH",302,20,216,2,231,459,10,3661
11,"Concord, NC",6,1,4,0,4,10,0,56
11,"Cordova, AK",1,0,1,0,3,5,0,58
11,"Corpus Christi, TX",14,6,15,1,17,37,5,335
11,"Dallas, TX",461,28,477,2,492,863,53,5972
11,"Dallas/Fort Worth, TX",2103,554,2480,24,1978,4370,434,25185
11,"Dayton, OH",48,7,34,1,35,74,2,615
11,"Daytona Beach, FL",9,0,7,0,4,15,0,219
11,"Deadhorse, AK",2,0,4,0,0,4,0,47
11,"Decatur, IL",11,2,7,0,1,14,0,52
11,"Denver, CO",2049,172,1907,11,1835,3846,373,25229
11,"Des Moines, IA",83,10,68,0,77,157,1,1260
11,"Detroit, MI",810,142,501,6,526,1316,12,10985
11,"Devils Lake, ND",6,1,7,0,3,10,5,56
11,"Dickinson, ND",3,2,5,0,5,10,2,55
11,"Dodge City, KS",5,4,7,0,2,11,1,52
11,"Dothan, AL",4,3,2,0,3,8,0,78
11,"Duluth, MN",16,4,6,0,5,22,0,193
11,"Durango, CO",38,11,36,0,28,76,8,338
11,"Eagle, CO",13,2,9,0,4,16,3,112
11,"El Paso, TX",139,10,88,0,138,233,6,1519
11,"Elko, NV",3,0,0,0,0,3,0,30
11,"Elmira/Corning, NY",12,3,9,0,0,15,0,86
11,"Escanaba, MI",9,2,2,0,0,10,0,59
11,"Eugene, OR",56,7,51,0,59,100,3,626
11,"Evansville, IN",12,3,7,0,5,20,3,187
11,"Everett, WA",2,0,9,0,11,15,0,78
11,"Fairbanks, AK",19,1,31,0,16,42,1,211
11,"Fargo, ND",59,11,47,0,34,98,6,576
11,"Fayetteville, AR",83,18,87,0,60,152,7,1266
11,"Fayetteville, NC",6,0,5,0,5,11,0,128
11,"Flagstaff, AZ",19,8,12,0,17,43,0,204
11,"Flint, MI",26,5,22,0,19,42,1,191
11,"Fort Dodge, IA",8,0,6,0,6,14,1,52
11,"Fort Lauderdale, FL",615,15,440,3,481,919,10,7309
11,"Fort Myers, FL",239,6,150,0,194,345,3,2850
11,"Fort Smith, AR",9,0,7,0,2,12,4,87
11,"Fort Wayne, IN",46,10,35,0,12,72,3,468
11,"Fresno, CA",114,15,105,0,93,210,10,1050
11,"Gainesville, FL",15,1,8,0,8,22,0,238
11,"Garden City, KS",6,1,7,0,5,11,2,59
11,"Gillette, WY",4,1,3,0,6,11,2,59
11,"Grand Forks, ND",7,2,2,0,0,9,0,106
11,"Grand Island, NE",6,4,5,0,5,15,2,78
11,"Grand Junction, CO",41,6,39,0,31,77,7,353
11,"Grand Rapids, MI",146,15,125,0,94,221,3,1432
11,"Great Falls, MT",18,3,8,0,0,21,1,190
11,"Green Bay, WI",36,9,24,0,8,53,4,296
11,"Greensboro/High Point, NC",60,8,52,0,48,105,3,943
11,"Greer, SC",91,6,80,1,88,160,3,1344
11,"Guam, TT",2,0,1,0,4,7,1,60
11,"Gulfport/Biloxi, MS",19,4,12,0,14,29,3,274
11,"Gunnison, CO",3,2,3,0,3,9,4,59
11,"Hagerstown, MD",5,1,3,0,3,6,0,22
11,"Hancock/Houghton, MI",6,2,5,0,4,12,1,59
11,"Harlingen/San Benito, TX",14,3,11,0,23,35,4,400
11,"Harrisburg, PA",60,4,37,1,27,81,0,458
11,"Hartford, CT",174,6,156,2,147,280,2,1836
11,"Hattiesburg/Laurel, MS",5,0,3,0,4,9,0,52
11,"Hayden, CO",12,2,12,0,8,25,4,118
11,"Hays, KS",5,2,1,0,4,11,2,52
11,"Helena, MT",7,3,9,0,6,17,3,118
11,"Hibbing, MN",2,1,0,0,0,3,0,53
11,"Hilo, HI",38,1,3,0,20,40,1,540
11,"Hilton Head, SC",6,0,10,0,4,12,0,86
11,"Hobbs, NM",13,2,10,0,3,18,1,60
11,"Honolulu, HI",330,8,157,2,215,472,15,4920
11,"Houston, TX",1063,61,953,7,780,1786,56,14102
11,"Huntsville, AL",86,7,45,0,45,117,4,690
11,"Idaho Falls, ID",33,2,24,1,12,48,4,302
11,"Indianapolis, IN",283,11,246,1,254,460,8,3938
11,"International Falls, MN",4,1,1,0,0,5,0,53
11,"Iron Mountain/Kingsfd, MI",4,0,1,0,0,5,0,59
11,"Islip, NY",31,1,16,1,21,41,0,350
11,"Ithaca/Cortland, NY",1,0,2,0,3,3,0,58
11,"Jackson, WY",24,9,18,0,10,40,2,227
11,"Jackson/Vicksburg, MS",44,3,28,0,29,68,1,581
11,"Jacksonville, FL",230,10,163,0,179,341,2,2520
11,"Jacksonville/Camp Lejeune, NC",12,2,4,0,6,16,0,161
11,"Jamestown, ND",4,2,1,0,4,11,5,56
11,"Johnstown, PA",11,2,6,0,2,15,1,59
11,"Joplin, MO",3,3,2,0,4,10,1,53
11,"Juneau, AK",15,0,22,0,18,35,3,326
11,"Kahului, HI",126,3,72,0,55,178,5,2119
11,"Kalamazoo, MI",9,5,4,0,0,13,0,84
11,"Kalispell, MT",15,3,17,0,6,27,0,201
11,"Kansas City, MO",324,15,205,3,269,493,13,4047
11,"Kearney, NE",2,0,1,0,0,1,2,53
11,"Ketchikan, AK",12,0,15,0,8,22,1,176
11,"Key West, FL",44,7,57,0,36,94,0,692
11,"Killeen, TX",18,3,14,0,10,32,7,175
11,"Knoxville, TN",115,11,123,1,92,198,2,1405
11,"Kodiak, AK",1,1,3,0,5,6,5,58
11,"Kona, HI",79,2,35,2,50,110,2,1285
11,"Kotzebue, AK",2,0,2,0,2,3,2,29
11,"La Crosse, WI",4,2,5,0,2,8,1,52
11,"Lafayette, LA",29,6,23,0,18,43,2,284
11,"Lake Charles, LA",7,4,2,0,2,13,4,87
11,"Lansing, MI",19,3,6,0,1,23,1,108
11,"Laramie, WY",6,1,5,0,4,11,2,52
11,"Laredo, TX",12,3,9,0,6,17,2,151
11,"Las Vegas, NV",1188,74,1316,15,1231,2335,52,15737
11,"Latrobe, PA",1,0,1,0,1,2,0,38
11,"Lawton/Fort Sill, OK",7,3,6,0,3,13,6,87
11,"Lewiston, ID",8,0,2,0,0,6,0,90
11,"Lexington, KY",51,8,39,0,24,73,1,760
11,"Liberal, KS",6,2,5,0,9,17,3,52
11,"Lihue, HI",70,2,19,1,37,91,6,1278
11,"Lincoln, NE",28,3,16,0,16,46,5,225
11,"Little Rock, AR",79,11,73,0,61,137,10,1040
11,"Long Beach, CA",86,3,44,0,102,147,3,1457
11,"Longview, TX",11,3,11,0,7,20,3,59
11,"Los Angeles, CA",1328,89,1165,14,845,2148,51,15760
11,"Louisville, KY",160,9,146,1,111,241,3,1902
11,"Lubbock, TX",59,11,46,0,58,104,11,505
11,"Madison, WI",105,12,73,1,80,168,4,959
11,"Manchester, NH",38,1,17,0,30,50,0,429
11,"Manhattan/Ft. Riley, KS",2,4,7,0,8,10,2,87
11,"Marquette, MI",7,4,6,0,3,12,1,60
11,"Mason City, IA",8,0,5,0,4,11,1,52
11,"Medford, OR",32,12,24,0,13,55,6,359
11,"Melbourne, FL",17,1,4,0,7,20,0,237
11,"Memphis, TN",173,10,123,4,138,269,3,1787
11,"Meridian, MS",7,1,4,0,2,10,0,52
11,"Miami, FL",702,31,495,8,503,1056,10,8981
11,"Midland/Odessa, TX",45,19,52,1,48,114,15,827
11,"Milwaukee, WI",214,27,146,0,142,322,7,2213
11,"Minneapolis, MN",639,114,449,2,355,1034,7,10167
11,"Minot, ND",24,2,12,0,4,30,2,197
11,"Mission/McAllen/Edinburg, TX",53,9,29,1,39,75,3,406
11,"Missoula, MT",17,6,22,0,12,40,1,289
11,"Mobile, AL",6,3,5,0,13,15,1,205
11,"Moline, IL",41,6,23,0,24,61,4,370
11,"Monroe, LA",15,5,9,0,6,21,2,164
11,"Monterey, CA",44,1,48,0,30,84,4,430
11,"Montgomery, AL",13,7,12,0,10,29,2,235
11,"Montrose/Delta, CO",11,3,13,0,13,22,1,118
11,"Mosinee, WI",1,0,4,0,1,4,0,59
11,"Myrtle Beach, SC",66,2,54,0,48,107,1,1011
11,"Nashville, TN",589,32,382,4,567,948,16,8116
11,"New Orleans, LA",362,13,224,4,292,546,12,4230
11,"New York, NY",1594,105,1695,14,1114,2843,21,23507
11,"Newark, NJ",684,64,2423,1,763,2917,39,10705
11,"Newburgh/Poughkeepsie, NY",3,1,2,0,0,4,0,36
11,"Niagara Falls, NY",2,0,0,0,0,2,0,23
11,"Nome, AK",0,0,2,0,2,2,0,28
11,"Norfolk, VA",163,3,106,1,123,232,4,1791
11,"North Bend/Coos Bay, OR",1,1,3,0,3,5,1,17
11,"North Platte, NE",4,4,6,0,3,11,2,53
11,"Oakland, CA",241,2,154,3,243,385,9,3153
11,"Oklahoma City, OK",212,22,138,1,145,327,15,1897
11,"Omaha, NE",159,17,118,0,122,261,8,1934
11,"Ontario, CA",206,21,143,0,197,343,12,2214
11,"Orlando, FL",924,32,616,6,814,1479,31,12659
11,"Pago Pago, TT",0,0,0,0,0,0,0,8
11,"Palm Springs, CA",97,11,106,0,80,191,12,1300
11,"Panama City, FL",30,3,26,0,22,49,0,491
11,"Pasco/Kennewick/Richland, WA",35,7,22,0,14,59,3,502
11,"Pellston, MI",8,0,3,0,0,9,0,53
11,"Pensacola, FL",72,7,48,0,51,108,1,965
11,"Peoria, IL",25,4,24,0,21,42,4,314
11,"Petersburg, AK",0,0,2,0,2,3,0,58
11,"Philadelphia, PA",630,33,631,1,551,1131,10,7600
11,"Phoenix, AZ",1420,82,1163,9,1181,2398,45,17319
11,"Pittsburgh, PA",241,10,177,2,228,411,8,3385
11,"Plattsburgh, NY",3,0,4,0,0,4,0,45
11,"Pocatello, ID",4,0,0,0,0,4,0,46
11,"Ponce, PR",2,0,1,0,2,2,0,32
11,"Portland, ME",86,6,70,1,62,130,1,825
11,"Portland, OR",357,23,401,2,394,730,25,4872
11,"Portsmouth, NH",2,0,2,0,0,2,1,30
11,"Prescott, AZ",4,2,6,0,8,14,1,59
11,"Presque Isle/Houlton, ME",4,0,2,0,5,6,0,30
11,"Providence, RI",132,9,88,0,85,182,1,1347
11,"Provo, UT",48,3,42,0,41,85,2,268
11,"Punta Gorda, FL",32,10,28,0,46,67,0,539
11,"Raleigh/Durham, NC",398,17,282,2,389,652,3,5060
11,"Rapid City, SD",32,7,39,0,28,66,4,444
11,"Redding, CA",11,1,12,0,12,30,5,145
11,"Reno, NV",142,13,108,0,120,242,7,1723
11,"Rhinelander, WI",9,2,3,0,0,10,0,59
11,"Richmond, VA",137,7,87,0,80,190,1,1471
11,"Riverton/Lander, WY",11,0,1,0,3,14,2,59
11,"Roanoke, VA",26,4,23,1,10,38,0,294
11,"Rochester, MN",8,4,4,1,1,14,0,89
11,"Rochester, NY",85,5,55,0,75,136,0,920
11,"Rock Springs, WY",3,5,5,0,4,12,2,59
11,"Rockford, IL",7,0,4,0,4,8,0,56
11,"Roswell, NM",9,2,8,0,8,17,4,87
11,"Sacramento, CA",419,12,320,2,405,681,19,4658
11,"Saginaw/Bay City/Midland, MI",32,6,17,0,4,40,1,191
11,"Saipan, TT",1,0,0,0,0,1,1,30
11,"Salina, KS",8,1,7,0,2,11,1,59
11,"Salt Lake City, UT",534,69,391,0,428,939,22,8813
11,"San Angelo, TX",6,2,6,0,6,12,1,87
11,"San Antonio, TX",279,18,196,3,243,451,18,3378
11,"San Diego, CA",769,50,1034,5,721,1588,27,7913
11,"San Francisco, CA",1187,110,2363,4,952,3147,147,12176
11,"San Jose, CA",300,15,297,2,347,575,12,4231
11,"San Juan, PR",346,8,335,2,188,502,6,2837
11,"San Luis Obispo, CA",48,6,50,0,46,101,6,521
11,"Sanford, FL",88,8,66,1,107,142,0,695
11,"Santa Ana, CA",277,19,218,1,241,475,20,3578
11,"Santa Barbara, CA",43,8,46,0,50,92,1,644
11,"Santa Fe, NM",40,11,33,0,16,66,15,286
11,"Santa Maria, CA",1,0,1,0,0,1,0,9
11,"Santa Rosa, CA",48,4,68,0,58,116,3,396
11,"Sarasota/Bradenton, FL",92,4,66,0,72,146,11,1317
11,"Sault Ste. Marie, MI",10,0,2,0,0,10,0,59
11,"Savannah, GA",140,2,95,1,110,216,2,1608
11,"Scottsbluff, NE",7,1,3,0,4,11,3,53
11,"Scranton/Wilkes-Barre, PA",15,4,13,0,7,23,1,143
11,"Seattle, WA",756,87,909,15,605,1567,56,12451
11,"Sheridan, WY",8,1,5,0,4,12,3,59
11,"Shreveport, LA",18,4,20,1,14,36,4,420
11,"Sioux City, IA",9,1,6,0,4,15,1,59
11,"Sioux Falls, SD",49,13,45,0,37,95,4,612
11,"Sitka, AK",3,3,10,0,9,17,2,89
11,"South Bend, IN",66,10,61,0,29,104,2,609
11,"Spokane, WA",133,20,116,1,97,221,5,1476
11,"Springfield, IL",1,0,1,0,1,1,0,8
11,"Springfield, MO",78,9,62,0,32,112,10,786
11,"St. Cloud, MN",0,0,0,0,0,0,0,12
11,"St. George, UT",28,8,16,0,15,51,4,310
11,"St. Louis, MO",410,20,268,2,378,623,7,5263
11,"St. Petersburg, FL",36,9,34,2,50,86,0,626
11,"State College, PA",7,1,6,0,0,8,0,41
11,"Stillwater, OK",5,4,4,0,4,13,1,59
11,"Stockton, CA",4,0,8,0,3,9,0,41
11,"Sun Valley/Hailey/Ketchum, ID",3,1,2,0,0,5,1,89
11,"Syracuse, NY",121,9,69,2,68,171,1,996
11,"Tallahassee, FL",24,2,15,0,24,41,2,459
11,"Tampa, FL",512,13,341,2,439,797,15,6349
11,"Texarkana, AR",7,3,7,0,5,15,1,59
11,"Toledo, OH",2,0,2,0,2,2,0,28
11,"Traverse City, MI",18,4,13,0,6,24,0,206
11,"Trenton, NJ",5,0,2,0,3,6,0,76
11,"Tucson, AZ",174,14,127,0,116,276,10,1740
11,"Tulsa, OK",120,18,95,0,83,194,13,1410
11,"Twin Falls, ID",4,0,0,0,0,3,0,46
11,"Tyler, TX",12,4,5,0,6,21,6,87
11,"Valdosta, GA",1,0,2,0,2,3,0,77
11,"Valparaiso, FL",47,3,15,0,36,68,1,649
11,"Victoria, TX",3,1,4,0,4,8,0,52
11,"Waco, TX",6,3,4,0,6,16,2,86
11,"Washington, DC",1117,62,1153,8,934,2047,28,16214
11,"West Palm Beach/Palm Beach, FL",245,0,173,1,161,343,4,2529
11,"White Plains, NY",109,8,76,1,59,143,1,973
11,"Wichita Falls, TX",4,3,4,0,1,8,2,59
11,"Wichita, KS",132,15,109,1,76,211,6,961
11,"Williston, ND",18,4,14,0,7,30,5,169
11,"Wilmington, NC",53,2,36,0,52,83,2,659
11,"Worcester, MA",6,1,8,0,5,10,0,115
11,"Wrangell, AK",2,0,2,0,5,6,0,58
11,"Yakutat, AK",0,2,3,0,3,5,2,58
11,"Yuma, AZ",18,1,13,1,12,33,1,173
12,"Aberdeen, SD",21,2,8,0,0,23,1,60
12,"Abilene, TX",8,7,8,0,18,24,1,151
12,"Adak Island, AK",0,0,0,0,0,0,0,8
12,"Aguadilla, PR",51,0,50,0,49,73,2,227
12,"Akron, OH",52,6,49,0,67,104,1,301
12,"Albany, GA",11,4,5,0,2,16,0,78
12,"Albany, NY",178,11,106,2,151,251,5,980
12,"Albuquerque, NM",234,28,98,1,222,355,11,2017
12,"Alexandria, LA",11,4,5,1,6,22,4,168
12,"Allentown/Bethlehem/Easton, PA",47,4,32,0,50,77,5,348
12,"Alpena, MI",17,4,6,0,0,21,2,54
12,"Amarillo, TX",40,17,21,0,62,82,3,420
12,"Anchorage, AK",111,17,106,19,104,211,13,1164
12,"Appleton, WI",87,24,71,0,46,149,37,606
12,"Arcata/Eureka, CA",10,3,7,0,5,18,0,155
12,"Asheville, NC",84,13,86,2,104,160,6,760
12,"Ashland, WV",6,0,6,0,8,9,1,27
12,"Aspen, CO",113,44,157,0,38,261,42,771
12,"Atlanta, GA",2953,278,2976,15,2979,5568,77,29005
12,"Atlantic City, NJ",21,2,29,0,14,40,2,189
12,"Augusta, GA",34,8,32,0,27,65,4,295
12,"Austin, TX",836,71,671,8,745,1380,31,6930
12,"Bakersfield, CA",29,3,13,0,19,39,0,262
12,"Baltimore, MD",920,28,580,12,927,1329,21,7907
12,"Bangor, ME",36,6,32,0,40,59,5,266
12,"Barrow, AK",4,0,1,0,7,11,1,30
12,"Baton Rouge, LA",25,14,29,0,35,55,6,370
12,"Beaumont/Port Arthur, TX",3,4,1,0,0,7,3,61
12,"Belleville, IL",18,3,14,0,12,29,4,88
12,"Bellingham, WA",5,5,10,0,13,23,5,177
12,"Bemidji, MN",16,1,7,1,0,18,2,62
12,"Bend/Redmond, OR",39,17,39,0,20,77,32,494
12,"Bethel, AK",8,1,7,0,2,14,0,60
12,"Billings, MT",38,8,26,0,27,60,0,372
12,"Binghamton, NY",2,0,4,0,2,5,0,31
12,"Birmingham, AL",197,21,128,0,177,298,4,1456
12,"Bishop, CA",4,2,6,0,4,11,0,33
12,"Bismarck/Mandan, ND",57,10,32,0,16,79,2,388
12,"Bloomington/Normal, IL",5,4,6,0,13,16,0,149
12,"Boise, ID",233,37,193,1,196,419,18,1969
12,"Boston, MA",1521,81,1645,14,1515,2689,170,11769
12,"Bozeman, MT",82,15,61,1,68,141,2,793
12,"Brainerd, MN",10,3,5,0,0,14,3,54
12,"Bristol/Johnson City/Kingsport, TN",23,3,13,0,18,37,0,180
12,"Brownsville, TX",20,2,8,0,5,26,5,133
12,"Brunswick, GA",16,3,6,0,4,21,0,80
12,"Buffalo, NY",296,21,198,3,257,436,13,1735
12,"Burbank, CA",271,22,186,0,334,506,15,2760
12,"Burlington, VT",100,4,83,0,74,166,4,670
12,"Butte, MT",6,0,3,0,0,6,0,58
12,"Casper, WY",11,0,7,0,6,17,0,189
12,"Cedar City, UT",5,0,1,0,0,5,0,54
12,"Cedar Rapids/Iowa City, IA",88,33,74,0,58,152,40,684
12,"Champaign/Urbana, IL",8,7,7,0,15,19,0,89
12,"Charleston, SC",252,20,183,2,238,391,11,1945
12,"Charleston/Dunbar, WV",55,13,35,0,32,84,0,269
12,"Charlotte Amalie, VI",61,3,57,0,29,98,0,483
12,"Charlotte, NC",2049,287,1655,21,2151,3573,70,17817
12,"Charlottesville, VA",29,5,27,0,27,63,0,252
12,"Chattanooga, TN",72,14,69,0,73,138,3,597
12,"Cheyenne, WY",2,0,3,0,1,3,0,58
12,"Chicago, IL",3278,274,2992,16,2688,5668,187,28601
12,"Christiansted, VI",22,1,19,0,18,34,0,127
12,"Cincinnati, OH",400,36,320,3,432,703,20,3206
12,"Clarksburg/Fairmont, WV",2,0,2,0,2,3,1,11
12,"Cleveland, OH",454,32,314,2,413,704,14,3220
12,"Cody, WY",2,1,2,0,2,4,0,62
12,"College Station/Bryan, TX",14,5,7,0,5,21,4,91
12,"Colorado Springs, CO",142,10,65,0,105,200,3,1049
12,"Columbia, MO",16,10,16,0,23,40,1,138
12,"Columbia, SC",80,11,54,0,71,126,3,597
12,"Columbus, GA",8,1,3,0,2,10,2,78
12,"Columbus, MS",5,0,4,0,6,11,0,62
12,"Columbus, OH",466,27,343,4,434,718,15,3591
12,"Concord, NC",19,2,17,0,19,27,0,70
12,"Cordova, AK",2,2,10,0,11,14,1,60
12,"Corpus Christi, TX",23,14,24,0,37,59,2,289
12,"Dallas, TX",744,49,730,9,868,1353,46,6228
12,"Dallas/Fort Worth, TX",3034,732,3122,42,2703,5662,557,25817
12,"Dayton, OH",88,14,71,0,86,140,6,584
12,"Daytona Beach, FL",34,5,16,0,29,48,0,247
12,"Deadhorse, AK",1,1,1,0,2,4,3,46
12,"Decatur, IL",10,1,7,0,3,14,0,53
12,"Denver, CO",2460,186,1387,15,2045,3699,107,25884
12,"Des Moines, IA",139,20,120,1,161,266,4,1268
12,"Detroit, MI",1330,247,1115,3,916,2217,58,11099
12,"Devils Lake, ND",3,0,2,0,1,4,1,57
12,"Dickinson, ND",3,1,2,0,4,7,0,58
12,"Dodge City, KS",1,0,1,0,4,6,1,53
12,"Dothan, AL",8,1,2,0,6,10,0,78
12,"Duluth, MN",27,9,21,0,6,42,5,170
12,"Durango, CO",40,8,21,0,23,66,4,358
12,"Eagle, CO",63,12,90,0,44,132,4,442
12,"Eau Claire, WI",3,2,3,0,2,8,2,32
12,"El Paso, TX",189,19,74,3,189,285,14,1548
12,"Elko, NV",2,0,0,0,0,2,0,31
12,"Elmira/Corning, NY",15,5,9,0,1,21,0,85
12,"Escanaba, MI",13,1,3,0,0,14,0,55
12,"Eugene, OR",74,15,56,1,61,125,7,658
12,"Evansville, IN",19,5,11,0,10,29,0,162
12,"Everett, WA",7,1,13,1,12,22,2,105
12,"Fairbanks, AK",25,1,18,2,14,36,0,219
12,"Fargo, ND",79,27,76,0,46,139,5,599
12,"Fayetteville, AR",133,23,117,0,133,238,5,1290
12,"Fayetteville, NC",15,0,6,0,9,18,0,134
12,"Flagstaff, AZ",18,7,9,0,9,34,2,195
12,"Flint, MI",41,4,45,0,43,68,1,225
12,"Fort Dodge, IA",4,1,4,0,6,11,1,53
12,"Fort Lauderdale, FL",1227,76,1241,22,1040,2058,43,8239
12,"Fort Myers, FL",556,32,566,1,451,954,40,3556
12,"Fort Smith, AR",2,4,5,0,8,10,1,91
12,"Fort Wayne, IN",72,18,50,0,30,110,1,472
12,"Fresno, CA",132,31,115,1,108,259,8,1043
12,"Gainesville, FL",24,0,13,0,22,38,1,241
12,"Garden City, KS",5,3,3,0,5,10,1,61
12,"Gillette, WY",3,0,1,0,0,3,0,62
12,"Grand Forks, ND",14,4,18,1,4,24,0,108
12,"Grand Island, NE",15,8,10,0,8,30,4,89
12,"Grand Junction, CO",30,3,17,0,15,46,0,399
12,"Grand Rapids, MI",217,32,184,0,175,362,7,1617
12,"Great Falls, MT",19,6,12,0,4,28,0,203
12,"Green Bay, WI",62,15,35,1,13,85,5,269
12,"Greensboro/High Point, NC",109,19,77,1,115,194,4,920
12,"Greer, SC",167,19,126,0,171,283,14,1341
12,"Guam, TT",0,0,0,0,3,2,0,62
12,"Gulfport/Biloxi, MS",34,6,33,0,30,57,4,298
12,"Gunnison, CO",8,4,2,0,5,11,2,98
12,"Hagerstown, MD",9,0,4,0,5,9,1,22
12,"Hancock/Houghton, MI",13,3,4,0,3,19,4,62
12,"Harlingen/San Benito, TX",27,8,17,0,34,54,7,403
12,"Harrisburg, PA",73,11,39,0,47,106,3,414
12,"Hartford, CT",286,12,179,4,249,410,6,1903
12,"Hattiesburg/Laurel, MS",2,2,2,0,1,5,2,53
12,"Hayden, CO",42,8,30,0,32,59,3,271
12,"Hays, KS",2,0,0,0,2,4,1,53
12,"Helena, MT",6,4,4,0,4,13,0,121
12,"Hibbing, MN",14,3,9,0,0,17,4,54
12,"Hilo, HI",47,3,5,0,29,51,1,559
12,"Hilton Head, SC",10,3,8,0,11,17,0,77
12,"Hobbs, NM",12,1,9,0,2,15,1,62
12,"Honolulu, HI",526,67,186,5,348,741,21,5277
12,"Houston, TX",1691,139,1600,5,1343,2834,125,14211
12,"Huntsville, AL",73,22,58,1,76,146,5,667
12,"Idaho Falls, ID",31,4,18,0,23,59,1,330
12,"Indianapolis, IN",487,29,362,3,528,803,14,3918
12,"International Falls, MN",14,3,6,0,0,17,3,54
12,"Iron Mountain/Kingsfd, MI",20,0,7,0,0,21,3,60
12,"Islip, NY",66,3,38,0,83,106,6,433
12,"Ithaca/Cortland, NY",2,0,3,0,6,8,0,59
12,"Jackson, WY",66,20,36,0,41,98,10,421
12,"Jackson/Vicksburg, MS",49,13,42,0,70,97,7,570
12,"Jacksonville, FL",425,22,291,3,355,612,13,2611
12,"Jacksonville/Camp Lejeune, NC",15,4,15,0,18,30,0,145
12,"Jamestown, ND",4,1,3,0,4,9,1,57
12,"Johnstown, PA",11,3,8,0,6,20,0,62
12,"Joplin, MO",4,1,4,0,4,10,0,53
12,"Juneau, AK",21,9,32,0,22,54,4,334
12,"Kahului, HI",203,24,48,2,105,258,11,2294
12,"Kalamazoo, MI",13,8,11,0,0,21,3,79
12,"Kalispell, MT",29,5,23,0,17,42,0,259
12,"Kansas City, MO",516,31,276,2,500,759,14,3958
12,"Kearney, NE",3,1,2,0,4,8,2,53
12,"Ketchikan, AK",19,1,19,0,13,33,2,182
12,"Key West, FL",69,10,118,0,67,170,12,776
12,"Killeen, TX",14,9,16,0,23,36,3,156
12,"Knoxville, TN",171,23,178,2,209,339,8,1388
12,"Kodiak, AK",5,3,4,0,3,9,3,60
12,"Kona, HI",132,16,37,0,90,175,3,1391
12,"Kotzebue, AK",3,1,2,0,1,6,1,30
12,"La Crosse, WI",0,0,0,0,1,1,0,8
12,"Lafayette, LA",24,5,12,1,23,39,5,289
12,"Lake Charles, LA",8,3,8,0,1,13,5,91
12,"Lansing, MI",19,3,9,0,3,23,1,94
12,"Laramie, WY",5,0,3,0,1,6,0,53
12,"Laredo, TX",13,8,17,0,17,27,2,160
12,"Las Vegas, NV",1604,113,1115,17,1623,2621,63,15576
12,"Latrobe, PA",1,0,2,0,1,1,1,31
12,"Lawton/Fort Sill, OK",13,7,8,0,2,22,3,91
12,"Lewiston, ID",4,3,3,0,0,7,0,93
12,"Lexington, KY",98,16,53,0,78,146,2,714
12,"Liberal, KS",5,1,1,0,3,9,0,53
12,"Lihue, HI",104,17,31,2,69,140,0,1362
12,"Lincoln, NE",20,2,7,0,3,25,1,172
12,"Little Rock, AR",124,25,99,0,120,205,6,996
12,"Long Beach, CA",141,8,88,0,153,243,15,1494
12,"Longview, TX",10,1,4,0,2,13,4,61
12,"Los Angeles, CA",1865,212,1203,14,1216,2832,63,16498
12,"Louisville, KY",242,25,143,2,202,352,6,1810
12,"Lubbock, TX",65,16,28,1,78,118,4,570
12,"Madison, WI",166,17,112,1,111,237,5,937
12,"Manchester, NH",58,2,31,1,70,93,2,425
12,"Manhattan/Ft. Riley, KS",3,1,1,0,2,5,3,91
12,"Marquette, MI",8,4,4,0,8,15,3,62
12,"Mason City, IA",6,0,4,0,7,11,5,53
12,"Medford, OR",37,21,30,0,17,73,17,376
12,"Melbourne, FL",30,3,20,0,28,49,1,258
12,"Memphis, TN",257,28,169,3,216,389,8,1772
12,"Meridian, MS",6,0,3,0,6,12,1,53
12,"Miami, FL",1472,97,1368,21,1064,2329,50,9957
12,"Midland/Odessa, TX",68,19,49,0,68,131,3,827
12,"Milwaukee, WI",350,29,198,1,250,503,8,2205
12,"Minneapolis, MN",1193,246,890,5,818,2043,64,10491
12,"Minot, ND",26,14,19,0,6,44,0,221
12,"Mission/McAllen/Edinburg, TX",65,16,33,1,48,93,7,461
12,"Missoula, MT",29,4,32,0,14,48,2,303
12,"Mobile, AL",25,9,24,0,26,46,4,230
12,"Moline, IL",38,12,28,0,30,65,3,356
12,"Monroe, LA",12,9,8,0,11,27,4,169
12,"Monterey, CA",34,3,30,0,42,78,4,407
12,"Montgomery, AL",35,7,16,0,15,55,5,243
12,"Montrose/Delta, CO",34,7,34,0,26,58,1,248
12,"Morgantown, WV",4,4,2,0,3,11,1,38
12,"Mosinee, WI",4,5,8,0,2,14,1,62
12,"Myrtle Beach, SC",109,17,90,0,110,196,4,875
12,"Nashville, TN",978,68,688,11,997,1566,30,8069
12,"New Orleans, LA",526,36,376,4,486,821,16,4206
12,"New York, NY",2835,260,3332,16,2563,5390,93,23296
12,"Newark, NJ",1312,94,2036,7,1098,2876,84,10871
12,"Newburgh/Poughkeepsie, NY",4,1,1,0,4,7,0,55
12,"Niagara Falls, NY",2,0,1,0,1,4,1,32
12,"Nome, AK",2,0,4,0,3,5,0,30
12,"Norfolk, VA",262,20,233,0,225,400,11,1726
12,"North Bend/Coos Bay, OR",2,0,3,0,2,5,0,21
12,"North Platte, NE",5,0,2,0,1,6,0,53
12,"Oakland, CA",314,9,176,3,402,536,32,3178
12,"Oklahoma City, OK",252,33,128,2,203,368,10,1885
12,"Omaha, NE",242,30,154,3,200,382,6,1994
12,"Ontario, CA",238,19,107,2,208,353,7,2114
12,"Orlando, FL",1815,111,1618,15,1673,3061,59,13640
12,"Pago Pago, TT",1,0,0,0,0,1,0,12
12,"Palm Springs, CA",125,12,119,0,132,244,6,1400
12,"Panama City, FL",54,12,42,0,54,91,1,480
12,"Pasco/Kennewick/Richland, WA",55,20,34,2,18,92,2,567
12,"Pellston, MI",9,4,4,0,0,14,3,54
12,"Pensacola, FL",156,20,107,1,148,234,3,1005
12,"Peoria, IL",40,11,43,0,44,87,1,379
12,"Petersburg, AK",1,5,8,0,7,11,0,60
12,"Philadelphia, PA",962,79,867,10,955,1658,31,7460
12,"Phoenix, AZ",1811,182,1071,15,1663,2858,87,17968
12,"Pittsburgh, PA",439,38,315,3,430,699,22,3390
12,"Plattsburgh, NY",5,2,9,1,3,16,5,70
12,"Pocatello, ID",3,1,2,0,0,4,0,57
12,"Ponce, PR",16,1,9,0,18,23,1,79
12,"Portland, ME",123,16,85,1,103,191,3,784
12,"Portland, OR",526,50,510,8,535,1010,14,5063
12,"Portsmouth, NH",4,1,1,0,1,5,1,44
12,"Prescott, AZ",7,0,4,0,3,10,0,62
12,"Presque Isle/Houlton, ME",5,2,6,0,5,8,1,31
12,"Providence, RI",197,7,114,0,194,288,1,1302
12,"Provo, UT",47,12,40,2,42,86,3,279
12,"Punta Gorda, FL",84,20,143,1,115,224,10,781
12,"Raleigh/Durham, NC",640,41,429,4,621,995,16,5007
12,"Rapid City, SD",36,10,27,0,25,62,0,455
12,"Redding, CA",13,4,10,1,5,22,1,146
12,"Reno, NV",193,23,129,1,187,331,13,1773
12,"Rhinelander, WI",12,2,7,0,0,14,3,61
12,"Richmond, VA",222,19,145,1,188,344,9,1520
12,"Riverton/Lander, WY",5,1,2,0,0,6,0,62
12,"Roanoke, VA",42,5,33,0,31,68,6,252
12,"Rochester, MN",20,6,14,0,1,29,3,102
12,"Rochester, NY",141,9,114,2,136,241,2,965
12,"Rock Springs, WY",4,1,2,0,1,6,0,62
12,"Rockford, IL",7,1,5,0,1,9,1,83
12,"Roswell, NM",11,3,8,0,6,20,5,90
12,"Sacramento, CA",552,54,403,5,557,885,30,4529
12,"Saginaw/Bay City/Midland, MI",50,9,28,0,7,65,2,194
12,"Saipan, TT",1,0,0,0,0,1,0,31
12,"Salina, KS",7,0,4,0,4,10,0,62
12,"Salt Lake City, UT",911,173,552,6,696,1483,30,9498
12,"San Angelo, TX",16,1,10,0,3,19,5,91
12,"San Antonio, TX",470,34,291,0,425,716,23,3449
12,"San Diego, CA",977,166,1240,7,980,2054,194,8077
12,"San Francisco, CA",1368,172,1788,7,1078,2949,93,12107
12,"San Jose, CA",404,41,265,6,484,744,39,4148
12,"San Juan, PR",669,29,583,8,441,977,10,3525
12,"San Luis Obispo, CA",45,17,39,0,41,99,19,503
12,"Sanford, FL",187,25,165,1,239,333,7,923
12,"Santa Ana, CA",354,32,256,2,325,611,27,3651
12,"Santa Barbara, CA",54,14,43,1,52,105,7,630
12,"Santa Fe, NM",29,9,17,0,20,54,2,285
12,"Santa Maria, CA",0,0,1,0,1,2,0,9
12,"Santa Rosa, CA",31,8,59,0,49,103,5,387
12,"Sarasota/Bradenton, FL",209,22,215,2,176,387,19,1565
12,"Sault Ste. Marie, MI",29,5,13,0,0,34,2,60
12,"Savannah, GA",229,19,165,1,208,355,8,1600
12,"Scottsbluff, NE",5,0,2,0,2,7,0,53
12,"Scranton/Wilkes-Barre, PA",12,2,14,0,15,22,0,142
12,"Seattle, WA",1024,207,1069,22,994,2145,82,12589
12,"Sheridan, WY",3,0,1,0,3,6,0,62
12,"Shreveport, LA",45,22,37,0,38,90,5,452
12,"Sioux City, IA",6,1,4,0,3,9,3,62
12,"Sioux Falls, SD",89,19,50,2,48,145,22,662
12,"Sitka, AK",8,1,12,0,11,19,0,92
12,"South Bend, IN",115,15,71,1,38,160,3,632
12,"Spokane, WA",189,24,112,2,141,289,3,1466
12,"Springfield, IL",4,0,1,0,4,4,0,15
12,"Springfield, MO",110,18,75,1,93,182,3,825
12,"St. Cloud, MN",0,0,0,0,0,0,1,17
12,"St. George, UT",26,6,9,0,5,35,0,313
12,"St. Louis, MO",624,36,328,2,621,938,21,5384
12,"St. Petersburg, FL",83,23,128,1,131,223,15,805
12,"State College, PA",2,1,4,0,2,6,0,19
12,"Stillwater, OK",3,1,0,0,1,5,4,61
12,"Stockton, CA",4,1,8,0,10,14,0,53
12,"Sun Valley/Hailey/Ketchum, ID",15,5,10,0,8,29,4,206
12,"Syracuse, NY",163,22,111,0,127,252,6,1044
12,"Tallahassee, FL",43,8,31,0,40,72,4,439
12,"Tampa, FL",960,48,952,8,905,1650,17,6799
12,"Texarkana, AR",8,3,3,0,3,14,3,61
12,"Toledo, OH",3,2,5,1,2,8,0,37
12,"Traverse City, MI",45,12,48,0,39,83,2,307
12,"Trenton, NJ",12,0,4,0,16,21,7,120
12,"Tucson, AZ",207,38,100,0,160,335,12,1873
12,"Tulsa, OK",195,23,94,0,154,278,12,1467
12,"Twin Falls, ID",9,0,1,0,0,9,0,57
12,"Tyler, TX",12,9,10,0,8,30,2,91
12,"Valdosta, GA",9,3,6,0,13,19,0,78
12,"Valparaiso, FL",78,19,46,0,79,124,13,640
12,"Victoria, TX",5,0,2,0,1,6,1,56
12,"Waco, TX",13,7,9,0,2,21,3,90
12,"Washington, DC",1822,212,2005,12,1857,3510,119,15818
12,"West Palm Beach/Palm Beach, FL",533,31,627,1,474,979,20,2970
12,"White Plains, NY",203,23,147,2,182,290,14,1019
12,"Wichita Falls, TX",5,2,6,0,6,11,0,61
12,"Wichita, KS",99,17,85,1,79,172,8,871
12,"Williston, ND",29,9,12,0,5,44,1,178
12,"Wilmington, NC",85,10,78,1,99,158,5,709
12,"Worcester, MA",9,4,10,0,14,22,3,120
12,"Wrangell, AK",2,1,5,0,6,9,2,60
12,"Yakutat, AK",2,1,5,0,5,9,0,60
12,"Yuma, AZ",24,3,12,0,12,37,1,157
