month,origin_city,bool_carrier_delay_min,bool_weather_delay_min,bool_traffic_delay_min,bool_security_delay_min,bool_late_aircraft_delay_min,is_late,cancelled,flight_number
1,"Aberdeen, SD",5,2,1,0,0,6,4,61
1,"Abilene, TX",6,12,17,0,20,33,2,151
1,"Adak Island, AK",0,0,2,2,0,2,3,9
1,"Aguadilla, PR",21,1,27,0,34,46,1,229
1,"Akron, OH",27,5,35,0,28,61,12,269
1,"Albany, GA",8,2,3,0,0,10,0,62
1,"Albany, NY",76,19,132,2,92,182,22,863
1,"Albuquerque, NM",135,36,169,0,198,320,33,1808
1,"Alexandria, LA",17,9,23,1,11,41,8,155
1,"Allentown/Bethlehem/Easton, PA",32,8,46,1,32,75,11,349
1,"Alpena, MI",5,6,4,0,0,12,13,51
1,"Amarillo, TX",29,6,53,1,50,90,19,397
1,"Anchorage, AK",106,30,138,0,114,267,102,1130
1,"Appleton, WI",61,29,67,0,22,127,27,461
1,"Arcata/Eureka, CA",5,4,15,0,11,29,3,148
1,"Asheville, NC",86,16,107,2,89,181,16,853
1,"Ashland, WV",3,0,3,0,3,5,0,20
1,"Aspen, CO",74,64,143,16,94,290,107,971
1,"Atlanta, GA",3338,401,2728,11,2084,5239,272,26315
1,"Atlantic City, NJ",13,3,47,0,13,50,5,262
1,"Augusta, GA",44,21,32,0,19,81,4,248
1,"Austin, TX",855,110,817,17,1023,1589,224,6692
1,"Bakersfield, CA",13,2,10,0,7,22,0,179
1,"Baltimore, MD",1356,114,1197,7,1224,2070,274,7551
1,"Bangor, ME",13,2,22,0,17,34,23,240
1,"Barrow, AK",0,3,4,2,7,9,8,30
1,"Baton Rouge, LA",41,24,51,3,45,99,16,385
1,"Beaumont/Port Arthur, TX",9,6,4,0,6,15,2,62
1,"Belleville, IL",7,1,8,0,11,12,2,60
1,"Bellingham, WA",23,10,23,0,13,41,2,204
1,"Bemidji, MN",13,5,9,0,0,18,0,61
1,"Bend/Redmond, OR",50,58,83,2,32,129,47,490
1,"Bethel, AK",2,1,14,17,14,23,2,60
1,"Billings, MT",24,19,47,0,21,65,4,278
1,"Binghamton, NY",1,0,6,0,2,7,5,32
1,"Birmingham, AL",98,28,122,0,163,262,46,1306
1,"Bishop, CA",2,0,4,0,6,11,2,54
1,"Bismarck/Mandan, ND",35,13,32,1,18,65,10,277
1,"Bloomington/Normal, IL",12,8,30,0,21,44,11,143
1,"Boise, ID",170,68,243,1,168,388,27,1597
1,"Boston, MA",1343,300,1533,8,958,2380,325,10134
1,"Bozeman, MT",71,31,101,0,104,190,26,841
1,"Brainerd, MN",9,3,2,0,0,12,0,52
1,"Bristol/Johnson City/Kingsport, TN",17,4,20,0,20,40,5,192
1,"Brownsville, TX",6,3,10,1,14,19,3,111
1,"Brunswick, GA",15,7,8,0,0,23,0,62
1,"Buffalo, NY",170,63,303,0,188,395,225,1579
1,"Burbank, CA",144,13,194,0,200,378,48,2330
1,"Burlington, VT",51,12,70,0,52,111,24,525
1,"Butte, MT",3,3,2,0,0,6,0,56
1,"Casper, WY",4,1,1,0,1,6,0,64
1,"Cedar City, UT",3,5,3,0,0,8,0,52
1,"Cedar Rapids/Iowa City, IA",80,52,93,0,81,185,63,586
1,"Champaign/Urbana, IL",9,11,11,0,13,28,16,123
1,"Charleston, SC",151,16,174,1,206,331,51,1753
1,"Charleston/Dunbar, WV",45,19,53,1,26,88,15,260
1,"Charlotte Amalie, VI",45,3,86,0,75,125,2,553
1,"Charlotte, NC",2276,704,1992,108,2574,4249,301,16378
1,"Charlottesville, VA",21,5,40,0,14,47,18,236
1,"Chattanooga, TN",47,20,55,1,69,114,24,471
1,"Cheyenne, WY",2,0,0,0,1,3,4,57
1,"Chicago, IL",3589,1249,4323,15,3490,7352,1911,26207
1,"Christiansted, VI",13,0,36,11,28,43,0,146
1,"Cincinnati, OH",259,64,380,0,251,600,74,3111
1,"Clarksburg/Fairmont, WV",0,0,1,0,1,2,0,15
1,"Cleveland, OH",348,57,411,2,356,691,169,3107
1,"College Station/Bryan, TX",8,6,8,0,7,19,5,93
1,"Colorado Springs, CO",80,7,97,0,82,180,13,956
1,"Columbia, MO",10,13,22,0,12,34,20,131
1,"Columbia, SC",28,5,46,0,56,85,18,486
1,"Columbus, GA",22,4,13,0,1,27,2,82
1,"Columbus, MS",1,1,5,0,8,10,6,62
1,"Columbus, OH",242,39,389,2,261,598,89,3225
1,"Concord, NC",6,0,3,0,10,14,0,68
1,"Cordova, AK",1,1,13,0,13,15,2,60
1,"Corpus Christi, TX",13,13,40,0,46,66,7,317
1,"Dallas, TX",892,26,556,4,963,1313,213,6037
1,"Dallas/Fort Worth, TX",3853,1243,3445,18,3913,6744,654,23570
1,"Dayton, OH",51,6,72,0,61,126,14,577
1,"Daytona Beach, FL",14,2,6,0,17,26,2,201
1,"Deadhorse, AK",0,0,2,0,6,5,6,46
1,"Decatur, IL",3,0,7,0,9,15,13,83
1,"Denver, CO",3724,293,2551,136,3088,5603,991,23361
1,"Des Moines, IA",183,72,233,4,157,366,101,1252
1,"Detroit, MI",1476,525,1702,6,732,2744,324,9473
1,"Devils Lake, ND",1,1,0,0,1,3,9,56
1,"Dickinson, ND",3,1,2,0,3,7,4,53
1,"Dodge City, KS",1,2,6,0,4,8,8,52
1,"Dothan, AL",4,2,13,0,5,15,0,62
1,"Duluth, MN",25,12,13,0,7,44,5,150
1,"Durango, CO",34,8,36,0,28,68,3,273
1,"Eagle, CO",120,12,119,0,124,208,7,633
1,"El Paso, TX",101,20,87,0,143,206,22,1286
1,"Elko, NV",2,1,2,0,0,3,1,31
1,"Elmira/Corning, NY",19,6,11,0,2,26,1,76
1,"Escanaba, MI",8,1,3,0,0,9,3,52
1,"Eugene, OR",60,22,45,1,40,113,89,588
1,"Evansville, IN",16,6,23,0,21,43,4,152
1,"Everett, WA",5,2,15,0,4,17,26,112
1,"Fairbanks, AK",13,5,26,0,25,48,12,194
1,"Fargo, ND",43,22,56,1,57,109,17,531
1,"Fayetteville, AR",72,91,215,5,121,285,33,979
1,"Fayetteville, NC",9,7,11,0,6,19,3,123
1,"Flagstaff, AZ",16,6,12,0,1,24,0,110
1,"Flint, MI",19,8,45,0,16,57,7,159
1,"Fort Dodge, IA",4,1,4,0,7,12,7,52
1,"Fort Lauderdale, FL",1658,55,1452,106,1334,2442,265,8460
1,"Fort Myers, FL",386,27,399,0,582,803,148,3839
1,"Fort Smith, AR",12,10,20,0,9,28,11,93
1,"Fort Wayne, IN",49,15,64,0,39,103,21,312
1,"Fresno, CA",74,16,62,3,74,155,8,871
1,"Gainesville, FL",17,0,6,0,17,24,5,205
1,"Garden City, KS",9,3,6,0,2,14,8,62
1,"Gillette, WY",4,3,8,0,3,12,3,61
1,"Grand Forks, ND",16,5,12,0,5,23,0,119
1,"Grand Island, NE",16,3,16,0,3,24,5,81
1,"Grand Junction, CO",28,5,14,0,15,43,3,277
1,"Grand Rapids, MI",168,105,338,1,203,473,99,1569
1,"Great Falls, MT",15,14,21,1,15,45,4,217
1,"Green Bay, WI",47,16,36,0,18,91,20,332
1,"Greensboro/High Point, NC",67,8,88,0,80,152,22,915
1,"Greer, SC",104,21,94,1,124,214,37,1207
1,"Guam, TT",1,0,0,0,1,1,0,62
1,"Gulfport/Biloxi, MS",10,14,20,0,24,42,5,234
1,"Gunnison, CO",6,3,14,2,18,26,2,100
1,"Hagerstown, MD",3,1,2,0,4,5,0,17
1,"Hancock/Houghton, MI",6,2,5,0,5,13,13,61
1,"Harlingen/San Benito, TX",19,4,30,0,43,62,4,338
1,"Harrisburg, PA",25,11,46,0,33,73,11,363
1,"Hartford, CT",191,32,289,7,213,407,62,1602
1,"Hattiesburg/Laurel, MS",2,0,0,0,3,5,3,52
1,"Hayden, CO",55,6,76,0,78,117,1,418
1,"Hays, KS",1,1,6,0,13,15,7,61
1,"Helena, MT",23,8,24,0,11,43,5,161
1,"Hibbing, MN",8,2,2,0,0,9,0,51
1,"Hilo, HI",67,35,30,16,88,120,6,597
1,"Hilton Head, SC",2,1,5,0,9,10,5,62
1,"Honolulu, HI",644,137,101,3,655,971,144,5169
1,"Houston, TX",1834,245,1649,10,1773,3091,657,13538
1,"Huntsville, AL",66,32,78,0,95,153,48,675
1,"Idaho Falls, ID",15,15,21,0,11,37,3,228
1,"Indianapolis, IN",351,46,472,1,345,729,90,3552
1,"International Falls, MN",4,1,0,0,0,4,1,51
1,"Iron Mountain/Kingsfd, MI",14,8,11,0,0,22,1,61
1,"Islip, NY",41,4,81,1,67,115,9,479
1,"Ithaca/Cortland, NY",1,2,3,0,5,8,5,62
1,"Jackson, WY",68,10,71,0,75,137,9,556
1,"Jackson/Vicksburg, MS",29,25,45,1,57,85,12,526
1,"Jacksonville, FL",206,33,204,0,293,436,44,2311
1,"Jacksonville/Camp Lejeune, NC",2,0,6,0,9,12,1,71
1,"Jamestown, ND",0,0,1,0,3,4,8,56
1,"Johnstown, PA",4,1,7,0,10,14,9,62
1,"Joplin, MO",8,0,5,0,1,11,6,51
1,"Juneau, AK",31,19,71,0,45,99,15,334
1,"Kahului, HI",273,96,104,1,296,427,96,2263
1,"Kalamazoo, MI",13,9,6,0,0,23,8,82
1,"Kalispell, MT",30,20,39,2,20,75,16,249
1,"Kansas City, MO",518,91,708,3,510,989,184,3780
1,"Ketchikan, AK",5,4,13,0,26,33,12,182
1,"Key West, FL",140,16,99,16,179,228,21,856
1,"Killeen, TX",18,7,17,0,14,33,9,129
1,"Knoxville, TN",112,32,161,1,141,270,70,1117
1,"Kodiak, AK",4,3,3,0,9,15,3,56
1,"Kona, HI",138,61,74,0,195,245,73,1402
1,"Kotzebue, AK",0,0,3,0,3,4,4,30
1,"La Crosse, WI",1,0,0,0,0,1,1,6
1,"Lafayette, LA",17,23,22,1,33,50,16,217
1,"Lake Charles, LA",14,3,5,0,3,22,5,93
1,"Lansing, MI",19,4,19,0,11,36,8,103
1,"Laramie, WY",0,0,3,1,3,4,6,52
1,"Laredo, TX",7,2,11,0,17,26,2,129
1,"Las Vegas, NV",1726,48,1444,5,1835,3038,374,14942
1,"Latrobe, PA",1,1,4,0,5,7,1,31
1,"Lawton/Fort Sill, OK",10,7,7,0,6,21,5,91
1,"Lewiston, ID",16,2,9,1,6,26,3,93
1,"Lexington, KY",69,24,101,1,75,166,15,632
1,"Liberal, KS",1,0,1,0,0,1,2,11
1,"Lihue, HI",130,79,107,0,230,309,8,1323
1,"Lincoln, NE",3,2,10,0,11,17,3,48
1,"Little Rock, AR",76,61,136,0,123,236,26,900
1,"Long Beach, CA",113,7,103,0,165,243,25,1487
1,"Longview, TX",9,6,7,0,1,16,3,61
1,"Los Angeles, CA",1594,83,1517,21,1139,2726,471,15228
1,"Louisville, KY",190,35,246,0,160,391,37,1755
1,"Lubbock, TX",31,20,34,0,58,91,19,477
1,"Madison, WI",126,34,129,3,68,239,41,836
1,"Manchester, NH",28,6,52,0,44,78,13,362
1,"Manhattan/Ft. Riley, KS",5,6,10,0,12,19,2,93
1,"Marquette, MI",0,0,1,0,2,2,3,31
1,"Mason City, IA",1,3,4,0,10,14,8,52
1,"Medford, OR",29,8,12,0,14,48,3,363
1,"Melbourne, FL",16,4,6,0,29,38,0,223
1,"Memphis, TN",156,56,231,1,163,373,62,1673
1,"Meridian, MS",2,0,0,0,2,4,6,52
1,"Miami, FL",2010,95,1839,32,1777,3075,258,10214
1,"Midland/Odessa, TX",36,20,57,2,64,116,17,688
1,"Milwaukee, WI",252,93,346,0,238,555,145,2161
1,"Minneapolis, MN",1080,193,907,0,445,1748,175,9438
1,"Minot, ND",27,13,28,1,10,53,16,189
1,"Mission/McAllen/Edinburg, TX",15,4,24,3,36,54,9,285
1,"Missoula, MT",28,22,38,2,19,65,17,242
1,"Moab, UT",1,0,0,0,2,3,2,31
1,"Mobile, AL",16,12,20,0,17,39,3,192
1,"Moline, IL",26,32,57,1,40,96,46,346
1,"Monroe, LA",19,4,29,0,24,48,7,155
1,"Monterey, CA",18,2,23,0,26,40,1,309
1,"Montgomery, AL",29,8,20,0,28,49,6,189
1,"Montrose/Delta, CO",24,5,45,2,59,77,4,376
1,"Mosinee, WI",2,0,1,0,5,7,2,62
1,"Myrtle Beach, SC",26,9,47,0,72,102,11,780
1,"Nashville, TN",797,216,923,2,993,1654,522,7556
1,"New Orleans, LA",509,54,507,1,675,975,115,4065
1,"New York, NY",2621,297,2865,19,2210,4654,860,22171
1,"Newark, NJ",1204,112,1075,6,961,1859,706,10176
1,"Newburgh/Poughkeepsie, NY",4,1,8,0,3,7,0,30
1,"Niagara Falls, NY",7,2,10,0,2,13,2,38
1,"Nome, AK",0,1,3,0,4,4,3,30
1,"Norfolk, VA",100,9,150,0,150,260,32,1482
1,"North Bend/Coos Bay, OR",1,1,0,0,1,3,1,17
1,"North Platte, NE",3,0,6,0,5,9,1,51
1,"Oakland, CA",348,12,260,1,351,585,61,3538
1,"Oklahoma City, OK",145,36,189,0,161,331,60,1732
1,"Omaha, NE",247,86,322,0,199,485,109,1904
1,"Ontario, CA",135,11,103,1,169,265,42,1888
1,"Orlando, FL",2235,156,2109,55,2061,3574,418,14296
1,"Pago Pago, TT",2,0,0,0,3,2,0,10
1,"Palm Springs, CA",108,14,139,0,137,258,58,1431
1,"Panama City, FL",30,5,39,0,51,70,5,417
1,"Pasco/Kennewick/Richland, WA",34,40,49,0,15,95,10,371
1,"Pellston, MI",6,5,4,0,0,11,12,52
1,"Pensacola, FL",72,19,76,0,110,162,16,857
1,"Peoria, IL",22,31,41,0,33,80,33,284
1,"Petersburg, AK",2,2,8,0,10,13,3,60
1,"Philadelphia, PA",849,180,1165,7,854,1742,183,6943
1,"Phoenix, AZ",1785,59,1448,15,1834,3074,326,15889
1,"Pittsburgh, PA",219,35,436,0,312,618,75,3250
1,"Plattsburgh, NY",1,3,8,0,8,14,0,40
1,"Pocatello, ID",4,5,4,0,0,8,0,62
1,"Ponce, PR",11,0,14,0,11,19,1,92
1,"Portland, ME",47,15,70,0,69,114,42,599
1,"Portland, OR",422,155,463,3,375,904,394,4275
1,"Portsmouth, NH",3,1,4,0,2,7,0,23
1,"Prescott, AZ",4,2,4,0,4,11,0,62
1,"Providence, RI",95,17,137,1,128,212,42,968
1,"Provo, UT",16,8,15,0,6,28,2,166
1,"Punta Gorda, FL",67,13,41,0,68,113,8,540
1,"Raleigh/Durham, NC",460,30,532,2,519,920,118,4490
1,"Rapid City, SD",29,18,23,0,17,56,6,295
1,"Redding, CA",2,0,3,0,3,6,0,93
1,"Reno, NV",104,32,127,0,125,249,22,1545
1,"Rhinelander, WI",5,2,1,0,0,7,1,61
1,"Richmond, VA",134,16,212,3,142,313,19,1332
1,"Riverton/Lander, WY",2,0,2,0,2,5,2,39
1,"Roanoke, VA",35,7,34,0,41,65,15,256
1,"Rochester, MN",5,1,1,0,5,10,5,89
1,"Rochester, NY",113,21,156,1,132,231,43,956
1,"Rock Springs, WY",1,0,4,0,2,6,1,39
1,"Rockford, IL",3,2,9,0,3,13,0,65
1,"Roswell, NM",12,1,7,0,0,14,3,62
1,"Sacramento, CA",306,22,231,3,358,610,57,4144
1,"Saginaw/Bay City/Midland, MI",31,18,34,0,15,65,21,164
1,"Saipan, TT",1,0,0,0,0,1,0,31
1,"Salina, KS",0,1,5,0,8,10,7,61
1,"Salt Lake City, UT",1301,245,1125,5,690,2080,103,9459
1,"San Angelo, TX",5,11,8,1,11,24,2,93
1,"San Antonio, TX",264,27,275,2,347,558,100,3282
1,"San Diego, CA",544,64,637,12,676,1179,353,7075
1,"San Francisco, CA",1120,59,913,1,948,1969,574,10133
1,"San Jose, CA",295,11,238,1,313,564,74,3832
1,"San Juan, PR",544,9,501,7,558,846,28,3027
1,"San Luis Obispo, CA",31,2,29,0,27,61,1,351
1,"Sanford, FL",79,12,58,0,66,132,10,744
1,"Santa Ana, CA",302,19,318,2,379,625,39,3642
1,"Santa Barbara, CA",32,6,47,1,53,98,5,543
1,"Santa Fe, NM",18,6,14,0,3,28,2,124
1,"Santa Maria, CA",2,0,0,0,2,3,0,9
1,"Santa Rosa, CA",7,8,15,0,26,44,4,250
1,"Sarasota/Bradenton, FL",145,12,123,2,242,314,35,1585
1,"Sault Ste. Marie, MI",11,5,6,0,0,16,6,61
1,"Savannah, GA",122,12,98,1,137,221,24,1333
1,"Scottsbluff, NE",0,1,3,0,3,4,2,51
1,"Scranton/Wilkes-Barre, PA",16,6,14,0,19,34,3,128
1,"Seattle, WA",1365,233,1187,15,1098,2575,965,11751
1,"Sheridan, WY",4,1,2,1,1,7,5,61
1,"Shreveport, LA",17,12,41,0,37,64,26,307
1,"Sioux City, IA",4,1,3,0,5,10,7,61
1,"Sioux Falls, SD",57,57,122,1,55,169,22,570
1,"Sitka, AK",4,0,9,0,14,19,6,92
1,"South Bend, IN",95,50,100,0,47,173,47,507
1,"Spokane, WA",122,52,157,2,102,272,46,1288
1,"Springfield, IL",1,3,4,0,3,6,0,12
1,"Springfield, MO",68,62,126,0,79,173,31,605
1,"St. Cloud, MN",1,1,3,0,2,5,0,18
1,"St. George, UT",18,5,16,0,6,31,0,207
1,"St. Louis, MO",689,56,675,1,761,1178,224,4935
1,"St. Petersburg, FL",36,17,41,0,61,97,5,580
1,"State College, PA",2,0,1,0,0,2,3,23
1,"Stillwater, OK",3,4,7,0,0,9,5,62
1,"Stockton, CA",2,1,8,1,12,13,0,39
1,"Sun Valley/Hailey/Ketchum, ID",14,16,26,0,19,52,5,264
1,"Syracuse, NY",87,17,127,0,102,202,30,1071
1,"Tallahassee, FL",44,4,46,2,61,89,7,480
1,"Tampa, FL",699,24,623,1,864,1283,214,6822
1,"Texarkana, AR",9,4,5,0,2,16,6,69
1,"Toledo, OH",4,2,7,0,5,8,0,38
1,"Traverse City, MI",27,13,44,0,25,70,19,211
1,"Trenton, NJ",17,0,33,0,32,55,18,245
1,"Tucson, AZ",113,20,116,0,136,262,14,1582
1,"Tulsa, OK",103,31,162,0,132,268,33,1218
1,"Twin Falls, ID",2,3,4,0,0,4,2,62
1,"Tyler, TX",13,6,11,0,6,26,8,93
1,"Valdosta, GA",2,0,2,0,4,5,0,62
1,"Valparaiso, FL",37,12,41,0,56,90,7,553
1,"Vernal, UT",2,0,6,0,2,5,0,52
1,"Victoria, TX",2,0,4,0,4,8,3,53
1,"Waco, TX",14,4,6,0,7,22,7,93
1,"Walla Walla, WA",8,2,6,0,5,15,13,62
1,"Washington, DC",1496,507,1988,16,1636,3256,936,15474
1,"West Palm Beach/Palm Beach, FL",373,22,321,3,446,645,106,2909
1,"White Plains, NY",168,41,194,2,148,307,36,1074
1,"Wichita Falls, TX",9,8,8,0,2,19,5,62
1,"Wichita, KS",70,22,112,0,75,171,20,748
1,"Williston, ND",19,5,20,0,7,34,8,149
1,"Wilmington, NC",24,10,42,0,59,86,15,500
1,"Worcester, MA",14,1,16,0,11,22,9,101
1,"Wrangell, AK",2,0,8,0,13,15,3,60
1,"Yakutat, AK",0,1,9,0,12,14,4,60
1,"Yuma, AZ",11,1,11,0,3,19,0,111
2,"Aberdeen, SD",2,2,0,0,0,4,0,58
2,"Abilene, TX",6,1,11,0,7,16,0,141
2,"Adak Island, AK",0,0,0,0,0,0,1,8
2,"Aguadilla, PR",12,1,21,0,28,34,5,200
2,"Akron, OH",17,1,12,0,7,26,0,251
2,"Albany, GA",6,3,1,0,0,9,0,58
2,"Albany, NY",49,5,57,1,45,96,3,883
2,"Albuquerque, NM",121,16,131,2,125,242,7,1632
2,"Alexandria, LA",13,3,9,0,7,22,1,144
2,"Allentown/Bethlehem/Easton, PA",16,2,16,0,12,33,3,334
2,"Alpena, MI",4,4,2,0,0,8,0,50
2,"Amarillo, TX",22,4,35,0,14,50,1,393
2,"Anchorage, AK",58,13,103,0,48,149,7,1071
2,"Appleton, WI",41,14,24,0,13,75,3,435
2,"Arcata/Eureka, CA",14,5,24,0,16,49,5,138
2,"Asheville, NC",36,3,54,0,36,80,3,753
2,"Ashland, WV",8,0,6,0,8,9,0,17
2,"Aspen, CO",88,66,149,22,85,305,78,906
2,"Atlanta, GA",1975,63,1650,11,858,2937,21,24821
2,"Atlantic City, NJ",18,1,39,1,17,53,1,282
2,"Augusta, GA",24,8,8,0,7,34,0,239
2,"Austin, TX",420,23,543,3,455,887,21,5873
2,"Bakersfield, CA",9,1,8,0,5,18,2,179
2,"Baltimore, MD",587,12,462,2,465,932,18,6894
2,"Bangor, ME",9,0,23,0,14,30,4,235
2,"Barrow, AK",0,1,6,1,5,7,1,29
2,"Baton Rouge, LA",33,6,25,0,21,47,1,386
2,"Beaumont/Port Arthur, TX",2,0,6,0,2,5,0,58
2,"Belleville, IL",7,3,7,0,11,14,0,55
2,"Bellingham, WA",8,1,18,0,6,22,2,200
2,"Bemidji, MN",2,1,1,0,0,3,2,58
2,"Bend/Redmond, OR",51,30,88,1,27,131,7,475
2,"Bethel, AK",4,7,23,12,11,27,2,58
2,"Billings, MT",20,3,32,0,7,45,0,248
2,"Binghamton, NY",2,0,1,0,1,2,0,29
2,"Birmingham, AL",70,20,75,1,85,150,4,1227
2,"Bishop, CA",1,2,11,0,9,18,7,50
2,"Bismarck/Mandan, ND",24,9,23,0,6,43,0,259
2,"Bloomington/Normal, IL",7,4,10,0,8,19,0,133
2,"Boise, ID",99,12,121,1,89,226,7,1480
2,"Boston, MA",842,20,733,12,517,1344,109,10118
2,"Bozeman, MT",54,28,135,0,63,180,7,801
2,"Brainerd, MN",1,1,0,0,0,2,0,50
2,"Bristol/Johnson City/Kingsport, TN",7,1,3,0,6,12,0,161
2,"Brownsville, TX",1,0,2,0,3,5,0,108
2,"Brunswick, GA",6,2,5,0,0,7,0,58
2,"Buffalo, NY",94,15,120,3,90,201,14,1572
2,"Burbank, CA",115,9,171,3,172,338,49,2063
2,"Burlington, VT",27,7,34,0,22,62,3,474
2,"Butte, MT",1,1,2,0,0,2,0,54
2,"Casper, WY",0,0,0,0,0,0,0,29
2,"Cedar City, UT",1,0,0,0,0,1,0,50
2,"Cedar Rapids/Iowa City, IA",30,0,29,0,31,59,2,561
2,"Champaign/Urbana, IL",4,2,6,0,6,11,0,116
2,"Charleston, SC",107,2,114,1,114,210,7,1706
2,"Charleston/Dunbar, WV",35,3,16,0,9,42,0,252
2,"Charlotte Amalie, VI",55,10,105,0,80,145,10,515
2,"Charlotte, NC",1701,30,1463,82,1429,2633,26,15768
2,"Charlottesville, VA",18,0,27,0,9,37,5,237
2,"Chattanooga, TN",40,5,34,0,29,64,1,496
2,"Cheyenne, WY",1,2,4,0,2,6,2,54
2,"Chicago, IL",1648,265,1618,8,1240,3101,65,24789
2,"Christiansted, VI",11,0,30,1,22,39,1,137
2,"Cincinnati, OH",141,25,213,0,125,337,16,3006
2,"Clarksburg/Fairmont, WV",3,1,1,0,3,4,0,13
2,"Cleveland, OH",151,9,165,0,165,316,17,2966
2,"College Station/Bryan, TX",5,0,9,0,4,12,0,87
2,"Colorado Springs, CO",56,14,99,0,70,154,10,854
2,"Columbia, MO",5,2,10,0,7,15,0,129
2,"Columbia, SC",33,3,25,2,26,52,3,483
2,"Columbus, GA",11,3,3,0,0,14,0,78
2,"Columbus, MS",1,0,0,0,1,1,0,58
2,"Columbus, OH",172,50,257,10,153,414,16,3099
2,"Concord, NC",4,1,5,0,10,14,2,59
2,"Cordova, AK",0,0,0,0,6,5,3,58
2,"Corpus Christi, TX",10,3,18,0,11,28,0,313
2,"Dallas, TX",530,4,394,3,482,791,8,5522
2,"Dallas/Fort Worth, TX",2517,122,1841,10,1865,3674,23,22679
2,"Dayton, OH",50,5,40,0,34,81,2,555
2,"Daytona Beach, FL",13,1,5,0,13,23,0,229
2,"Deadhorse, AK",0,0,5,0,5,4,1,46
2,"Decatur, IL",4,1,2,0,4,8,0,79
2,"Denver, CO",3284,350,3291,12,2474,5250,205,21759
2,"Des Moines, IA",81,15,87,1,62,170,6,1177
2,"Detroit, MI",553,47,430,1,240,890,16,9097
2,"Devils Lake, ND",2,2,4,0,5,9,6,54
2,"Dickinson, ND",2,1,1,0,1,5,4,52
2,"Dodge City, KS",4,0,3,0,2,7,1,50
2,"Dothan, AL",2,0,2,0,3,5,0,58
2,"Duluth, MN",4,3,5,0,3,10,0,136
2,"Durango, CO",32,9,19,0,9,48,3,255
2,"Eagle, CO",64,9,64,1,56,121,5,600
2,"El Paso, TX",61,7,72,0,93,147,3,1157
2,"Elko, NV",0,1,0,0,0,1,0,29
2,"Elmira/Corning, NY",7,3,5,0,3,14,0,88
2,"Escanaba, MI",2,0,0,0,0,2,0,50
2,"Eugene, OR",28,6,46,0,30,70,2,538
2,"Evansville, IN",9,1,13,0,10,22,0,145
2,"Everett, WA",7,1,21,0,3,21,2,116
2,"Fairbanks, AK",7,4,21,0,4,24,1,187
2,"Fargo, ND",23,15,29,0,18,60,9,514
2,"Fayetteville, AR",55,14,76,1,47,127,1,921
2,"Fayetteville, NC",5,0,2,0,2,7,0,101
2,"Flagstaff, AZ",12,7,9,0,4,23,1,125
2,"Flint, MI",13,0,23,0,13,31,1,195
2,"Fort Dodge, IA",0,1,0,0,3,4,0,50
2,"Fort Lauderdale, FL",1314,88,1392,81,1007,2063,45,8111
2,"Fort Myers, FL",331,7,441,1,404,682,9,3778
2,"Fort Smith, AR",3,2,18,0,8,21,0,87
2,"Fort Wayne, IN",27,7,26,0,9,48,0,311
2,"Fresno, CA",64,6,68,1,47,133,6,839
2,"Gainesville, FL",8,1,5,0,7,14,0,185
2,"Garden City, KS",3,1,4,0,1,7,0,58
2,"Gillette, WY",4,0,3,0,1,6,1,58
2,"Grand Forks, ND",5,3,6,0,2,12,3,110
2,"Grand Island, NE",3,1,4,0,2,5,0,76
2,"Grand Junction, CO",27,6,24,0,14,51,2,290
2,"Grand Rapids, MI",69,22,84,0,75,159,5,1498
2,"Great Falls, MT",31,8,25,0,7,45,3,211
2,"Green Bay, WI",14,14,15,0,6,39,4,352
2,"Greensboro/High Point, NC",43,2,49,0,37,92,6,901
2,"Greer, SC",64,3,58,2,50,114,11,1164
2,"Guam, TT",1,0,1,0,0,1,0,58
2,"Gulfport/Biloxi, MS",10,4,5,0,5,19,0,238
2,"Gunnison, CO",9,0,7,0,4,13,1,89
2,"Hagerstown, MD",3,0,4,0,4,6,0,17
2,"Hancock/Houghton, MI",7,0,3,0,1,9,3,58
2,"Harlingen/San Benito, TX",10,0,16,0,16,27,1,322
2,"Harrisburg, PA",18,5,17,0,15,39,3,358
2,"Hartford, CT",120,1,140,1,114,236,14,1589
2,"Hattiesburg/Laurel, MS",1,0,2,0,6,7,0,50
2,"Hayden, CO",53,6,80,1,71,118,6,426
2,"Hays, KS",3,0,4,0,3,7,0,58
2,"Helena, MT",14,6,13,0,3,26,1,145
2,"Hibbing, MN",4,4,2,0,0,8,1,50
2,"Hilo, HI",34,4,3,0,37,43,2,549
2,"Hilton Head, SC",1,0,5,1,9,10,1,73
2,"Honolulu, HI",493,27,121,2,375,661,35,4778
2,"Houston, TX",1026,28,994,8,703,1740,27,12663
2,"Huntsville, AL",38,5,38,2,45,75,2,668
2,"Idaho Falls, ID",11,6,14,0,6,25,2,187
2,"Indianapolis, IN",205,40,275,3,191,438,23,3435
2,"International Falls, MN",2,3,1,0,0,4,2,50
2,"Iron Mountain/Kingsfd, MI",3,1,1,0,0,4,0,58
2,"Islip, NY",24,6,37,0,36,64,5,456
2,"Ithaca/Cortland, NY",1,1,1,0,2,4,1,58
2,"Jackson, WY",72,22,98,1,67,144,3,519
2,"Jackson/Vicksburg, MS",23,5,16,0,25,42,1,498
2,"Jacksonville, FL",159,8,148,0,185,301,10,2180
2,"Jacksonville/Camp Lejeune, NC",4,0,0,0,1,3,0,75
2,"Jamestown, ND",2,3,4,0,2,8,7,54
2,"Johnstown, PA",2,0,0,0,2,4,3,58
2,"Joplin, MO",4,1,0,0,0,5,1,50
2,"Juneau, AK",11,3,20,0,19,38,7,319
2,"Kahului, HI",160,14,54,1,198,256,15,2071
2,"Kalamazoo, MI",3,1,2,0,0,4,0,78
2,"Kalispell, MT",13,3,41,0,11,47,3,222
2,"Kansas City, MO",206,10,274,1,212,434,11,3490
2,"Ketchikan, AK",3,4,12,0,10,16,3,174
2,"Key West, FL",123,13,127,0,117,199,13,804
2,"Killeen, TX",4,1,4,0,3,6,0,116
2,"Knoxville, TN",55,3,57,0,49,109,2,1040
2,"Kodiak, AK",1,3,4,0,4,9,0,58
2,"Kona, HI",114,13,50,0,133,174,17,1285
2,"Kotzebue, AK",0,0,2,0,4,4,2,29
2,"La Crosse, WI",0,0,0,0,0,0,0,4
2,"Lafayette, LA",11,16,11,0,11,29,0,212
2,"Lake Charles, LA",13,3,4,0,4,18,0,87
2,"Lansing, MI",5,1,6,0,5,11,0,103
2,"Laramie, WY",4,1,3,0,2,8,2,50
2,"Laredo, TX",1,0,5,0,11,14,0,121
2,"Las Vegas, NV",1431,49,1332,11,1642,2649,110,14070
2,"Latrobe, PA",1,1,3,0,4,6,0,29
2,"Lawton/Fort Sill, OK",3,4,4,0,1,7,1,86
2,"Lewiston, ID",8,2,5,0,3,12,1,87
2,"Lexington, KY",45,13,41,1,29,83,1,627
2,"Liberal, KS",1,0,2,0,4,5,0,30
2,"Lihue, HI",85,13,23,2,114,144,13,1215
2,"Lincoln, NE",2,0,0,0,0,2,0,55
2,"Little Rock, AR",36,16,47,0,44,100,2,859
2,"Long Beach, CA",91,5,83,0,127,192,8,1392
2,"Longview, TX",10,0,3,0,2,10,0,58
2,"Los Angeles, CA",1343,122,1324,15,1046,2440,66,14154
2,"Louisville, KY",84,12,135,1,78,207,7,1684
2,"Lubbock, TX",33,4,39,0,29,59,2,442
2,"Madison, WI",45,16,41,0,26,91,2,844
2,"Manchester, NH",12,0,20,0,17,35,1,329
2,"Manhattan/Ft. Riley, KS",4,0,3,0,0,5,0,72
2,"Marquette, MI",3,2,1,0,3,8,0,57
2,"Mason City, IA",2,0,1,0,1,3,2,50
2,"Medford, OR",17,3,32,0,11,47,1,342
2,"Melbourne, FL",10,0,11,0,17,23,0,223
2,"Memphis, TN",85,10,98,0,57,165,4,1573
2,"Meridian, MS",2,1,0,0,4,7,0,50
2,"Miami, FL",1452,120,1627,32,1194,2439,24,9548
2,"Midland/Odessa, TX",26,1,33,1,26,67,4,639
2,"Milwaukee, WI",98,7,134,5,105,241,9,2118
2,"Minneapolis, MN",571,85,496,1,191,974,29,8806
2,"Minot, ND",10,7,12,0,4,22,6,174
2,"Mission/McAllen/Edinburg, TX",18,0,27,0,20,41,1,287
2,"Missoula, MT",15,3,18,1,8,30,0,213
2,"Mobile, AL",18,3,11,0,8,24,0,229
2,"Moline, IL",19,1,20,0,11,36,1,325
2,"Monroe, LA",3,1,7,0,9,17,0,145
2,"Monterey, CA",19,5,17,0,17,41,8,299
2,"Montgomery, AL",19,5,16,0,14,34,1,190
2,"Montrose/Delta, CO",29,2,40,2,45,68,4,356
2,"Mosinee, WI",1,1,2,0,1,3,0,58
2,"Myrtle Beach, SC",25,0,42,0,51,83,6,837
2,"Nashville, TN",396,16,505,4,436,825,17,7010
2,"New Orleans, LA",319,13,322,2,337,589,6,4041
2,"New York, NY",1686,137,1561,7,1358,2996,383,21886
2,"Newark, NJ",699,51,690,4,552,1180,124,9893
2,"Newburgh/Poughkeepsie, NY",3,0,1,0,3,5,0,30
2,"Niagara Falls, NY",5,2,6,0,8,11,0,41
2,"Nome, AK",2,0,3,0,4,6,3,29
2,"Norfolk, VA",60,3,130,2,80,186,10,1427
2,"North Bend/Coos Bay, OR",0,1,6,0,1,8,1,15
2,"North Platte, NE",3,0,3,0,3,7,2,50
2,"Oakland, CA",282,16,215,1,305,519,30,3183
2,"Oklahoma City, OK",102,14,130,1,75,226,5,1598
2,"Omaha, NE",87,8,108,0,103,206,5,1794
2,"Ontario, CA",110,7,104,0,132,235,12,1731
2,"Orlando, FL",1629,71,1736,61,1330,2707,41,13577
2,"Pago Pago, TT",3,0,0,0,2,3,0,9
2,"Palm Springs, CA",109,10,173,6,100,264,17,1428
2,"Panama City, FL",18,3,21,0,26,42,1,439
2,"Pasco/Kennewick/Richland, WA",24,5,17,1,7,43,3,354
2,"Pellston, MI",3,2,1,0,0,5,0,50
2,"Pensacola, FL",46,4,56,0,65,101,2,890
2,"Peoria, IL",18,6,18,0,9,35,1,280
2,"Petersburg, AK",0,1,2,0,6,7,3,58
2,"Philadelphia, PA",427,32,519,4,442,886,17,6558
2,"Phoenix, AZ",1211,44,1092,12,1168,2137,26,15299
2,"Pittsburgh, PA",140,22,232,0,149,341,22,3128
2,"Plattsburgh, NY",6,2,12,0,8,17,0,49
2,"Pocatello, ID",2,0,0,0,0,2,0,58
2,"Ponce, PR",3,0,10,0,12,14,1,85
2,"Portland, ME",18,1,13,0,21,35,5,575
2,"Portland, OR",227,24,421,2,189,601,15,4017
2,"Portsmouth, NH",2,0,2,0,1,4,0,34
2,"Prescott, AZ",10,2,5,0,2,14,2,58
2,"Providence, RI",40,2,64,0,56,99,12,926
2,"Provo, UT",7,0,5,0,3,12,0,155
2,"Punta Gorda, FL",75,6,80,1,49,108,0,584
2,"Raleigh/Durham, NC",255,2,323,0,279,538,23,4247
2,"Rapid City, SD",21,11,28,0,15,50,12,289
2,"Redding, CA",8,1,4,0,3,13,1,87
2,"Reno, NV",97,14,168,2,132,256,14,1435
2,"Rhinelander, WI",3,1,1,0,0,5,0,58
2,"Richmond, VA",89,1,127,2,87,200,10,1284
2,"Riverton/Lander, WY",5,0,1,0,0,5,3,38
2,"Roanoke, VA",14,1,15,0,12,26,2,231
2,"Rochester, MN",1,1,1,0,1,3,0,103
2,"Rochester, NY",65,5,64,0,57,116,8,886
2,"Rock Springs, WY",1,2,2,0,1,4,0,38
2,"Rockford, IL",6,1,8,0,7,9,0,63
2,"Roswell, NM",6,4,5,0,1,11,0,58
2,"Sacramento, CA",229,16,214,3,272,462,35,3730
2,"Saginaw/Bay City/Midland, MI",9,2,4,0,5,16,0,159
2,"Saipan, TT",0,0,0,0,0,0,0,29
2,"Salina, KS",4,1,1,0,2,7,0,58
2,"Salt Lake City, UT",730,64,732,2,381,1252,17,8723
2,"San Angelo, TX",1,0,6,1,4,10,0,87
2,"San Antonio, TX",172,8,239,0,202,389,7,3025
2,"San Diego, CA",446,46,621,6,620,1118,45,6581
2,"San Francisco, CA",1096,83,1037,3,1242,2253,177,9632
2,"San Jose, CA",222,19,201,0,229,451,26,3548
2,"San Juan, PR",383,16,461,10,353,667,21,2604
2,"San Luis Obispo, CA",18,7,37,0,14,56,8,324
2,"Sanford, FL",87,17,95,1,70,150,0,758
2,"Santa Ana, CA",203,17,297,1,287,536,28,3408
2,"Santa Barbara, CA",36,8,73,0,45,108,42,516
2,"Santa Fe, NM",11,2,3,0,4,16,0,116
2,"Santa Maria, CA",1,0,2,0,2,3,0,9
2,"Santa Rosa, CA",7,0,29,0,32,46,0,231
2,"Sarasota/Bradenton, FL",95,5,132,1,136,227,5,1537
2,"Sault Ste. Marie, MI",14,1,2,0,0,14,1,58
2,"Savannah, GA",66,10,44,0,69,111,5,1305
2,"Scottsbluff, NE",5,2,3,0,2,9,1,50
2,"Scranton/Wilkes-Barre, PA",4,0,5,0,9,14,1,122
2,"Seattle, WA",759,87,1152,2,530,1734,33,11102
2,"Sheridan, WY",4,1,4,0,2,7,3,58
2,"Shreveport, LA",18,8,26,1,22,43,0,285
2,"Sioux City, IA",3,0,3,0,3,6,0,58
2,"Sioux Falls, SD",42,14,38,0,33,85,4,578
2,"Sitka, AK",2,1,4,0,4,8,0,87
2,"South Bend, IN",44,5,26,1,20,59,0,484
2,"Spokane, WA",73,17,100,0,66,162,5,1183
2,"Springfield, IL",2,0,1,0,1,3,0,9
2,"Springfield, MO",41,6,46,2,26,74,1,548
2,"St. Cloud, MN",1,0,2,1,3,4,0,21
2,"St. George, UT",22,2,11,1,4,30,1,195
2,"St. Louis, MO",358,31,411,2,387,689,22,4603
2,"St. Petersburg, FL",37,11,72,1,52,102,0,593
2,"State College, PA",3,1,2,0,0,4,1,30
2,"Stillwater, OK",5,1,1,0,1,6,0,58
2,"Stockton, CA",2,0,6,0,6,7,0,39
2,"Sun Valley/Hailey/Ketchum, ID",21,7,20,0,11,47,3,221
2,"Syracuse, NY",70,18,94,2,78,152,5,1096
2,"Tallahassee, FL",45,2,41,0,48,76,0,473
2,"Tampa, FL",489,6,598,1,540,955,24,6571
2,"Texarkana, AR",6,1,6,0,1,9,0,58
2,"Toledo, OH",9,0,6,0,9,11,0,41
2,"Traverse City, MI",7,11,17,0,11,32,0,222
2,"Trenton, NJ",18,2,27,0,25,47,1,236
2,"Tucson, AZ",116,32,134,1,104,244,5,1471
2,"Tulsa, OK",60,5,72,0,57,126,1,1145
2,"Twin Falls, ID",9,0,4,0,0,8,0,58
2,"Tyler, TX",10,1,4,0,4,15,0,87
2,"Valdosta, GA",2,2,2,0,4,6,0,58
2,"Valparaiso, FL",28,1,37,0,25,61,2,586
2,"Victoria, TX",3,0,1,0,0,4,0,50
2,"Waco, TX",9,1,9,0,4,11,0,87
2,"Walla Walla, WA",0,0,9,0,3,9,3,58
2,"Washington, DC",842,54,946,8,890,1752,58,15059
2,"West Palm Beach/Palm Beach, FL",307,6,254,0,311,480,19,2817
2,"White Plains, NY",94,12,69,0,58,142,11,1012
2,"Wichita Falls, TX",5,2,2,0,0,7,0,58
2,"Wichita, KS",38,4,37,1,27,76,0,698
2,"Williston, ND",16,9,11,0,1,30,8,141
2,"Wilmington, NC",16,4,21,0,24,43,3,470
2,"Worcester, MA",14,0,14,0,19,23,3,123
2,"Wrangell, AK",1,0,1,0,3,4,2,58
2,"Yakutat, AK",1,0,4,0,4,6,2,58
2,"Yuma, AZ",6,1,7,0,5,12,0,125
3,"Aberdeen, SD",6,2,0,0,0,8,1,62
3,"Abilene, TX",6,6,16,0,17,25,2,147
3,"Adak Island, AK",0,0,0,0,1,1,0,9
3,"Aguadilla, PR",37,1,31,0,65,71,4,245
3,"Akron, OH",17,2,23,0,15,39,1,270
3,"Albany, GA",5,1,0,0,0,6,0,62
3,"Albany, NY",90,12,114,1,115,195,20,1031
3,"Albuquerque, NM",192,15,190,0,232,357,8,1893
3,"Alexandria, LA",7,8,8,0,4,20,3,155
3,"Allentown/Bethlehem/Easton, PA",17,1,18,0,19,44,2,392
3,"Alpena, MI",1,2,1,1,0,4,0,54
3,"Amarillo, TX",23,6,35,0,34,61,4,427
3,"Anchorage, AK",102,9,96,3,104,214,15,1302
3,"Appleton, WI",41,14,47,0,21,83,3,530
3,"Arcata/Eureka, CA",5,1,38,1,10,45,3,148
3,"Asheville, NC",51,12,99,2,77,155,3,862
3,"Ashland, WV",9,1,4,0,5,10,1,18
3,"Aspen, CO",94,112,154,9,101,354,112,1041
3,"Atlanta, GA",3433,87,2602,15,1989,5043,77,28459
3,"Atlantic City, NJ",30,0,84,0,38,104,9,327
3,"Augusta, GA",27,4,17,0,20,40,2,252
3,"Austin, TX",753,75,758,14,959,1522,51,7154
3,"Bakersfield, CA",10,3,13,0,5,26,1,187
3,"Baltimore, MD",1315,6,929,9,1237,1945,57,8076
3,"Bangor, ME",14,3,26,0,23,41,7,257
3,"Barrow, AK",3,0,5,2,3,7,3,31
3,"Baton Rouge, LA",31,13,33,1,22,57,3,373
3,"Beaumont/Port Arthur, TX",4,7,4,0,6,12,2,62
3,"Belleville, IL",11,0,8,0,19,23,2,94
3,"Bellingham, WA",24,5,26,0,19,47,0,255
3,"Bemidji, MN",4,3,2,0,0,7,1,62
3,"Bend/Redmond, OR",52,9,77,0,14,114,3,521
3,"Bethel, AK",3,0,16,17,12,27,0,62
3,"Billings, MT",19,6,40,0,11,49,2,276
3,"Binghamton, NY",4,0,2,0,2,5,0,31
3,"Birmingham, AL",95,16,114,1,141,207,9,1372
3,"Bishop, CA",1,1,12,0,6,17,9,58
3,"Bismarck/Mandan, ND",13,2,26,1,10,34,8,292
3,"Bloomington/Normal, IL",11,4,16,0,13,26,0,142
3,"Boise, ID",114,18,151,1,93,249,10,1723
3,"Boston, MA",1084,27,951,15,796,1806,63,11324
3,"Bozeman, MT",53,12,101,0,74,167,5,878
3,"Brainerd, MN",7,4,6,0,0,11,1,53
3,"Bristol/Johnson City/Kingsport, TN",6,2,6,0,18,18,2,168
3,"Brownsville, TX",13,6,12,0,14,29,5,189
3,"Brunswick, GA",8,2,4,0,2,12,0,62
3,"Buffalo, NY",123,18,209,1,185,324,13,1838
3,"Burbank, CA",147,24,297,2,229,487,39,2254
3,"Burlington, VT",25,4,48,0,21,64,8,479
3,"Butte, MT",4,2,2,0,0,6,0,58
3,"Casper, WY",2,0,1,0,0,2,0,31
3,"Cedar City, UT",3,2,0,0,0,5,5,53
3,"Cedar Rapids/Iowa City, IA",39,9,50,0,47,88,8,646
3,"Champaign/Urbana, IL",9,2,11,0,11,21,0,124
3,"Charleston, SC",146,10,161,0,226,336,13,2053
3,"Charleston/Dunbar, WV",21,1,24,0,22,42,1,274
3,"Charlotte Amalie, VI",48,12,122,0,90,161,11,615
3,"Charlotte, NC",2538,183,2023,133,2478,4084,61,17400
3,"Charlottesville, VA",11,1,15,0,11,29,0,253
3,"Chattanooga, TN",51,15,39,0,51,91,3,574
3,"Cheyenne, WY",2,1,3,0,0,4,3,57
3,"Chicago, IL",2833,237,2893,21,2613,5358,142,28972
3,"Christiansted, VI",20,0,37,0,25,44,3,153
3,"Cincinnati, OH",214,13,316,0,276,531,22,3558
3,"Clarksburg/Fairmont, WV",1,0,3,0,1,4,0,18
3,"Cleveland, OH",288,12,348,3,322,628,28,3415
3,"College Station/Bryan, TX",2,1,4,0,4,7,2,93
3,"Colorado Springs, CO",68,10,103,0,79,159,24,972
3,"Columbia, MO",8,8,14,0,10,23,1,147
3,"Columbia, SC",43,4,31,0,45,75,2,523
3,"Columbus, GA",9,0,5,0,2,10,0,88
3,"Columbus, MS",1,0,1,0,2,2,0,62
3,"Columbus, OH",281,24,354,3,304,593,23,3545
3,"Concord, NC",7,1,10,0,21,25,1,63
3,"Cordova, AK",1,1,4,0,11,11,0,62
3,"Corpus Christi, TX",17,4,20,1,29,45,6,336
3,"Dallas, TX",780,103,609,2,988,1379,47,6272
3,"Dallas/Fort Worth, TX",3995,1022,3219,20,4255,6957,437,25567
3,"Dayton, OH",24,6,48,0,39,71,2,656
3,"Daytona Beach, FL",13,0,12,0,27,37,1,258
3,"Deadhorse, AK",1,0,3,1,2,4,1,47
3,"Decatur, IL",3,2,4,0,5,11,0,84
3,"Denver, CO",3163,137,2961,12,2672,5321,520,24976
3,"Des Moines, IA",86,12,94,0,88,186,5,1330
3,"Detroit, MI",983,71,931,2,554,1704,27,10760
3,"Devils Lake, ND",2,2,3,0,1,7,2,58
3,"Dickinson, ND",0,2,3,0,0,5,5,57
3,"Dodge City, KS",2,0,6,0,8,11,3,53
3,"Dothan, AL",5,0,7,0,5,10,0,62
3,"Duluth, MN",8,4,10,0,3,19,3,150
3,"Durango, CO",34,7,26,0,7,50,4,279
3,"Eagle, CO",72,10,101,0,86,158,11,647
3,"El Paso, TX",114,19,104,0,174,235,10,1322
3,"Elko, NV",4,1,2,0,0,5,0,31
3,"Elmira/Corning, NY",10,1,9,0,2,18,0,89
3,"Escanaba, MI",7,2,1,0,0,9,0,53
3,"Eugene, OR",40,8,71,0,31,113,2,631
3,"Evansville, IN",16,5,18,0,7,33,2,159
3,"Everett, WA",11,0,22,0,4,28,0,142
3,"Fairbanks, AK",14,0,27,0,27,40,1,305
3,"Fargo, ND",26,10,41,0,23,65,8,556
3,"Fayetteville, AR",58,35,79,1,85,156,14,1040
3,"Fayetteville, NC",4,2,4,0,7,10,0,93
3,"Flagstaff, AZ",20,10,15,0,2,33,2,134
3,"Flint, MI",18,2,33,0,21,50,1,249
3,"Fort Dodge, IA",4,2,8,0,9,15,0,53
3,"Fort Lauderdale, FL",1821,157,1902,96,1733,3052,139,9235
3,"Fort Myers, FL",650,13,693,1,805,1202,83,4526
3,"Fort Smith, AR",5,5,12,2,7,18,2,93
3,"Fort Wayne, IN",36,6,37,2,21,65,1,365
3,"Fresno, CA",69,5,100,11,78,164,8,955
3,"Gainesville, FL",15,4,12,0,18,31,1,212
3,"Garden City, KS",11,6,11,0,7,17,2,62
3,"Gillette, WY",2,1,5,0,1,5,2,62
3,"Grand Forks, ND",7,4,6,0,3,12,3,118
3,"Grand Island, NE",6,2,8,0,3,12,0,80
3,"Grand Junction, CO",23,5,34,1,26,54,5,298
3,"Grand Rapids, MI",118,23,183,1,123,291,10,1685
3,"Great Falls, MT",15,5,15,0,7,27,2,230
3,"Green Bay, WI",22,10,17,0,12,49,1,392
3,"Greensboro/High Point, NC",37,7,63,0,50,99,3,968
3,"Greer, SC",66,10,88,0,81,155,4,1270
3,"Guam, TT",0,0,0,0,0,0,0,62
3,"Gulfport/Biloxi, MS",9,8,16,0,16,29,2,282
3,"Gunnison, CO",9,2,11,0,8,19,1,98
3,"Hagerstown, MD",4,0,5,0,5,7,0,18
3,"Hancock/Houghton, MI",5,2,4,1,3,11,2,62
3,"Harlingen/San Benito, TX",20,3,24,0,39,54,5,353
3,"Harrisburg, PA",23,2,32,0,24,54,1,394
3,"Hartford, CT",161,2,177,0,212,316,13,1757
3,"Hattiesburg/Laurel, MS",5,1,9,0,6,13,1,53
3,"Hayden, CO",37,13,80,0,61,105,10,440
3,"Hays, KS",6,0,3,0,1,7,2,62
3,"Helena, MT",11,1,9,1,3,16,2,137
3,"Hibbing, MN",6,2,3,0,0,8,1,54
3,"Hilo, HI",31,0,5,0,36,43,1,574
3,"Hilton Head, SC",3,0,9,0,15,16,0,94
3,"Honolulu, HI",452,6,160,9,286,576,24,5264
3,"Houston, TX",1667,135,1456,13,1616,2938,112,14492
3,"Huntsville, AL",71,8,49,2,69,106,6,773
3,"Idaho Falls, ID",21,5,20,0,16,40,2,215
3,"Indianapolis, IN",311,29,419,1,373,684,39,4253
3,"International Falls, MN",4,1,2,0,0,5,0,54
3,"Iron Mountain/Kingsfd, MI",5,5,2,0,0,10,0,62
3,"Islip, NY",28,7,56,0,79,120,10,468
3,"Ithaca/Cortland, NY",4,1,2,0,5,8,0,62
3,"Jackson, WY",54,26,87,0,69,140,18,535
3,"Jackson/Vicksburg, MS",36,17,42,0,65,99,7,556
3,"Jacksonville, FL",243,38,225,3,319,468,24,2638
3,"Jacksonville/Camp Lejeune, NC",4,0,4,0,3,7,0,93
3,"Jamestown, ND",4,1,3,0,3,8,2,58
3,"Johnstown, PA",3,0,3,0,2,6,2,62
3,"Joplin, MO",5,0,2,0,2,8,1,54
3,"Juneau, AK",9,2,22,0,24,43,4,341
3,"Kahului, HI",158,9,78,0,140,236,13,2300
3,"Kalamazoo, MI",3,2,3,0,0,4,0,88
3,"Kalispell, MT",10,0,14,0,8,28,3,246
3,"Kansas City, MO",273,23,316,0,370,583,24,4165
3,"Ketchikan, AK",2,1,12,0,16,21,5,186
3,"Key West, FL",177,26,140,9,202,276,16,856
3,"Killeen, TX",12,3,12,0,15,23,4,124
3,"Knoxville, TN",77,12,96,2,101,185,4,1184
3,"Kodiak, AK",2,1,3,0,8,10,1,60
3,"Kona, HI",76,8,50,0,64,122,4,1382
3,"Kotzebue, AK",1,0,0,0,2,2,4,31
3,"Lafayette, LA",20,18,28,1,18,52,7,333
3,"Lake Charles, LA",8,3,4,0,1,12,2,89
3,"Lansing, MI",14,4,11,0,12,25,0,114
3,"Laramie, WY",3,4,4,0,1,8,3,53
3,"Laredo, TX",5,0,16,0,19,22,5,130
3,"Las Vegas, NV",2241,75,2106,35,2626,4112,151,16062
3,"Latrobe, PA",0,0,8,0,2,7,1,31
3,"Lawton/Fort Sill, OK",11,3,3,0,3,16,3,93
3,"Lewiston, ID",9,0,3,0,4,13,1,92
3,"Lexington, KY",36,9,56,0,65,113,7,779
3,"Liberal, KS",1,0,6,0,6,6,3,53
3,"Lihue, HI",74,2,28,0,69,109,7,1340
3,"Lincoln, NE",5,0,1,0,1,5,0,43
3,"Little Rock, AR",62,32,77,0,95,152,7,981
3,"Long Beach, CA",118,2,110,0,151,233,9,1502
3,"Longview, TX",3,4,3,0,2,9,0,62
3,"Los Angeles, CA",1966,102,2108,19,1490,3480,70,15916
3,"Louisville, KY",137,17,186,1,171,326,9,2025
3,"Lubbock, TX",28,8,55,0,53,93,7,543
3,"Madison, WI",68,10,72,2,65,142,5,953
3,"Manchester, NH",28,4,56,0,46,75,4,414
3,"Manhattan/Ft. Riley, KS",3,1,2,0,3,6,2,62
3,"Marquette, MI",1,1,3,0,3,5,0,62
3,"Mason City, IA",4,0,6,0,8,14,0,53
3,"Medford, OR",25,8,41,0,10,58,2,360
3,"Melbourne, FL",22,1,16,1,31,40,2,252
3,"Memphis, TN",124,20,137,2,145,269,11,1820
3,"Meridian, MS",1,2,4,0,1,7,1,53
3,"Miami, FL",1827,278,2113,23,2057,3390,226,10533
3,"Midland/Odessa, TX",32,17,42,0,55,88,12,720
3,"Milwaukee, WI",216,29,270,0,281,497,24,2604
3,"Minneapolis, MN",948,148,1048,0,463,1740,108,10253
3,"Minot, ND",13,4,13,0,3,21,6,190
3,"Mission/McAllen/Edinburg, TX",22,5,41,2,31,65,6,291
3,"Missoula, MT",13,3,19,0,13,32,0,247
3,"Mobile, AL",14,7,16,0,22,36,4,212
3,"Moline, IL",19,7,35,0,24,54,1,364
3,"Monroe, LA",12,2,13,0,14,26,1,155
3,"Monterey, CA",20,1,35,0,15,52,2,300
3,"Montgomery, AL",16,5,17,0,18,37,0,207
3,"Montrose/Delta, CO",23,10,44,3,43,75,4,389
3,"Mosinee, WI",3,0,1,0,3,4,1,62
3,"Myrtle Beach, SC",38,5,82,1,87,150,8,1068
3,"Nashville, TN",739,20,757,3,870,1441,58,8287
3,"New Orleans, LA",476,57,495,2,619,961,42,4501
3,"New York, NY",2234,53,1935,16,1975,3877,121,23519
3,"Newark, NJ",1067,39,962,6,944,1833,65,10697
3,"Newburgh/Poughkeepsie, NY",2,0,6,0,4,9,0,36
3,"Niagara Falls, NY",6,1,15,0,6,19,0,54
3,"Nome, AK",3,0,3,2,3,6,2,32
3,"Norfolk, VA",124,24,138,1,131,261,8,1616
3,"North Bend/Coos Bay, OR",0,0,8,0,3,8,2,18
3,"North Platte, NE",0,3,2,0,1,5,4,54
3,"Oakland, CA",361,12,274,6,398,606,22,3514
3,"Oklahoma City, OK",123,12,126,0,147,246,18,1778
3,"Omaha, NE",155,33,154,1,178,330,10,2004
3,"Ontario, CA",154,7,183,4,214,355,7,2022
3,"Orlando, FL",2803,189,2968,52,2776,4769,240,15650
3,"Pago Pago, TT",1,0,0,0,0,1,0,8
3,"Palm Springs, CA",175,11,246,2,180,399,15,1725
3,"Panama City, FL",61,7,53,1,91,126,1,709
3,"Pasco/Kennewick/Richland, WA",18,0,18,0,6,33,3,392
3,"Pellston, MI",4,2,1,0,0,6,0,54
3,"Pensacola, FL",93,16,100,1,153,218,8,1137
3,"Peoria, IL",23,8,33,0,36,63,1,318
3,"Petersburg, AK",0,0,4,0,7,8,0,62
3,"Philadelphia, PA",708,29,663,12,754,1346,55,7470
3,"Phoenix, AZ",2002,72,1748,32,2118,3572,84,17986
3,"Pittsburgh, PA",238,15,355,0,273,535,24,3614
3,"Plattsburgh, NY",5,0,10,0,10,15,1,42
3,"Pocatello, ID",2,2,2,0,0,4,0,62
3,"Ponce, PR",6,0,10,0,16,20,1,113
3,"Portland, ME",33,4,34,1,50,77,9,601
3,"Portland, OR",284,17,494,6,293,751,23,4671
3,"Portsmouth, NH",2,0,6,0,6,7,0,29
3,"Prescott, AZ",7,0,4,0,3,12,1,62
3,"Providence, RI",77,3,83,2,107,160,9,1086
3,"Provo, UT",18,0,20,0,6,32,3,177
3,"Punta Gorda, FL",97,8,93,2,103,181,5,765
3,"Raleigh/Durham, NC",448,13,447,4,506,844,24,4830
3,"Rapid City, SD",17,11,21,0,15,41,8,325
3,"Redding, CA",4,0,3,0,0,6,1,109
3,"Reno, NV",116,28,269,2,172,380,28,1692
3,"Rhinelander, WI",2,0,1,0,0,3,2,62
3,"Richmond, VA",136,11,162,0,149,270,12,1451
3,"Riverton/Lander, WY",1,0,0,0,0,1,2,40
3,"Roanoke, VA",21,0,17,0,13,31,0,224
3,"Rochester, MN",10,6,9,0,4,18,1,155
3,"Rochester, NY",46,3,74,0,64,112,0,935
3,"Rock Springs, WY",1,1,1,0,1,4,3,40
3,"Rockford, IL",3,3,13,1,10,20,1,89
3,"Roswell, NM",6,3,8,0,3,12,0,62
3,"Sacramento, CA",336,15,315,5,381,657,30,4248
3,"Saginaw/Bay City/Midland, MI",9,2,9,0,8,20,0,172
3,"Saipan, TT",2,0,0,0,0,2,0,31
3,"Salina, KS",4,0,7,0,5,12,2,62
3,"Salt Lake City, UT",972,117,957,0,613,1650,42,9721
3,"San Angelo, TX",3,1,5,0,9,11,1,93
3,"San Antonio, TX",282,23,300,2,435,616,27,3425
3,"San Diego, CA",603,65,891,5,883,1567,48,7577
3,"San Francisco, CA",1382,62,1558,5,1693,2973,93,10894
3,"San Jose, CA",285,14,252,3,293,548,20,3943
3,"San Juan, PR",549,22,652,6,542,962,43,3031
3,"San Luis Obispo, CA",32,2,44,2,16,63,4,382
3,"Sanford, FL",131,30,141,2,130,232,7,917
3,"Santa Ana, CA",256,25,486,2,389,759,25,3790
3,"Santa Barbara, CA",28,5,82,0,59,117,5,557
3,"Santa Fe, NM",15,8,11,0,8,29,2,124
3,"Santa Maria, CA",0,1,5,0,4,4,0,9
3,"Santa Rosa, CA",32,3,26,1,23,59,1,280
3,"Sarasota/Bradenton, FL",172,6,185,1,279,372,27,1916
3,"Sault Ste. Marie, MI",6,4,1,0,0,10,0,62
3,"Savannah, GA",118,11,100,0,158,232,4,1580
3,"Scottsbluff, NE",0,1,4,0,1,4,3,54
3,"Scranton/Wilkes-Barre, PA",10,0,10,0,7,18,0,117
3,"Seattle, WA",1133,95,1410,9,901,2398,40,12627
3,"Sheridan, WY",0,1,3,0,1,3,2,62
3,"Shreveport, LA",9,21,25,0,35,50,3,327
3,"Sioux City, IA",5,0,3,0,4,9,1,62
3,"Sioux Falls, SD",26,11,44,0,30,70,4,605
3,"Sitka, AK",1,3,8,0,8,11,3,93
3,"South Bend, IN",42,9,29,1,16,70,1,541
3,"Spokane, WA",87,9,83,0,91,181,5,1417
3,"Springfield, IL",5,0,6,1,4,9,0,14
3,"Springfield, MO",53,22,49,0,66,111,9,629
3,"St. Cloud, MN",0,1,2,0,0,3,0,27
3,"St. George, UT",5,3,4,0,1,8,2,224
3,"St. Louis, MO",540,36,498,0,690,1038,42,5451
3,"St. Petersburg, FL",55,11,90,0,90,151,6,782
3,"State College, PA",1,1,4,0,1,5,0,63
3,"Stillwater, OK",2,1,1,0,2,3,0,62
3,"Stockton, CA",4,1,17,1,9,20,0,49
3,"Sun Valley/Hailey/Ketchum, ID",10,7,32,0,9,44,8,232
3,"Syracuse, NY",80,3,124,1,111,198,9,1190
3,"Tallahassee, FL",54,13,53,1,70,105,5,530
3,"Tampa, FL",1212,81,1400,4,1494,2299,126,8040
3,"Texarkana, AR",3,4,8,0,5,10,1,62
3,"Toledo, OH",4,0,10,0,8,15,0,59
3,"Traverse City, MI",20,3,19,0,15,42,0,226
3,"Trenton, NJ",25,0,36,0,57,77,6,223
3,"Tucson, AZ",141,24,145,0,137,287,12,1727
3,"Tulsa, OK",67,11,92,1,122,194,11,1304
3,"Twin Falls, ID",3,1,0,0,0,4,0,62
3,"Tyler, TX",2,5,6,0,3,12,1,93
3,"Valdosta, GA",6,4,6,0,1,11,0,62
3,"Valparaiso, FL",68,9,65,0,101,137,3,810
3,"Victoria, TX",1,1,2,0,2,5,1,53
3,"Waco, TX",3,1,15,0,13,19,3,93
3,"Walla Walla, WA",1,1,1,0,1,3,0,62
3,"Washington, DC",1347,70,1324,16,1293,2544,63,16247
3,"West Palm Beach/Palm Beach, FL",512,17,384,2,587,808,24,3141
3,"White Plains, NY",94,3,106,0,89,181,5,1089
3,"Wichita Falls, TX",5,3,2,0,0,8,0,62
3,"Wichita, KS",46,11,55,1,64,116,7,768
3,"Williston, ND",19,4,15,0,3,29,5,150
3,"Wilmington, NC",22,8,24,0,36,57,1,500
3,"Worcester, MA",23,0,35,0,37,48,4,150
3,"Wrangell, AK",0,0,3,0,6,6,0,62
3,"Yakutat, AK",0,3,3,0,7,11,0,62
3,"Yuma, AZ",12,3,12,0,2,18,0,134
4,"Aberdeen, SD",2,1,0,0,0,3,0,60
4,"Abilene, TX",5,12,10,1,19,28,3,145
4,"Adak Island, AK",0,0,0,1,2,2,1,8
4,"Aguadilla, PR",19,2,17,0,17,34,1,234
4,"Akron, OH",26,2,26,0,22,56,1,287
4,"Albany, GA",13,1,9,0,0,15,0,60
4,"Albany, NY",78,6,84,1,81,155,1,1000
4,"Albuquerque, NM",174,23,141,0,199,301,9,1900
4,"Alexandria, LA",9,14,14,0,7,29,3,150
4,"Allentown/Bethlehem/Easton, PA",28,3,20,0,26,56,2,364
4,"Alpena, MI",4,2,2,0,0,6,1,51
4,"Amarillo, TX",27,5,31,0,33,56,4,366
4,"Anchorage, AK",88,13,85,0,98,194,17,1322
4,"Appleton, WI",42,12,28,0,20,75,5,514
4,"Arcata/Eureka, CA",7,4,22,0,5,29,0,120
4,"Asheville, NC",91,13,118,0,100,193,3,1000
4,"Ashland, WV",4,1,2,0,5,6,0,17
4,"Aspen, CO",61,19,51,2,20,107,33,489
4,"Atlanta, GA",3211,113,2778,13,1958,5018,57,28419
4,"Atlantic City, NJ",12,0,25,0,12,39,2,299
4,"Augusta, GA",57,4,61,3,58,102,1,485
4,"Austin, TX",774,102,718,11,989,1506,40,7304
4,"Bakersfield, CA",11,4,10,0,5,25,1,169
4,"Baltimore, MD",1240,43,961,10,1121,1905,53,8230
4,"Bangor, ME",11,1,19,0,13,25,2,223
4,"Barrow, AK",2,0,5,5,3,8,0,31
4,"Baton Rouge, LA",38,21,46,2,38,91,7,428
4,"Beaumont/Port Arthur, TX",5,6,7,0,2,16,2,60
4,"Belleville, IL",3,0,4,0,3,6,0,85
4,"Bellingham, WA",20,1,19,1,15,34,2,246
4,"Bemidji, MN",4,1,1,0,0,5,0,60
4,"Bend/Redmond, OR",47,3,47,1,7,74,2,450
4,"Bethel, AK",3,1,9,6,10,15,1,60
4,"Billings, MT",13,3,21,1,16,38,2,321
4,"Binghamton, NY",2,0,4,0,1,5,0,30
4,"Birmingham, AL",90,20,118,2,137,223,9,1429
4,"Bishop, CA",0,0,1,0,2,3,0,5
4,"Bismarck/Mandan, ND",17,6,8,0,8,26,1,279
4,"Bloomington/Normal, IL",6,3,12,1,12,19,3,140
4,"Boise, ID",127,14,130,1,88,252,0,1787
4,"Boston, MA",1178,159,1274,14,942,2121,120,11591
4,"Bozeman, MT",36,0,55,0,43,94,3,643
4,"Brainerd, MN",2,0,0,0,0,2,0,51
4,"Bristol/Johnson City/Kingsport, TN",5,1,7,0,6,10,1,163
4,"Brownsville, TX",8,9,19,0,15,28,2,151
4,"Brunswick, GA",10,4,7,0,2,18,0,60
4,"Buffalo, NY",118,12,138,1,150,255,13,1786
4,"Burbank, CA",97,8,230,0,199,370,14,2242
4,"Burlington, VT",10,8,47,0,27,61,10,508
4,"Butte, MT",2,0,0,1,0,3,0,55
4,"Casper, WY",0,0,0,0,0,0,0,30
4,"Cedar City, UT",6,0,0,1,0,7,0,51
4,"Cedar Rapids/Iowa City, IA",50,9,82,0,47,111,2,620
4,"Champaign/Urbana, IL",13,1,11,0,9,19,1,120
4,"Charleston, SC",178,4,206,4,242,380,14,2206
4,"Charleston/Dunbar, WV",41,4,27,0,24,61,0,266
4,"Charlotte Amalie, VI",45,9,94,0,88,136,6,542
4,"Charlotte, NC",2720,383,2393,64,2668,4486,88,18163
4,"Charlottesville, VA",19,6,30,0,21,54,4,275
4,"Chattanooga, TN",72,9,65,1,68,124,7,592
4,"Cheyenne, WY",2,4,7,0,2,8,1,56
4,"Chicago, IL",3238,202,3161,18,2951,5848,103,30437
4,"Christiansted, VI",5,2,23,0,17,28,2,108
4,"Cincinnati, OH",256,62,298,0,269,574,17,3582
4,"Clarksburg/Fairmont, WV",2,0,1,0,3,4,0,17
4,"Cleveland, OH",242,17,244,1,290,519,28,3335
4,"College Station/Bryan, TX",2,5,11,0,11,17,4,90
4,"Colorado Springs, CO",72,3,74,0,79,151,6,972
4,"Columbia, MO",6,9,14,0,12,21,1,122
4,"Columbia, SC",37,6,42,0,47,74,2,545
4,"Columbus, GA",9,0,3,0,0,9,0,86
4,"Columbus, MS",3,1,2,0,2,7,0,60
4,"Columbus, OH",240,34,259,2,259,489,11,3422
4,"Concord, NC",5,0,7,0,7,12,2,60
4,"Cordova, AK",0,0,1,0,7,7,2,60
4,"Corpus Christi, TX",10,10,31,0,32,45,6,318
4,"Dallas, TX",810,106,581,2,1009,1359,58,6080
4,"Dallas/Fort Worth, TX",3312,1350,3231,21,3762,6497,562,24911
4,"Dayton, OH",43,7,52,0,44,105,4,686
4,"Daytona Beach, FL",12,1,10,0,19,27,2,248
4,"Deadhorse, AK",1,0,7,0,9,9,2,48
4,"Decatur, IL",4,0,8,0,11,15,0,81
4,"Denver, CO",3241,203,2585,20,2773,5207,99,24657
4,"Des Moines, IA",95,13,80,1,70,159,7,1264
4,"Detroit, MI",989,118,839,1,471,1630,46,10770
4,"Devils Lake, ND",1,0,3,0,3,4,0,55
4,"Dickinson, ND",2,0,0,0,2,4,0,56
4,"Dodge City, KS",2,0,2,0,1,3,0,51
4,"Dothan, AL",9,1,5,1,1,12,0,60
4,"Duluth, MN",8,2,4,1,0,11,0,172
4,"Durango, CO",24,7,21,0,8,45,2,243
4,"Eagle, CO",18,9,21,0,11,38,2,205
4,"El Paso, TX",117,17,90,1,159,228,7,1430
4,"Elko, NV",3,0,0,0,0,2,0,30
4,"Elmira/Corning, NY",5,3,3,0,1,9,0,85
4,"Escanaba, MI",4,1,1,0,0,5,1,51
4,"Eugene, OR",43,3,35,0,37,77,0,595
4,"Evansville, IN",16,6,18,0,11,36,2,154
4,"Everett, WA",9,0,16,0,5,21,0,130
4,"Fairbanks, AK",11,0,19,1,22,33,4,264
4,"Fargo, ND",33,6,24,0,18,55,2,532
4,"Fayetteville, AR",71,40,77,0,94,163,6,1078
4,"Fayetteville, NC",2,0,5,0,5,6,0,86
4,"Flagstaff, AZ",9,1,12,0,3,19,1,143
4,"Flint, MI",10,1,9,0,8,24,1,194
4,"Fort Dodge, IA",0,0,3,0,6,5,0,51
4,"Fort Lauderdale, FL",1145,45,1088,56,874,1853,75,8299
4,"Fort Myers, FL",308,21,314,1,374,586,44,3511
4,"Fort Smith, AR",3,9,5,0,5,14,3,90
4,"Fort Wayne, IN",39,6,30,0,20,65,3,351
4,"Fresno, CA",82,8,81,4,68,147,4,911
4,"Gainesville, FL",18,3,16,0,22,36,2,255
4,"Garden City, KS",10,2,8,0,7,16,1,60
4,"Gillette, WY",6,0,4,0,2,8,1,60
4,"Grand Forks, ND",6,1,1,0,1,7,0,108
4,"Grand Island, NE",7,2,5,0,3,11,2,76
4,"Grand Junction, CO",18,5,27,0,10,37,3,245
4,"Grand Rapids, MI",88,3,92,0,107,191,3,1520
4,"Great Falls, MT",15,2,7,0,8,24,0,223
4,"Green Bay, WI",43,3,24,0,14,60,8,397
4,"Greensboro/High Point, NC",67,8,96,2,62,143,9,958
4,"Greer, SC",82,14,109,3,117,190,7,1326
4,"Guam, TT",0,0,0,0,0,0,0,60
4,"Gulfport/Biloxi, MS",18,6,24,0,21,39,4,270
4,"Gunnison, CO",1,0,1,0,0,1,0,42
4,"Hagerstown, MD",5,0,2,0,6,6,1,17
4,"Hancock/Houghton, MI",5,4,5,0,7,16,3,60
4,"Harlingen/San Benito, TX",16,10,31,0,39,61,5,381
4,"Harrisburg, PA",32,1,31,0,32,51,2,507
4,"Hartford, CT",172,8,183,6,192,322,8,1974
4,"Hattiesburg/Laurel, MS",3,0,3,0,5,7,0,51
4,"Hayden, CO",6,1,3,0,9,15,0,120
4,"Hays, KS",1,0,3,0,6,7,1,60
4,"Helena, MT",3,2,2,0,2,7,0,120
4,"Hibbing, MN",3,1,0,0,0,4,0,51
4,"Hilo, HI",36,1,5,1,46,53,1,572
4,"Hilton Head, SC",11,1,22,0,28,37,1,177
4,"Honolulu, HI",488,16,112,6,322,631,50,5104
4,"Houston, TX",1725,89,1465,12,1580,2851,66,14145
4,"Huntsville, AL",74,15,60,1,71,140,6,801
4,"Idaho Falls, ID",12,6,9,1,5,28,0,266
4,"Indianapolis, IN",245,15,293,0,274,532,28,3947
4,"International Falls, MN",2,1,0,0,0,3,0,51
4,"Iron Mountain/Kingsfd, MI",3,2,1,0,0,5,0,60
4,"Islip, NY",40,5,31,0,62,77,9,433
4,"Ithaca/Cortland, NY",1,2,3,0,2,6,0,60
4,"Jackson, WY",16,1,26,0,13,37,1,246
4,"Jackson/Vicksburg, MS",39,16,41,0,60,99,5,605
4,"Jacksonville, FL",193,33,253,1,292,454,15,2590
4,"Jacksonville/Camp Lejeune, NC",2,0,3,0,7,8,0,146
4,"Jamestown, ND",1,0,0,0,1,2,0,55
4,"Johnstown, PA",11,0,7,0,7,18,0,60
4,"Joplin, MO",5,2,4,0,0,8,0,51
4,"Juneau, AK",13,0,15,0,21,36,6,345
4,"Kahului, HI",151,17,62,1,139,233,18,2153
4,"Kalamazoo, MI",4,2,1,0,0,6,0,86
4,"Kalispell, MT",15,0,6,0,5,21,1,195
4,"Kansas City, MO",322,66,312,2,428,665,22,4106
4,"Ketchikan, AK",9,0,4,0,10,13,3,195
4,"Key West, FL",145,6,109,3,134,215,11,772
4,"Killeen, TX",11,9,17,0,10,29,6,147
4,"King Salmon, AK",0,0,0,0,0,0,0,7
4,"Knoxville, TN",90,7,98,1,108,187,9,1210
4,"Kodiak, AK",5,0,2,0,4,9,2,58
4,"Kona, HI",70,2,34,2,83,130,13,1291
4,"Kotzebue, AK",1,0,3,1,4,5,4,30
4,"Lafayette, LA",10,20,27,3,25,45,4,266
4,"Lake Charles, LA",6,6,9,0,3,16,5,90
4,"Lansing, MI",16,2,10,0,8,25,1,112
4,"Laramie, WY",3,1,2,0,0,3,3,51
4,"Laredo, TX",8,0,14,0,15,26,4,153
4,"Las Vegas, NV",1753,34,1398,16,1900,3023,47,15579
4,"Latrobe, PA",2,0,5,0,3,7,0,51
4,"Lawton/Fort Sill, OK",8,5,8,0,6,18,6,90
4,"Lewiston, ID",9,1,0,0,0,8,0,90
4,"Lexington, KY",39,7,63,0,53,101,6,785
4,"Liberal, KS",2,2,0,0,1,5,0,51
4,"Lihue, HI",70,8,26,0,93,130,20,1290
4,"Lincoln, NE",8,1,3,0,7,16,0,90
4,"Little Rock, AR",85,36,82,0,80,165,12,1087
4,"Long Beach, CA",79,5,73,7,130,197,5,1476
4,"Longview, TX",2,6,8,0,1,13,0,60
4,"Los Angeles, CA",1475,57,1713,8,1287,2876,43,15718
4,"Louisville, KY",177,16,165,3,153,315,10,2048
4,"Lubbock, TX",28,17,49,1,55,93,5,483
4,"Madison, WI",84,22,69,0,66,150,9,1015
4,"Manchester, NH",33,0,42,0,44,74,5,463
4,"Manhattan/Ft. Riley, KS",3,1,2,0,4,7,1,60
4,"Marquette, MI",12,3,5,0,1,16,2,60
4,"Mason City, IA",3,0,2,0,7,9,1,51
4,"Medford, OR",28,2,23,0,7,46,1,344
4,"Melbourne, FL",14,0,13,0,17,26,1,243
4,"Memphis, TN",144,13,115,2,127,248,12,1850
4,"Meridian, MS",7,0,3,0,1,8,0,51
4,"Miami, FL",1261,109,1140,21,1118,2065,77,9590
4,"Midland/Odessa, TX",45,28,50,1,71,126,10,829
4,"Milwaukee, WI",159,8,169,0,193,343,10,2369
4,"Minneapolis, MN",825,62,661,2,374,1316,19,10260
4,"Minot, ND",19,2,6,0,3,23,0,181
4,"Mission/McAllen/Edinburg, TX",27,15,30,3,27,64,7,306
4,"Missoula, MT",17,2,15,1,13,33,0,240
4,"Mobile, AL",5,3,17,0,14,22,3,206
4,"Moline, IL",20,5,28,0,25,49,1,304
4,"Monroe, LA",11,5,17,0,17,31,3,150
4,"Monterey, CA",28,8,33,0,19,55,1,349
4,"Montgomery, AL",12,6,18,0,13,34,4,202
4,"Montrose/Delta, CO",10,1,9,0,14,20,1,153
4,"Mosinee, WI",1,0,1,0,0,2,0,60
4,"Myrtle Beach, SC",54,9,121,0,122,196,15,1381
4,"Nashville, TN",651,25,613,2,823,1290,32,8282
4,"New Orleans, LA",394,46,416,2,523,805,34,4320
4,"New York, NY",2200,87,2197,27,1762,3909,290,23667
4,"Newark, NJ",1272,122,1231,5,1081,2193,146,10729
4,"Newburgh/Poughkeepsie, NY",0,0,3,0,2,3,0,34
4,"Niagara Falls, NY",4,0,4,0,4,7,0,42
4,"Nome, AK",2,0,6,0,5,6,2,30
4,"Norfolk, VA",145,9,164,1,174,315,17,1701
4,"North Bend/Coos Bay, OR",2,0,14,0,1,16,0,30
4,"North Platte, NE",5,0,3,0,3,8,0,52
4,"Oakland, CA",273,2,168,0,292,458,15,3512
4,"Oklahoma City, OK",132,14,123,0,149,275,21,1880
4,"Omaha, NE",129,20,141,0,147,280,9,1926
4,"Ontario, CA",148,8,162,2,215,339,10,2098
4,"Orlando, FL",1660,147,1445,29,1450,2775,161,14178
4,"Pago Pago, TT",4,0,0,0,2,4,0,9
4,"Palm Springs, CA",110,10,212,1,122,321,12,1620
4,"Panama City, FL",54,10,60,0,80,121,5,735
4,"Pasco/Kennewick/Richland, WA",20,2,20,0,7,35,0,401
4,"Pellston, MI",9,4,5,0,0,13,0,51
4,"Pensacola, FL",91,17,93,3,130,197,17,1139
4,"Peoria, IL",18,9,34,0,29,58,1,286
4,"Petersburg, AK",0,0,4,0,7,6,0,60
4,"Philadelphia, PA",711,47,717,11,696,1348,47,7893
4,"Phoenix, AZ",1684,18,1269,17,1634,2864,43,16994
4,"Pittsburgh, PA",240,19,342,3,263,533,19,3535
4,"Plattsburgh, NY",4,2,6,0,3,9,1,52
4,"Pocatello, ID",4,1,0,0,0,5,0,60
4,"Ponce, PR",4,0,5,0,13,15,1,114
4,"Portland, ME",38,5,52,0,42,91,15,617
4,"Portland, OR",339,15,404,1,319,732,16,4765
4,"Portsmouth, NH",1,0,5,0,2,6,1,53
4,"Prescott, AZ",10,0,7,0,5,15,0,60
4,"Providence, RI",82,6,79,0,110,157,4,1203
4,"Provo, UT",10,2,10,0,7,21,0,156
4,"Punta Gorda, FL",44,8,40,1,31,81,0,539
4,"Raleigh/Durham, NC",442,28,551,1,555,937,33,5013
4,"Rapid City, SD",28,14,31,0,13,58,0,312
4,"Redding, CA",5,1,7,0,3,12,0,114
4,"Reno, NV",109,8,169,0,136,280,4,1638
4,"Rhinelander, WI",1,2,0,0,0,3,0,60
4,"Richmond, VA",153,13,161,2,144,288,10,1570
4,"Riverton/Lander, WY",3,1,2,0,1,5,0,39
4,"Roanoke, VA",18,0,18,0,20,35,1,226
4,"Rochester, MN",15,3,11,0,6,23,0,124
4,"Rochester, NY",70,5,68,0,78,130,11,947
4,"Rock Springs, WY",2,0,4,0,3,4,0,39
4,"Rockford, IL",3,1,5,0,6,12,0,66
4,"Roswell, NM",6,1,7,0,4,9,1,60
4,"Sacramento, CA",367,20,249,3,405,679,15,4392
4,"Saginaw/Bay City/Midland, MI",12,2,11,0,4,21,0,168
4,"Saipan, TT",0,0,0,0,0,0,0,30
4,"Salina, KS",7,0,4,0,4,11,1,60
4,"Salt Lake City, UT",819,48,647,4,521,1373,15,9336
4,"San Angelo, TX",8,2,5,0,12,16,2,90
4,"San Antonio, TX",284,37,281,4,363,580,17,3401
4,"San Diego, CA",586,42,858,13,828,1481,35,7585
4,"San Francisco, CA",1182,45,1270,1,1659,2684,86,10622
4,"San Jose, CA",252,10,190,3,285,476,12,3938
4,"San Juan, PR",333,8,339,1,338,565,26,2921
4,"San Luis Obispo, CA",36,2,31,2,25,68,5,410
4,"Sanford, FL",59,18,77,6,54,117,9,753
4,"Santa Ana, CA",236,12,331,1,349,635,18,3598
4,"Santa Barbara, CA",41,12,80,0,64,136,13,556
4,"Santa Fe, NM",15,6,22,0,7,37,3,169
4,"Santa Maria, CA",0,0,0,0,0,0,0,8
4,"Santa Rosa, CA",21,2,37,0,26,50,0,265
4,"Sarasota/Bradenton, FL",127,5,119,1,175,260,17,1616
4,"Sault Ste. Marie, MI",8,0,0,0,0,8,0,60
4,"Savannah, GA",169,17,158,2,180,287,11,1663
4,"Scottsbluff, NE",4,0,6,0,5,9,2,51
4,"Scranton/Wilkes-Barre, PA",17,0,12,0,16,26,0,92
4,"Seattle, WA",1236,62,1512,41,923,2468,25,12925
4,"Sheridan, WY",8,0,1,0,0,8,0,60
4,"Shreveport, LA",18,20,29,0,31,55,9,330
4,"Sioux City, IA",2,1,2,0,2,5,0,60
4,"Sioux Falls, SD",29,11,42,0,27,64,2,598
4,"Sitka, AK",6,1,6,0,2,9,1,90
4,"South Bend, IN",44,5,34,0,29,76,3,541
4,"Spokane, WA",73,3,70,1,72,141,6,1475
4,"Springfield, IL",1,0,0,0,1,2,0,10
4,"Springfield, MO",60,37,77,0,73,130,7,665
4,"St. Cloud, MN",0,0,0,0,0,0,0,15
4,"St. George, UT",24,3,13,1,2,31,0,254
4,"St. Louis, MO",501,65,457,0,652,961,35,5444
4,"St. Petersburg, FL",39,11,53,0,38,86,5,641
4,"State College, PA",10,0,2,0,3,13,0,60
4,"Stillwater, OK",7,2,8,1,8,14,1,60
4,"Stockton, CA",7,1,9,0,6,9,0,36
4,"Sun Valley/Hailey/Ketchum, ID",5,3,2,0,1,9,0,99
4,"Syracuse, NY",71,5,67,0,63,131,7,1103
4,"Tallahassee, FL",32,7,41,1,52,75,3,503
4,"Tampa, FL",682,52,686,6,753,1277,93,7121
4,"Texarkana, AR",5,4,9,0,7,14,1,60
4,"Toledo, OH",4,1,5,0,7,9,0,40
4,"Traverse City, MI",17,2,20,0,15,37,0,223
4,"Trenton, NJ",17,1,20,0,37,46,1,201
4,"Tucson, AZ",105,10,145,1,129,262,9,1664
4,"Tulsa, OK",91,24,113,0,109,206,13,1390
4,"Twin Falls, ID",6,0,0,0,0,5,0,60
4,"Tyler, TX",2,6,8,0,3,14,3,90
4,"Valdosta, GA",2,2,5,0,3,8,0,60
4,"Valparaiso, FL",81,14,72,1,97,149,7,844
4,"Victoria, TX",0,0,1,0,2,2,0,51
4,"Waco, TX",6,5,11,0,9,21,4,90
4,"Walla Walla, WA",1,0,0,0,1,2,0,60
4,"Washington, DC",1377,123,1602,14,1549,2877,93,15850
4,"West Palm Beach/Palm Beach, FL",309,10,245,13,353,551,29,2769
4,"White Plains, NY",101,15,97,5,96,177,22,1058
4,"Wichita Falls, TX",4,3,4,0,2,9,1,56
4,"Wichita, KS",64,18,57,0,61,132,9,842
4,"Williston, ND",9,0,7,0,4,13,0,146
4,"Wilmington, NC",33,11,74,0,72,120,3,595
4,"Worcester, MA",8,1,16,0,14,22,5,123
4,"Wrangell, AK",1,0,2,0,6,7,1,60
4,"Yakutat, AK",0,0,4,0,5,6,3,60
4,"Yuma, AZ",10,0,6,0,3,14,1,132
5,"Aberdeen, SD",7,2,1,0,0,9,0,62
5,"Abilene, TX",14,11,22,0,25,41,3,144
5,"Adak Island, AK",0,0,0,1,1,1,0,9
5,"Aguadilla, PR",27,2,9,0,38,44,4,254
5,"Akron, OH",25,9,39,0,29,66,5,306
5,"Albany, GA",15,3,5,0,0,16,1,62
5,"Albany, NY",98,7,91,0,117,197,7,1016
5,"Albuquerque, NM",255,20,173,0,277,418,48,2134
5,"Alexandria, LA",18,15,14,0,2,34,6,155
5,"Allentown/Bethlehem/Easton, PA",28,4,36,0,31,65,5,391
5,"Alpena, MI",6,4,5,0,0,10,0,53
5,"Amarillo, TX",40,20,60,0,58,110,17,421
5,"Anchorage, AK",100,3,83,1,109,208,9,1725
5,"Appleton, WI",38,15,50,0,39,106,6,532
5,"Arcata/Eureka, CA",5,1,22,0,6,27,1,122
5,"Asheville, NC",153,33,192,2,183,302,8,1123
5,"Ashland, WV",13,2,7,0,16,18,0,31
5,"Aspen, CO",29,13,25,0,14,60,6,204
5,"Atlanta, GA",4798,414,4772,17,3668,7928,173,29870
5,"Atlantic City, NJ",9,0,27,0,20,41,3,286
5,"Augusta, GA",36,9,40,0,27,66,2,310
5,"Austin, TX",1403,259,1331,21,1675,2572,121,7852
5,"Bakersfield, CA",21,5,21,0,13,37,4,206
5,"Baltimore, MD",1715,48,1243,4,1687,2623,52,8654
5,"Bangor, ME",9,0,15,0,9,21,5,221
5,"Barrow, AK",0,0,4,3,4,7,0,31
5,"Baton Rouge, LA",46,35,67,0,60,108,12,441
5,"Beaumont/Port Arthur, TX",6,5,3,0,0,11,2,62
5,"Belleville, IL",11,2,13,0,16,22,0,98
5,"Bellingham, WA",11,0,8,0,12,18,0,244
5,"Bemidji, MN",5,1,1,0,0,6,0,62
5,"Bend/Redmond, OR",34,3,36,0,23,66,1,458
5,"Bethel, AK",2,0,9,12,5,17,0,62
5,"Billings, MT",40,10,19,0,21,58,2,341
5,"Binghamton, NY",3,1,4,0,2,6,0,31
5,"Birmingham, AL",205,55,220,4,260,409,24,1512
5,"Bismarck/Mandan, ND",29,11,27,0,10,51,2,347
5,"Bloomington/Normal, IL",10,8,29,0,21,45,2,158
5,"Boise, ID",147,17,174,0,140,319,8,2016
5,"Boston, MA",1589,72,1580,9,1305,2721,89,12659
5,"Bozeman, MT",48,5,77,0,65,121,2,719
5,"Brainerd, MN",2,0,0,0,0,2,0,53
5,"Bristol/Johnson City/Kingsport, TN",16,7,16,0,15,32,2,168
5,"Brownsville, TX",20,16,28,0,18,44,12,189
5,"Brunswick, GA",18,2,6,0,0,20,1,62
5,"Buffalo, NY",186,13,188,1,211,360,18,1878
5,"Burbank, CA",124,11,264,1,255,449,15,2327
5,"Burlington, VT",29,5,51,2,48,89,6,629
5,"Butte, MT",2,0,0,0,0,2,0,58
5,"Casper, WY",4,4,4,0,0,11,0,102
5,"Cedar City, UT",5,1,1,0,0,6,0,53
5,"Cedar Rapids/Iowa City, IA",76,19,113,2,81,173,12,669
5,"Champaign/Urbana, IL",17,9,23,0,23,39,3,124
5,"Charleston, SC",235,25,339,0,351,546,27,2406
5,"Charleston/Dunbar, WV",32,14,41,0,28,76,6,305
5,"Charlotte Amalie, VI",45,6,91,1,87,141,4,541
5,"Charlotte, NC",4487,834,4239,132,4641,7366,261,19203
5,"Charlottesville, VA",30,4,39,0,27,60,8,285
5,"Chattanooga, TN",77,25,86,0,76,156,11,586
5,"Cheyenne, WY",2,2,4,0,1,7,0,58
5,"Chicago, IL",5325,1164,6010,24,5623,10337,460,31818
5,"Christiansted, VI",4,3,11,0,21,25,0,102
5,"Cincinnati, OH",358,80,465,4,397,800,45,3709
5,"Clarksburg/Fairmont, WV",3,2,4,1,5,8,0,19
5,"Cleveland, OH",330,15,423,1,378,725,50,3667
5,"Cody, WY",2,2,5,0,3,8,0,28
5,"College Station/Bryan, TX",8,5,11,0,7,21,6,92
5,"Colorado Springs, CO",115,24,111,0,123,234,16,1067
5,"Columbia, MO",27,13,35,0,30,48,5,149
5,"Columbia, SC",66,14,77,0,69,135,11,592
5,"Columbus, GA",14,7,8,0,2,22,1,88
5,"Columbus, MS",1,0,4,0,4,6,0,62
5,"Columbus, OH",343,32,408,0,404,723,41,3665
5,"Concord, NC",5,1,6,0,12,16,0,61
5,"Cordova, AK",3,0,2,0,6,7,1,62
5,"Corpus Christi, TX",24,27,72,0,72,113,15,328
5,"Dallas, TX",1316,156,926,2,1583,2129,201,6207
5,"Dallas/Fort Worth, TX",5898,2163,5460,24,6345,10397,1723,27111
5,"Dayton, OH",49,16,80,1,75,139,13,712
5,"Daytona Beach, FL",30,7,31,0,44,62,3,274
5,"Deadhorse, AK",1,1,2,0,5,6,1,50
5,"Decatur, IL",5,1,13,0,17,26,5,85
5,"Denver, CO",4167,414,3065,13,4214,7043,212,26368
5,"Des Moines, IA",136,38,171,1,137,286,22,1254
5,"Detroit, MI",1456,132,1317,7,786,2353,55,11294
5,"Devils Lake, ND",0,2,3,0,3,8,0,58
5,"Dickinson, ND",2,1,5,0,0,7,0,57
5,"Dodge City, KS",1,0,6,0,7,11,0,54
5,"Dothan, AL",4,0,8,0,6,16,0,62
5,"Duluth, MN",8,12,13,0,6,29,3,176
5,"Durango, CO",23,8,27,1,17,53,7,284
5,"Eagle, CO",11,3,9,0,8,25,2,151
5,"El Paso, TX",176,28,141,1,260,352,35,1470
5,"Elko, NV",0,0,0,0,0,0,0,31
5,"Elmira/Corning, NY",10,2,3,0,5,13,0,80
5,"Escanaba, MI",5,1,2,0,0,6,0,53
5,"Eugene, OR",58,4,50,0,44,101,6,588
5,"Evansville, IN",23,8,30,0,7,46,2,161
5,"Everett, WA",4,0,6,0,5,10,1,93
5,"Fairbanks, AK",13,0,9,0,34,41,3,310
5,"Fargo, ND",46,15,41,0,40,96,4,542
5,"Fayetteville, AR",104,62,175,1,152,281,17,1152
5,"Fayetteville, NC",7,5,7,0,8,19,1,92
5,"Flagstaff, AZ",5,2,3,0,2,8,2,155
5,"Flint, MI",19,7,26,0,12,43,4,168
5,"Fort Dodge, IA",2,0,4,0,5,9,3,54
5,"Fort Lauderdale, FL",1391,61,1487,50,1082,2237,68,7892
5,"Fort Myers, FL",256,56,414,1,444,676,25,2613
5,"Fort Smith, AR",14,11,22,4,18,36,4,93
5,"Fort Wayne, IN",50,11,41,1,31,93,8,338
5,"Fresno, CA",111,9,92,2,95,200,13,1005
5,"Gainesville, FL",26,5,21,1,23,42,3,247
5,"Garden City, KS",10,3,9,0,8,14,2,62
5,"Gillette, WY",1,2,2,0,0,5,0,62
5,"Grand Forks, ND",6,2,0,0,2,8,0,102
5,"Grand Island, NE",7,6,5,1,1,14,3,80
5,"Grand Junction, CO",26,15,28,0,22,60,5,302
5,"Grand Rapids, MI",133,21,154,2,151,269,22,1442
5,"Great Falls, MT",17,1,12,0,6,26,0,210
5,"Green Bay, WI",43,13,20,0,15,73,5,353
5,"Greensboro/High Point, NC",101,32,125,0,104,215,20,1015
5,"Greer, SC",158,30,173,3,214,337,20,1449
5,"Guam, TT",1,0,0,0,1,1,1,62
5,"Gulfport/Biloxi, MS",26,16,35,0,40,67,9,283
5,"Gunnison, CO",2,2,4,0,1,7,0,40
5,"Hagerstown, MD",1,1,3,0,5,6,0,21
5,"Hancock/Houghton, MI",9,1,7,0,10,22,3,62
5,"Harlingen/San Benito, TX",51,10,68,0,84,109,12,356
5,"Harrisburg, PA",57,10,66,1,63,113,6,483
5,"Hartford, CT",201,16,222,4,279,416,18,1911
5,"Hattiesburg/Laurel, MS",5,0,9,1,9,16,6,54
5,"Hayden, CO",3,3,9,0,5,14,0,102
5,"Hays, KS",2,3,4,0,13,18,0,62
5,"Helena, MT",9,2,9,0,2,16,0,124
5,"Hibbing, MN",3,2,0,0,0,5,0,53
5,"Hilo, HI",74,6,24,0,97,110,8,577
5,"Hilton Head, SC",36,6,45,0,62,83,3,232
5,"Hobbs, NM",3,2,1,0,1,6,0,16
5,"Honolulu, HI",697,15,181,18,479,861,89,5232
5,"Houston, TX",2972,794,2698,10,3155,5331,465,15135
5,"Huntsville, AL",96,32,142,1,120,217,20,810
5,"Hyannis, MA",2,0,2,0,3,3,0,9
5,"Idaho Falls, ID",22,9,20,0,8,45,2,334
5,"Indianapolis, IN",420,53,489,1,455,852,50,4138
5,"International Falls, MN",3,2,1,0,0,5,0,53
5,"Iron Mountain/Kingsfd, MI",5,1,1,0,0,6,0,62
5,"Islip, NY",33,3,27,0,63,73,8,417
5,"Ithaca/Cortland, NY",5,2,5,0,4,13,2,121
5,"Jackson, WY",21,12,49,0,28,74,5,324
5,"Jackson/Vicksburg, MS",76,32,90,0,100,170,13,664
5,"Jacksonville, FL",344,37,405,1,430,685,40,2741
5,"Jacksonville/Camp Lejeune, NC",9,2,10,0,17,24,1,104
5,"Jamestown, ND",0,1,2,0,1,3,0,12
5,"Johnstown, PA",3,0,7,0,11,16,1,62
5,"Joplin, MO",6,1,3,0,3,11,0,53
5,"Juneau, AK",18,3,25,0,25,43,8,398
5,"Kahului, HI",238,7,115,4,210,351,33,2169
5,"Kalamazoo, MI",13,2,4,0,0,15,1,88
5,"Kalispell, MT",18,5,17,0,21,39,0,254
5,"Kansas City, MO",481,59,522,0,618,971,57,4346
5,"Ketchikan, AK",11,0,11,0,25,33,5,217
5,"Key West, FL",104,28,117,2,154,208,2,630
5,"Killeen, TX",25,17,25,0,23,48,5,153
5,"King Salmon, AK",0,0,1,0,1,1,1,22
5,"Knoxville, TN",139,41,179,1,180,325,19,1345
5,"Kodiak, AK",4,0,2,0,4,7,0,72
5,"Kona, HI",117,5,62,0,142,200,15,1323
5,"Kotzebue, AK",0,0,0,0,1,1,0,31
5,"La Crosse, WI",4,0,6,0,7,11,1,50
5,"Lafayette, LA",14,21,24,0,37,53,9,243
5,"Lake Charles, LA",10,10,15,0,11,27,6,93
5,"Lansing, MI",15,3,9,0,7,23,1,115
5,"Laramie, WY",1,3,3,0,1,7,0,54
5,"Laredo, TX",11,0,30,0,36,49,9,160
5,"Las Vegas, NV",2158,77,1683,7,2297,3721,110,16345
5,"Latrobe, PA",2,0,8,0,3,8,0,61
5,"Lawton/Fort Sill, OK",11,6,7,0,3,20,9,92
5,"Lewiston, ID",5,3,3,0,0,8,0,93
5,"Lexington, KY",61,22,102,2,110,181,17,775
5,"Liberal, KS",2,0,4,0,8,11,0,54
5,"Lihue, HI",121,6,42,0,142,192,32,1346
5,"Lincoln, NE",15,6,18,0,13,38,2,131
5,"Little Rock, AR",142,84,184,1,154,317,26,1120
5,"Long Beach, CA",142,3,80,0,176,240,5,1522
5,"Longview, TX",9,4,8,0,8,17,3,62
5,"Los Angeles, CA",2135,67,2036,10,1821,3652,91,16587
5,"Louisville, KY",279,37,325,4,311,546,33,2295
5,"Lubbock, TX",51,19,63,0,72,126,34,561
5,"Madison, WI",126,33,123,0,111,244,20,1031
5,"Manchester, NH",32,1,64,2,73,100,2,477
5,"Manhattan/Ft. Riley, KS",9,1,7,0,11,14,3,62
5,"Marquette, MI",6,6,12,0,7,17,0,85
5,"Martha's Vineyard, MA",2,2,4,1,3,7,3,40
5,"Mason City, IA",2,0,8,0,7,14,3,54
5,"Medford, OR",30,6,25,0,21,51,3,364
5,"Melbourne, FL",18,1,27,0,39,49,0,241
5,"Memphis, TN",256,44,238,0,248,458,40,2015
5,"Meridian, MS",3,5,16,0,6,21,2,54
5,"Miami, FL",1842,195,1772,38,1815,3142,91,9503
5,"Midland/Odessa, TX",121,53,134,3,120,250,48,868
5,"Milwaukee, WI",206,67,250,1,275,490,26,2406
5,"Minneapolis, MN",1154,143,1187,3,708,2023,36,10850
5,"Minot, ND",9,2,5,0,3,18,0,186
5,"Mission/McAllen/Edinburg, TX",68,19,62,0,49,124,23,393
5,"Missoula, MT",26,5,37,0,32,66,2,363
5,"Mobile, AL",21,14,42,0,32,56,6,211
5,"Moline, IL",40,18,57,0,49,99,7,372
5,"Monroe, LA",14,5,16,0,20,34,4,155
5,"Monterey, CA",35,5,41,0,44,74,5,430
5,"Montgomery, AL",29,13,29,1,9,56,1,208
5,"Montrose/Delta, CO",9,3,25,0,24,36,3,151
5,"Mosinee, WI",0,2,5,0,1,6,0,62
5,"Myrtle Beach, SC",111,12,214,1,197,328,17,1614
5,"Nantucket, MA",5,0,15,0,19,26,6,127
5,"Nashville, TN",1262,189,1285,4,1645,2503,77,8811
5,"New Orleans, LA",708,111,758,2,836,1315,71,4518
5,"New York, NY",2665,192,3234,23,2401,5240,316,24720
5,"Newark, NJ",1559,136,1631,18,1370,2702,150,11358
5,"Newburgh/Poughkeepsie, NY",5,1,6,0,6,8,0,29
5,"Niagara Falls, NY",4,1,4,0,3,6,0,27
5,"Nome, AK",1,0,1,0,1,2,0,31
5,"Norfolk, VA",191,28,212,2,241,392,35,1778
5,"North Bend/Coos Bay, OR",3,1,10,0,0,11,0,34
5,"North Platte, NE",1,0,3,0,0,3,1,53
5,"Oakland, CA",383,2,221,3,412,603,14,3610
5,"Oklahoma City, OK",231,37,244,3,259,458,32,1961
5,"Omaha, NE",266,84,305,2,310,569,33,2088
5,"Ontario, CA",208,5,235,1,304,455,25,2259
5,"Orlando, FL",2260,334,2338,33,2175,3966,123,13837
5,"Pago Pago, TT",1,0,0,0,1,2,0,11
5,"Palm Springs, CA",94,10,133,0,106,231,11,1152
5,"Panama City, FL",129,22,145,1,193,248,12,826
5,"Pasco/Kennewick/Richland, WA",23,3,23,1,8,41,0,425
5,"Pellston, MI",10,4,1,0,0,14,0,69
5,"Pensacola, FL",182,56,191,2,264,364,29,1224
5,"Peoria, IL",30,16,47,0,43,84,4,297
5,"Petersburg, AK",4,0,5,0,11,12,0,62
5,"Philadelphia, PA",1171,65,1236,12,1185,2157,79,8740
5,"Phoenix, AZ",2322,39,1443,18,2320,3808,111,17203
5,"Pittsburgh, PA",327,67,505,7,450,805,45,3796
5,"Plattsburgh, NY",4,0,6,0,4,8,2,27
5,"Pocatello, ID",3,2,0,0,0,5,0,62
5,"Ponce, PR",3,1,6,0,19,18,1,93
5,"Portland, ME",68,6,61,0,71,134,15,855
5,"Portland, OR",374,21,457,2,443,877,40,5114
5,"Portsmouth, NH",3,0,3,0,3,5,1,28
5,"Prescott, AZ",5,6,7,0,5,16,0,62
5,"Providence, RI",141,7,139,0,183,269,8,1244
5,"Provo, UT",15,1,15,0,12,24,0,163
5,"Punta Gorda, FL",48,14,56,0,49,88,1,421
5,"Raleigh/Durham, NC",677,71,815,5,814,1419,60,5489
5,"Rapid City, SD",27,16,27,0,24,64,3,381
5,"Redding, CA",6,2,20,0,9,24,0,117
5,"Reno, NV",113,17,133,1,149,272,19,1709
5,"Rhinelander, WI",4,1,1,0,0,5,0,70
5,"Richmond, VA",186,20,226,4,208,387,22,1778
5,"Riverton/Lander, WY",1,0,2,0,1,3,0,39
5,"Roanoke, VA",29,6,31,0,27,53,5,248
5,"Rochester, MN",23,8,18,0,2,35,2,145
5,"Rochester, NY",91,10,101,1,107,180,9,1026
5,"Rock Springs, WY",4,0,3,0,1,7,0,40
5,"Rockford, IL",8,2,8,0,12,16,0,65
5,"Roswell, NM",12,6,5,0,2,19,8,88
5,"Sacramento, CA",423,20,329,4,510,816,26,4630
5,"Saginaw/Bay City/Midland, MI",16,4,18,0,16,40,4,179
5,"Saipan, TT",0,0,0,0,0,0,0,31
5,"Salina, KS",10,0,10,0,9,22,3,62
5,"Salt Lake City, UT",974,63,778,0,643,1640,39,9621
5,"San Angelo, TX",12,7,9,0,10,22,6,92
5,"San Antonio, TX",419,49,457,2,526,824,77,3536
5,"San Diego, CA",707,56,869,3,1054,1682,67,7936
5,"San Francisco, CA",1264,42,1062,3,1632,2556,93,10974
5,"San Jose, CA",300,16,256,3,418,629,15,4183
5,"San Juan, PR",434,35,496,2,438,794,29,3104
5,"San Luis Obispo, CA",24,3,28,0,27,58,2,400
5,"Sanford, FL",86,21,93,0,97,167,3,776
5,"Santa Ana, CA",289,14,328,0,398,673,49,3707
5,"Santa Barbara, CA",41,4,57,0,58,99,5,654
5,"Santa Fe, NM",20,19,13,0,13,51,9,221
5,"Santa Maria, CA",0,0,1,0,1,1,0,9
5,"Santa Rosa, CA",37,4,39,0,31,57,1,242
5,"Sarasota/Bradenton, FL",153,15,194,2,221,327,11,1345
5,"Sault Ste. Marie, MI",7,1,2,0,0,8,0,62
5,"Savannah, GA",215,63,223,1,282,431,21,1794
5,"Scottsbluff, NE",1,1,3,0,1,6,1,53
5,"Scranton/Wilkes-Barre, PA",24,7,27,0,39,51,3,144
5,"Seattle, WA",1638,84,1845,18,1360,3167,70,14338
5,"Sheridan, WY",3,0,1,0,2,5,1,62
5,"Shreveport, LA",35,35,35,0,61,84,11,346
5,"Sioux City, IA",10,2,9,0,5,18,1,62
5,"Sioux Falls, SD",39,16,53,0,41,98,5,572
5,"Sitka, AK",6,0,8,0,8,12,0,124
5,"South Bend, IN",109,10,60,0,61,165,12,536
5,"Spokane, WA",77,11,76,0,107,186,8,1477
5,"Springfield, IL",1,0,2,0,0,2,0,9
5,"Springfield, MO",107,63,122,0,125,217,19,736
5,"St. Cloud, MN",0,0,1,0,0,1,0,9
5,"St. George, UT",11,6,9,0,1,21,2,231
5,"St. Louis, MO",801,133,778,7,1054,1584,49,5656
5,"St. Petersburg, FL",59,26,84,0,76,141,2,668
5,"State College, PA",6,3,12,0,8,21,3,88
5,"Stillwater, OK",5,4,2,0,0,10,5,62
5,"Stockton, CA",3,1,7,0,6,10,0,41
5,"Sun Valley/Hailey/Ketchum, ID",4,0,3,0,0,5,0,108
5,"Syracuse, NY",108,17,109,0,100,201,10,1154
5,"Tallahassee, FL",67,29,83,1,91,142,5,543
5,"Tampa, FL",994,82,1185,2,1185,1909,75,6846
5,"Texarkana, AR",5,4,10,0,1,13,4,62
5,"Toledo, OH",2,0,6,0,9,10,0,29
5,"Traverse City, MI",24,9,29,0,18,49,4,274
5,"Trenton, NJ",12,1,20,0,39,50,1,170
5,"Tucson, AZ",181,19,195,1,179,372,27,1639
5,"Tulsa, OK",126,45,196,0,181,331,32,1516
5,"Twin Falls, ID",4,1,1,0,0,5,0,62
5,"Tyler, TX",13,3,13,0,3,23,3,93
5,"Valdosta, GA",5,2,10,0,8,12,1,62
5,"Valparaiso, FL",126,39,113,0,171,238,18,917
5,"Victoria, TX",2,1,4,0,3,6,7,54
5,"Waco, TX",11,5,6,0,1,19,6,92
5,"Walla Walla, WA",1,0,2,0,1,2,0,60
5,"Washington, DC",2036,226,2564,22,2150,4137,126,16613
5,"West Palm Beach/Palm Beach, FL",337,45,356,0,392,626,22,2420
5,"West Yellowstone, MT",2,4,1,0,0,6,0,34
5,"White Plains, NY",94,17,116,1,103,195,6,1017
5,"Wichita Falls, TX",11,3,2,0,0,14,4,62
5,"Wichita, KS",108,23,122,0,95,199,23,876
5,"Williston, ND",10,2,12,0,3,20,1,178
5,"Wilmington, NC",34,22,89,0,99,141,8,684
5,"Worcester, MA",11,0,14,0,17,22,3,120
5,"Wrangell, AK",0,0,3,0,14,13,0,62
5,"Yakutat, AK",1,1,3,1,4,5,2,62
5,"Yuma, AZ",22,2,9,0,7,27,3,141
6,"Aberdeen, SD",18,7,12,1,0,27,0,60
6,"Abilene, TX",10,5,12,0,20,28,2,145
6,"Adak Island, AK",0,0,0,0,0,0,1,9
6,"Aguadilla, PR",43,3,24,0,70,77,6,209
6,"Akron, OH",32,3,28,0,45,73,4,327
6,"Albany, GA",9,0,1,0,0,9,1,60
6,"Albany, NY",116,18,98,1,118,215,14,1035
6,"Albuquerque, NM",222,24,160,0,273,397,17,2079
6,"Alexandria, LA",10,2,10,2,7,21,1,169
6,"Allentown/Bethlehem/Easton, PA",34,1,20,0,32,58,3,415
6,"Alpena, MI",10,3,1,0,0,13,2,52
6,"Amarillo, TX",46,14,34,0,58,90,5,445
6,"Anchorage, AK",181,7,190,1,144,312,20,2126
6,"Appleton, WI",68,19,57,0,30,121,6,520
6,"Arcata/Eureka, CA",14,1,11,0,6,25,0,114
6,"Asheville, NC",201,12,183,11,203,328,22,1191
6,"Ashland, WV",26,2,24,0,28,41,2,90
6,"Aspen, CO",81,40,64,3,35,165,52,696
6,"Atlanta, GA",3844,150,2673,13,2252,5648,143,29361
6,"Atlantic City, NJ",20,7,32,0,16,52,4,244
6,"Augusta, GA",20,1,27,1,23,50,0,367
6,"Austin, TX",1119,78,807,24,1221,1901,55,7551
6,"Bakersfield, CA",27,3,29,0,25,47,1,221
6,"Baltimore, MD",1769,74,1059,16,1598,2514,92,8779
6,"Bangor, ME",45,11,83,0,67,121,23,512
6,"Barrow, AK",1,0,6,5,5,8,1,30
6,"Baton Rouge, LA",30,26,29,0,37,71,3,428
6,"Beaumont/Port Arthur, TX",3,2,1,0,2,7,0,60
6,"Belleville, IL",13,2,11,1,31,36,3,146
6,"Bellingham, WA",20,0,23,0,19,38,0,264
6,"Bemidji, MN",14,4,9,0,0,18,1,60
6,"Bend/Redmond, OR",55,6,36,0,31,76,1,471
6,"Bethel, AK",4,0,12,6,5,14,0,60
6,"Billings, MT",35,6,40,0,39,72,4,395
6,"Binghamton, NY",3,0,1,0,0,3,0,30
6,"Birmingham, AL",154,28,130,1,190,292,11,1457
6,"Bismarck/Mandan, ND",58,13,54,1,20,92,3,343
6,"Bloomington/Normal, IL",11,1,12,0,24,28,1,158
6,"Boise, ID",175,15,188,3,182,342,10,2063
6,"Boston, MA",1793,118,1776,13,1446,2982,196,12568
6,"Bozeman, MT",78,13,109,0,116,199,5,1036
6,"Brainerd, MN",13,3,12,0,0,18,0,52
6,"Bristol/Johnson City/Kingsport, TN",15,1,10,0,20,29,0,186
6,"Brownsville, TX",23,1,22,0,22,45,0,201
6,"Brunswick, GA",11,3,4,0,1,15,0,60
6,"Buffalo, NY",204,11,222,2,276,414,34,1916
6,"Burbank, CA",220,6,226,5,367,539,19,2670
6,"Burlington, VT",59,19,72,0,68,129,17,756
6,"Butte, MT",8,2,2,0,0,10,0,56
6,"Casper, WY",23,3,17,0,16,45,3,212
6,"Cedar City, UT",7,2,2,0,0,9,0,52
6,"Cedar Rapids/Iowa City, IA",101,17,80,0,76,171,10,684
6,"Champaign/Urbana, IL",12,8,11,0,17,27,0,116
6,"Charleston, SC",238,22,274,3,301,479,47,2392
6,"Charleston/Dunbar, WV",40,8,19,1,16,59,4,293
6,"Charlotte Amalie, VI",49,5,71,0,95,130,3,504
6,"Charlotte, NC",3475,497,2368,110,3450,5404,312,18712
6,"Charlottesville, VA",22,0,28,0,10,38,7,250
6,"Chattanooga, TN",65,7,43,2,60,103,3,547
6,"Cheyenne, WY",4,0,1,0,1,5,1,55
6,"Chicago, IL",5704,572,4891,29,5237,9377,380,31744
6,"Christiansted, VI",15,4,24,1,37,47,2,106
6,"Cincinnati, OH",382,30,388,6,362,751,57,3631
6,"Clarksburg/Fairmont, WV",7,0,5,0,10,12,1,32
6,"Cleveland, OH",399,38,394,3,418,786,69,3723
6,"Cody, WY",19,2,12,0,8,30,2,98
6,"College Station/Bryan, TX",5,3,9,0,11,17,2,90
6,"Colorado Springs, CO",121,16,105,0,123,222,13,1170
6,"Columbia, MO",24,7,19,0,39,49,4,168
6,"Columbia, SC",45,12,43,0,39,85,8,558
6,"Columbus, GA",10,1,7,0,5,13,0,84
6,"Columbus, MS",2,0,6,0,3,7,0,60
6,"Columbus, OH",329,36,333,1,350,639,54,3765
6,"Concord, NC",12,1,12,0,19,21,2,61
6,"Cordova, AK",0,0,7,2,6,10,0,60
6,"Corpus Christi, TX",23,9,34,0,50,71,8,316
6,"Dallas, TX",1155,62,682,6,1258,1759,21,6275
6,"Dallas/Fort Worth, TX",6205,858,4056,15,5996,9246,497,27690
6,"Dayton, OH",42,7,36,0,51,87,9,629
6,"Daytona Beach, FL",13,6,6,0,18,25,1,246
6,"Deadhorse, AK",1,0,4,0,5,7,1,45
6,"Decatur, IL",2,2,5,0,7,11,0,52
6,"Denver, CO",4871,310,3539,8,4650,7843,211,27585
6,"Des Moines, IA",151,18,143,3,149,297,11,1281
6,"Detroit, MI",1666,220,1314,7,908,2581,73,11408
6,"Devils Lake, ND",5,1,7,0,7,16,2,56
6,"Dickinson, ND",4,0,4,0,2,8,0,55
6,"Dillingham, AK",2,0,1,0,2,2,1,18
6,"Dodge City, KS",5,2,6,0,5,14,1,51
6,"Dothan, AL",4,2,1,0,1,8,0,60
6,"Duluth, MN",19,10,30,0,11,48,1,181
6,"Durango, CO",32,13,22,0,19,65,2,356
6,"Eagle, CO",26,3,12,0,17,39,3,219
6,"El Paso, TX",170,18,142,1,224,315,14,1516
6,"Elko, NV",5,0,0,0,0,5,0,30
6,"Elmira/Corning, NY",16,8,11,0,2,25,1,80
6,"Escanaba, MI",13,1,7,0,0,15,0,52
6,"Eugene, OR",69,5,37,1,39,99,3,607
6,"Evansville, IN",11,8,12,0,27,36,2,197
6,"Everett, WA",2,0,1,0,4,5,0,57
6,"Fairbanks, AK",31,0,29,0,36,59,2,373
6,"Fargo, ND",74,27,86,1,46,152,3,565
6,"Fayetteville, AR",119,37,116,2,146,247,7,1170
6,"Fayetteville, NC",9,4,4,0,2,14,2,145
6,"Flagstaff, AZ",21,2,6,0,1,24,0,146
6,"Flint, MI",12,9,7,0,7,26,1,159
6,"Fort Dodge, IA",2,0,4,0,11,14,0,51
6,"Fort Lauderdale, FL",1154,264,1333,101,1052,2037,295,7290
6,"Fort Myers, FL",182,44,218,0,305,439,40,2084
6,"Fort Smith, AR",10,7,15,0,34,43,0,109
6,"Fort Wayne, IN",66,11,30,1,46,101,6,397
6,"Fresno, CA",121,7,117,1,95,207,4,981
6,"Gainesville, FL",21,11,10,0,30,36,3,286
6,"Garden City, KS",6,4,10,0,8,13,2,60
6,"Gillette, WY",5,0,5,0,3,10,0,60
6,"Grand Forks, ND",20,4,30,0,1,36,1,99
6,"Grand Island, NE",13,2,7,4,7,19,1,78
6,"Grand Junction, CO",37,9,26,0,25,70,0,346
6,"Grand Rapids, MI",162,38,182,1,186,348,24,1526
6,"Great Falls, MT",11,3,11,0,6,19,1,191
6,"Green Bay, WI",53,19,52,0,24,100,6,373
6,"Greensboro/High Point, NC",75,16,89,0,95,170,27,1029
6,"Greer, SC",106,29,130,2,115,232,23,1413
6,"Guam, TT",11,0,2,0,0,11,0,60
6,"Gulfport/Biloxi, MS",26,7,24,0,37,56,0,298
6,"Gunnison, CO",9,0,3,0,2,12,0,65
6,"Gustavus, AK",0,0,0,0,0,0,0,30
6,"Hagerstown, MD",10,2,3,1,16,16,1,36
6,"Hancock/Houghton, MI",5,1,3,0,6,12,1,60
6,"Harlingen/San Benito, TX",39,5,42,1,63,77,2,319
6,"Harrisburg, PA",64,9,48,0,53,109,5,503
6,"Hartford, CT",203,28,244,1,287,434,24,1884
6,"Hattiesburg/Laurel, MS",5,0,3,0,5,9,2,51
6,"Hayden, CO",11,2,8,0,6,21,1,122
6,"Hays, KS",2,0,2,0,2,4,0,51
6,"Helena, MT",11,0,13,0,1,15,0,120
6,"Hibbing, MN",10,4,10,0,0,14,0,52
6,"Hilo, HI",51,1,9,0,63,69,0,547
6,"Hilton Head, SC",17,4,16,0,26,41,7,236
6,"Hobbs, NM",12,2,7,0,1,15,2,60
6,"Honolulu, HI",623,2,152,5,349,752,27,5217
6,"Houston, TX",2775,337,2005,27,2504,4407,165,15103
6,"Huntsville, AL",108,9,66,1,81,158,4,739
6,"Hyannis, MA",5,2,16,0,12,21,2,65
6,"Idaho Falls, ID",27,6,15,0,12,46,1,327
6,"Indianapolis, IN",400,32,448,5,439,809,58,4158
6,"International Falls, MN",11,7,12,0,0,17,2,56
6,"Iron Mountain/Kingsfd, MI",21,2,7,0,0,23,1,60
6,"Islip, NY",38,3,28,0,47,70,7,397
6,"Ithaca/Cortland, NY",4,1,7,0,7,11,6,61
6,"Jackson, WY",42,10,46,1,50,103,10,580
6,"Jackson/Vicksburg, MS",77,14,51,1,89,119,5,582
6,"Jacksonville, FL",247,88,246,0,354,564,40,2575
6,"Jacksonville/Camp Lejeune, NC",2,1,5,0,4,8,0,146
6,"Jamestown, ND",3,0,6,0,4,7,7,39
6,"Johnstown, PA",6,0,2,0,3,9,0,60
6,"Joplin, MO",1,3,7,0,4,11,0,52
6,"Juneau, AK",25,2,29,0,35,59,3,485
6,"Kahului, HI",167,2,62,1,157,254,17,2276
6,"Kalamazoo, MI",15,3,4,0,0,17,2,84
6,"Kalispell, MT",37,5,42,1,52,83,1,468
6,"Kansas City, MO",454,40,455,3,602,899,37,4450
6,"Ketchikan, AK",19,3,15,0,20,39,4,252
6,"Key West, FL",61,21,70,3,102,137,19,509
6,"Killeen, TX",31,7,19,0,35,49,3,147
6,"King Salmon, AK",0,0,4,1,2,5,0,36
6,"Knoxville, TN",137,20,116,0,136,246,19,1467
6,"Kodiak, AK",2,0,2,2,3,7,3,76
6,"Kona, HI",98,1,40,1,95,139,7,1399
6,"Kotzebue, AK",0,0,2,0,4,4,0,30
6,"La Crosse, WI",0,0,1,0,1,1,0,13
6,"Lafayette, LA",35,16,19,0,28,55,3,272
6,"Lake Charles, LA",9,7,5,0,4,18,0,90
6,"Lansing, MI",22,14,14,0,4,39,0,109
6,"Laramie, WY",7,2,5,0,4,14,2,51
6,"Laredo, TX",10,0,16,0,29,34,4,165
6,"Las Vegas, NV",2515,139,2052,5,2386,4041,102,15699
6,"Latrobe, PA",1,0,2,0,4,6,0,60
6,"Lawton/Fort Sill, OK",9,4,7,0,2,15,0,90
6,"Lewiston, ID",5,0,0,0,0,5,0,90
6,"Lexington, KY",77,16,71,0,89,149,10,817
6,"Liberal, KS",3,1,3,0,2,6,1,51
6,"Lihue, HI",99,2,43,1,122,158,7,1385
6,"Lincoln, NE",20,4,12,0,9,33,0,210
6,"Little Rock, AR",143,43,133,0,159,277,7,1137
6,"Long Beach, CA",105,2,68,0,157,208,3,1484
6,"Longview, TX",2,2,2,0,4,7,0,60
6,"Los Angeles, CA",2280,80,2205,7,1842,3800,102,16676
6,"Louisville, KY",205,32,223,1,176,387,23,2156
6,"Lubbock, TX",44,10,39,0,53,82,9,508
6,"Madison, WI",116,30,131,1,104,239,13,1051
6,"Manchester, NH",32,5,35,1,51,75,2,499
6,"Manhattan/Ft. Riley, KS",4,3,5,0,9,12,2,86
6,"Marquette, MI",11,2,10,1,9,16,0,88
6,"Martha's Vineyard, MA",13,10,40,0,33,57,10,233
6,"Mason City, IA",0,0,5,0,11,11,0,51
6,"Medford, OR",41,7,30,0,24,66,1,371
6,"Melbourne, FL",11,1,7,0,16,24,1,226
6,"Memphis, TN",224,19,205,1,211,395,27,2093
6,"Meridian, MS",7,0,6,1,3,11,1,51
6,"Miami, FL",1517,564,1358,20,1824,2886,392,8553
6,"Midland/Odessa, TX",109,37,96,3,99,206,5,833
6,"Milwaukee, WI",206,22,260,0,261,469,33,2443
6,"Minneapolis, MN",2001,346,2033,2,1522,3540,56,11265
6,"Minot, ND",37,15,41,1,10,68,1,199
6,"Mission/McAllen/Edinburg, TX",60,13,58,1,57,116,10,409
6,"Missoula, MT",51,4,46,0,50,97,3,508
6,"Mobile, AL",22,2,17,1,29,42,2,216
6,"Moline, IL",34,8,35,0,43,72,3,360
6,"Monroe, LA",13,4,7,1,19,27,0,169
6,"Monterey, CA",45,6,39,0,40,82,1,426
6,"Montgomery, AL",19,8,15,0,20,41,3,225
6,"Montrose/Delta, CO",22,5,30,0,28,60,2,240
6,"Mosinee, WI",3,3,17,0,10,20,0,60
6,"Myrtle Beach, SC",166,19,224,2,261,413,38,1952
6,"Nantucket, MA",30,0,45,1,46,74,17,346
6,"Nashville, TN",1099,151,934,10,1332,2025,92,8899
6,"New Orleans, LA",502,55,518,5,678,982,53,4205
6,"New York, NY",2992,240,3045,31,2616,5305,831,24017
6,"Newark, NJ",1694,174,1517,13,1496,2675,390,10768
6,"Newburgh/Poughkeepsie, NY",4,4,4,0,7,9,1,35
6,"Niagara Falls, NY",7,1,8,0,6,11,1,29
6,"Nome, AK",1,1,7,0,5,7,0,30
6,"Norfolk, VA",241,42,192,0,231,417,47,1857
6,"North Bend/Coos Bay, OR",0,0,2,0,1,3,0,39
6,"North Platte, NE",3,1,5,0,4,10,2,52
6,"Oakland, CA",485,7,269,13,532,742,14,3621
6,"Oklahoma City, OK",212,24,160,0,204,371,18,2039
6,"Omaha, NE",289,50,248,2,277,511,23,2058
6,"Ontario, CA",213,10,175,0,244,400,27,2304
6,"Orlando, FL",1959,610,1817,53,2102,3646,151,13175
6,"Pago Pago, TT",3,0,0,0,1,3,0,12
6,"Palm Springs, CA",68,3,65,0,50,115,1,656
6,"Panama City, FL",139,35,91,2,199,261,6,1016
6,"Pasco/Kennewick/Richland, WA",35,3,28,1,22,58,1,410
6,"Pellston, MI",15,6,3,0,0,20,0,111
6,"Pensacola, FL",138,35,141,0,215,304,21,1378
6,"Peoria, IL",39,7,23,1,50,78,2,318
6,"Petersburg, AK",3,0,4,0,8,10,0,60
6,"Philadelphia, PA",1371,138,1084,18,1318,2268,259,9374
6,"Phoenix, AZ",2353,69,1653,25,2231,3693,78,15839
6,"Pittsburgh, PA",362,58,455,7,476,814,59,3926
6,"Plattsburgh, NY",4,0,7,0,6,11,2,33
6,"Pocatello, ID",6,0,0,0,0,6,0,60
6,"Ponce, PR",14,0,7,0,20,25,2,81
6,"Portland, ME",118,38,158,0,169,289,45,1285
6,"Portland, OR",473,24,453,6,612,985,34,5268
6,"Portsmouth, NH",3,2,3,0,6,7,1,28
6,"Prescott, AZ",6,4,6,0,5,15,0,60
6,"Providence, RI",111,17,133,0,139,243,10,1279
6,"Provo, UT",14,2,13,0,9,24,0,159
6,"Punta Gorda, FL",53,22,61,0,59,100,4,490
6,"Raleigh/Durham, NC",682,59,634,6,694,1257,120,5509
6,"Rapid City, SD",67,20,53,1,58,119,13,538
6,"Redding, CA",7,0,7,0,12,21,0,115
6,"Reno, NV",151,14,133,1,202,307,14,1805
6,"Rhinelander, WI",29,9,18,0,0,38,0,82
6,"Richmond, VA",189,15,171,4,177,332,31,1632
6,"Riverton/Lander, WY",5,1,3,0,2,7,2,60
6,"Roanoke, VA",34,6,22,0,25,59,1,229
6,"Rochester, MN",13,7,19,0,9,32,1,95
6,"Rochester, NY",88,12,80,1,105,169,26,1015
6,"Rock Springs, WY",1,0,1,0,0,1,0,60
6,"Rockford, IL",5,1,9,1,10,15,2,73
6,"Roswell, NM",16,5,12,0,3,25,0,90
6,"Sacramento, CA",508,26,344,14,628,905,28,4756
6,"Saginaw/Bay City/Midland, MI",29,6,15,0,2,38,3,190
6,"Saipan, TT",6,0,4,0,5,8,0,30
6,"Salina, KS",2,3,4,0,2,8,0,51
6,"Salt Lake City, UT",1204,77,726,2,777,1818,31,9610
6,"San Angelo, TX",10,5,14,2,8,21,3,90
6,"San Antonio, TX",390,37,360,10,472,760,29,3555
6,"San Diego, CA",1037,91,1265,4,1433,2210,61,8291
6,"San Francisco, CA",1185,35,982,1,1347,2209,69,10256
6,"San Jose, CA",431,18,408,8,530,838,16,4382
6,"San Juan, PR",550,27,564,5,576,953,61,3409
6,"San Luis Obispo, CA",33,7,34,0,26,67,0,413
6,"Sanford, FL",173,43,139,2,138,276,12,971
6,"Santa Ana, CA",292,7,294,1,414,642,44,3551
6,"Santa Barbara, CA",50,3,44,0,52,97,10,662
6,"Santa Fe, NM",38,10,39,0,15,75,2,300
6,"Santa Maria, CA",1,0,1,0,2,2,0,9
6,"Santa Rosa, CA",25,4,50,0,49,75,0,287
6,"Sarasota/Bradenton, FL",102,21,90,1,151,215,8,1153
6,"Sault Ste. Marie, MI",8,6,7,0,0,13,0,60
6,"Savannah, GA",161,27,143,3,154,291,31,1702
6,"Scottsbluff, NE",6,1,3,0,2,10,1,52
6,"Scranton/Wilkes-Barre, PA",12,5,10,0,21,29,1,146
6,"Seattle, WA",2098,96,1960,11,1825,3649,70,15183
6,"Sheridan, WY",8,0,3,0,1,9,0,60
6,"Shreveport, LA",37,28,31,0,61,85,5,400
6,"Sioux City, IA",6,4,7,0,1,12,0,60
6,"Sioux Falls, SD",60,52,91,3,59,166,1,572
6,"Sitka, AK",13,1,17,1,11,29,3,173
6,"South Bend, IN",80,12,25,0,27,111,7,504
6,"Spokane, WA",112,14,105,0,122,227,7,1511
6,"Springfield, IL",2,0,2,0,2,3,0,8
6,"Springfield, MO",114,29,89,2,126,213,8,889
6,"St. Cloud, MN",0,0,0,0,0,0,0,8
6,"St. George, UT",17,5,12,0,4,29,1,206
6,"St. Louis, MO",757,45,557,11,926,1321,38,5825
6,"St. Petersburg, FL",95,67,129,0,115,218,9,867
6,"State College, PA",9,3,7,0,10,22,2,83
6,"Stillwater, OK",4,3,4,0,0,10,0,60
6,"Stockton, CA",10,0,7,2,11,17,0,44
6,"Sun Valley/Hailey/Ketchum, ID",6,1,4,0,4,12,0,152
6,"Syracuse, NY",86,8,95,0,103,184,27,1206
6,"Tallahassee, FL",48,20,42,1,59,100,7,529
6,"Tampa, FL",836,220,746,3,995,1544,61,6247
6,"Texarkana, AR",8,3,6,0,10,17,1,60
6,"Toledo, OH",1,1,4,0,3,6,0,26
6,"Traverse City, MI",82,12,63,0,52,125,2,510
6,"Trenton, NJ",5,0,19,0,27,32,8,134
6,"Tucson, AZ",129,25,128,1,133,268,10,1363
6,"Tulsa, OK",155,20,124,8,153,285,12,1554
6,"Twin Falls, ID",4,0,0,0,0,4,0,60
6,"Tyler, TX",6,4,2,0,3,14,2,90
6,"Valdosta, GA",1,1,2,0,3,4,0,60
6,"Valparaiso, FL",117,21,85,0,138,206,10,1141
6,"Victoria, TX",0,0,1,0,5,5,0,51
6,"Waco, TX",17,3,12,0,15,31,1,90
6,"Walla Walla, WA",2,0,4,0,5,9,1,60
6,"Washington, DC",1789,133,1687,14,1752,3223,221,15974
6,"West Palm Beach/Palm Beach, FL",241,56,232,0,299,466,54,2013
6,"West Yellowstone, MT",8,2,5,0,1,11,3,62
6,"White Plains, NY",98,17,91,1,74,165,14,986
6,"Wichita Falls, TX",2,3,2,0,2,6,1,60
6,"Wichita, KS",99,18,72,2,100,194,7,928
6,"Williston, ND",30,3,23,1,6,44,0,170
6,"Wilmington, NC",45,23,74,1,86,146,12,731
6,"Worcester, MA",6,3,12,0,9,20,6,115
6,"Wrangell, AK",1,0,3,0,4,4,0,60
6,"Yakutat, AK",1,0,3,1,5,6,0,60
6,"Yuma, AZ",13,1,9,1,7,19,0,118
7,"Aberdeen, SD",9,3,9,0,0,15,0,62
7,"Abilene, TX",11,2,15,0,26,35,0,149
7,"Adak Island, AK",0,0,1,2,1,2,0,9
7,"Aguadilla, PR",18,4,12,0,37,40,2,197
7,"Akron, OH",67,5,55,0,55,107,5,332
7,"Albany, GA",19,5,7,0,0,24,3,62
7,"Albany, NY",180,24,157,1,182,305,44,1061
7,"Albuquerque, NM",270,27,206,0,345,477,30,2126
7,"Alexandria, LA",17,15,15,0,16,40,5,177
7,"Allentown/Bethlehem/Easton, PA",44,7,37,0,48,83,15,375
7,"Alpena, MI",9,1,3,1,0,11,2,52
7,"Amarillo, TX",46,4,42,1,72,103,2,465
7,"Anchorage, AK",323,3,310,0,237,501,43,2300
7,"Appleton, WI",87,15,65,0,32,128,13,532
7,"Arcata/Eureka, CA",14,1,16,0,8,28,1,141
7,"Asheville, NC",227,56,216,8,257,410,50,1248
7,"Ashland, WV",14,4,15,0,21,30,7,91
7,"Aspen, CO",70,38,89,2,42,168,10,711
7,"Atlanta, GA",6861,1084,5078,18,4508,10189,1778,30072
7,"Atlantic City, NJ",29,2,30,1,21,50,9,231
7,"Augusta, GA",53,6,57,0,63,106,23,385
7,"Austin, TX",1255,184,975,22,1604,2304,161,7754
7,"Bakersfield, CA",16,0,17,1,23,37,1,266
7,"Baltimore, MD",2512,118,1585,10,2381,3520,148,9069
7,"Bangor, ME",71,6,98,1,93,158,33,589
7,"Barrow, AK",0,0,4,5,1,6,2,31
7,"Baton Rouge, LA",56,23,48,0,67,103,23,434
7,"Beaumont/Port Arthur, TX",1,1,7,0,1,10,3,62
7,"Belleville, IL",26,5,27,0,39,53,8,150
7,"Bellingham, WA",25,0,13,0,23,35,3,280
7,"Bemidji, MN",12,3,5,0,0,15,0,62
7,"Bend/Redmond, OR",83,19,44,0,38,120,13,517
7,"Bethel, AK",7,0,12,7,9,21,1,62
7,"Billings, MT",33,2,37,0,47,75,10,420
7,"Binghamton, NY",6,0,2,0,0,6,2,31
7,"Birmingham, AL",224,65,181,1,262,410,55,1460
7,"Bishop, CA",0,1,0,0,5,6,1,31
7,"Bismarck/Mandan, ND",52,14,42,1,22,85,4,357
7,"Bloomington/Normal, IL",17,5,19,0,21,34,5,162
7,"Boise, ID",215,14,169,1,195,372,34,2139
7,"Boston, MA",2060,65,1963,20,1611,3358,370,12953
7,"Bozeman, MT",129,6,182,1,170,289,17,1164
7,"Brainerd, MN",9,5,9,0,0,16,0,62
7,"Bristol/Johnson City/Kingsport, TN",13,5,18,0,27,37,8,197
7,"Brownsville, TX",20,6,28,0,25,47,9,203
7,"Brunswick, GA",16,2,6,0,0,16,0,62
7,"Buffalo, NY",277,24,307,1,350,517,61,2025
7,"Burbank, CA",247,9,240,2,378,543,45,2875
7,"Burlington, VT",86,23,109,1,93,188,45,795
7,"Butte, MT",5,1,0,0,0,6,0,62
7,"Casper, WY",19,2,7,0,9,30,0,245
7,"Cedar City, UT",6,2,1,0,0,7,0,52
7,"Cedar Rapids/Iowa City, IA",116,20,107,1,87,195,19,728
7,"Champaign/Urbana, IL",13,4,9,0,15,24,1,123
7,"Charleston, SC",332,52,372,0,434,662,116,2494
7,"Charleston/Dunbar, WV",61,10,35,0,32,90,5,288
7,"Charlotte Amalie, VI",49,5,96,1,100,138,9,495
7,"Charlotte, NC",4652,1666,3472,93,5922,8107,702,19043
7,"Charlottesville, VA",26,8,36,0,29,67,14,259
7,"Chattanooga, TN",83,11,76,0,93,151,19,529
7,"Cheyenne, WY",2,1,0,0,2,5,0,58
7,"Chicago, IL",6248,536,5309,33,5859,10178,744,32415
7,"Christiansted, VI",12,1,13,3,25,33,2,87
7,"Cincinnati, OH",541,85,505,2,509,952,144,3752
7,"Clarksburg/Fairmont, WV",10,1,9,0,15,15,1,34
7,"Cleveland, OH",477,17,478,0,508,893,139,3802
7,"Cody, WY",9,4,7,1,10,21,0,121
7,"College Station/Bryan, TX",9,2,9,0,21,25,3,92
7,"Colorado Springs, CO",133,13,115,2,157,250,14,1220
7,"Columbia, MO",21,7,27,1,46,60,1,182
7,"Columbia, SC",76,17,78,0,78,141,33,577
7,"Columbus, GA",7,4,8,0,15,20,6,85
7,"Columbus, MS",1,2,8,0,6,12,2,62
7,"Columbus, OH",456,25,460,3,466,857,105,3928
7,"Concord, NC",11,4,16,0,20,24,2,61
7,"Cordova, AK",6,0,11,3,9,15,1,62
7,"Corpus Christi, TX",26,17,52,0,67,85,13,369
7,"Dallas, TX",1211,25,635,34,1396,1827,51,6447
7,"Dallas/Fort Worth, TX",7061,348,4696,26,6918,10322,521,29084
7,"Dayton, OH",53,5,72,0,67,130,25,641
7,"Daytona Beach, FL",15,13,33,0,47,58,12,245
7,"Deadhorse, AK",0,0,1,0,2,2,1,50
7,"Decatur, IL",5,0,10,0,8,14,0,53
7,"Denver, CO",4881,222,2957,10,4378,7500,453,28401
7,"Des Moines, IA",174,33,181,0,180,348,52,1351
7,"Detroit, MI",2190,78,1440,9,1118,2941,483,11751
7,"Devils Lake, ND",6,0,5,0,3,10,0,57
7,"Dickinson, ND",4,0,0,0,1,5,0,58
7,"Dillingham, AK",0,0,5,4,4,8,0,31
7,"Dodge City, KS",4,0,3,0,3,9,2,53
7,"Dothan, AL",7,1,6,0,0,12,1,62
7,"Duluth, MN",16,3,17,0,17,38,2,208
7,"Durango, CO",38,8,42,1,21,71,2,373
7,"Eagle, CO",39,1,19,1,34,59,4,243
7,"El Paso, TX",197,4,113,1,242,341,19,1545
7,"Elko, NV",2,0,0,0,0,2,1,31
7,"Elmira/Corning, NY",19,2,7,0,4,24,1,88
7,"Escanaba, MI",8,2,6,0,0,10,0,52
7,"Eugene, OR",76,2,36,0,60,103,4,639
7,"Evansville, IN",14,7,23,0,38,48,5,207
7,"Everett, WA",1,0,6,0,7,9,0,58
7,"Fairbanks, AK",45,1,51,1,50,89,7,384
7,"Fargo, ND",80,13,63,0,52,132,5,583
7,"Fayetteville, AR",159,58,171,11,179,339,19,1213
7,"Fayetteville, NC",16,7,15,1,0,24,5,100
7,"Flagstaff, AZ",7,3,9,0,0,16,0,150
7,"Flint, MI",23,4,17,0,10,36,1,165
7,"Fort Dodge, IA",1,0,6,0,12,15,1,53
7,"Fort Lauderdale, FL",1482,132,1471,74,1271,2341,212,7391
7,"Fort Myers, FL",229,74,334,2,436,621,59,2026
7,"Fort Smith, AR",13,3,11,0,20,27,3,112
7,"Fort Wayne, IN",67,14,65,0,47,119,6,416
7,"Fresno, CA",151,7,88,0,100,211,13,1023
7,"Gainesville, FL",33,20,26,0,57,77,13,296
7,"Garden City, KS",11,0,11,0,7,13,0,62
7,"Gillette, WY",6,0,4,0,1,7,0,62
7,"Grand Forks, ND",20,5,7,0,1,29,0,101
7,"Grand Island, NE",6,2,6,0,3,13,2,78
7,"Grand Junction, CO",31,5,26,0,35,64,2,354
7,"Grand Rapids, MI",193,22,204,3,207,383,54,1541
7,"Great Falls, MT",9,0,7,0,6,15,4,194
7,"Green Bay, WI",44,8,29,0,11,67,5,285
7,"Greensboro/High Point, NC",133,31,161,0,170,290,53,1056
7,"Greer, SC",192,36,194,2,221,379,58,1501
7,"Guam, TT",2,0,0,0,0,2,0,62
7,"Gulfport/Biloxi, MS",37,10,25,1,49,71,12,308
7,"Gunnison, CO",9,0,4,0,1,8,0,66
7,"Gustavus, AK",1,1,3,3,4,8,2,31
7,"Hagerstown, MD",8,2,8,0,17,21,2,45
7,"Hancock/Houghton, MI",5,2,2,0,2,10,0,62
7,"Harlingen/San Benito, TX",49,2,69,0,94,108,4,343
7,"Harrisburg, PA",86,10,64,1,67,135,15,504
7,"Hartford, CT",319,38,311,1,348,556,68,1937
7,"Hattiesburg/Laurel, MS",7,0,5,0,9,15,4,53
7,"Hayden, CO",20,3,8,0,11,34,1,132
7,"Hays, KS",5,0,5,0,2,8,0,53
7,"Helena, MT",11,3,8,0,3,17,0,124
7,"Hibbing, MN",7,2,5,0,0,9,0,52
7,"Hilo, HI",35,0,8,1,43,55,3,569
7,"Hilton Head, SC",19,5,39,0,29,58,5,238
7,"Hobbs, NM",11,0,3,0,1,12,3,62
7,"Honolulu, HI",695,1,184,32,405,838,51,5494
7,"Houston, TX",3615,508,2401,16,3453,5578,1033,15612
7,"Huntsville, AL",147,18,89,0,94,209,26,756
7,"Hyannis, MA",17,0,25,0,19,32,3,93
7,"Idaho Falls, ID",28,2,21,0,22,57,2,322
7,"Indianapolis, IN",536,60,555,4,606,1013,116,4219
7,"International Falls, MN",14,5,9,0,0,18,0,62
7,"Iron Mountain/Kingsfd, MI",11,1,0,0,0,12,0,62
7,"Islip, NY",58,1,37,0,69,88,16,407
7,"Ithaca/Cortland, NY",7,2,13,0,9,17,1,62
7,"Jackson, WY",87,2,80,0,72,152,15,663
7,"Jackson/Vicksburg, MS",101,25,91,12,112,188,22,609
7,"Jacksonville, FL",335,128,367,1,524,767,104,2612
7,"Jacksonville/Camp Lejeune, NC",38,9,33,0,35,58,10,205
7,"Jamestown, ND",5,0,4,0,4,9,0,57
7,"Johnstown, PA",8,0,0,0,1,7,0,62
7,"Joplin, MO",3,2,3,0,2,7,2,52
7,"Juneau, AK",41,3,68,0,69,109,6,527
7,"Kahului, HI",198,0,63,0,209,295,30,2423
7,"Kalamazoo, MI",15,2,2,0,0,17,0,85
7,"Kalispell, MT",66,8,58,0,61,119,8,569
7,"Kansas City, MO",553,44,540,0,740,1079,120,4593
7,"Ketchikan, AK",18,8,28,3,30,53,2,278
7,"Key West, FL",85,11,76,1,130,159,18,513
7,"Killeen, TX",34,3,21,0,40,55,0,175
7,"King Salmon, AK",0,0,10,7,6,11,0,46
7,"Knoxville, TN",164,39,165,0,195,348,64,1550
7,"Kodiak, AK",5,0,8,2,6,13,1,79
7,"Kona, HI",106,1,60,1,112,166,17,1463
7,"Kotzebue, AK",1,0,3,0,4,4,0,31
7,"La Crosse, WI",8,0,6,1,7,12,2,52
7,"Lafayette, LA",43,35,36,2,37,91,12,315
7,"Lake Charles, LA",7,5,13,0,13,21,1,92
7,"Lansing, MI",12,1,11,0,16,27,3,111
7,"Laramie, WY",0,2,2,0,1,4,4,53
7,"Laredo, TX",17,1,29,0,39,47,0,171
7,"Las Vegas, NV",3317,357,2536,15,3019,5048,431,16285
7,"Latrobe, PA",9,0,6,0,8,15,1,62
7,"Lawton/Fort Sill, OK",15,5,17,0,2,23,2,92
7,"Lewiston, ID",8,2,0,0,0,10,0,93
7,"Lexington, KY",107,19,116,2,152,228,32,855
7,"Liberal, KS",5,1,3,0,2,7,8,53
7,"Lihue, HI",107,1,64,1,114,189,15,1455
7,"Lincoln, NE",26,5,13,0,13,45,0,215
7,"Little Rock, AR",164,79,212,8,212,360,24,1190
7,"Long Beach, CA",149,1,70,0,200,268,9,1541
7,"Longview, TX",10,3,4,0,10,14,2,62
7,"Los Angeles, CA",2505,79,2060,15,2017,3994,424,17518
7,"Louisville, KY",281,28,314,1,291,530,58,2183
7,"Lubbock, TX",35,11,41,0,66,88,0,520
7,"Madison, WI",135,19,134,0,122,243,44,1021
7,"Manchester, NH",81,3,68,1,91,127,17,520
7,"Manhattan/Ft. Riley, KS",5,0,5,0,8,11,0,93
7,"Marquette, MI",17,6,9,1,10,25,0,92
7,"Martha's Vineyard, MA",36,12,50,2,43,86,12,353
7,"Mason City, IA",3,0,10,0,14,17,1,53
7,"Medford, OR",45,6,22,0,33,68,9,386
7,"Melbourne, FL",26,6,43,0,43,65,10,232
7,"Memphis, TN",303,23,274,3,303,544,83,2134
7,"Meridian, MS",8,1,8,0,7,17,7,53
7,"Miami, FL",1866,138,1482,29,1835,2976,183,8733
7,"Midland/Odessa, TX",100,28,87,2,120,201,10,811
7,"Milwaukee, WI",344,21,323,1,357,607,64,2613
7,"Minneapolis, MN",2172,267,1444,8,1435,3309,486,11786
7,"Minot, ND",33,8,18,1,5,48,1,233
7,"Mission/McAllen/Edinburg, TX",70,25,67,0,70,144,14,472
7,"Missoula, MT",87,4,55,3,68,130,17,567
7,"Mobile, AL",28,6,29,0,35,54,14,228
7,"Moline, IL",55,13,50,0,61,97,13,384
7,"Monroe, LA",17,6,21,1,32,47,5,204
7,"Monterey, CA",58,7,55,0,58,101,8,442
7,"Montgomery, AL",34,12,33,1,33,63,10,234
7,"Montrose/Delta, CO",23,1,26,0,43,57,5,251
7,"Mosinee, WI",4,1,4,0,3,9,1,62
7,"Myrtle Beach, SC",220,41,256,0,354,525,108,1939
7,"Nantucket, MA",44,1,75,4,73,117,26,479
7,"Nashville, TN",1403,108,1089,5,1701,2432,160,9145
7,"New Bern/Morehead/Beaufort, NC",2,1,2,0,7,9,3,22
7,"New Orleans, LA",747,192,674,6,973,1362,130,4192
7,"New York, NY",3926,191,4101,25,3520,7078,1199,25213
7,"Newark, NJ",2276,177,2203,10,1975,3666,551,11102
7,"Newburgh/Poughkeepsie, NY",7,1,13,0,13,19,1,48
7,"Niagara Falls, NY",8,0,9,0,12,17,1,34
7,"Nome, AK",2,0,7,0,7,7,0,31
7,"Norfolk, VA",312,71,294,3,366,580,103,1945
7,"North Bend/Coos Bay, OR",3,2,2,0,4,10,0,40
7,"North Platte, NE",6,1,3,0,1,7,0,52
7,"Oakland, CA",514,3,313,6,483,776,40,3726
7,"Oklahoma City, OK",235,36,188,1,241,441,32,2073
7,"Omaha, NE",296,29,253,1,297,498,56,2102
7,"Ontario, CA",209,7,171,1,294,417,52,2410
7,"Orlando, FL",2507,577,2324,59,2564,4421,348,13337
7,"Pago Pago, TT",3,0,0,0,1,3,0,14
7,"Palm Springs, CA",52,3,62,0,44,107,6,604
7,"Panama City, FL",170,26,133,0,206,302,27,1038
7,"Pasco/Kennewick/Richland, WA",40,4,38,4,19,75,3,462
7,"Pellston, MI",20,4,4,0,0,24,1,114
7,"Pensacola, FL",200,35,206,6,312,415,45,1423
7,"Peoria, IL",36,16,42,2,52,79,4,321
7,"Petersburg, AK",4,0,3,0,6,8,1,62
7,"Philadelphia, PA",2093,119,1579,8,1863,3176,366,9968
7,"Phoenix, AZ",2587,112,1829,38,2673,4144,267,16288
7,"Pittsburgh, PA",478,37,529,7,583,967,159,4113
7,"Plattsburgh, NY",9,2,10,0,8,14,2,48
7,"Pocatello, ID",3,0,0,0,0,3,0,62
7,"Ponce, PR",12,0,2,0,19,22,2,91
7,"Portland, ME",160,25,197,0,203,333,46,1363
7,"Portland, OR",549,18,520,0,640,1090,126,5492
7,"Portsmouth, NH",6,0,9,0,10,14,0,31
7,"Prescott, AZ",11,0,4,0,5,15,0,62
7,"Providence, RI",185,19,210,1,237,368,31,1316
7,"Provo, UT",29,1,22,1,12,42,3,160
7,"Punta Gorda, FL",57,38,77,0,62,125,15,509
7,"Raleigh/Durham, NC",835,146,850,4,1011,1615,241,5667
7,"Rapid City, SD",87,26,94,0,78,167,13,567
7,"Redding, CA",7,2,7,0,15,24,1,123
7,"Reno, NV",231,16,177,1,265,417,32,1919
7,"Rhinelander, WI",19,16,20,0,0,35,1,91
7,"Richmond, VA",258,29,225,0,270,451,68,1623
7,"Riverton/Lander, WY",4,0,5,0,4,8,0,62
7,"Roanoke, VA",37,6,33,0,28,66,14,232
7,"Rochester, MN",11,6,18,0,14,29,1,123
7,"Rochester, NY",143,9,144,0,159,257,52,1128
7,"Rock Springs, WY",8,0,5,0,2,8,1,62
7,"Rockford, IL",7,6,17,3,17,24,3,80
7,"Roswell, NM",12,4,8,0,5,24,1,92
7,"Sacramento, CA",603,24,466,1,665,1061,73,5021
7,"Saginaw/Bay City/Midland, MI",24,5,14,0,12,42,0,196
7,"Saipan, TT",3,1,2,0,1,4,0,31
7,"Salina, KS",3,3,5,0,4,10,0,53
7,"Salt Lake City, UT",1513,90,885,1,919,2164,325,9946
7,"San Angelo, TX",16,1,14,0,11,24,0,92
7,"San Antonio, TX",511,54,511,7,703,1047,122,3757
7,"San Diego, CA",1245,84,1397,10,1641,2483,165,8721
7,"San Francisco, CA",1470,28,1190,7,1335,2577,282,11828
7,"San Jose, CA",422,16,383,4,479,817,59,4516
7,"San Juan, PR",673,16,512,8,642,1010,65,3570
7,"San Luis Obispo, CA",44,3,24,0,34,74,2,465
7,"Sanford, FL",164,50,145,3,155,289,16,1007
7,"Santa Ana, CA",341,17,303,3,459,704,91,3697
7,"Santa Barbara, CA",59,2,53,1,55,117,12,749
7,"Santa Fe, NM",29,11,19,0,16,64,2,306
7,"Santa Maria, CA",2,0,2,0,2,3,0,8
7,"Santa Rosa, CA",32,3,43,1,40,67,1,319
7,"Sarasota/Bradenton, FL",132,44,166,0,219,317,29,1151
7,"Sault Ste. Marie, MI",9,2,3,0,0,11,0,62
7,"Savannah, GA",255,72,211,1,322,480,71,1725
7,"Scottsbluff, NE",3,0,3,0,4,7,0,52
7,"Scranton/Wilkes-Barre, PA",14,6,20,0,32,41,5,148
7,"Seattle, WA",2304,90,2293,17,1908,3980,272,16198
7,"Sheridan, WY",7,0,4,0,3,10,0,62
7,"Shreveport, LA",55,32,52,0,81,119,19,410
7,"Sioux City, IA",8,2,6,0,8,20,0,62
7,"Sioux Falls, SD",81,23,79,2,63,146,17,556
7,"Sitka, AK",11,0,19,1,20,34,1,186
7,"South Bend, IN",115,17,67,0,37,151,11,546
7,"Spokane, WA",172,11,107,0,168,279,35,1606
7,"Springfield, IL",0,0,0,0,0,0,1,9
7,"Springfield, MO",157,18,116,1,147,247,13,884
7,"St. Cloud, MN",0,0,0,0,0,0,1,9
7,"St. George, UT",22,10,12,0,3,38,0,234
7,"St. Louis, MO",986,109,729,6,1228,1735,112,6029
7,"St. Petersburg, FL",105,138,158,0,138,301,28,959
7,"State College, PA",3,1,4,0,1,7,0,34
7,"Stillwater, OK",6,1,4,0,0,9,0,62
7,"Stockton, CA",14,1,14,1,11,19,1,49
7,"Sun Valley/Hailey/Ketchum, ID",12,2,10,0,5,25,1,194
7,"Syracuse, NY",183,27,161,0,177,311,45,1259
7,"Tallahassee, FL",68,12,59,0,70,114,16,483
7,"Tampa, FL",1091,250,1119,3,1351,2068,168,6327
7,"Texarkana, AR",11,0,7,0,9,15,2,62
7,"Toledo, OH",4,1,4,0,3,7,0,26
7,"Traverse City, MI",111,15,100,0,83,167,13,608
7,"Trenton, NJ",11,1,22,0,30,39,4,142
7,"Tucson, AZ",123,36,133,1,146,292,22,1392
7,"Tulsa, OK",143,15,129,0,213,314,32,1559
7,"Twin Falls, ID",6,1,1,0,0,7,0,62
7,"Tyler, TX",17,2,14,0,20,26,3,92
7,"Valdosta, GA",6,1,9,0,5,13,4,62
7,"Valparaiso, FL",150,34,147,2,203,302,33,1141
7,"Victoria, TX",4,3,8,0,6,13,4,53
7,"Waco, TX",12,4,9,0,2,22,0,92
7,"Walla Walla, WA",2,0,4,0,9,11,0,60
7,"Washington, DC",2431,370,2496,16,2576,4555,493,16640
7,"West Palm Beach/Palm Beach, FL",339,22,355,1,406,609,71,2057
7,"West Yellowstone, MT",13,1,4,0,0,13,0,70
7,"White Plains, NY",168,25,162,1,138,271,28,1031
7,"Wichita Falls, TX",5,6,4,0,0,11,0,62
7,"Wichita, KS",93,6,77,0,114,187,23,951
7,"Williston, ND",35,6,22,0,6,45,0,165
7,"Wilmington, NC",85,35,148,1,163,230,43,860
7,"Worcester, MA",14,2,19,0,23,33,3,120
7,"Wrangell, AK",1,0,4,0,4,6,0,62
7,"Yakutat, AK",4,0,9,0,11,14,1,62
7,"Yuma, AZ",12,0,5,0,7,16,2,118
8,"Aberdeen, SD",5,7,9,1,0,13,0,62
8,"Abilene, TX",7,0,5,0,9,13,0,146
8,"Adak Island, AK",0,0,0,2,1,3,0,9
8,"Aguadilla, PR",28,2,25,0,47,54,7,191
8,"Akron, OH",33,2,51,0,37,82,7,307
8,"Albany, GA",14,1,1,0,0,15,1,62
8,"Albany, NY",143,24,164,1,155,262,20,1080
8,"Albuquerque, NM",191,18,173,0,225,342,9,2076
8,"Alexandria, LA",13,3,5,0,9,21,1,177
8,"Allentown/Bethlehem/Easton, PA",29,10,32,0,37,70,9,368
8,"Alpena, MI",9,1,3,0,0,11,0,54
8,"Amarillo, TX",34,3,36,1,41,80,2,460
8,"Anchorage, AK",218,8,185,1,204,365,23,2236
8,"Appleton, WI",65,12,48,0,24,105,2,503
8,"Arcata/Eureka, CA",10,4,23,0,10,33,5,144
8,"Asheville, NC",186,36,192,2,205,334,41,1196
8,"Ashland, WV",12,2,16,0,12,23,1,55
8,"Aspen, CO",88,33,91,0,53,194,0,648
8,"Atlanta, GA",3789,181,2787,16,2236,5749,305,29480
8,"Atlantic City, NJ",21,1,46,0,31,62,7,280
8,"Augusta, GA",26,7,26,0,33,60,8,360
8,"Austin, TX",607,67,547,4,753,1257,66,7157
8,"Bakersfield, CA",17,0,20,0,13,34,1,266
8,"Baltimore, MD",1741,125,1361,4,1742,2683,231,8940
8,"Bangor, ME",53,13,114,5,75,146,43,643
8,"Barrow, AK",0,0,10,8,7,11,0,31
8,"Baton Rouge, LA",33,9,25,1,41,66,4,413
8,"Beaumont/Port Arthur, TX",6,0,1,0,1,6,0,62
8,"Belleville, IL",14,1,12,0,22,29,4,105
8,"Bellingham, WA",19,1,25,2,15,37,1,184
8,"Bemidji, MN",9,1,5,0,0,11,0,62
8,"Bend/Redmond, OR",51,5,67,0,33,97,1,537
8,"Bethel, AK",7,0,11,1,12,13,0,62
8,"Billings, MT",41,0,37,0,26,61,3,413
8,"Binghamton, NY",2,0,2,0,0,3,4,31
8,"Birmingham, AL",118,33,110,2,147,251,24,1430
8,"Bishop, CA",0,0,0,0,0,0,0,31
8,"Bismarck/Mandan, ND",35,7,29,0,15,62,0,352
8,"Bloomington/Normal, IL",9,0,7,0,11,20,1,151
8,"Boise, ID",171,10,168,1,143,337,8,2097
8,"Boston, MA",2117,111,1969,13,1701,3362,488,13215
8,"Bozeman, MT",103,22,147,0,127,234,9,1112
8,"Brainerd, MN",10,1,7,0,0,14,0,62
8,"Bristol/Johnson City/Kingsport, TN",6,2,10,0,14,20,2,191
8,"Brownsville, TX",8,0,12,0,14,21,0,196
8,"Brunswick, GA",15,1,3,0,0,15,0,62
8,"Buffalo, NY",213,24,264,5,312,451,78,2067
8,"Burbank, CA",172,8,243,1,255,445,37,2746
8,"Burlington, VT",87,24,127,2,93,184,41,861
8,"Butte, MT",1,1,0,0,0,2,0,62
8,"Casper, WY",18,3,14,1,11,39,2,235
8,"Cedar City, UT",2,1,0,0,0,3,0,54
8,"Cedar Rapids/Iowa City, IA",106,20,122,0,59,191,13,789
8,"Champaign/Urbana, IL",7,1,3,0,13,18,0,126
8,"Charleston, SC",206,22,270,1,295,486,123,2323
8,"Charleston/Dunbar, WV",49,9,42,0,28,80,5,290
8,"Charlotte Amalie, VI",41,14,69,0,77,115,8,412
8,"Charlotte, NC",3368,888,2523,72,3613,5689,617,19150
8,"Charlottesville, VA",28,4,37,0,30,60,15,259
8,"Chattanooga, TN",55,1,48,0,48,95,6,547
8,"Cheyenne, WY",1,0,3,0,5,6,1,57
8,"Chicago, IL",5019,508,5085,29,4917,9143,412,32699
8,"Christiansted, VI",13,1,17,1,17,26,1,60
8,"Cincinnati, OH",368,55,396,2,374,729,112,3599
8,"Clarksburg/Fairmont, WV",3,1,5,3,3,9,1,21
8,"Cleveland, OH",311,21,398,5,346,641,126,3609
8,"Cody, WY",14,2,18,0,8,31,0,113
8,"College Station/Bryan, TX",5,0,7,0,11,17,1,94
8,"Colorado Springs, CO",108,15,88,0,118,219,6,1129
8,"Columbia, MO",19,2,15,0,14,30,0,178
8,"Columbia, SC",53,10,58,0,51,102,18,594
8,"Columbus, GA",4,1,8,0,6,12,5,85
8,"Columbus, MS",0,0,0,0,2,2,0,62
8,"Columbus, OH",331,14,379,0,378,687,86,3799
8,"Concord, NC",4,3,9,0,14,18,3,52
8,"Cordova, AK",4,0,7,3,14,17,1,62
8,"Corpus Christi, TX",14,0,22,0,15,31,1,319
8,"Dallas, TX",650,19,423,16,758,1067,31,5891
8,"Dallas/Fort Worth, TX",4850,170,2683,22,4384,6920,281,27900
8,"Dayton, OH",46,11,55,0,57,111,6,634
8,"Daytona Beach, FL",13,9,16,0,25,35,10,242
8,"Deadhorse, AK",2,0,3,0,6,9,0,49
8,"Decatur, IL",2,0,14,0,11,17,0,53
8,"Denver, CO",4119,289,3329,11,3871,7055,197,27334
8,"Des Moines, IA",129,11,130,1,136,265,21,1315
8,"Detroit, MI",1762,151,1328,4,865,2613,179,11834
8,"Devils Lake, ND",0,1,6,0,2,9,3,58
8,"Dickinson, ND",1,0,3,0,1,4,0,57
8,"Dillingham, AK",0,0,1,0,1,1,1,31
8,"Dodge City, KS",6,1,8,0,6,16,0,53
8,"Dothan, AL",5,0,1,0,0,5,2,62
8,"Duluth, MN",23,5,32,0,25,56,1,236
8,"Durango, CO",41,2,28,0,19,66,1,361
8,"Eagle, CO",21,3,15,1,24,49,1,240
8,"El Paso, TX",84,8,102,0,164,237,10,1595
8,"Elko, NV",1,1,0,0,0,2,0,31
8,"Elmira/Corning, NY",9,1,4,1,3,14,0,85
8,"Escanaba, MI",9,4,4,0,0,13,0,54
8,"Eugene, OR",56,1,43,1,41,82,2,564
8,"Evansville, IN",8,4,14,1,20,25,1,174
8,"Everett, WA",4,1,7,0,4,11,0,59
8,"Fairbanks, AK",28,2,22,0,41,59,4,394
8,"Fargo, ND",58,13,70,0,33,122,3,576
8,"Fayetteville, AR",104,19,111,1,95,210,9,1239
8,"Fayetteville, NC",16,2,16,0,5,24,1,118
8,"Flagstaff, AZ",13,0,4,0,2,14,0,146
8,"Flint, MI",13,5,28,1,17,45,2,170
8,"Fort Dodge, IA",0,0,9,0,19,21,1,53
8,"Fort Lauderdale, FL",1280,302,1388,38,1138,2195,241,6885
8,"Fort Myers, FL",198,59,245,1,311,451,76,1916
8,"Fort Smith, AR",4,2,4,0,10,14,0,117
8,"Fort Wayne, IN",59,12,51,0,31,99,2,365
8,"Fresno, CA",94,1,75,0,76,163,6,1009
8,"Gainesville, FL",24,6,17,0,32,46,15,297
8,"Garden City, KS",4,1,5,0,9,11,0,62
8,"Gillette, WY",4,2,11,0,4,10,0,64
8,"Grand Forks, ND",14,6,20,0,1,25,0,102
8,"Grand Island, NE",12,1,12,1,3,18,0,80
8,"Grand Junction, CO",29,4,35,0,25,60,4,342
8,"Grand Rapids, MI",144,24,168,1,166,298,37,1473
8,"Great Falls, MT",7,2,12,0,5,16,1,193
8,"Green Bay, WI",43,7,50,0,24,87,1,381
8,"Greensboro/High Point, NC",79,32,118,1,114,213,34,1095
8,"Greer, SC",117,14,143,0,135,256,33,1482
8,"Guam, TT",7,0,1,0,0,7,0,62
8,"Gulfport/Biloxi, MS",14,6,16,0,24,38,1,298
8,"Gunnison, CO",10,0,3,0,3,13,0,67
8,"Gustavus, AK",2,0,1,0,1,2,4,29
8,"Hagerstown, MD",2,1,9,0,7,9,2,34
8,"Hancock/Houghton, MI",12,0,11,0,8,24,0,62
8,"Harlingen/San Benito, TX",14,1,29,0,27,42,0,348
8,"Harrisburg, PA",68,12,66,0,55,116,4,467
8,"Hartford, CT",256,40,273,1,272,470,55,2034
8,"Hattiesburg/Laurel, MS",5,0,3,0,5,10,0,53
8,"Hayden, CO",22,2,13,0,6,33,0,132
8,"Hays, KS",2,0,2,0,2,5,0,53
8,"Helena, MT",7,3,11,0,2,16,0,124
8,"Hibbing, MN",8,3,7,0,0,11,0,54
8,"Hilo, HI",31,1,1,0,32,40,27,578
8,"Hilton Head, SC",13,2,29,0,31,45,13,234
8,"Hobbs, NM",18,0,4,0,2,18,0,62
8,"Honolulu, HI",392,4,65,3,242,493,60,5270
8,"Houston, TX",1840,128,1346,4,1642,3009,183,14986
8,"Huntsville, AL",89,10,65,0,66,143,8,753
8,"Hyannis, MA",14,4,26,1,17,31,4,93
8,"Idaho Falls, ID",22,5,18,0,15,44,0,312
8,"Indianapolis, IN",298,43,414,0,372,691,113,3907
8,"International Falls, MN",7,5,7,0,0,13,0,62
8,"Iron Mountain/Kingsfd, MI",7,3,5,1,0,11,4,62
8,"Islip, NY",60,4,71,0,84,119,12,378
8,"Ithaca/Cortland, NY",3,4,5,0,7,11,9,85
8,"Jackson, WY",64,8,77,0,75,144,4,652
8,"Jackson/Vicksburg, MS",41,9,23,0,56,82,4,533
8,"Jacksonville, FL",237,46,282,2,354,534,101,2492
8,"Jacksonville/Camp Lejeune, NC",21,1,13,0,17,33,6,208
8,"Jamestown, ND",3,0,1,0,2,4,2,58
8,"Johnstown, PA",5,0,7,0,2,11,0,62
8,"Joplin, MO",4,0,2,0,1,5,1,54
8,"Juneau, AK",34,2,47,1,50,89,9,519
8,"Kahului, HI",122,3,24,0,130,187,10,2268
8,"Kalamazoo, MI",16,2,0,0,0,18,2,83
8,"Kalispell, MT",63,3,57,0,65,114,0,551
8,"Kansas City, MO",328,18,404,2,438,715,65,4371
8,"Ketchikan, AK",25,4,31,7,36,70,2,275
8,"Key West, FL",48,17,48,2,83,112,38,497
8,"Killeen, TX",11,0,7,0,19,23,0,150
8,"King Salmon, AK",2,0,6,1,5,7,0,37
8,"Knoxville, TN",124,12,140,1,148,257,34,1477
8,"Kodiak, AK",3,1,6,2,7,11,2,86
8,"Kona, HI",80,1,21,2,90,124,10,1409
8,"Kotzebue, AK",0,0,2,0,0,1,0,31
8,"La Crosse, WI",2,0,2,0,1,4,1,35
8,"Lafayette, LA",33,8,11,0,9,46,1,301
8,"Lake Charles, LA",6,4,1,0,5,14,0,92
8,"Lansing, MI",16,5,13,0,10,27,3,109
8,"Laramie, WY",4,1,5,0,7,16,0,53
8,"Laredo, TX",4,0,13,0,18,20,0,162
8,"Las Vegas, NV",2089,129,1946,10,2037,3659,134,16089
8,"Latrobe, PA",2,0,2,0,2,4,5,48
8,"Lawton/Fort Sill, OK",7,1,4,0,2,10,0,92
8,"Lewiston, ID",6,1,3,0,0,7,0,93
8,"Lexington, KY",62,18,86,0,91,162,16,789
8,"Liberal, KS",10,1,5,0,7,17,1,53
8,"Lihue, HI",49,2,12,0,70,91,16,1395
8,"Lincoln, NE",23,2,22,0,16,49,2,217
8,"Little Rock, AR",88,30,90,1,102,192,9,1108
8,"Long Beach, CA",78,4,76,1,86,163,1,1443
8,"Longview, TX",7,0,4,0,8,13,0,62
8,"Los Angeles, CA",1773,51,1606,15,1375,3005,131,17177
8,"Louisville, KY",174,27,208,1,162,349,48,2057
8,"Lubbock, TX",28,1,23,1,36,58,2,544
8,"Madison, WI",115,16,125,2,108,231,9,1128
8,"Manchester, NH",50,6,75,0,67,115,11,575
8,"Manhattan/Ft. Riley, KS",3,0,4,0,6,11,0,93
8,"Marquette, MI",17,1,18,2,11,23,0,92
8,"Martha's Vineyard, MA",40,14,63,6,63,96,27,348
8,"Mason City, IA",2,0,10,0,13,17,1,53
8,"Medford, OR",36,5,22,0,20,53,1,369
8,"Melbourne, FL",20,9,20,0,29,42,11,229
8,"Memphis, TN",166,8,181,2,174,326,41,2042
8,"Meridian, MS",3,0,3,0,4,6,0,53
8,"Miami, FL",1456,729,1387,23,1838,2953,351,8458
8,"Midland/Odessa, TX",52,13,38,0,60,111,0,837
8,"Milwaukee, WI",209,20,245,1,229,436,52,2598
8,"Minneapolis, MN",1546,241,1479,2,1001,2648,79,11736
8,"Minot, ND",31,10,27,1,7,51,1,212
8,"Mission/McAllen/Edinburg, TX",36,3,33,0,43,81,3,454
8,"Missoula, MT",62,9,51,1,43,102,6,503
8,"Mobile, AL",10,0,12,0,13,22,0,229
8,"Moline, IL",34,4,38,0,35,71,4,354
8,"Monroe, LA",11,0,5,0,7,17,0,179
8,"Monterey, CA",42,2,51,0,36,88,0,441
8,"Montgomery, AL",20,3,14,0,17,29,3,234
8,"Montrose/Delta, CO",12,1,25,0,19,35,1,249
8,"Mosinee, WI",3,0,7,0,6,13,1,62
8,"Myrtle Beach, SC",143,19,220,1,251,374,98,1742
8,"Nantucket, MA",39,1,69,2,67,98,42,474
8,"Nashville, TN",776,36,807,3,999,1563,151,8770
8,"New Bern/Morehead/Beaufort, NC",5,1,0,0,6,7,1,26
8,"New Orleans, LA",393,50,372,1,516,777,67,3768
8,"New York, NY",3559,277,4148,31,2948,6456,1785,24998
8,"Newark, NJ",1607,213,1673,18,1343,2776,791,10861
8,"Newburgh/Poughkeepsie, NY",2,4,6,0,6,10,2,39
8,"Niagara Falls, NY",4,0,7,0,6,8,1,24
8,"Nome, AK",9,0,10,1,11,13,1,31
8,"Norfolk, VA",232,29,237,1,262,432,77,1972
8,"North Bend/Coos Bay, OR",3,0,4,0,9,13,0,39
8,"North Platte, NE",2,0,7,0,6,11,0,54
8,"Oakland, CA",327,3,236,10,353,575,22,3555
8,"Oklahoma City, OK",176,36,179,0,160,347,12,1973
8,"Omaha, NE",163,19,189,1,182,349,20,1997
8,"Ontario, CA",153,6,160,1,201,339,22,2428
8,"Orlando, FL",1812,691,1940,61,1976,3617,376,12173
8,"Pago Pago, TT",1,0,0,0,2,3,0,13
8,"Palm Springs, CA",49,4,75,0,40,118,2,631
8,"Panama City, FL",95,5,59,0,97,139,5,861
8,"Pasco/Kennewick/Richland, WA",33,3,35,1,18,60,0,426
8,"Pellston, MI",17,3,1,0,0,20,0,116
8,"Pensacola, FL",100,12,114,2,125,198,14,1173
8,"Peoria, IL",29,4,29,0,30,59,3,302
8,"Petersburg, AK",1,0,4,0,12,14,1,62
8,"Philadelphia, PA",1994,225,1917,12,1700,3181,498,10241
8,"Phoenix, AZ",1780,158,1510,19,1802,3134,109,15807
8,"Pittsburgh, PA",372,92,503,3,460,831,130,4000
8,"Plattsburgh, NY",4,1,11,0,12,18,0,34
8,"Pocatello, ID",1,1,0,0,0,2,0,62
8,"Ponce, PR",6,0,6,0,22,24,7,79
8,"Portland, ME",166,30,246,0,202,367,66,1465
8,"Portland, OR",446,25,571,2,467,930,38,5542
8,"Portsmouth, NH",5,2,2,0,4,7,0,25
8,"Prescott, AZ",12,0,12,0,11,24,0,62
8,"Providence, RI",129,16,219,0,207,321,30,1377
8,"Provo, UT",10,1,11,0,5,15,0,145
8,"Punta Gorda, FL",51,34,48,1,47,100,10,362
8,"Raleigh/Durham, NC",662,137,708,1,828,1359,185,5535
8,"Rapid City, SD",60,10,61,2,47,111,1,582
8,"Redding, CA",7,0,9,0,9,20,0,137
8,"Reno, NV",171,11,166,1,231,355,13,1943
8,"Rhinelander, WI",13,12,12,0,0,24,0,92
8,"Richmond, VA",172,17,174,1,188,327,56,1544
8,"Riverton/Lander, WY",5,0,12,0,6,16,0,62
8,"Roanoke, VA",21,1,25,0,14,45,12,252
8,"Rochester, MN",6,3,17,0,17,24,0,117
8,"Rochester, NY",133,13,155,2,147,241,49,1062
8,"Rock Springs, WY",7,0,6,0,0,7,0,62
8,"Rockford, IL",11,3,6,0,12,19,0,64
8,"Roswell, NM",12,2,4,0,1,16,1,92
8,"Sacramento, CA",423,13,343,1,503,823,36,5055
8,"Saginaw/Bay City/Midland, MI",25,4,15,0,9,40,1,200
8,"Saipan, TT",2,0,1,0,4,4,0,31
8,"Salina, KS",3,0,5,0,6,11,2,62
8,"Salt Lake City, UT",1197,130,878,0,758,1905,58,9799
8,"San Angelo, TX",5,0,7,0,6,10,1,92
8,"San Antonio, TX",232,14,283,2,336,565,43,3640
8,"San Diego, CA",773,46,1204,6,1097,1856,68,8577
8,"San Francisco, CA",1237,47,1201,2,1247,2397,108,12036
8,"San Jose, CA",290,12,300,2,337,641,29,4614
8,"San Juan, PR",551,55,483,2,560,916,75,3026
8,"San Luis Obispo, CA",43,3,40,0,31,76,1,473
8,"Sanford, FL",81,54,81,0,82,177,18,695
8,"Santa Ana, CA",260,9,290,1,335,577,24,3707
8,"Santa Barbara, CA",41,5,45,1,34,72,4,690
8,"Santa Fe, NM",28,11,21,0,13,54,0,309
8,"Santa Maria, CA",1,0,2,1,3,3,0,9
8,"Santa Rosa, CA",28,2,44,1,47,72,0,338
8,"Sarasota/Bradenton, FL",70,28,87,0,133,188,44,975
8,"Sault Ste. Marie, MI",7,2,5,1,0,9,0,62
8,"Savannah, GA",138,30,156,2,189,297,78,1617
8,"Scottsbluff, NE",3,1,5,0,4,11,1,54
8,"Scranton/Wilkes-Barre, PA",19,4,31,1,35,48,3,145
8,"Seattle, WA",2160,191,2636,19,1912,4127,128,15984
8,"Sheridan, WY",3,0,9,0,2,9,1,62
8,"Shreveport, LA",28,11,25,1,35,61,5,409
8,"Sioux City, IA",9,0,10,0,6,16,0,62
8,"Sioux Falls, SD",60,18,64,0,41,118,5,542
8,"Sitka, AK",11,7,11,3,12,33,7,174
8,"South Bend, IN",91,10,61,0,46,132,2,575
8,"Spokane, WA",126,14,140,3,131,250,4,1640
8,"Springfield, IL",0,0,1,0,1,1,0,4
8,"Springfield, MO",110,21,90,0,103,196,6,915
8,"St. Cloud, MN",0,0,0,0,0,0,0,4
8,"St. George, UT",26,10,15,0,5,41,0,235
8,"St. Louis, MO",571,21,483,3,640,1043,83,5749
8,"St. Petersburg, FL",55,59,61,0,54,148,19,670
8,"State College, PA",1,2,5,0,6,10,1,45
8,"Stillwater, OK",8,1,3,0,0,8,0,62
8,"Stockton, CA",10,0,9,1,11,15,0,40
8,"Sun Valley/Hailey/Ketchum, ID",21,4,15,0,2,32,0,195
8,"Syracuse, NY",145,19,155,0,141,241,50,1135
8,"Tallahassee, FL",52,7,49,0,68,97,20,551
8,"Tampa, FL",683,204,722,3,865,1382,251,5902
8,"Texarkana, AR",7,1,4,0,4,10,0,62
8,"Toledo, OH",0,3,1,0,2,4,0,16
8,"Traverse City, MI",85,22,88,0,82,164,6,609
8,"Trenton, NJ",12,0,12,0,23,33,4,130
8,"Tucson, AZ",106,31,120,0,118,235,5,1428
8,"Tulsa, OK",80,20,91,1,130,218,9,1526
8,"Twin Falls, ID",3,1,1,0,0,3,0,62
8,"Tyler, TX",8,0,3,0,3,11,0,92
8,"Valdosta, GA",3,0,3,0,5,7,3,62
8,"Valparaiso, FL",119,12,93,0,133,208,8,982
8,"Victoria, TX",0,0,3,0,6,7,0,53
8,"Waco, TX",13,2,11,0,9,21,1,92
8,"Walla Walla, WA",1,0,9,0,11,12,1,62
8,"Washington, DC",2076,298,2097,15,2189,3981,584,16458
8,"West Palm Beach/Palm Beach, FL",301,59,326,4,400,579,80,1943
8,"West Yellowstone, MT",3,3,1,0,0,6,0,72
8,"White Plains, NY",160,29,158,3,124,260,41,1042
8,"Wichita Falls, TX",1,1,1,0,0,2,0,62
8,"Wichita, KS",70,18,68,1,80,170,9,927
8,"Williston, ND",19,4,14,0,5,32,0,169
8,"Wilmington, NC",77,28,108,0,133,200,42,869
8,"Worcester, MA",9,3,23,0,24,33,10,119
8,"Wrangell, AK",1,2,6,0,9,12,1,62
8,"Yakutat, AK",4,0,6,3,11,16,1,62
8,"Yuma, AZ",7,1,8,0,7,16,0,167
9,"Aberdeen, SD",6,0,0,0,0,6,0,60
9,"Abilene, TX",10,4,9,0,11,23,0,146
9,"Adak Island, AK",0,0,1,2,1,2,0,8
9,"Aguadilla, PR",16,0,10,0,15,26,1,146
9,"Akron, OH",34,6,28,0,34,63,1,274
9,"Albany, GA",9,3,4,0,0,12,1,60
9,"Albany, NY",76,4,75,0,67,132,4,1051
9,"Albuquerque, NM",126,4,96,0,150,227,5,2035
9,"Alexandria, LA",19,7,17,0,11,34,0,171
9,"Allentown/Bethlehem/Easton, PA",20,6,17,0,22,42,4,321
9,"Alpena, MI",4,3,1,0,0,7,0,53
9,"Amarillo, TX",25,1,48,0,37,68,0,425
9,"Anchorage, AK",98,5,91,0,78,187,4,1670
9,"Appleton, WI",56,7,28,0,33,89,0,510
9,"Arcata/Eureka, CA",7,9,9,0,12,27,6,151
9,"Asheville, NC",119,31,120,0,126,204,137,1148
9,"Ashland, WV",6,0,1,0,4,7,0,23
9,"Aspen, CO",70,32,49,0,35,133,3,549
9,"Atlanta, GA",2727,302,2070,11,1770,4211,235,28247
9,"Atlantic City, NJ",7,3,16,0,8,22,3,197
9,"Augusta, GA",32,14,45,0,37,80,39,412
9,"Austin, TX",426,26,467,4,484,870,21,6816
9,"Bakersfield, CA",15,1,9,0,4,22,0,223
9,"Baltimore, MD",853,8,609,0,722,1309,47,8273
9,"Bangor, ME",28,3,35,2,41,70,5,594
9,"Barrow, AK",2,0,5,0,7,7,0,30
9,"Baton Rouge, LA",34,7,34,0,46,69,11,403
9,"Beaumont/Port Arthur, TX",2,1,1,0,2,5,0,60
9,"Belleville, IL",3,2,3,0,6,10,0,66
9,"Bellingham, WA",17,0,31,0,23,42,1,153
9,"Bemidji, MN",7,1,2,0,0,8,0,60
9,"Bend/Redmond, OR",44,2,70,1,43,99,0,529
9,"Bethel, AK",5,0,9,2,5,9,0,60
9,"Billings, MT",19,2,9,0,13,34,1,375
9,"Binghamton, NY",0,0,0,0,0,0,0,30
9,"Birmingham, AL",96,26,119,0,120,231,9,1429
9,"Bishop, CA",0,0,0,0,2,2,0,10
9,"Bismarck/Mandan, ND",25,4,17,0,10,43,1,351
9,"Bloomington/Normal, IL",3,2,14,0,5,14,1,138
9,"Boise, ID",136,20,137,0,121,280,2,2038
9,"Boston, MA",1182,20,903,5,964,1878,48,12359
9,"Bozeman, MT",59,6,68,0,62,117,0,902
9,"Brainerd, MN",5,1,4,0,0,7,0,55
9,"Bristol/Johnson City/Kingsport, TN",13,1,13,0,10,21,0,180
9,"Brownsville, TX",5,4,7,0,6,15,0,155
9,"Brunswick, GA",8,3,3,0,0,10,1,60
9,"Buffalo, NY",112,14,133,1,122,229,5,1980
9,"Burbank, CA",157,20,258,1,297,492,31,2713
9,"Burlington, VT",48,10,68,0,38,113,2,873
9,"Butte, MT",2,1,0,0,0,2,0,58
9,"Casper, WY",13,1,5,0,5,20,0,210
9,"Cedar City, UT",3,0,0,0,0,3,0,53
9,"Cedar Rapids/Iowa City, IA",54,5,54,0,33,91,4,740
9,"Champaign/Urbana, IL",8,3,15,0,11,26,0,117
9,"Charleston, SC",138,23,171,0,153,296,14,2200
9,"Charleston/Dunbar, WV",33,7,19,0,26,56,3,304
9,"Charlotte Amalie, VI",12,2,15,0,25,31,1,232
9,"Charlotte, NC",2116,634,1920,36,2430,3954,369,18658
9,"Charlottesville, VA",23,0,23,0,13,40,1,252
9,"Chattanooga, TN",48,8,38,1,46,85,5,588
9,"Cheyenne, WY",2,0,3,0,5,7,0,56
9,"Chicago, IL",2922,82,2611,12,2282,4976,89,31696
9,"Christiansted, VI",4,0,6,0,4,6,0,47
9,"Cincinnati, OH",238,43,290,2,223,500,17,3325
9,"Clarksburg/Fairmont, WV",2,1,2,0,2,3,0,9
9,"Cleveland, OH",169,7,222,1,196,372,18,3486
9,"Cody, WY",12,1,5,0,5,18,0,88
9,"College Station/Bryan, TX",4,4,10,0,10,20,0,92
9,"Colorado Springs, CO",73,5,56,0,63,137,0,1077
9,"Columbia, MO",14,0,15,0,14,27,0,132
9,"Columbia, SC",60,6,65,1,53,115,6,596
9,"Columbus, GA",6,1,4,0,5,8,4,81
9,"Columbus, MS",1,0,5,0,1,6,0,60
9,"Columbus, OH",194,25,260,0,213,433,10,3613
9,"Concord, NC",4,2,3,0,4,8,1,46
9,"Cordova, AK",6,0,7,4,11,16,0,60
9,"Corpus Christi, TX",8,4,27,0,16,34,1,305
9,"Dallas, TX",556,12,489,3,628,956,16,5602
9,"Dallas/Fort Worth, TX",3183,128,2326,15,2615,4877,76,26198
9,"Dayton, OH",37,1,45,1,42,86,2,666
9,"Daytona Beach, FL",13,5,7,0,22,31,3,227
9,"Deadhorse, AK",0,0,0,0,1,1,0,46
9,"Decatur, IL",5,0,5,0,7,11,0,52
9,"Denver, CO",2336,98,1585,6,1986,3822,52,26146
9,"Des Moines, IA",65,5,74,1,46,129,3,1217
9,"Detroit, MI",858,67,605,1,352,1277,31,11165
9,"Devils Lake, ND",4,1,2,0,2,6,0,56
9,"Dickinson, ND",3,1,1,0,1,4,0,55
9,"Dillingham, AK",2,0,2,0,4,4,1,30
9,"Dodge City, KS",4,0,0,0,3,7,1,52
9,"Dothan, AL",4,1,6,0,7,9,3,60
9,"Duluth, MN",7,3,6,0,9,20,1,230
9,"Durango, CO",29,3,15,0,16,49,0,350
9,"Eagle, CO",11,1,6,1,8,19,0,187
9,"El Paso, TX",77,1,65,0,106,176,2,1494
9,"Elko, NV",1,0,0,0,0,1,0,30
9,"Elmira/Corning, NY",5,2,1,0,3,9,1,78
9,"Escanaba, MI",3,3,2,0,0,5,0,58
9,"Eugene, OR",52,4,27,1,33,76,0,526
9,"Evansville, IN",15,7,23,0,14,40,1,187
9,"Everett, WA",2,0,0,0,4,5,0,58
9,"Fairbanks, AK",10,0,9,0,20,27,2,347
9,"Fargo, ND",39,3,31,0,26,73,1,558
9,"Fayetteville, AR",76,17,89,0,67,152,2,1232
9,"Fayetteville, NC",18,5,26,0,19,40,2,189
9,"Flagstaff, AZ",8,1,2,0,3,11,0,137
9,"Flint, MI",17,4,10,0,14,30,2,160
9,"Fort Dodge, IA",7,0,8,0,10,17,0,52
9,"Fort Lauderdale, FL",654,240,895,14,514,1287,36,6037
9,"Fort Myers, FL",80,25,113,1,127,207,75,1813
9,"Fort Smith, AR",3,0,7,0,10,11,0,99
9,"Fort Wayne, IN",48,7,43,0,22,75,1,414
9,"Fresno, CA",65,7,54,0,56,129,1,1010
9,"Gainesville, FL",11,1,12,1,22,27,10,278
9,"Garden City, KS",3,1,2,0,1,5,0,60
9,"Gillette, WY",1,0,1,0,3,3,0,60
9,"Grand Forks, ND",8,1,3,0,0,11,0,99
9,"Grand Island, NE",14,4,5,0,4,18,0,78
9,"Grand Junction, CO",24,6,28,0,16,46,0,357
9,"Grand Rapids, MI",102,19,115,1,85,193,7,1441
9,"Great Falls, MT",7,0,2,0,2,8,0,180
9,"Green Bay, WI",36,4,24,0,17,56,0,403
9,"Greensboro/High Point, NC",65,20,92,1,76,157,11,1064
9,"Greer, SC",105,11,107,0,113,208,23,1358
9,"Guam, TT",3,0,0,0,0,3,4,60
9,"Gulfport/Biloxi, MS",25,5,22,0,31,56,7,290
9,"Gunnison, CO",2,0,1,0,0,2,0,63
9,"Hagerstown, MD",0,0,1,0,1,1,0,19
9,"Hancock/Houghton, MI",11,0,3,0,8,19,0,60
9,"Harlingen/San Benito, TX",12,4,21,0,36,41,1,341
9,"Harrisburg, PA",43,5,31,0,33,73,4,428
9,"Hartford, CT",120,9,108,0,122,217,7,1849
9,"Hattiesburg/Laurel, MS",1,0,1,0,4,5,0,52
9,"Hayden, CO",14,0,4,0,2,15,0,121
9,"Hays, KS",5,0,0,0,0,5,0,52
9,"Helena, MT",6,5,6,0,3,14,0,120
9,"Hibbing, MN",2,0,2,0,0,3,0,53
9,"Hilo, HI",20,0,3,0,22,32,5,544
9,"Hilton Head, SC",15,4,36,0,33,51,6,192
9,"Hobbs, NM",3,0,0,0,1,4,0,60
9,"Honolulu, HI",304,1,99,0,153,399,22,4845
9,"Houston, TX",1104,72,823,5,985,1904,75,13909
9,"Huntsville, AL",92,14,89,0,69,153,1,773
9,"Hyannis, MA",1,0,2,0,1,3,0,9
9,"Idaho Falls, ID",17,5,14,0,7,30,0,301
9,"Indianapolis, IN",200,19,229,0,251,435,18,3818
9,"International Falls, MN",5,1,2,0,0,7,0,55
9,"Iron Mountain/Kingsfd, MI",4,1,4,0,0,5,0,60
9,"Islip, NY",10,1,11,1,20,30,3,292
9,"Ithaca/Cortland, NY",0,1,0,0,0,1,0,60
9,"Jackson, WY",38,8,50,0,51,98,1,524
9,"Jackson/Vicksburg, MS",29,11,37,0,27,67,7,527
9,"Jacksonville, FL",172,15,165,2,192,334,49,2364
9,"Jacksonville/Camp Lejeune, NC",19,2,23,0,27,43,3,230
9,"Jamestown, ND",6,0,3,0,1,7,0,56
9,"Johnstown, PA",5,0,3,0,4,9,0,60
9,"Joplin, MO",4,1,4,0,4,9,0,52
9,"Juneau, AK",19,3,26,1,24,48,6,438
9,"Kahului, HI",95,3,39,0,104,156,7,2082
9,"Kalamazoo, MI",9,2,3,0,0,11,0,80
9,"Kalispell, MT",24,1,21,0,19,39,0,359
9,"Kansas City, MO",217,15,250,1,246,443,8,4141
9,"Ketchikan, AK",10,1,14,0,15,28,2,212
9,"Key West, FL",30,3,42,0,39,70,26,483
9,"Killeen, TX",18,1,17,0,19,31,0,149
9,"King Salmon, AK",1,0,2,1,4,5,0,30
9,"Knoxville, TN",109,8,98,0,121,200,11,1406
9,"Kodiak, AK",0,2,7,0,2,7,0,90
9,"Kona, HI",54,0,33,0,62,98,6,1332
9,"Kotzebue, AK",1,0,2,0,1,2,0,30
9,"La Crosse, WI",6,1,9,0,5,13,0,71
9,"Lafayette, LA",19,8,14,1,18,37,8,240
9,"Lake Charles, LA",13,1,6,0,5,20,0,90
9,"Lansing, MI",6,4,2,0,3,12,0,106
9,"Laramie, WY",2,0,1,0,7,9,0,52
9,"Laredo, TX",4,1,10,0,13,16,0,141
9,"Las Vegas, NV",1569,83,1435,6,1570,2881,49,15672
9,"Latrobe, PA",0,0,1,0,5,5,1,61
9,"Lawton/Fort Sill, OK",6,5,9,0,3,15,0,90
9,"Lewiston, ID",9,0,2,0,2,11,0,90
9,"Lexington, KY",72,15,67,5,69,129,8,789
9,"Liberal, KS",2,1,2,0,3,6,1,52
9,"Lihue, HI",59,0,41,5,61,113,7,1260
9,"Lincoln, NE",15,1,7,0,9,27,0,214
9,"Little Rock, AR",80,32,87,0,98,169,3,1060
9,"Long Beach, CA",59,5,53,0,89,140,0,1381
9,"Longview, TX",9,0,3,0,4,9,0,60
9,"Los Angeles, CA",1078,56,1000,5,904,1987,34,15969
9,"Louisville, KY",158,28,170,0,135,288,9,2025
9,"Lubbock, TX",31,1,40,0,40,64,0,515
9,"Madison, WI",75,8,74,1,54,146,0,982
9,"Manchester, NH",18,2,26,0,32,50,3,568
9,"Manhattan/Ft. Riley, KS",2,0,8,0,2,9,0,90
9,"Marquette, MI",7,0,5,0,1,11,0,90
9,"Martha's Vineyard, MA",5,0,11,0,4,10,0,68
9,"Mason City, IA",2,1,2,0,6,9,0,52
9,"Medford, OR",35,4,14,0,10,45,0,353
9,"Melbourne, FL",8,4,18,0,13,23,2,222
9,"Memphis, TN",116,11,149,0,130,259,6,1869
9,"Meridian, MS",4,0,3,0,2,6,1,52
9,"Miami, FL",722,268,926,10,558,1477,63,7603
9,"Midland/Odessa, TX",48,11,39,9,42,102,0,775
9,"Milwaukee, WI",159,18,163,0,113,306,4,2396
9,"Minneapolis, MN",636,67,487,1,316,1041,19,10687
9,"Minot, ND",20,3,11,0,3,29,0,187
9,"Mission/McAllen/Edinburg, TX",26,5,22,0,30,58,1,437
9,"Missoula, MT",24,4,20,0,32,51,0,376
9,"Mobile, AL",11,2,23,0,18,34,0,222
9,"Moline, IL",23,4,27,0,21,50,0,339
9,"Monroe, LA",20,2,21,0,19,41,0,197
9,"Monterey, CA",34,6,28,1,29,66,2,393
9,"Montgomery, AL",11,6,22,0,24,37,3,227
9,"Montrose/Delta, CO",11,0,9,0,13,20,0,195
9,"Mosinee, WI",1,0,2,0,1,3,0,60
9,"Myrtle Beach, SC",62,3,100,0,111,174,12,1423
9,"Nantucket, MA",8,0,14,1,13,22,1,175
9,"Nashville, TN",681,56,664,0,720,1238,41,8290
9,"New Bern/Morehead/Beaufort, NC",0,0,1,0,1,1,0,3
9,"New Orleans, LA",274,19,270,2,309,529,130,3659
9,"New York, NY",1572,64,1736,6,1059,2916,81,23925
9,"Newark, NJ",821,21,1063,3,735,1600,90,10572
9,"Newburgh/Poughkeepsie, NY",2,0,2,0,1,4,1,19
9,"Niagara Falls, NY",2,0,2,0,2,3,1,18
9,"Nome, AK",1,0,2,0,3,3,0,31
9,"Norfolk, VA",133,12,184,1,144,280,7,1888
9,"North Bend/Coos Bay, OR",4,1,2,0,7,14,0,39
9,"North Platte, NE",3,0,4,0,6,8,0,52
9,"Oakland, CA",256,6,203,0,291,486,13,3393
9,"Oklahoma City, OK",149,20,114,2,119,255,1,1913
9,"Omaha, NE",110,8,108,0,92,210,1,1901
9,"Ontario, CA",127,10,135,1,177,293,7,2316
9,"Orlando, FL",854,181,1105,18,794,1797,48,10764
9,"Pago Pago, TT",1,0,0,0,0,1,0,10
9,"Palm Springs, CA",45,3,64,0,40,110,1,719
9,"Panama City, FL",42,6,39,0,58,87,18,716
9,"Pasco/Kennewick/Richland, WA",29,8,19,0,7,49,1,424
9,"Pellston, MI",6,2,2,0,0,9,0,69
9,"Pensacola, FL",60,11,62,2,74,121,4,1096
9,"Peoria, IL",32,3,39,1,31,64,4,323
9,"Petersburg, AK",0,0,3,1,4,6,1,60
9,"Philadelphia, PA",900,13,962,9,772,1599,43,9023
9,"Phoenix, AZ",1197,15,775,13,1086,2006,31,15406
9,"Pittsburgh, PA",191,17,250,2,188,420,11,3764
9,"Plattsburgh, NY",1,0,3,0,2,3,1,19
9,"Pocatello, ID",1,0,0,0,0,1,0,56
9,"Ponce, PR",1,0,2,0,3,3,0,49
9,"Portland, ME",78,14,97,0,80,190,2,1395
9,"Portland, OR",312,14,392,1,294,672,13,5244
9,"Portsmouth, NH",1,1,2,0,4,5,0,22
9,"Prescott, AZ",2,1,1,0,1,4,0,60
9,"Presque Isle/Houlton, ME",2,0,0,0,0,2,0,25
9,"Providence, RI",77,1,97,0,73,150,6,1352
9,"Provo, UT",18,0,10,0,7,21,0,142
9,"Punta Gorda, FL",29,9,17,1,18,44,5,286
9,"Raleigh/Durham, NC",381,47,466,2,427,818,50,5104
9,"Rapid City, SD",45,4,42,0,32,67,0,547
9,"Redding, CA",6,2,16,0,12,23,0,150
9,"Reno, NV",125,10,154,3,159,285,4,1869
9,"Rhinelander, WI",1,3,4,0,0,6,0,69
9,"Richmond, VA",89,9,110,0,77,177,5,1468
9,"Riverton/Lander, WY",2,1,6,0,5,7,0,60
9,"Roanoke, VA",18,2,8,0,16,26,2,218
9,"Rochester, MN",14,0,10,0,9,20,0,138
9,"Rochester, NY",67,12,71,1,50,126,2,1040
9,"Rock Springs, WY",4,0,4,0,1,5,0,60
9,"Rockford, IL",6,1,5,0,2,10,1,66
9,"Roswell, NM",7,6,10,0,6,18,0,90
9,"Sacramento, CA",310,24,325,1,374,662,20,4870
9,"Saginaw/Bay City/Midland, MI",12,2,3,0,7,21,0,192
9,"Saipan, TT",0,1,1,0,0,1,1,30
9,"Salina, KS",5,1,0,0,5,11,0,60
9,"Salt Lake City, UT",769,61,555,1,378,1185,13,9281
9,"San Angelo, TX",14,0,8,0,5,21,1,90
9,"San Antonio, TX",195,9,192,2,266,426,5,3444
9,"San Diego, CA",568,60,1072,2,945,1605,23,7942
9,"San Francisco, CA",953,42,1136,5,964,1995,38,11767
9,"San Jose, CA",251,14,346,1,325,615,16,4457
9,"San Juan, PR",185,13,151,1,159,307,12,2068
9,"San Luis Obispo, CA",36,7,27,1,27,70,3,483
9,"Sanford, FL",50,26,42,0,37,94,4,501
9,"Santa Ana, CA",200,17,243,2,267,457,17,3516
9,"Santa Barbara, CA",30,1,28,0,42,69,0,639
9,"Santa Fe, NM",37,7,27,0,14,59,0,327
9,"Santa Maria, CA",1,3,2,0,5,6,0,9
9,"Santa Rosa, CA",17,8,54,0,38,75,1,345
9,"Sarasota/Bradenton, FL",30,6,38,0,64,99,42,857
9,"Sault Ste. Marie, MI",4,4,2,0,0,8,0,60
9,"Savannah, GA",125,20,91,1,107,205,11,1494
9,"Scottsbluff, NE",4,1,3,0,0,6,1,52
9,"Scranton/Wilkes-Barre, PA",10,1,12,1,12,20,3,127
9,"Seattle, WA",1576,100,1912,15,1221,3037,48,14805
9,"Sheridan, WY",6,0,2,0,0,6,0,60
9,"Shreveport, LA",25,5,23,0,28,53,1,388
9,"Sioux City, IA",6,0,5,0,7,13,0,60
9,"Sioux Falls, SD",44,11,31,1,23,69,0,548
9,"Sitka, AK",3,1,12,1,12,14,1,128
9,"South Bend, IN",74,11,40,0,24,100,3,580
9,"Spokane, WA",69,19,91,0,87,184,3,1514
9,"Springfield, MO",99,11,79,0,81,153,1,900
9,"St. George, UT",15,2,10,0,3,20,0,266
9,"St. Louis, MO",334,27,308,1,377,646,26,5496
9,"St. Petersburg, FL",50,14,43,0,40,87,35,479
9,"State College, PA",2,0,1,0,2,4,0,30
9,"Stillwater, OK",4,1,5,0,0,6,0,60
9,"Stockton, CA",12,0,9,2,11,17,0,39
9,"Sun Valley/Hailey/Ketchum, ID",8,0,5,0,0,10,0,137
9,"Syracuse, NY",69,7,70,1,53,124,4,1039
9,"Tallahassee, FL",30,9,39,0,40,69,35,542
9,"Tampa, FL",373,106,459,1,450,820,300,5440
9,"Texarkana, AR",2,0,3,0,5,7,0,60
9,"Toledo, OH",3,1,0,0,0,3,1,9
9,"Traverse City, MI",36,2,40,0,23,62,0,404
9,"Trenton, NJ",1,0,1,0,5,5,3,67
9,"Tucson, AZ",66,11,78,0,72,155,0,1534
9,"Tulsa, OK",73,5,72,0,92,159,0,1467
9,"Twin Falls, ID",2,0,2,0,0,2,0,56
9,"Tyler, TX",7,1,9,0,6,12,0,90
9,"Valdosta, GA",2,1,4,0,3,7,9,60
9,"Valparaiso, FL",60,2,61,0,77,119,9,778
9,"Victoria, TX",7,1,2,0,2,10,0,56
9,"Waco, TX",10,3,9,0,8,18,0,90
9,"Walla Walla, WA",2,0,8,0,7,12,0,60
9,"Washington, DC",1044,63,1243,12,1044,2135,108,15859
9,"West Palm Beach/Palm Beach, FL",140,44,130,0,162,281,3,1788
9,"West Yellowstone, MT",3,1,0,0,1,5,1,60
9,"White Plains, NY",71,10,75,0,60,137,6,993
9,"Wichita Falls, TX",3,1,1,0,1,4,0,60
9,"Wichita, KS",46,3,57,1,44,102,0,819
9,"Williston, ND",15,1,10,3,2,25,0,172
9,"Wilmington, NC",33,16,45,0,53,92,10,715
9,"Worcester, MA",4,0,9,0,3,11,0,98
9,"Wrangell, AK",2,0,4,0,3,5,1,60
9,"Yakutat, AK",3,0,2,2,9,10,0,60
9,"Yuma, AZ",6,0,5,0,5,11,0,167
10,"Aberdeen, SD",10,1,1,0,0,11,0,62
10,"Abilene, TX",4,0,2,0,4,7,0,149
10,"Adak Island, AK",1,0,0,0,0,1,1,9
10,"Aguadilla, PR",6,2,7,0,14,19,5,146
10,"Akron, OH",20,0,14,0,15,32,6,280
10,"Albany, GA",5,0,1,0,0,5,0,62
10,"Albany, NY",61,4,40,2,46,101,15,1091
10,"Albuquerque, NM",153,1,127,4,135,255,5,2400
10,"Alexandria, LA",22,4,5,0,11,32,0,176
10,"Allentown/Bethlehem/Easton, PA",20,1,12,1,20,29,11,363
10,"Alpena, MI",3,0,1,0,0,4,0,52
10,"Amarillo, TX",15,0,20,0,35,55,1,462
10,"Anchorage, AK",72,32,119,0,56,172,16,1333
10,"Appleton, WI",58,3,24,0,15,72,5,563
10,"Arcata/Eureka, CA",15,7,11,0,10,35,1,179
10,"Asheville, NC",63,6,85,0,97,161,85,1093
10,"Ashland, WV",3,1,2,0,2,4,2,17
10,"Aspen, CO",58,10,26,0,18,84,3,498
10,"Atlanta, GA",2249,44,1342,11,1024,3014,256,29837
10,"Atlantic City, NJ",13,0,12,0,11,19,10,213
10,"Augusta, GA",30,26,42,0,24,78,3,344
10,"Austin, TX",516,11,469,12,558,932,43,7398
10,"Bakersfield, CA",18,0,5,0,6,26,0,259
10,"Baltimore, MD",773,2,364,6,638,1050,121,8402
10,"Bangor, ME",38,1,27,1,32,67,7,548
10,"Barrow, AK",0,2,4,1,7,7,1,31
10,"Baton Rouge, LA",26,1,26,0,20,42,0,428
10,"Beaumont/Port Arthur, TX",4,2,1,0,2,8,0,62
10,"Belleville, IL",2,2,4,0,8,11,5,78
10,"Bellingham, WA",20,3,19,0,12,32,0,174
10,"Bemidji, MN",7,0,0,0,0,7,0,62
10,"Bend/Redmond, OR",42,4,36,0,22,75,0,500
10,"Bethel, AK",4,0,9,3,5,11,0,62
10,"Billings, MT",23,3,20,0,18,41,0,367
10,"Binghamton, NY",0,0,0,0,0,0,0,31
10,"Birmingham, AL",99,5,85,1,88,175,7,1623
10,"Bishop, CA",0,0,0,0,0,0,0,2
10,"Bismarck/Mandan, ND",20,3,6,0,11,31,2,375
10,"Bloomington/Normal, IL",7,0,2,0,1,8,2,141
10,"Boise, ID",126,6,104,0,92,222,1,1991
10,"Boston, MA",1095,11,942,8,744,1670,99,13035
10,"Bozeman, MT",32,3,42,0,37,75,1,729
10,"Brainerd, MN",2,1,1,1,0,4,0,52
10,"Bristol/Johnson City/Kingsport, TN",10,2,11,0,10,26,1,256
10,"Brownsville, TX",10,1,5,0,8,19,0,196
10,"Brunswick, GA",8,3,3,0,0,11,0,81
10,"Buffalo, NY",111,3,71,2,118,192,20,2032
10,"Burbank, CA",169,7,270,1,262,480,17,2886
10,"Burlington, VT",67,4,59,1,56,117,1,904
10,"Butte, MT",0,0,0,0,0,0,0,57
10,"Casper, WY",24,2,9,0,4,29,2,217
10,"Cedar City, UT",3,1,2,0,0,4,0,52
10,"Cedar Rapids/Iowa City, IA",60,2,47,1,41,98,4,754
10,"Champaign/Urbana, IL",5,0,5,0,2,8,0,118
10,"Charleston, SC",98,4,108,1,117,202,2,2253
10,"Charleston/Dunbar, WV",29,0,36,0,22,58,0,328
10,"Charlotte Amalie, VI",19,5,15,0,22,37,3,278
10,"Charlotte, NC",2107,117,1693,34,1957,3296,173,19752
10,"Charlottesville, VA",24,1,42,0,20,56,0,359
10,"Chattanooga, TN",41,3,27,1,34,67,3,628
10,"Cheyenne, WY",3,1,2,0,2,6,0,58
10,"Chicago, IL",2508,43,1838,8,1902,4028,160,31955
10,"Christiansted, VI",4,1,4,0,8,11,2,48
10,"Cincinnati, OH",209,4,188,0,170,375,44,3580
10,"Clarksburg/Fairmont, WV",2,0,2,0,3,3,1,9
10,"Cleveland, OH",182,8,167,1,157,348,38,3581
10,"Cody, WY",4,2,4,0,1,7,0,62
10,"College Station/Bryan, TX",8,2,7,0,7,17,0,117
10,"Colorado Springs, CO",77,10,46,0,50,128,0,1141
10,"Columbia, MO",14,0,10,0,6,22,0,168
10,"Columbia, SC",35,0,42,0,33,75,0,656
10,"Columbus, GA",5,0,2,0,4,7,0,84
10,"Columbus, MS",0,0,2,0,0,2,0,62
10,"Columbus, OH",169,7,177,0,167,336,51,3912
10,"Concord, NC",5,0,3,0,8,7,3,46
10,"Cordova, AK",0,0,6,0,7,7,1,62
10,"Corpus Christi, TX",13,0,17,0,13,30,1,326
10,"Dallas, TX",577,3,428,2,590,881,37,6140
10,"Dallas/Fort Worth, TX",3050,56,1595,17,2208,4281,97,27861
10,"Dayton, OH",36,0,17,0,23,55,5,682
10,"Daytona Beach, FL",6,0,5,0,7,13,19,239
10,"Deadhorse, AK",1,1,5,0,5,7,2,50
10,"Decatur, IL",1,0,3,0,2,4,0,53
10,"Denver, CO",2107,61,1363,3,1734,3413,108,26929
10,"Des Moines, IA",84,4,62,0,61,151,5,1332
10,"Detroit, MI",970,46,534,2,326,1305,55,11731
10,"Devils Lake, ND",4,1,2,0,1,5,0,57
10,"Dickinson, ND",4,1,0,0,1,6,0,58
10,"Dodge City, KS",6,0,3,0,5,11,0,53
10,"Dothan, AL",6,0,2,0,7,11,0,62
10,"Duluth, MN",11,2,3,0,1,15,0,230
10,"Durango, CO",26,4,20,1,13,44,0,356
10,"Eagle, CO",10,0,1,0,6,13,0,126
10,"El Paso, TX",74,4,71,0,97,161,3,1613
10,"Elko, NV",0,0,0,0,0,0,0,31
10,"Elmira/Corning, NY",7,4,3,0,4,14,3,87
10,"Escanaba, MI",7,0,0,0,0,7,0,62
10,"Eugene, OR",36,5,33,0,28,70,0,650
10,"Evansville, IN",13,1,4,0,7,18,3,221
10,"Everett, WA",1,0,4,0,2,5,0,64
10,"Fairbanks, AK",8,2,24,0,13,34,3,266
10,"Fargo, ND",44,6,22,0,22,67,0,583
10,"Fayetteville, AR",61,8,52,0,54,121,0,1298
10,"Fayetteville, NC",14,1,26,0,9,41,0,202
10,"Flagstaff, AZ",27,3,15,0,11,42,0,205
10,"Flint, MI",19,1,10,0,12,30,6,177
10,"Fort Dodge, IA",6,0,3,0,5,11,0,53
10,"Fort Lauderdale, FL",632,28,554,18,457,987,69,6766
10,"Fort Myers, FL",88,12,77,1,130,182,194,2370
10,"Fort Smith, AR",3,1,6,0,3,7,0,113
10,"Fort Wayne, IN",57,4,24,0,24,76,11,512
10,"Fresno, CA",71,8,62,0,53,132,5,1098
10,"Gainesville, FL",7,0,7,1,10,18,10,285
10,"Garden City, KS",6,1,5,0,3,10,0,62
10,"Gillette, WY",2,3,2,0,1,7,1,62
10,"Grand Forks, ND",5,2,3,0,1,7,0,111
10,"Grand Island, NE",10,0,6,0,8,17,0,80
10,"Grand Junction, CO",32,2,5,0,11,44,1,404
10,"Grand Rapids, MI",82,5,71,2,73,153,17,1492
10,"Great Falls, MT",12,1,3,0,1,14,0,194
10,"Green Bay, WI",25,1,11,0,11,34,0,370
10,"Greensboro/High Point, NC",54,2,93,0,46,127,1,1087
10,"Greer, SC",88,2,127,0,88,204,3,1465
10,"Guam, TT",2,0,2,0,0,2,0,62
10,"Gulfport/Biloxi, MS",15,0,10,0,16,25,0,299
10,"Gunnison, CO",2,1,1,0,1,4,0,62
10,"Hagerstown, MD",4,1,2,0,4,7,2,28
10,"Hancock/Houghton, MI",9,0,4,1,6,16,0,62
10,"Harlingen/San Benito, TX",25,2,27,0,29,49,0,401
10,"Harrisburg, PA",26,4,18,0,24,47,8,488
10,"Hartford, CT",130,0,81,0,106,197,22,2023
10,"Hattiesburg/Laurel, MS",1,0,1,0,7,8,0,53
10,"Hayden, CO",14,0,2,0,4,15,0,114
10,"Hays, KS",1,0,0,0,2,3,0,53
10,"Helena, MT",8,1,1,0,2,9,0,143
10,"Hibbing, MN",7,1,1,0,0,8,0,52
10,"Hilo, HI",37,0,10,0,44,52,5,551
10,"Hilton Head, SC",13,0,30,0,19,39,0,173
10,"Hobbs, NM",3,0,1,0,2,5,0,62
10,"Honolulu, HI",421,1,92,2,271,538,47,4980
10,"Houston, TX",1184,39,826,4,979,1940,95,15113
10,"Huntsville, AL",86,4,49,2,39,123,0,789
10,"Idaho Falls, ID",33,0,20,1,7,44,0,307
10,"Indianapolis, IN",216,10,196,1,182,398,77,4472
10,"International Falls, MN",7,0,0,0,0,7,0,52
10,"Iron Mountain/Kingsfd, MI",7,0,1,0,0,7,0,62
10,"Islip, NY",20,0,5,0,17,24,10,269
10,"Ithaca/Cortland, NY",1,0,0,0,2,3,0,62
10,"Jackson, WY",16,2,15,0,14,33,0,379
10,"Jackson/Vicksburg, MS",36,4,24,0,28,56,0,615
10,"Jacksonville, FL",144,2,144,0,143,279,19,2586
10,"Jacksonville/Camp Lejeune, NC",9,6,24,0,14,35,0,212
10,"Jamestown, ND",4,0,2,0,2,6,0,57
10,"Johnstown, PA",5,0,6,0,5,10,0,62
10,"Joplin, MO",5,1,1,0,3,9,0,52
10,"Juneau, AK",16,6,22,0,12,41,10,372
10,"Kahului, HI",141,5,52,0,159,217,14,2126
10,"Kalamazoo, MI",9,1,0,0,0,9,0,88
10,"Kalispell, MT",11,2,7,0,7,20,0,267
10,"Kansas City, MO",201,10,204,0,219,399,31,4419
10,"Ketchikan, AK",5,0,9,0,14,17,6,186
10,"Key West, FL",21,4,19,0,32,50,26,560
10,"Killeen, TX",12,0,11,0,9,22,0,175
10,"Knoxville, TN",99,2,97,0,107,180,16,1691
10,"Kodiak, AK",3,0,6,1,7,9,1,62
10,"Kona, HI",82,1,40,1,93,132,9,1365
10,"Kotzebue, AK",0,0,0,1,2,3,5,34
10,"La Crosse, WI",2,0,2,0,1,5,0,40
10,"Lafayette, LA",27,2,8,1,12,33,0,283
10,"Lake Charles, LA",12,2,0,0,4,18,0,92
10,"Lansing, MI",11,2,6,0,4,17,0,114
10,"Laramie, WY",4,2,2,0,2,8,0,53
10,"Laredo, TX",5,1,5,0,8,13,0,152
10,"Las Vegas, NV",1462,56,1588,8,1372,2738,60,17195
10,"Latrobe, PA",1,0,0,0,1,2,3,73
10,"Lawton/Fort Sill, OK",8,0,5,0,6,14,0,92
10,"Lewiston, ID",7,0,3,1,0,8,0,93
10,"Lexington, KY",56,4,61,2,50,115,7,816
10,"Liberal, KS",1,2,3,0,5,8,0,53
10,"Lihue, HI",59,1,30,0,64,97,13,1308
10,"Lincoln, NE",19,6,1,0,4,27,1,242
10,"Little Rock, AR",84,19,79,0,70,150,1,1178
10,"Long Beach, CA",105,11,62,0,132,196,7,1471
10,"Longview, TX",13,0,6,0,0,13,0,62
10,"Los Angeles, CA",1247,75,1207,8,890,2183,51,16856
10,"Louisville, KY",105,3,121,1,98,210,16,2179
10,"Lubbock, TX",23,1,29,0,37,60,0,522
10,"Madison, WI",48,0,45,1,33,86,4,1029
10,"Manchester, NH",41,0,27,0,37,65,2,585
10,"Manhattan/Ft. Riley, KS",2,0,2,0,5,6,0,92
10,"Marquette, MI",5,1,2,0,2,8,0,68
10,"Martha's Vineyard, MA",0,0,2,0,4,4,0,33
10,"Mason City, IA",3,0,0,0,2,5,0,53
10,"Medford, OR",25,6,17,0,10,39,1,382
10,"Melbourne, FL",5,0,11,0,9,16,15,227
10,"Memphis, TN",116,5,98,3,89,195,9,1995
10,"Meridian, MS",6,0,1,0,0,6,0,53
10,"Miami, FL",711,17,417,13,552,1057,156,8299
10,"Midland/Odessa, TX",40,3,37,1,33,77,2,827
10,"Milwaukee, WI",157,7,103,1,117,257,19,2566
10,"Minneapolis, MN",667,30,420,0,229,978,46,11050
10,"Minot, ND",15,1,13,1,5,19,1,207
10,"Mission/McAllen/Edinburg, TX",25,3,27,0,25,54,0,483
10,"Missoula, MT",22,1,23,1,20,45,0,319
10,"Mobile, AL",7,0,8,1,5,15,0,224
10,"Moline, IL",22,0,13,0,15,38,2,408
10,"Monroe, LA",7,0,4,0,6,12,0,182
10,"Monterey, CA",51,2,32,0,28,77,1,461
10,"Montgomery, AL",8,0,6,0,12,18,0,233
10,"Montrose/Delta, CO",1,0,2,0,2,5,0,130
10,"Mosinee, WI",3,0,1,0,2,4,0,62
10,"Myrtle Beach, SC",55,2,78,0,97,151,8,1386
10,"Nantucket, MA",4,0,4,0,4,8,0,74
10,"Nashville, TN",606,10,512,2,591,1035,69,8985
10,"New Orleans, LA",337,4,289,4,330,559,38,4463
10,"New York, NY",1513,30,1318,9,1007,2497,158,24886
10,"Newark, NJ",955,6,921,6,795,1699,129,11260
10,"Newburgh/Poughkeepsie, NY",3,0,3,0,5,5,2,34
10,"Niagara Falls, NY",3,0,2,0,2,5,1,21
10,"Nome, AK",2,0,5,2,5,6,2,32
10,"Norfolk, VA",112,8,142,1,126,250,9,1936
10,"North Bend/Coos Bay, OR",3,1,3,0,3,7,0,36
10,"North Platte, NE",2,0,1,0,2,4,0,52
10,"Oakland, CA",240,8,214,0,250,446,14,3382
10,"Oklahoma City, OK",143,3,114,2,98,247,5,2063
10,"Omaha, NE",127,8,97,0,91,213,6,2064
10,"Ontario, CA",141,3,119,0,140,257,6,2388
10,"Orlando, FL",847,16,508,11,709,1290,929,12289
10,"Pago Pago, TT",0,0,0,0,0,0,0,9
10,"Palm Springs, CA",69,4,77,3,59,133,0,1142
10,"Panama City, FL",32,1,22,1,43,67,0,653
10,"Pasco/Kennewick/Richland, WA",41,3,12,0,8,47,0,500
10,"Pellston, MI",4,1,2,1,0,6,0,52
10,"Pensacola, FL",71,0,59,2,64,105,6,1077
10,"Peoria, IL",26,5,17,0,18,44,7,323
10,"Petersburg, AK",0,0,3,0,5,5,1,62
10,"Philadelphia, PA",746,12,636,7,564,1203,89,9363
10,"Phoenix, AZ",1567,26,1073,16,1326,2533,42,17442
10,"Pittsburgh, PA",169,10,201,0,159,342,53,3928
10,"Plattsburgh, NY",3,0,1,0,2,4,6,43
10,"Pocatello, ID",1,0,0,0,0,1,0,53
10,"Ponce, PR",0,0,2,0,2,3,4,38
10,"Portland, ME",119,14,74,0,75,183,3,1307
10,"Portland, OR",286,12,352,3,266,595,17,5258
10,"Portsmouth, NH",5,0,4,0,1,6,3,26
10,"Prescott, AZ",6,0,6,0,2,6,0,62
10,"Presque Isle/Houlton, ME",1,0,1,0,0,2,0,31
10,"Providence, RI",85,2,63,0,75,134,17,1446
10,"Provo, UT",35,2,22,0,11,49,0,218
10,"Punta Gorda, FL",39,19,32,2,36,77,57,521
10,"Raleigh/Durham, NC",362,5,400,0,339,671,46,5358
10,"Rapid City, SD",24,5,25,0,15,45,1,499
10,"Redding, CA",18,0,8,0,7,25,0,151
10,"Reno, NV",121,14,155,3,122,267,5,1860
10,"Rhinelander, WI",6,0,0,0,0,6,0,62
10,"Richmond, VA",64,5,90,0,71,162,6,1602
10,"Riverton/Lander, WY",6,1,4,0,4,11,0,62
10,"Roanoke, VA",29,2,25,0,25,47,3,281
10,"Rochester, MN",8,2,5,0,4,11,0,135
10,"Rochester, NY",72,2,60,1,63,114,4,1054
10,"Rock Springs, WY",8,0,6,0,2,10,0,62
10,"Rockford, IL",12,1,10,0,16,17,6,71
10,"Roswell, NM",18,3,7,0,3,23,4,92
10,"Sacramento, CA",289,27,291,0,358,643,23,5014
10,"Saginaw/Bay City/Midland, MI",25,2,12,0,5,32,0,205
10,"Saipan, TT",2,0,2,0,0,3,0,31
10,"Salina, KS",7,0,1,0,0,6,0,62
10,"Salt Lake City, UT",637,23,485,2,308,971,17,9446
10,"San Angelo, TX",7,0,10,1,6,17,0,92
10,"San Antonio, TX",233,1,192,0,252,427,16,3721
10,"San Diego, CA",841,82,1627,3,1351,2299,110,8377
10,"San Francisco, CA",1032,40,917,2,912,1942,41,12568
10,"San Jose, CA",286,13,326,1,335,666,23,4590
10,"San Juan, PR",216,14,163,2,183,341,59,2325
10,"San Luis Obispo, CA",49,6,43,0,45,97,1,517
10,"Sanford, FL",82,18,49,0,51,114,71,760
10,"Santa Ana, CA",243,15,222,2,268,492,13,3674
10,"Santa Barbara, CA",29,6,42,0,49,89,6,653
10,"Santa Fe, NM",38,5,8,1,17,56,0,340
10,"Santa Maria, CA",1,0,3,0,3,4,0,9
10,"Santa Rosa, CA",39,2,37,0,44,76,2,348
10,"Sarasota/Bradenton, FL",58,1,47,0,60,101,323,1190
10,"Sault Ste. Marie, MI",11,1,3,0,0,12,0,62
10,"Savannah, GA",105,2,79,0,110,172,4,1698
10,"Scottsbluff, NE",2,0,1,0,3,6,1,52
10,"Scranton/Wilkes-Barre, PA",9,0,11,0,9,17,0,138
10,"Seattle, WA",1155,68,1338,17,752,2136,53,13763
10,"Sheridan, WY",6,0,3,0,3,9,0,62
10,"Shreveport, LA",25,3,17,0,22,41,0,418
10,"Sioux City, IA",9,0,7,0,6,15,0,62
10,"Sioux Falls, SD",38,4,29,3,25,66,4,619
10,"Sitka, AK",2,3,3,0,7,10,1,93
10,"South Bend, IN",61,1,24,1,17,79,9,631
10,"Spokane, WA",74,8,72,0,54,145,1,1472
10,"Springfield, IL",1,0,2,0,2,3,1,9
10,"Springfield, MO",88,4,49,0,48,118,3,898
10,"St. Cloud, MN",1,0,0,0,0,1,0,9
10,"St. George, UT",33,5,17,0,4,42,0,348
10,"St. Louis, MO",386,4,222,4,357,604,48,5762
10,"St. Petersburg, FL",22,13,30,0,14,56,94,631
10,"State College, PA",4,0,7,0,7,10,0,59
10,"Stillwater, OK",10,0,3,0,0,10,0,62
10,"Stockton, CA",9,3,9,1,12,18,0,45
10,"Sun Valley/Hailey/Ketchum, ID",2,0,3,0,1,4,0,109
10,"Syracuse, NY",72,4,44,0,41,108,11,1081
10,"Tallahassee, FL",38,3,32,0,26,63,2,565
10,"Tampa, FL",340,45,288,0,377,626,634,6051
10,"Texarkana, AR",5,2,1,0,2,8,0,62
10,"Toledo, OH",0,0,1,0,2,3,3,26
10,"Traverse City, MI",14,3,11,0,9,27,3,292
10,"Trenton, NJ",4,1,2,0,6,10,5,58
10,"Tucson, AZ",88,7,92,1,75,183,0,1718
10,"Tulsa, OK",65,4,56,0,49,134,2,1597
10,"Twin Falls, ID",2,0,0,0,0,2,0,53
10,"Tyler, TX",9,1,2,0,5,14,0,92
10,"Valdosta, GA",5,1,12,0,6,14,0,78
10,"Valparaiso, FL",42,1,45,3,43,82,0,856
10,"Victoria, TX",9,2,2,0,4,16,0,53
10,"Waco, TX",19,2,10,0,9,30,0,92
10,"Washington, DC",961,17,825,6,903,1731,114,16697
10,"West Palm Beach/Palm Beach, FL",155,4,91,1,164,236,83,2123
10,"West Yellowstone, MT",0,0,0,0,0,0,0,15
10,"White Plains, NY",77,3,47,0,41,103,25,1038
10,"Wichita Falls, TX",8,0,2,0,3,11,0,61
10,"Wichita, KS",58,8,45,0,39,109,0,883
10,"Williston, ND",12,0,4,0,3,14,2,186
10,"Wilmington, NC",27,4,55,0,44,87,0,777
10,"Worcester, MA",2,0,6,0,7,10,1,100
10,"Wrangell, AK",1,0,2,0,7,7,0,62
10,"Yakutat, AK",0,0,3,0,4,5,0,62
10,"Yuma, AZ",11,0,12,0,12,23,0,180
11,"Aberdeen, SD",7,0,0,0,0,7,0,59
11,"Abilene, TX",4,6,6,0,7,12,2,143
11,"Adak Island, AK",0,0,1,0,1,1,1,9
11,"Aguadilla, PR",27,4,20,0,35,43,0,169
11,"Akron, OH",35,2,23,0,18,48,0,272
11,"Albany, GA",11,2,3,0,0,13,0,77
11,"Albany, NY",52,2,38,0,49,96,1,951
11,"Albuquerque, NM",145,23,175,3,139,290,14,1993
11,"Alexandria, LA",17,4,8,0,12,26,2,169
11,"Allentown/Bethlehem/Easton, PA",15,3,12,1,18,34,0,317
11,"Alpena, MI",8,0,5,0,0,8,0,53
11,"Amarillo, TX",29,10,39,0,25,66,8,405
11,"Anchorage, AK",64,2,78,0,49,130,13,1164
11,"Appleton, WI",54,25,36,1,24,96,5,554
11,"Arcata/Eureka, CA",15,6,19,0,14,40,8,177
11,"Asheville, NC",62,6,87,3,72,144,3,855
11,"Ashland, WV",9,1,3,0,8,10,0,20
11,"Aspen, CO",40,24,41,0,16,84,44,410
11,"Atlanta, GA",2371,70,1932,5,1257,3593,23,28015
11,"Atlantic City, NJ",5,0,10,0,8,18,2,241
11,"Augusta, GA",29,8,35,0,14,53,1,325
11,"Austin, TX",498,36,508,2,561,981,29,6861
11,"Bakersfield, CA",30,2,12,0,10,43,6,265
11,"Baltimore, MD",589,18,401,4,507,937,10,7796
11,"Bangor, ME",9,1,20,0,18,32,0,308
11,"Barrow, AK",1,1,1,0,5,5,2,29
11,"Baton Rouge, LA",28,12,30,0,21,53,3,428
11,"Beaumont/Port Arthur, TX",2,0,2,0,1,3,2,59
11,"Belleville, IL",2,1,4,0,9,10,0,73
11,"Bellingham, WA",10,0,7,0,8,16,1,163
11,"Bemidji, MN",8,0,2,0,0,6,0,59
11,"Bend/Redmond, OR",29,2,31,0,13,53,3,475
11,"Bethel, AK",4,1,5,2,2,8,2,58
11,"Billings, MT",26,6,31,0,19,52,4,342
11,"Binghamton, NY",4,1,4,0,5,6,0,30
11,"Birmingham, AL",113,10,96,2,95,202,4,1529
11,"Bismarck/Mandan, ND",53,14,52,1,14,85,3,353
11,"Bloomington/Normal, IL",8,2,11,0,4,17,1,135
11,"Boise, ID",145,21,118,0,82,247,10,1957
11,"Boston, MA",923,23,805,0,674,1513,8,11756
11,"Bozeman, MT",38,8,62,1,32,94,4,587
11,"Brainerd, MN",4,1,3,0,0,5,0,53
11,"Bristol/Johnson City/Kingsport, TN",12,3,11,0,11,22,1,205
11,"Brownsville, TX",6,6,10,1,9,19,2,130
11,"Brunswick, GA",12,3,9,0,4,17,0,86
11,"Buffalo, NY",106,9,87,0,94,179,1,1758
11,"Burbank, CA",146,10,182,0,229,361,24,2769
11,"Burlington, VT",30,3,49,0,30,80,2,645
11,"Butte, MT",4,0,2,0,0,4,0,56
11,"Casper, WY",20,2,16,0,13,37,6,208
11,"Cedar City, UT",5,0,1,0,0,5,0,53
11,"Cedar Rapids/Iowa City, IA",70,6,57,1,31,104,7,674
11,"Champaign/Urbana, IL",5,2,7,0,5,12,0,89
11,"Charleston, SC",105,4,133,0,116,223,5,1963
11,"Charleston/Dunbar, WV",27,3,24,0,21,52,2,303
11,"Charlotte Amalie, VI",16,4,21,0,33,43,2,368
11,"Charlotte, NC",1722,33,1586,20,1221,2635,8,17515
11,"Charlottesville, VA",15,2,24,0,10,31,0,287
11,"Chattanooga, TN",46,10,53,0,40,90,1,696
11,"Cheyenne, WY",4,2,3,0,2,8,2,55
11,"Chicago, IL",2434,302,2524,6,1806,4396,86,28336
11,"Christiansted, VI",5,0,5,0,12,10,0,75
11,"Cincinnati, OH",231,24,275,0,163,445,6,3211
11,"Clarksburg/Fairmont, WV",1,0,2,0,2,2,0,9
11,"Cleveland, OH",177,11,214,0,151,380,7,3196
11,"Cody, WY",9,3,8,0,4,13,3,59
11,"College Station/Bryan, TX",6,3,3,0,7,15,2,91
11,"Colorado Springs, CO",94,10,111,0,62,188,33,1045
11,"Columbia, MO",13,9,19,1,11,31,3,135
11,"Columbia, SC",50,3,61,0,40,102,2,609
11,"Columbus, GA",7,1,6,0,8,10,2,82
11,"Columbus, MS",1,0,4,0,1,5,0,60
11,"Columbus, OH",212,12,263,1,172,429,11,3661
11,"Concord, NC",3,2,5,0,9,12,0,56
11,"Cordova, AK",0,0,4,0,4,5,2,58
11,"Corpus Christi, TX",16,10,14,0,15,35,7,334
11,"Dallas, TX",596,54,439,3,674,954,57,5973
11,"Dallas/Fort Worth, TX",2846,677,2442,13,2521,4905,430,25197
11,"Dayton, OH",33,4,33,0,30,64,4,616
11,"Daytona Beach, FL",2,0,7,1,9,13,0,219
11,"Deadhorse, AK",1,0,0,0,1,2,0,47
11,"Decatur, IL",2,0,5,0,7,9,0,52
11,"Denver, CO",2952,382,3363,0,2264,5263,351,25224
11,"Des Moines, IA",82,4,82,1,52,144,2,1259
11,"Detroit, MI",947,119,981,2,354,1605,11,10986
11,"Devils Lake, ND",4,2,2,0,8,14,5,56
11,"Dickinson, ND",13,1,0,0,2,16,3,55
11,"Dodge City, KS",5,1,5,0,4,11,2,52
11,"Dothan, AL",0,2,8,0,5,12,0,78
11,"Duluth, MN",13,4,7,0,2,18,0,193
11,"Durango, CO",45,12,26,0,24,78,7,338
11,"Eagle, CO",14,4,11,0,11,26,3,112
11,"El Paso, TX",91,10,86,1,119,188,7,1518
11,"Elko, NV",0,0,0,0,0,0,0,30
11,"Elmira/Corning, NY",12,0,4,1,3,14,0,86
11,"Escanaba, MI",10,1,0,0,0,10,0,59
11,"Eugene, OR",50,3,30,0,48,82,7,626
11,"Evansville, IN",7,4,16,0,8,25,3,187
11,"Everett, WA",3,1,5,0,9,10,0,78
11,"Fairbanks, AK",14,3,23,0,6,31,1,209
11,"Fargo, ND",56,26,65,1,37,114,7,573
11,"Fayetteville, AR",65,42,91,3,75,159,8,1263
11,"Fayetteville, NC",7,0,8,0,11,16,0,129
11,"Flagstaff, AZ",29,3,15,0,15,47,0,204
11,"Flint, MI",17,5,17,0,15,36,1,191
11,"Fort Dodge, IA",5,0,3,0,3,8,1,52
11,"Fort Lauderdale, FL",520,6,538,7,381,931,10,7305
11,"Fort Myers, FL",135,2,176,0,171,297,3,2847
11,"Fort Smith, AR",3,1,3,0,6,9,4,87
11,"Fort Wayne, IN",50,6,26,0,15,67,3,468
11,"Fresno, CA",100,7,72,2,66,166,11,1050
11,"Gainesville, FL",19,1,12,0,9,28,0,238
11,"Garden City, KS",9,0,7,0,4,15,3,59
11,"Gillette, WY",10,0,7,0,3,12,1,59
11,"Grand Forks, ND",6,2,6,1,0,10,0,106
11,"Grand Island, NE",17,2,10,0,2,22,1,78
11,"Grand Junction, CO",35,9,40,0,28,70,8,353
11,"Grand Rapids, MI",103,30,152,1,88,235,3,1431
11,"Great Falls, MT",23,1,14,0,2,26,2,190
11,"Green Bay, WI",29,10,14,0,6,45,3,296
11,"Greensboro/High Point, NC",72,8,100,0,39,138,2,943
11,"Greer, SC",83,2,122,0,75,180,3,1345
11,"Guam, TT",2,0,0,0,0,2,1,60
11,"Gulfport/Biloxi, MS",13,7,20,0,11,28,2,274
11,"Gunnison, CO",6,1,2,0,1,7,4,59
11,"Hagerstown, MD",4,0,1,0,4,5,0,22
11,"Hancock/Houghton, MI",7,4,6,0,1,12,1,59
11,"Harlingen/San Benito, TX",18,0,16,0,16,34,4,400
11,"Harrisburg, PA",43,4,19,0,28,61,0,458
11,"Hartford, CT",141,0,115,0,114,211,2,1839
11,"Hattiesburg/Laurel, MS",5,1,1,0,1,7,0,52
11,"Hayden, CO",6,5,11,0,12,22,5,118
11,"Hays, KS",5,0,2,0,2,8,2,52
11,"Helena, MT",12,1,8,0,3,15,1,118
11,"Hibbing, MN",1,1,0,0,0,2,0,53
11,"Hilo, HI",27,1,3,1,35,41,1,542
11,"Hilton Head, SC",5,0,10,0,8,16,0,86
11,"Hobbs, NM",12,0,1,0,1,12,1,60
11,"Honolulu, HI",358,5,115,1,183,471,14,4919
11,"Houston, TX",1154,89,1019,11,891,1991,38,14097
11,"Huntsville, AL",82,6,53,1,42,113,5,692
11,"Idaho Falls, ID",29,5,33,0,15,50,3,303
11,"Indianapolis, IN",209,24,330,1,180,477,9,3935
11,"International Falls, MN",5,1,0,0,0,5,0,53
11,"Iron Mountain/Kingsfd, MI",5,1,1,0,0,6,0,59
11,"Islip, NY",17,0,5,0,20,26,0,349
11,"Ithaca/Cortland, NY",1,1,2,0,1,2,0,58
11,"Jackson, WY",21,6,28,0,16,44,3,227
11,"Jackson/Vicksburg, MS",34,5,33,2,37,64,1,581
11,"Jacksonville, FL",145,3,168,2,151,302,4,2519
11,"Jacksonville/Camp Lejeune, NC",6,0,11,0,5,19,0,162
11,"Jamestown, ND",4,0,6,0,7,11,8,56
11,"Johnstown, PA",5,1,3,0,3,9,2,59
11,"Joplin, MO",5,0,2,0,3,8,1,53
11,"Juneau, AK",8,6,30,0,16,40,5,326
11,"Kahului, HI",107,1,53,5,90,168,11,2120
11,"Kalamazoo, MI",13,6,6,0,0,19,0,84
11,"Kalispell, MT",13,6,22,0,11,32,0,201
11,"Kansas City, MO",242,17,252,0,245,474,17,4046
11,"Kearney, NE",5,0,2,0,1,6,2,52
11,"Ketchikan, AK",5,0,11,0,15,21,1,176
11,"Key West, FL",59,2,59,2,78,109,0,690
11,"Killeen, TX",17,4,12,1,20,32,6,175
11,"Knoxville, TN",84,8,82,0,89,156,2,1406
11,"Kodiak, AK",6,5,8,1,7,14,1,58
11,"Kona, HI",65,0,36,0,58,109,6,1285
11,"Kotzebue, AK",1,0,1,0,2,1,2,29
11,"La Crosse, WI",3,0,2,0,3,5,1,52
11,"Lafayette, LA",20,14,19,1,22,42,3,284
11,"Lake Charles, LA",9,5,3,0,2,16,5,87
11,"Lansing, MI",20,3,13,0,1,23,1,108
11,"Laramie, WY",5,1,2,0,4,11,3,52
11,"Laredo, TX",6,1,9,0,14,20,2,151
11,"Las Vegas, NV",1127,40,913,5,1096,1990,36,15733
11,"Latrobe, PA",1,0,4,0,2,6,1,38
11,"Lawton/Fort Sill, OK",10,7,10,0,2,19,6,87
11,"Lewiston, ID",10,1,0,0,0,11,0,90
11,"Lexington, KY",52,3,52,0,33,90,1,760
11,"Liberal, KS",3,0,6,0,6,8,4,52
11,"Lihue, HI",46,2,26,0,51,86,6,1277
11,"Lincoln, NE",14,3,6,0,6,23,4,225
11,"Little Rock, AR",60,27,71,0,57,133,8,1038
11,"Long Beach, CA",54,2,30,0,77,115,3,1457
11,"Longview, TX",8,3,5,0,4,14,3,59
11,"Los Angeles, CA",1027,40,898,4,819,1875,37,15759
11,"Louisville, KY",129,6,145,3,99,244,1,1904
11,"Lubbock, TX",42,15,49,0,50,93,10,505
11,"Madison, WI",52,17,90,0,44,124,4,959
11,"Manchester, NH",12,1,13,0,17,29,0,432
11,"Manhattan/Ft. Riley, KS",1,2,4,0,5,6,2,87
11,"Marquette, MI",6,3,3,0,0,10,1,60
11,"Mason City, IA",5,2,5,0,8,15,1,52
11,"Medford, OR",36,12,23,0,7,55,4,359
11,"Melbourne, FL",10,1,9,0,13,17,0,237
11,"Memphis, TN",122,4,129,0,101,220,2,1787
11,"Meridian, MS",6,0,5,0,0,7,0,52
11,"Miami, FL",787,5,556,9,643,1239,11,8972
11,"Midland/Odessa, TX",45,18,44,1,46,100,14,826
11,"Milwaukee, WI",161,21,133,0,116,285,8,2215
11,"Minneapolis, MN",703,67,781,2,223,1271,9,10177
11,"Minot, ND",31,10,25,0,4,45,2,196
11,"Mission/McAllen/Edinburg, TX",29,9,30,0,33,70,3,408
11,"Missoula, MT",29,3,25,0,15,46,1,289
11,"Mobile, AL",13,2,15,0,15,28,1,205
11,"Moline, IL",37,5,27,0,26,66,4,370
11,"Monroe, LA",15,2,12,0,19,32,2,164
11,"Monterey, CA",38,1,29,0,39,72,7,430
11,"Montgomery, AL",23,4,21,0,13,40,3,235
11,"Montrose/Delta, CO",14,1,12,0,15,27,2,118
11,"Mosinee, WI",3,0,2,0,1,4,0,59
11,"Myrtle Beach, SC",32,0,71,0,52,119,2,1014
11,"Nashville, TN",519,13,424,1,490,924,20,8114
11,"New Orleans, LA",301,8,294,17,345,588,20,4236
11,"New York, NY",1378,37,1283,20,1121,2466,19,23505
11,"Newark, NJ",1229,9,1333,8,1324,2342,33,10698
11,"Newburgh/Poughkeepsie, NY",1,0,2,0,2,3,0,36
11,"Niagara Falls, NY",1,0,2,0,1,3,0,23
11,"Nome, AK",0,0,2,0,2,3,0,28
11,"Norfolk, VA",123,6,129,1,91,220,3,1790
11,"North Bend/Coos Bay, OR",1,1,5,0,1,6,0,17
11,"North Platte, NE",3,1,2,0,3,7,2,53
11,"Oakland, CA",187,3,114,4,211,323,14,3156
11,"Oklahoma City, OK",139,35,112,1,120,254,15,1896
11,"Omaha, NE",105,9,119,1,92,211,7,1935
11,"Ontario, CA",137,9,110,2,164,261,15,2215
11,"Orlando, FL",957,20,954,30,775,1683,27,12656
11,"Pago Pago, TT",0,0,0,0,0,0,0,8
11,"Palm Springs, CA",96,7,101,1,73,181,9,1300
11,"Panama City, FL",31,3,29,0,30,54,0,490
11,"Pasco/Kennewick/Richland, WA",40,4,23,0,6,53,2,501
11,"Pellston, MI",10,1,6,1,0,13,0,53
11,"Pensacola, FL",40,3,48,1,52,90,1,966
11,"Peoria, IL",25,6,20,0,30,49,2,313
11,"Petersburg, AK",2,0,2,0,2,4,0,58
11,"Philadelphia, PA",593,10,417,4,458,924,11,7598
11,"Phoenix, AZ",1335,29,829,7,1188,2207,41,17315
11,"Pittsburgh, PA",170,5,243,0,136,357,7,3385
11,"Plattsburgh, NY",1,1,1,0,1,3,0,45
11,"Pocatello, ID",1,0,0,0,0,1,0,46
11,"Ponce, PR",1,0,0,0,2,2,0,32
11,"Portland, ME",43,4,42,0,39,97,0,827
11,"Portland, OR",257,12,397,3,249,598,25,4873
11,"Portsmouth, NH",0,0,0,0,1,1,0,29
11,"Prescott, AZ",6,1,4,0,4,11,1,59
11,"Presque Isle/Houlton, ME",2,0,3,0,0,3,0,30
11,"Providence, RI",53,3,45,0,58,105,1,1349
11,"Provo, UT",51,4,29,0,14,66,0,267
11,"Punta Gorda, FL",49,7,43,0,26,63,1,540
11,"Raleigh/Durham, NC",289,8,423,0,304,700,4,5064
11,"Rapid City, SD",38,4,42,0,26,79,5,444
11,"Redding, CA",9,2,13,0,9,23,2,145
11,"Reno, NV",116,15,140,2,101,259,9,1725
11,"Rhinelander, WI",4,1,0,0,0,5,0,59
11,"Richmond, VA",93,7,90,0,59,166,1,1472
11,"Riverton/Lander, WY",4,2,4,0,4,10,2,59
11,"Roanoke, VA",29,5,25,0,23,50,0,294
11,"Rochester, MN",6,3,5,1,0,10,0,90
11,"Rochester, NY",62,2,54,0,54,99,0,922
11,"Rock Springs, WY",3,2,5,0,2,8,2,59
11,"Rockford, IL",7,0,5,0,7,10,0,56
11,"Roswell, NM",17,6,14,0,3,26,3,87
11,"Sacramento, CA",331,14,228,2,338,574,16,4658
11,"Saginaw/Bay City/Midland, MI",24,8,13,0,5,34,0,191
11,"Saipan, TT",1,0,0,0,1,2,1,30
11,"Salina, KS",8,1,6,0,1,9,1,59
11,"Salt Lake City, UT",663,56,595,1,325,1124,22,8809
11,"San Angelo, TX",9,4,9,1,6,19,1,87
11,"San Antonio, TX",203,10,175,0,193,375,23,3376
11,"San Diego, CA",574,55,914,4,879,1488,30,7908
11,"San Francisco, CA",1193,54,1050,3,1317,2327,144,12171
11,"San Jose, CA",236,11,195,1,259,471,12,4235
11,"San Juan, PR",294,11,222,1,268,464,7,2829
11,"San Luis Obispo, CA",37,8,27,0,26,74,6,521
11,"Sanford, FL",97,9,87,0,78,133,0,695
11,"Santa Ana, CA",182,17,231,2,237,452,22,3580
11,"Santa Barbara, CA",33,5,46,0,50,94,2,644
11,"Santa Fe, NM",27,16,31,1,10,60,19,287
11,"Santa Maria, CA",2,0,2,0,2,4,0,9
11,"Santa Rosa, CA",54,11,52,0,70,122,4,396
11,"Sarasota/Bradenton, FL",79,4,86,1,77,155,10,1313
11,"Sault Ste. Marie, MI",7,1,4,0,0,7,0,59
11,"Savannah, GA",124,12,125,1,105,225,3,1609
11,"Scottsbluff, NE",6,0,4,0,3,9,4,53
11,"Scranton/Wilkes-Barre, PA",6,3,8,0,12,16,1,143
11,"Seattle, WA",836,80,1056,4,567,1702,46,12453
11,"Sheridan, WY",8,0,2,0,0,8,2,59
11,"Shreveport, LA",18,6,18,0,17,35,3,418
11,"Sioux City, IA",7,1,3,0,3,11,2,59
11,"Sioux Falls, SD",63,20,65,3,40,115,4,611
11,"Sitka, AK",3,0,7,0,8,9,0,89
11,"South Bend, IN",67,6,32,0,24,86,4,610
11,"Spokane, WA",73,14,103,1,67,175,5,1477
11,"Springfield, IL",1,1,0,0,1,2,0,8
11,"Springfield, MO",76,18,67,0,56,135,6,785
11,"St. Cloud, MN",1,0,1,0,0,2,0,12
11,"St. George, UT",19,7,16,0,14,42,3,310
11,"St. Louis, MO",337,37,338,2,377,665,6,5263
11,"St. Petersburg, FL",54,4,60,0,46,95,0,626
11,"State College, PA",6,0,2,0,6,12,0,41
11,"Stillwater, OK",7,3,6,0,0,11,1,59
11,"Stockton, CA",6,1,7,3,10,14,1,41
11,"Sun Valley/Hailey/Ketchum, ID",2,0,0,0,0,2,1,89
11,"Syracuse, NY",85,11,68,1,37,126,1,998
11,"Tallahassee, FL",22,2,30,0,20,44,2,459
11,"Tampa, FL",405,10,471,3,401,824,15,6347
11,"Texarkana, AR",7,0,5,0,2,10,4,59
11,"Toledo, OH",6,0,3,0,3,5,0,28
11,"Traverse City, MI",13,4,17,0,5,26,0,206
11,"Trenton, NJ",2,0,1,0,5,5,0,77
11,"Tucson, AZ",106,7,88,0,87,197,17,1736
11,"Tulsa, OK",83,23,73,0,70,159,14,1411
11,"Twin Falls, ID",6,0,0,0,0,6,0,46
11,"Tyler, TX",9,4,3,0,5,18,5,87
11,"Valdosta, GA",1,1,3,0,1,5,0,77
11,"Valparaiso, FL",34,7,38,2,42,68,1,650
11,"Victoria, TX",6,0,5,0,3,11,0,52
11,"Waco, TX",12,0,2,0,5,16,2,86
11,"Washington, DC",1102,63,1050,5,970,2034,33,16211
11,"West Palm Beach/Palm Beach, FL",173,2,206,1,177,358,3,2530
11,"White Plains, NY",73,12,48,3,52,122,1,973
11,"Wichita Falls, TX",5,4,1,0,1,9,2,59
11,"Wichita, KS",107,19,85,0,73,181,8,962
11,"Williston, ND",34,11,15,0,8,51,6,168
11,"Wilmington, NC",30,2,59,0,38,82,2,659
11,"Worcester, MA",8,0,5,0,9,12,0,115
11,"Wrangell, AK",0,0,2,0,3,3,1,58
11,"Yakutat, AK",0,0,2,0,3,4,0,58
11,"Yuma, AZ",8,1,6,0,8,17,0,171
12,"Aberdeen, SD",16,2,6,0,0,18,1,60
12,"Abilene, TX",10,7,14,0,12,23,1,151
12,"Adak Island, AK",0,0,1,0,0,1,0,8
12,"Aguadilla, PR",31,1,22,0,51,59,1,226
12,"Akron, OH",43,3,28,0,48,81,2,301
12,"Albany, GA",19,3,11,0,3,24,0,78
12,"Albany, NY",129,24,142,0,120,243,3,980
12,"Albuquerque, NM",158,13,135,1,189,293,11,2016
12,"Alexandria, LA",12,6,17,1,8,32,3,168
12,"Allentown/Bethlehem/Easton, PA",48,7,32,0,37,68,6,348
12,"Alpena, MI",17,1,6,0,0,18,2,54
12,"Amarillo, TX",34,5,32,1,34,65,2,420
12,"Anchorage, AK",83,14,101,0,68,181,8,1164
12,"Appleton, WI",111,28,79,0,35,171,40,605
12,"Arcata/Eureka, CA",19,3,10,0,4,30,0,155
12,"Asheville, NC",101,12,87,1,102,181,6,760
12,"Ashland, WV",2,2,10,0,11,12,1,27
12,"Aspen, CO",73,59,123,2,66,250,68,765
12,"Atlanta, GA",4239,188,2972,7,2761,6110,70,29014
12,"Atlantic City, NJ",13,0,27,0,9,36,1,190
12,"Augusta, GA",55,11,45,0,28,84,3,295
12,"Austin, TX",752,55,650,12,853,1358,29,6932
12,"Bakersfield, CA",20,3,16,0,9,32,0,261
12,"Baltimore, MD",1123,9,596,4,1024,1572,24,7908
12,"Bangor, ME",22,4,35,0,27,55,3,266
12,"Barrow, AK",6,0,7,4,10,13,1,30
12,"Baton Rouge, LA",38,16,37,1,46,77,7,371
12,"Beaumont/Port Arthur, TX",4,5,4,0,0,9,2,61
12,"Belleville, IL",14,2,10,0,15,25,4,88
12,"Bellingham, WA",17,5,12,0,8,27,5,177
12,"Bemidji, MN",18,2,9,0,0,19,3,62
12,"Bend/Redmond, OR",59,22,39,0,27,101,33,493
12,"Bethel, AK",6,2,15,9,10,22,0,60
12,"Billings, MT",23,6,20,0,16,41,0,373
12,"Binghamton, NY",5,0,6,0,6,8,1,31
12,"Birmingham, AL",156,31,127,1,153,276,7,1459
12,"Bishop, CA",0,1,4,0,6,9,0,33
12,"Bismarck/Mandan, ND",65,19,50,1,16,100,2,389
12,"Bloomington/Normal, IL",10,3,15,0,10,22,0,149
12,"Boise, ID",180,53,159,0,152,355,18,1971
12,"Boston, MA",1668,184,1651,10,1340,2767,166,11778
12,"Bozeman, MT",54,6,51,0,68,117,3,791
12,"Brainerd, MN",11,3,8,0,0,13,3,54
12,"Bristol/Johnson City/Kingsport, TN",27,1,19,0,24,42,0,181
12,"Brownsville, TX",22,4,15,0,12,32,5,133
12,"Brunswick, GA",17,3,14,0,3,25,0,80
12,"Buffalo, NY",211,72,302,0,214,449,10,1735
12,"Burbank, CA",224,10,210,2,349,502,16,2761
12,"Burlington, VT",68,27,121,1,59,175,4,673
12,"Butte, MT",3,0,0,0,0,3,0,58
12,"Casper, WY",16,0,6,0,3,19,0,188
12,"Cedar City, UT",6,1,2,0,0,6,0,54
12,"Cedar Rapids/Iowa City, IA",87,19,76,2,61,146,48,684
12,"Champaign/Urbana, IL",11,4,10,0,7,19,0,89
12,"Charleston, SC",194,10,204,1,216,376,12,1945
12,"Charleston/Dunbar, WV",45,7,29,0,27,71,0,270
12,"Charlotte Amalie, VI",27,4,44,0,59,82,1,483
12,"Charlotte, NC",2756,257,2105,41,2566,4288,59,17832
12,"Charlottesville, VA",29,3,43,0,28,62,0,251
12,"Chattanooga, TN",75,10,74,1,78,136,2,599
12,"Cheyenne, WY",1,0,1,0,1,2,0,58
12,"Chicago, IL",3517,401,3091,27,2876,6107,163,28617
12,"Christiansted, VI",15,0,17,0,29,34,1,127
12,"Cincinnati, OH",325,38,358,2,281,634,23,3206
12,"Clarksburg/Fairmont, WV",4,0,1,0,5,5,1,11
12,"Cleveland, OH",352,37,416,4,327,704,18,3219
12,"Cody, WY",5,0,2,0,1,5,0,62
12,"College Station/Bryan, TX",13,4,3,0,5,23,3,91
12,"Colorado Springs, CO",75,10,44,0,81,139,5,1051
12,"Columbia, MO",29,9,24,0,18,47,1,138
12,"Columbia, SC",71,7,78,0,56,133,3,598
12,"Columbus, GA",1,0,4,0,7,7,2,78
12,"Columbus, MS",3,0,5,0,3,9,0,62
12,"Columbus, OH",352,20,341,3,316,630,8,3596
12,"Concord, NC",18,1,16,0,29,34,0,70
12,"Cordova, AK",1,0,5,3,6,9,1,60
12,"Corpus Christi, TX",23,14,31,0,27,61,1,290
12,"Dallas, TX",933,183,644,3,1175,1528,46,6228
12,"Dallas/Fort Worth, TX",3704,1134,2771,15,3337,6132,536,25814
12,"Dayton, OH",62,7,51,0,68,118,6,586
12,"Daytona Beach, FL",29,0,12,0,24,38,0,246
12,"Deadhorse, AK",0,1,2,0,3,3,3,46
12,"Decatur, IL",4,0,6,0,12,16,0,53
12,"Denver, CO",2469,114,1458,15,1975,3790,86,25905
12,"Des Moines, IA",140,27,145,2,96,262,5,1271
12,"Detroit, MI",1717,172,1298,7,709,2519,54,11098
12,"Devils Lake, ND",3,3,4,0,5,11,2,57
12,"Dickinson, ND",4,1,2,0,5,10,1,58
12,"Dodge City, KS",3,3,4,0,6,12,1,53
12,"Dothan, AL",5,0,4,0,5,10,0,78
12,"Duluth, MN",25,13,23,1,3,43,6,170
12,"Durango, CO",32,9,21,0,11,49,6,358
12,"Eagle, CO",82,12,80,0,73,142,9,439
12,"Eau Claire, WI",3,1,2,0,4,8,2,31
12,"El Paso, TX",132,9,100,0,171,255,14,1548
12,"Elko, NV",1,0,0,0,0,1,0,31
12,"Elmira/Corning, NY",14,2,8,1,6,22,0,85
12,"Escanaba, MI",18,0,5,0,0,16,1,54
12,"Eugene, OR",79,18,50,3,54,130,9,659
12,"Evansville, IN",19,7,21,0,14,40,0,162
12,"Everett, WA",6,3,9,0,6,12,3,104
12,"Fairbanks, AK",16,4,30,0,13,43,0,219
12,"Fargo, ND",83,48,87,0,54,160,6,602
12,"Fayetteville, AR",106,35,144,10,118,244,4,1289
12,"Fayetteville, NC",13,1,9,0,16,23,0,134
12,"Flagstaff, AZ",19,2,7,0,9,28,2,195
12,"Flint, MI",29,6,43,0,18,62,1,225
12,"Fort Dodge, IA",2,0,3,0,7,9,1,53
12,"Fort Lauderdale, FL",1210,32,1097,28,1200,1979,44,8219
12,"Fort Myers, FL",395,12,467,2,605,844,47,3548
12,"Fort Smith, AR",4,4,6,0,11,15,1,91
12,"Fort Wayne, IN",89,16,61,0,40,130,1,473
12,"Fresno, CA",118,68,121,1,104,264,9,1043
12,"Gainesville, FL",24,3,20,0,18,40,1,241
12,"Garden City, KS",8,1,7,0,6,12,1,61
12,"Gillette, WY",9,0,2,0,2,11,0,62
12,"Grand Forks, ND",11,4,13,0,12,26,0,108
12,"Grand Island, NE",24,3,14,1,7,30,2,89
12,"Grand Junction, CO",37,5,24,0,12,49,0,398
12,"Grand Rapids, MI",184,47,274,0,137,387,10,1619
12,"Great Falls, MT",12,3,8,0,9,17,0,203
12,"Green Bay, WI",45,11,19,0,8,65,7,269
12,"Greensboro/High Point, NC",105,11,129,2,91,212,4,920
12,"Greer, SC",151,10,119,4,134,253,10,1342
12,"Guam, TT",1,0,2,0,0,3,0,62
12,"Gulfport/Biloxi, MS",29,6,36,0,33,62,2,297
12,"Gunnison, CO",9,2,4,0,9,14,2,98
12,"Hagerstown, MD",8,0,2,0,8,11,1,22
12,"Hancock/Houghton, MI",11,8,12,0,5,27,4,62
12,"Harlingen/San Benito, TX",36,4,30,0,34,67,4,403
12,"Harrisburg, PA",61,8,51,1,42,100,3,414
12,"Hartford, CT",247,16,251,0,212,410,7,1903
12,"Hattiesburg/Laurel, MS",4,0,1,0,3,6,2,53
12,"Hayden, CO",37,10,45,0,51,78,2,271
12,"Hays, KS",2,0,0,0,1,3,1,53
12,"Helena, MT",8,4,4,0,1,13,0,121
12,"Hibbing, MN",10,5,6,0,0,16,5,54
12,"Hilo, HI",39,6,4,0,42,48,1,557
12,"Hilton Head, SC",6,0,13,0,20,20,1,77
12,"Hobbs, NM",11,0,4,1,0,12,0,62
12,"Honolulu, HI",524,40,140,10,311,689,25,5276
12,"Houston, TX",1868,296,1493,6,1606,3084,136,14205
12,"Huntsville, AL",106,18,71,0,81,160,7,667
12,"Idaho Falls, ID",31,9,31,0,18,58,2,328
12,"Indianapolis, IN",340,21,428,1,340,697,11,3924
12,"International Falls, MN",10,4,6,0,0,13,3,54
12,"Iron Mountain/Kingsfd, MI",18,3,12,0,0,20,3,61
12,"Islip, NY",61,1,59,0,78,118,3,432
12,"Ithaca/Cortland, NY",3,1,3,0,3,8,0,59
12,"Jackson, WY",57,20,68,0,54,110,16,420
12,"Jackson/Vicksburg, MS",58,21,60,0,61,110,9,571
12,"Jacksonville, FL",269,6,277,1,313,524,19,2610
12,"Jacksonville/Camp Lejeune, NC",15,2,17,0,14,29,0,145
12,"Jamestown, ND",2,3,7,0,5,10,1,57
12,"Johnstown, PA",7,2,8,0,8,16,0,62
12,"Joplin, MO",6,1,2,0,3,10,0,53
12,"Juneau, AK",20,10,42,0,28,61,7,334
12,"Kahului, HI",164,18,48,1,169,240,8,2292
12,"Kalamazoo, MI",13,4,9,0,0,17,3,79
12,"Kalispell, MT",26,4,23,0,15,41,0,259
12,"Kansas City, MO",334,12,261,1,342,565,15,3962
12,"Kearney, NE",4,1,3,0,3,8,1,53
12,"Ketchikan, AK",9,2,11,0,22,29,1,182
12,"Key West, FL",119,18,88,1,151,192,26,777
12,"Killeen, TX",12,5,16,0,17,27,4,156
12,"Knoxville, TN",143,4,147,1,163,273,7,1388
12,"Kodiak, AK",1,2,6,0,4,8,3,61
12,"Kona, HI",78,10,31,1,100,129,7,1391
12,"Kotzebue, AK",2,0,2,1,4,4,1,30
12,"La Crosse, WI",0,0,1,0,1,1,0,9
12,"Lafayette, LA",19,21,33,0,24,55,4,289
12,"Lake Charles, LA",7,5,9,0,6,18,3,91
12,"Lansing, MI",19,7,8,0,4,26,1,94
12,"Laramie, WY",3,0,1,0,2,5,0,53
12,"Laredo, TX",4,1,18,0,20,31,2,160
12,"Las Vegas, NV",1434,62,1122,18,1372,2509,66,15581
12,"Latrobe, PA",1,1,4,0,0,4,1,31
12,"Lawton/Fort Sill, OK",11,6,13,0,3,20,5,91
12,"Lewiston, ID",8,5,3,0,0,13,1,93
12,"Lexington, KY",69,15,74,2,77,148,1,714
12,"Liberal, KS",2,1,1,0,2,5,0,53
12,"Lihue, HI",89,18,29,2,101,141,4,1363
12,"Lincoln, NE",15,2,8,0,13,30,1,173
12,"Little Rock, AR",106,39,105,1,112,203,5,999
12,"Long Beach, CA",139,37,82,0,187,280,16,1494
12,"Longview, TX",13,0,4,0,1,14,4,61
12,"Los Angeles, CA",1457,164,1377,15,1138,2741,61,16495
12,"Louisville, KY",155,12,171,0,156,304,8,1811
12,"Lubbock, TX",48,7,36,0,49,96,5,570
12,"Madison, WI",109,18,108,1,89,213,6,940
12,"Manchester, NH",27,1,41,0,46,73,2,426
12,"Manhattan/Ft. Riley, KS",3,0,3,0,2,7,4,91
12,"Marquette, MI",9,8,5,0,0,17,3,62
12,"Mason City, IA",1,0,4,0,5,6,6,53
12,"Medford, OR",38,14,22,0,23,66,19,376
12,"Melbourne, FL",23,0,20,0,30,47,1,258
12,"Memphis, TN",164,15,160,3,151,300,9,1773
12,"Meridian, MS",6,1,7,0,2,9,1,53
12,"Miami, FL",1522,29,1316,19,1413,2440,46,9937
12,"Midland/Odessa, TX",58,25,59,1,58,128,4,828
12,"Milwaukee, WI",240,36,214,0,193,436,8,2205
12,"Minneapolis, MN",1458,223,1391,7,524,2355,60,10471
12,"Minot, ND",43,18,23,0,13,66,1,222
12,"Mission/McAllen/Edinburg, TX",39,8,33,2,27,75,9,459
12,"Missoula, MT",26,7,25,0,16,44,3,303
12,"Mobile, AL",19,6,33,0,29,53,4,230
12,"Moline, IL",31,9,30,0,29,65,3,356
12,"Monroe, LA",16,1,13,1,8,29,4,169
12,"Monterey, CA",47,12,35,0,32,89,6,408
12,"Montgomery, AL",45,4,30,0,23,70,5,243
12,"Montrose/Delta, CO",27,3,34,1,41,59,1,248
12,"Morgantown, WV",10,0,4,0,7,17,0,37
12,"Mosinee, WI",8,1,6,0,10,14,1,62
12,"Myrtle Beach, SC",47,1,80,1,104,155,3,874
12,"Nashville, TN",821,47,709,3,910,1448,34,8071
12,"New Orleans, LA",446,39,437,8,513,809,19,4205
12,"New York, NY",2980,193,2843,22,2792,5181,96,23273
12,"Newark, NJ",1640,94,1550,15,1416,2702,75,10865
12,"Newburgh/Poughkeepsie, NY",5,1,3,0,9,10,0,55
12,"Niagara Falls, NY",2,2,4,0,4,9,1,32
12,"Nome, AK",3,0,3,1,4,5,0,30
12,"Norfolk, VA",185,21,162,1,162,334,11,1728
12,"North Bend/Coos Bay, OR",1,0,2,0,3,5,0,21
12,"North Platte, NE",4,0,0,0,2,6,0,53
12,"Oakland, CA",326,5,162,3,347,513,26,3179
12,"Oklahoma City, OK",166,15,132,2,143,301,10,1888
12,"Omaha, NE",198,20,123,0,140,308,9,1993
12,"Ontario, CA",161,8,130,0,172,293,7,2116
12,"Orlando, FL",1704,122,1296,30,1708,2763,48,13621
12,"Pago Pago, TT",0,0,0,0,0,0,0,12
12,"Palm Springs, CA",123,7,111,1,109,229,7,1399
12,"Panama City, FL",46,6,63,0,38,99,1,480
12,"Pasco/Kennewick/Richland, WA",57,18,36,2,14,96,2,567
12,"Pellston, MI",12,0,4,0,0,12,3,55
12,"Pensacola, FL",105,14,91,4,135,198,4,1004
12,"Peoria, IL",47,14,52,0,48,93,1,379
12,"Petersburg, AK",0,1,4,0,6,8,1,60
12,"Philadelphia, PA",1016,59,879,8,836,1647,34,7464
12,"Phoenix, AZ",1906,69,1273,18,1663,3033,62,17967
12,"Pittsburgh, PA",344,41,469,3,286,697,20,3392
12,"Plattsburgh, NY",4,5,20,0,15,28,5,69
12,"Pocatello, ID",3,1,2,0,0,4,0,57
12,"Ponce, PR",2,0,8,0,14,15,1,78
12,"Portland, ME",62,6,79,0,63,135,4,785
12,"Portland, OR",419,42,431,4,382,844,14,5065
12,"Portsmouth, NH",2,0,3,0,4,7,2,45
12,"Prescott, AZ",11,0,3,0,4,15,0,62
12,"Presque Isle/Houlton, ME",4,0,7,2,1,6,1,31
12,"Providence, RI",133,14,148,1,134,257,2,1304
12,"Provo, UT",32,2,22,0,12,49,5,279
12,"Punta Gorda, FL",88,8,101,1,105,179,9,780
12,"Raleigh/Durham, NC",481,18,535,2,503,942,20,5010
12,"Rapid City, SD",50,6,46,0,26,90,0,454
12,"Redding, CA",8,3,7,1,7,20,2,146
12,"Reno, NV",175,15,122,1,138,305,13,1773
12,"Rhinelander, WI",15,0,7,0,0,15,3,61
12,"Richmond, VA",179,7,161,4,154,304,9,1523
12,"Riverton/Lander, WY",2,0,0,0,1,3,0,62
12,"Roanoke, VA",49,6,28,0,49,75,12,253
12,"Rochester, MN",19,6,6,0,1,25,3,102
12,"Rochester, NY",145,28,170,2,115,259,2,965
12,"Rock Springs, WY",1,1,2,0,3,5,0,62
12,"Rockford, IL",8,0,7,0,10,17,1,83
12,"Roswell, NM",11,4,4,0,4,18,5,90
12,"Sacramento, CA",527,44,296,2,504,822,39,4534
12,"Saginaw/Bay City/Midland, MI",33,13,32,0,14,60,2,194
12,"Saipan, TT",0,0,0,0,0,0,0,31
12,"Salina, KS",9,0,5,0,4,12,0,62
12,"Salt Lake City, UT",1021,126,709,1,558,1569,24,9496
12,"San Angelo, TX",10,3,4,0,2,16,5,91
12,"San Antonio, TX",307,17,273,1,369,582,20,3451
12,"San Diego, CA",991,276,1458,10,1357,2319,206,8075
12,"San Francisco, CA",1324,126,1211,1,1252,2535,88,12097
12,"San Jose, CA",330,29,254,3,375,635,37,4154
12,"San Juan, PR",554,6,472,7,577,869,13,3517
12,"San Luis Obispo, CA",42,15,39,1,40,93,19,505
12,"Sanford, FL",210,36,147,0,165,296,6,922
12,"Santa Ana, CA",276,49,280,3,420,649,34,3649
12,"Santa Barbara, CA",45,7,35,1,56,94,6,630
12,"Santa Fe, NM",18,6,12,0,12,36,5,285
12,"Santa Maria, CA",1,0,0,0,1,1,0,9
12,"Santa Rosa, CA",29,12,50,0,62,106,4,387
12,"Sarasota/Bradenton, FL",149,13,182,0,231,327,20,1563
12,"Sault Ste. Marie, MI",28,1,13,0,0,29,3,60
12,"Savannah, GA",215,28,193,2,206,349,12,1600
12,"Scottsbluff, NE",6,0,3,0,0,4,0,53
12,"Scranton/Wilkes-Barre, PA",13,0,9,0,11,22,0,142
12,"Seattle, WA",1280,221,1196,13,854,2349,63,12596
12,"Sheridan, WY",4,0,3,0,1,4,0,62
12,"Shreveport, LA",50,31,48,1,40,96,7,453
12,"Sioux City, IA",12,3,0,0,1,15,3,62
12,"Sioux Falls, SD",75,40,94,4,54,164,22,662
12,"Sitka, AK",1,2,10,0,8,14,1,92
12,"South Bend, IN",99,18,81,0,61,154,2,630
12,"Spokane, WA",151,24,150,5,108,270,2,1467
12,"Springfield, IL",4,0,2,0,3,4,0,15
12,"Springfield, MO",119,28,96,1,102,211,4,826
12,"St. Cloud, MN",2,1,2,0,1,4,1,17
12,"St. George, UT",28,3,11,0,3,33,0,313
12,"St. Louis, MO",601,25,413,4,604,970,20,5384
12,"St. Petersburg, FL",82,22,120,0,123,184,15,807
12,"State College, PA",3,1,6,0,4,8,0,19
12,"Stillwater, OK",7,0,1,0,0,7,3,61
12,"Stockton, CA",13,6,9,0,17,24,0,53
12,"Sun Valley/Hailey/Ketchum, ID",19,9,18,0,3,37,4,205
12,"Syracuse, NY",155,33,177,0,71,270,3,1044
12,"Tallahassee, FL",55,13,67,1,42,101,2,439
12,"Tampa, FL",801,50,680,1,954,1388,24,6803
12,"Texarkana, AR",8,3,4,0,1,12,2,61
12,"Toledo, OH",6,0,8,0,9,11,0,37
12,"Traverse City, MI",49,19,84,1,28,107,2,305
12,"Trenton, NJ",9,1,9,0,10,21,8,115
12,"Tucson, AZ",151,25,119,1,128,290,12,1874
12,"Tulsa, OK",112,9,115,0,119,234,12,1468
12,"Twin Falls, ID",2,2,0,0,0,4,0,57
12,"Tyler, TX",18,7,11,0,6,33,5,91
12,"Valdosta, GA",9,4,4,0,15,18,0,78
12,"Valparaiso, FL",86,18,68,0,84,140,19,639
12,"Victoria, TX",3,1,2,0,3,7,1,56
12,"Waco, TX",28,5,13,0,0,33,3,90
12,"Washington, DC",1862,156,1695,6,2017,3386,109,15825
12,"West Palm Beach/Palm Beach, FL",498,10,420,0,639,845,21,2966
12,"White Plains, NY",138,49,170,1,172,284,16,1019
12,"Wichita Falls, TX",6,1,5,0,4,9,0,61
12,"Wichita, KS",76,13,63,0,57,136,9,874
12,"Williston, ND",32,10,20,0,9,53,1,178
12,"Wilmington, NC",72,6,82,0,90,149,2,709
12,"Worcester, MA",8,2,18,1,19,31,3,120
12,"Wrangell, AK",0,3,6,0,8,9,2,60
12,"Yakutat, AK",0,2,3,0,6,8,3,60
12,"Yuma, AZ",18,0,6,0,10,26,0,158
