week_number,dest_city,bool_carrier_delay_min,bool_weather_delay_min,bool_traffic_delay_min,bool_security_delay_min,bool_late_aircraft_delay_min,is_late,cancelled,flight_number
1,"Aberdeen, SD",2,1,2,0,0,3,0,16
1,"Abilene, TX",2,0,1,0,1,3,0,44
1,"Adak Island, AK",0,0,0,0,0,0,2,2
1,"Aguadilla, PR",13,0,10,0,12,22,0,81
1,"Akron, OH",11,1,12,0,13,23,1,88
1,"Albany, GA",0,0,0,0,0,0,0,18
1,"Albany, NY",43,3,17,1,23,53,7,257
1,"Albuquerque, NM",77,4,44,2,61,117,5,586
1,"Alexandria, LA",2,1,0,0,1,4,0,44
1,"Allentown/Bethlehem/Easton, PA",10,1,9,0,8,16,3,119
1,"Alpena, MI",3,0,1,0,0,3,0,14
1,"Amarillo, TX",14,1,10,0,18,25,4,126
1,"Anchorage, AK",48,3,40,4,27,74,16,337
1,"Appleton, WI",13,6,18,0,11,28,2,150
1,"Arcata/Eureka, CA",2,1,3,0,4,7,0,44
1,"Asheville, NC",14,2,30,0,30,47,2,286
1,"Ashland, WV",3,0,0,0,2,3,1,9
1,"Aspen, CO",61,10,85,0,14,132,5,315
1,"Atlanta, GA",575,35,496,13,451,976,15,7481
1,"Atlantic City, NJ",12,0,14,1,4,17,1,81
1,"Augusta, GA",2,1,1,0,1,4,0,60
1,"Austin, TX",297,15,310,11,279,506,10,2125
1,"Bakersfield, CA",8,0,4,0,3,9,0,62
1,"Baltimore, MD",267,5,226,8,266,418,30,2357
1,"Bangor, ME",5,0,7,0,2,11,0,68
1,"Barrow, AK",4,0,2,0,3,5,1,8
1,"Baton Rouge, LA",11,1,2,1,3,12,0,94
1,"Beaumont/Port Arthur, TX",0,0,1,0,0,1,0,18
1,"Belleville, IL",6,2,7,0,8,10,0,29
1,"Bellingham, WA",5,1,10,0,6,11,0,70
1,"Bemidji, MN",4,0,0,0,0,4,0,17
1,"Bend/Redmond, OR",16,10,19,0,6,29,4,143
1,"Bethel, AK",1,0,2,0,2,4,0,16
1,"Billings, MT",8,2,7,0,5,13,0,92
1,"Binghamton, NY",0,0,1,0,1,1,1,10
1,"Birmingham, AL",36,0,28,2,38,58,0,369
1,"Bishop, CA",0,1,1,0,3,4,0,18
1,"Bismarck/Mandan, ND",7,0,2,0,0,7,0,90
1,"Bloomington/Normal, IL",1,0,0,0,0,1,0,43
1,"Boise, ID",51,4,40,0,41,82,2,502
1,"Boston, MA",386,18,386,4,352,653,77,2819
1,"Bozeman, MT",31,0,14,0,22,42,1,290
1,"Brainerd, MN",3,1,1,0,0,4,0,14
1,"Bristol/Johnson City/Kingsport, TN",7,2,2,0,8,10,0,56
1,"Brownsville, TX",1,0,1,0,0,1,0,34
1,"Brunswick, GA",1,1,0,0,0,2,0,18
1,"Buffalo, NY",53,2,29,1,44,74,2,412
1,"Burbank, CA",101,4,71,2,125,177,11,793
1,"Burlington, VT",15,4,11,0,12,28,2,145
1,"Butte, MT",4,1,2,0,0,5,0,15
1,"Casper, WY",1,0,0,0,1,2,0,46
1,"Cedar City, UT",4,0,3,0,0,4,0,14
1,"Cedar Rapids/Iowa City, IA",20,2,15,0,11,33,0,192
1,"Champaign/Urbana, IL",2,2,3,0,5,7,0,34
1,"Charleston, SC",53,1,38,0,45,79,2,525
1,"Charleston/Dunbar, WV",8,1,2,1,7,13,1,64
1,"Charlotte Amalie, VI",20,1,13,0,8,26,0,174
1,"Charlotte, NC",442,28,430,14,473,822,19,4789
1,"Charlottesville, VA",3,1,5,0,3,7,1,48
1,"Chattanooga, TN",4,0,5,0,10,15,1,120
1,"Cheyenne, WY",0,0,1,0,1,1,0,16
1,"Chicago, IL",809,41,620,27,721,1308,71,8110
1,"Christiansted, VI",5,1,4,0,3,9,0,46
1,"Cincinnati, OH",74,6,69,2,63,130,6,885
1,"Clarksburg/Fairmont, WV",0,0,1,0,1,1,0,6
1,"Cleveland, OH",104,5,80,3,96,170,11,882
1,"Cody, WY",0,1,1,0,0,1,0,4
1,"College Station/Bryan, TX",1,0,0,0,1,1,0,26
1,"Colorado Springs, CO",33,0,18,0,31,51,0,292
1,"Columbia, MO",4,2,0,0,3,6,0,42
1,"Columbia, SC",17,0,8,0,9,24,0,124
1,"Columbus, GA",0,1,1,0,0,1,0,18
1,"Columbus, MS",0,0,1,0,0,1,0,18
1,"Columbus, OH",136,4,94,2,101,183,2,927
1,"Concord, NC",6,0,5,0,6,6,0,29
1,"Cordova, AK",1,0,1,0,2,3,1,16
1,"Corpus Christi, TX",6,0,5,0,5,9,0,91
1,"Dallas, TX",212,5,150,4,213,320,12,1860
1,"Dallas/Fort Worth, TX",748,83,691,25,666,1283,21,7057
1,"Dayton, OH",13,2,9,0,8,17,1,149
1,"Daytona Beach, FL",5,0,2,0,5,9,0,59
1,"Deadhorse, AK",0,0,0,0,0,0,4,11
1,"Decatur, IL",1,0,1,0,2,3,0,21
1,"Denver, CO",655,47,536,10,638,1120,52,7386
1,"Des Moines, IA",27,2,22,0,36,53,1,355
1,"Detroit, MI",239,29,177,3,154,382,6,2738
1,"Devils Lake, ND",0,0,0,0,0,0,0,15
1,"Dickinson, ND",1,0,0,0,1,1,0,17
1,"Dodge City, KS",2,0,2,0,0,2,1,14
1,"Dothan, AL",0,0,0,0,0,0,0,18
1,"Duluth, MN",2,0,3,0,2,4,0,43
1,"Durango, CO",9,2,6,0,5,13,1,90
1,"Eagle, CO",28,3,36,0,12,55,0,214
1,"Eau Claire, WI",2,0,0,0,0,2,0,3
1,"El Paso, TX",60,8,44,3,68,92,0,414
1,"Elko, NV",0,1,1,0,0,1,0,9
1,"Elmira/Corning, NY",4,1,2,0,0,5,0,20
1,"Escanaba, MI",2,0,2,0,0,2,0,14
1,"Eugene, OR",37,4,23,0,22,51,0,186
1,"Evansville, IN",5,0,3,0,2,7,0,40
1,"Everett, WA",4,0,8,0,7,11,2,36
1,"Fairbanks, AK",6,0,4,0,2,8,3,65
1,"Fargo, ND",17,7,17,0,10,31,0,163
1,"Fayetteville, AR",25,2,20,1,15,36,1,310
1,"Fayetteville, NC",2,0,0,0,1,2,0,33
1,"Flagstaff, AZ",4,1,2,0,0,4,0,36
1,"Flint, MI",10,2,10,0,11,17,0,53
1,"Fort Dodge, IA",3,1,2,0,4,8,0,14
1,"Fort Lauderdale, FL",381,25,463,13,332,678,29,2606
1,"Fort Myers, FL",140,10,195,0,123,277,15,1158
1,"Fort Smith, AR",0,0,0,0,1,0,0,26
1,"Fort Wayne, IN",9,2,3,0,6,15,1,98
1,"Fresno, CA",27,4,27,0,21,49,0,273
1,"Gainesville, FL",1,1,2,0,2,4,0,62
1,"Garden City, KS",2,0,0,0,0,2,0,18
1,"Gillette, WY",2,0,0,0,0,2,0,17
1,"Grand Forks, ND",1,2,4,0,2,5,0,32
1,"Grand Island, NE",2,1,0,0,1,3,0,25
1,"Grand Junction, CO",4,0,2,0,1,6,0,84
1,"Grand Rapids, MI",51,6,23,0,45,82,4,461
1,"Great Falls, MT",2,1,2,0,0,3,0,52
1,"Green Bay, WI",6,0,5,0,5,13,0,83
1,"Greensboro/High Point, NC",16,4,10,0,13,28,2,231
1,"Greer, SC",22,0,19,1,22,40,2,320
1,"Guam, TT",0,0,0,0,0,0,0,18
1,"Gulfport/Biloxi, MS",5,1,4,0,3,9,0,73
1,"Gunnison, CO",4,0,0,0,3,5,0,37
1,"Hagerstown, MD",1,0,1,0,0,1,0,7
1,"Hancock/Houghton, MI",1,1,1,0,0,2,0,17
1,"Harlingen/San Benito, TX",10,0,5,0,15,20,0,109
1,"Harrisburg, PA",15,3,10,0,7,22,3,117
1,"Hartford, CT",83,1,61,2,63,113,19,478
1,"Hattiesburg/Laurel, MS",1,1,1,0,0,2,0,14
1,"Hayden, CO",19,0,8,0,15,24,0,125
1,"Hays, KS",3,0,1,0,0,3,0,16
1,"Helena, MT",1,2,1,0,2,5,0,48
1,"Hibbing, MN",0,1,1,0,0,1,0,14
1,"Hilo, HI",27,0,1,1,15,27,2,176
1,"Hilton Head, SC",3,2,1,0,2,5,0,20
1,"Hobbs, NM",0,0,0,0,0,0,0,4
1,"Honolulu, HI",150,2,21,17,129,202,23,1573
1,"Houston, TX",455,18,379,11,351,702,46,4053
1,"Huntsville, AL",11,3,7,0,8,18,0,160
1,"Idaho Falls, ID",6,0,5,0,4,9,0,89
1,"Indianapolis, IN",125,5,75,3,95,173,6,1023
1,"International Falls, MN",1,2,0,0,0,3,0,14
1,"Iron Mountain/Kingsfd, MI",0,2,2,0,0,3,0,16
1,"Islip, NY",31,0,18,0,37,44,2,152
1,"Ithaca/Cortland, NY",1,0,2,0,0,2,1,17
1,"Jackson, WY",22,4,13,0,8,29,2,179
1,"Jackson/Vicksburg, MS",13,0,7,0,6,18,0,152
1,"Jacksonville, FL",87,3,68,2,82,134,2,735
1,"Jacksonville/Camp Lejeune, NC",2,0,1,0,0,2,0,30
1,"Jamestown, ND",1,0,1,0,0,1,1,15
1,"Johnstown, PA",0,0,1,0,1,2,2,18
1,"Joplin, MO",0,0,1,0,0,1,0,14
1,"Juneau, AK",7,2,6,0,9,18,1,92
1,"Kahului, HI",59,0,11,1,41,77,13,715
1,"Kalamazoo, MI",0,0,2,0,0,2,0,18
1,"Kalispell, MT",6,2,5,0,6,12,0,85
1,"Kansas City, MO",144,5,86,3,130,212,2,1138
1,"Kearney, NE",0,0,0,0,1,1,0,3
1,"Ketchikan, AK",5,0,7,0,1,7,0,50
1,"Key West, FL",20,2,39,0,15,48,2,249
1,"Killeen, TX",2,1,1,0,3,5,0,43
1,"Knoxville, TN",36,1,24,1,41,59,1,334
1,"Kodiak, AK",1,1,2,0,1,3,3,13
1,"Kona, HI",40,0,11,0,32,53,9,436
1,"Kotzebue, AK",0,1,1,0,1,1,0,8
1,"Lafayette, LA",6,0,7,0,1,7,0,63
1,"Lake Charles, LA",3,1,0,0,0,4,0,26
1,"Lansing, MI",2,0,1,0,0,2,0,18
1,"Laramie, WY",0,0,0,0,0,0,1,14
1,"Laredo, TX",3,0,3,0,2,6,0,40
1,"Las Vegas, NV",484,20,386,6,484,767,23,4549
1,"Latrobe, PA",2,0,2,0,0,2,0,9
1,"Lawton/Fort Sill, OK",3,0,0,0,2,3,0,24
1,"Lewiston, ID",1,0,1,0,0,0,0,27
1,"Lexington, KY",18,2,15,0,13,23,0,179
1,"Liberal, KS",2,0,1,0,0,2,0,14
1,"Lihue, HI",38,1,6,0,23,42,0,404
1,"Lincoln, NE",6,0,6,0,2,11,0,33
1,"Little Rock, AR",22,5,21,1,24,44,0,276
1,"Long Beach, CA",35,2,21,1,34,51,1,428
1,"Longview, TX",0,0,0,0,0,0,0,17
1,"Los Angeles, CA",561,35,384,8,339,780,31,4645
1,"Louisville, KY",51,2,36,4,45,82,1,510
1,"Lubbock, TX",14,1,8,1,15,27,6,152
1,"Madison, WI",18,2,12,0,15,27,0,222
1,"Manchester, NH",10,1,5,0,14,16,6,122
1,"Manhattan/Ft. Riley, KS",4,0,1,0,3,5,0,26
1,"Marquette, MI",0,0,0,0,0,0,0,11
1,"Mason City, IA",4,0,1,0,2,6,0,14
1,"Medford, OR",8,1,7,0,4,12,0,115
1,"Melbourne, FL",5,1,4,1,6,12,0,66
1,"Memphis, TN",48,5,30,2,47,79,0,477
1,"Meridian, MS",3,0,0,0,1,4,0,14
1,"Miami, FL",390,28,492,11,314,703,12,3070
1,"Midland/Odessa, TX",20,2,21,1,20,38,0,226
1,"Milwaukee, WI",84,5,47,1,73,130,2,625
1,"Minneapolis, MN",201,27,134,5,94,307,6,2778
1,"Minot, ND",7,0,2,0,0,7,0,61
1,"Mission/McAllen/Edinburg, TX",7,0,5,0,6,11,0,85
1,"Missoula, MT",9,4,6,0,4,16,0,82
1,"Moab, UT",1,0,0,0,0,1,1,7
1,"Mobile, AL",4,0,1,0,3,5,0,52
1,"Moline, IL",7,0,1,0,4,10,0,101
1,"Monroe, LA",3,0,1,1,0,4,0,44
1,"Monterey, CA",14,2,10,0,11,23,0,95
1,"Montgomery, AL",2,1,0,0,3,4,0,40
1,"Montrose/Delta, CO",13,0,16,0,13,23,1,118
1,"Morgantown, WV",0,0,0,0,0,0,0,4
1,"Mosinee, WI",0,1,0,0,0,1,1,18
1,"Myrtle Beach, SC",21,6,18,0,12,37,0,227
1,"Nashville, TN",251,12,178,2,224,371,11,2310
1,"New Orleans, LA",152,6,138,4,155,260,9,1215
1,"New York, NY",610,25,491,8,464,908,34,5406
1,"Newark, NJ",285,11,212,5,186,402,57,2875
1,"Newburgh/Poughkeepsie, NY",1,0,0,0,0,1,0,15
1,"Niagara Falls, NY",1,0,0,0,1,2,0,15
1,"Nome, AK",0,0,0,0,1,1,0,8
1,"Norfolk, VA",52,0,32,0,30,69,0,413
1,"North Bend/Coos Bay, OR",1,1,0,0,0,2,0,5
1,"North Platte, NE",1,0,0,0,0,1,0,14
1,"Oakland, CA",133,3,65,3,145,194,6,1095
1,"Oklahoma City, OK",61,0,33,0,59,91,1,520
1,"Omaha, NE",71,4,38,2,57,98,1,556
1,"Ontario, CA",67,3,44,1,56,98,1,602
1,"Orlando, FL",546,19,576,12,551,980,42,4347
1,"Pago Pago, TT",0,0,0,0,0,0,0,5
1,"Palm Springs, CA",35,1,27,0,44,74,3,417
1,"Panama City, FL",10,2,9,0,11,17,0,126
1,"Pasco/Kennewick/Richland, WA",15,3,10,0,2,21,1,133
1,"Pellston, MI",3,0,1,0,0,3,1,15
1,"Pensacola, FL",25,3,23,0,19,36,0,267
1,"Peoria, IL",6,2,10,0,6,15,0,85
1,"Petersburg, AK",0,0,1,0,3,3,0,16
1,"Philadelphia, PA",244,7,226,7,245,416,9,2062
1,"Phoenix, AZ",575,40,473,18,529,943,29,5004
1,"Pittsburgh, PA",108,6,72,2,103,168,4,905
1,"Plattsburgh, NY",4,1,6,0,0,7,1,25
1,"Pocatello, ID",1,0,0,0,0,1,0,17
1,"Ponce, PR",3,1,3,0,2,6,0,36
1,"Portland, ME",15,4,20,0,14,29,16,175
1,"Portland, OR",164,11,137,3,131,264,23,1376
1,"Portsmouth, NH",0,0,1,0,0,1,1,14
1,"Prescott, AZ",2,0,1,0,0,2,0,18
1,"Presque Isle/Houlton, ME",0,0,0,0,0,0,0,2
1,"Providence, RI",49,5,30,0,43,68,10,308
1,"Provo, UT",11,2,10,0,12,22,3,71
1,"Punta Gorda, FL",36,8,66,0,40,83,4,245
1,"Raleigh/Durham, NC",165,10,108,2,140,233,2,1252
1,"Rapid City, SD",6,4,4,0,5,15,0,105
1,"Redding, CA",1,0,1,0,0,2,0,31
1,"Reno, NV",54,2,30,1,47,78,1,506
1,"Rhinelander, WI",1,1,1,0,0,2,0,16
1,"Richmond, VA",46,0,29,2,50,76,1,382
1,"Riverton/Lander, WY",1,0,0,0,0,1,0,13
1,"Roanoke, VA",5,0,4,0,4,8,1,52
1,"Rochester, MN",0,1,2,0,1,2,0,25
1,"Rochester, NY",19,3,13,1,14,33,7,262
1,"Rock Springs, WY",0,1,0,0,1,2,0,13
1,"Rockford, IL",2,1,0,0,0,2,0,27
1,"Roswell, NM",2,0,1,0,0,2,0,19
1,"Sacramento, CA",161,2,111,4,185,265,5,1295
1,"Saginaw/Bay City/Midland, MI",9,0,4,0,4,12,0,38
1,"Saipan, TT",0,0,0,0,0,0,0,9
1,"Salina, KS",2,0,2,0,2,4,0,17
1,"Salt Lake City, UT",254,49,178,6,204,427,3,2786
1,"San Angelo, TX",3,1,2,0,0,3,0,26
1,"San Antonio, TX",142,4,110,2,123,205,4,1000
1,"San Diego, CA",296,8,229,9,252,441,22,2260
1,"San Francisco, CA",334,25,359,7,235,605,63,3249
1,"San Jose, CA",130,5,77,4,148,202,8,1192
1,"San Juan, PR",199,6,139,2,129,264,12,1063
1,"San Luis Obispo, CA",18,0,16,0,16,31,0,127
1,"Sanford, FL",50,5,47,0,49,88,2,313
1,"Santa Ana, CA",93,5,68,4,85,154,3,1077
1,"Santa Barbara, CA",24,2,17,1,25,41,3,164
1,"Santa Fe, NM",5,1,3,0,4,10,0,44
1,"Santa Maria, CA",1,0,0,0,0,1,0,3
1,"Santa Rosa, CA",6,0,9,0,9,16,1,93
1,"Sarasota/Bradenton, FL",61,4,72,0,51,114,11,512
1,"Sault Ste. Marie, MI",4,2,1,0,0,6,0,16
1,"Savannah, GA",45,2,39,0,42,76,1,414
1,"Scottsbluff, NE",0,0,0,0,0,0,0,14
1,"Scranton/Wilkes-Barre, PA",4,2,2,0,6,9,0,34
1,"Seattle, WA",306,45,292,5,227,558,99,3640
1,"Sheridan, WY",2,0,0,0,1,3,0,17
1,"Shreveport, LA",10,2,7,0,6,17,0,88
1,"Sioux City, IA",0,0,1,0,2,2,0,17
1,"Sioux Falls, SD",19,0,8,1,10,26,0,164
1,"Sitka, AK",0,0,1,0,3,3,0,26
1,"South Bend, IN",13,2,9,0,13,23,0,155
1,"Spokane, WA",43,6,29,1,33,73,4,384
1,"Springfield, IL",1,0,0,0,1,1,0,6
1,"Springfield, MO",19,1,12,0,16,27,0,204
1,"St. Cloud, MN",1,0,1,0,0,1,0,6
1,"St. George, UT",3,2,3,0,0,5,0,65
1,"St. Louis, MO",158,3,98,6,163,242,6,1469
1,"St. Petersburg, FL",37,8,39,1,42,79,4,271
1,"State College, PA",3,0,0,0,2,5,3,21
1,"Stillwater, OK",1,0,0,0,0,1,0,18
1,"Stockton, CA",2,1,5,0,3,6,0,18
1,"Sun Valley/Hailey/Ketchum, ID",4,1,4,0,0,6,0,78
1,"Syracuse, NY",34,6,32,0,20,53,7,286
1,"Tallahassee, FL",10,1,6,1,8,14,0,122
1,"Tampa, FL",254,10,270,4,217,435,12,2105
1,"Texarkana, AR",1,0,0,0,0,1,0,25
1,"Toledo, OH",2,1,2,2,1,5,0,18
1,"Traverse City, MI",5,0,3,0,3,8,0,80
1,"Trenton, NJ",9,0,4,0,11,17,2,66
1,"Tucson, AZ",38,5,34,1,37,74,1,484
1,"Tulsa, OK",36,1,20,3,39,60,0,369
1,"Twin Falls, ID",2,0,0,0,0,2,0,17
1,"Tyler, TX",1,0,0,0,0,1,0,26
1,"Valdosta, GA",1,0,0,0,0,1,0,18
1,"Valparaiso, FL",15,2,10,0,17,28,1,185
1,"Vernal, UT",0,0,0,0,0,0,0,11
1,"Victoria, TX",1,0,1,0,1,2,0,15
1,"Waco, TX",2,2,2,0,0,5,0,26
1,"Walla Walla, WA",1,1,0,0,0,2,0,14
1,"Washington, DC",377,20,300,6,303,581,41,4002
1,"West Palm Beach/Palm Beach, FL",116,3,126,2,94,209,9,903
1,"White Plains, NY",45,5,35,1,42,71,1,290
1,"Wichita Falls, TX",2,0,0,0,0,0,0,18
1,"Wichita, KS",23,1,18,1,18,33,0,202
1,"Williston, ND",5,2,4,0,1,8,0,43
1,"Wilmington, NC",14,1,4,2,9,20,0,147
1,"Worcester, MA",1,0,3,0,1,3,5,24
1,"Wrangell, AK",0,0,2,0,3,3,1,16
1,"Yakutat, AK",0,0,2,0,3,3,0,16
1,"Yuma, AZ",3,0,2,0,0,3,0,36
2,"Aberdeen, SD",1,1,2,0,0,2,0,14
2,"Abilene, TX",6,6,9,0,11,15,0,34
2,"Adak Island, AK",0,0,0,0,0,0,0,2
2,"Aguadilla, PR",13,1,7,0,10,16,0,57
2,"Akron, OH",7,3,12,0,5,15,8,56
2,"Albany, GA",3,1,0,0,0,4,0,14
2,"Albany, NY",35,9,19,0,37,59,5,193
2,"Albuquerque, NM",65,9,55,0,74,113,11,390
2,"Alexandria, LA",8,3,3,0,2,11,3,35
2,"Allentown/Bethlehem/Easton, PA",6,3,4,0,8,13,4,72
2,"Alpena, MI",2,0,0,0,0,2,9,12
2,"Amarillo, TX",16,3,16,0,21,34,6,88
2,"Anchorage, AK",46,15,80,5,61,119,31,255
2,"Appleton, WI",21,7,22,0,13,44,17,101
2,"Arcata/Eureka, CA",4,3,6,0,1,9,1,34
2,"Asheville, NC",20,4,19,0,23,40,7,182
2,"Ashland, WV",0,0,0,0,0,0,0,4
2,"Aspen, CO",43,17,47,0,14,85,25,213
2,"Atlanta, GA",755,198,1048,5,786,1653,105,5777
2,"Atlantic City, NJ",9,1,9,0,5,12,3,61
2,"Augusta, GA",15,2,7,0,7,20,3,60
2,"Austin, TX",259,44,338,4,267,484,82,1432
2,"Bakersfield, CA",2,1,2,0,3,5,0,40
2,"Baltimore, MD",225,20,165,9,279,390,107,1661
2,"Bangor, ME",2,1,4,0,4,6,7,56
2,"Barrow, AK",1,0,0,0,1,1,2,7
2,"Baton Rouge, LA",14,7,19,0,15,32,4,87
2,"Beaumont/Port Arthur, TX",2,2,2,0,4,6,1,14
2,"Belleville, IL",2,1,1,0,1,3,1,13
2,"Bellingham, WA",5,0,5,0,4,10,0,44
2,"Bemidji, MN",2,3,2,0,0,5,0,14
2,"Bend/Redmond, OR",20,5,24,1,3,31,8,109
2,"Bethel, AK",4,0,3,0,3,6,1,14
2,"Billings, MT",11,4,11,0,10,18,1,60
2,"Binghamton, NY",1,2,2,0,1,3,1,7
2,"Birmingham, AL",55,13,48,0,62,101,12,296
2,"Bishop, CA",0,0,1,0,1,2,1,12
2,"Bismarck/Mandan, ND",9,6,10,0,7,24,6,61
2,"Bloomington/Normal, IL",5,4,7,0,10,13,2,33
2,"Boise, ID",87,16,83,0,51,130,8,352
2,"Boston, MA",358,55,190,0,326,522,85,2291
2,"Bozeman, MT",41,14,43,0,25,65,18,177
2,"Brainerd, MN",0,1,1,0,0,1,0,12
2,"Bristol/Johnson City/Kingsport, TN",8,2,3,0,4,12,0,42
2,"Brownsville, TX",3,2,4,0,7,9,2,25
2,"Brunswick, GA",6,1,3,0,0,8,0,14
2,"Buffalo, NY",43,8,28,0,33,72,119,369
2,"Burbank, CA",73,6,42,0,69,115,14,502
2,"Burlington, VT",21,1,14,0,13,30,4,123
2,"Butte, MT",2,0,0,0,0,2,0,13
2,"Casper, WY",2,1,2,0,1,4,0,12
2,"Cedar City, UT",1,0,0,0,0,1,0,12
2,"Cedar Rapids/Iowa City, IA",18,10,24,1,16,37,39,131
2,"Champaign/Urbana, IL",0,6,9,0,10,12,2,27
2,"Charleston, SC",61,9,68,0,57,109,16,391
2,"Charleston/Dunbar, WV",16,6,8,0,7,28,7,61
2,"Charlotte Amalie, VI",15,4,22,0,13,31,0,126
2,"Charlotte, NC",429,165,518,6,572,941,89,3650
2,"Charlottesville, VA",6,2,5,0,6,11,5,57
2,"Chattanooga, TN",10,7,16,0,22,32,10,106
2,"Cheyenne, WY",0,1,1,0,3,4,1,13
2,"Chicago, IL",768,174,1101,6,905,1780,916,5790
2,"Christiansted, VI",8,1,9,0,5,10,0,33
2,"Cincinnati, OH",104,18,103,1,106,183,15,695
2,"Clarksburg/Fairmont, WV",1,0,1,0,1,2,0,5
2,"Cleveland, OH",113,18,90,2,103,187,71,715
2,"College Station/Bryan, TX",0,3,5,0,2,6,1,21
2,"Colorado Springs, CO",47,5,43,2,49,82,6,213
2,"Columbia, MO",0,3,6,0,4,7,11,28
2,"Columbia, SC",17,8,18,0,21,38,7,114
2,"Columbus, GA",8,1,4,0,0,9,2,19
2,"Columbus, MS",2,0,2,0,2,3,0,14
2,"Columbus, OH",113,25,98,1,126,205,19,733
2,"Concord, NC",0,0,1,0,1,2,0,14
2,"Cordova, AK",2,0,2,0,5,7,0,14
2,"Corpus Christi, TX",9,5,23,0,27,36,3,71
2,"Dallas, TX",220,10,288,2,269,414,101,1327
2,"Dallas/Fort Worth, TX",946,462,1666,24,1286,2426,225,5272
2,"Dayton, OH",16,6,22,0,14,35,2,128
2,"Daytona Beach, FL",5,1,6,0,2,6,1,44
2,"Deadhorse, AK",1,0,0,0,1,2,2,11
2,"Decatur, IL",4,0,5,0,1,7,5,19
2,"Denver, CO",782,128,946,4,814,1539,431,5177
2,"Des Moines, IA",51,16,77,0,49,105,76,285
2,"Detroit, MI",313,94,339,2,278,617,184,2099
2,"Devils Lake, ND",1,0,0,0,0,1,4,13
2,"Dickinson, ND",1,0,0,0,0,1,3,11
2,"Dodge City, KS",1,0,2,0,1,2,3,13
2,"Dothan, AL",4,1,3,0,1,6,0,14
2,"Duluth, MN",5,5,9,0,0,9,4,33
2,"Durango, CO",13,3,8,0,10,21,2,60
2,"Eagle, CO",22,8,37,0,17,51,1,139
2,"El Paso, TX",36,10,40,1,66,84,10,279
2,"Elko, NV",1,0,1,0,0,1,0,7
2,"Elmira/Corning, NY",3,3,2,0,0,5,2,18
2,"Escanaba, MI",2,1,1,0,0,3,1,12
2,"Eugene, OR",13,3,20,0,10,27,35,129
2,"Evansville, IN",5,4,5,0,7,13,1,35
2,"Everett, WA",3,0,6,0,6,8,8,25
2,"Fairbanks, AK",12,1,15,0,6,20,1,42
2,"Fargo, ND",16,7,19,0,12,35,12,118
2,"Fayetteville, AR",24,19,65,1,35,79,9,215
2,"Fayetteville, NC",2,3,5,0,2,6,1,28
2,"Flagstaff, AZ",2,3,1,0,0,5,0,24
2,"Flint, MI",6,2,7,0,12,16,4,36
2,"Fort Dodge, IA",0,0,1,0,2,2,3,12
2,"Fort Lauderdale, FL",359,50,565,8,323,717,102,1907
2,"Fort Myers, FL",163,27,258,1,139,323,50,865
2,"Fort Smith, AR",5,2,2,0,5,8,4,21
2,"Fort Wayne, IN",8,4,11,0,11,18,7,69
2,"Fresno, CA",38,3,33,0,37,68,5,193
2,"Gainesville, FL",1,3,3,0,3,5,4,42
2,"Garden City, KS",1,2,1,0,0,3,5,14
2,"Gillette, WY",0,1,1,0,0,2,2,14
2,"Grand Forks, ND",8,0,5,0,2,8,0,27
2,"Grand Island, NE",2,4,4,0,0,7,2,19
2,"Grand Junction, CO",13,2,12,0,3,21,2,61
2,"Grand Rapids, MI",47,11,50,1,52,94,62,341
2,"Great Falls, MT",7,3,7,0,5,15,4,51
2,"Green Bay, WI",14,9,18,0,10,30,15,76
2,"Greensboro/High Point, NC",28,10,28,0,36,61,11,205
2,"Greer, SC",34,19,44,0,46,78,8,275
2,"Guam, TT",1,0,0,0,1,1,0,14
2,"Gulfport/Biloxi, MS",5,5,11,0,10,15,3,53
2,"Gunnison, CO",5,2,5,0,3,12,1,21
2,"Hagerstown, MD",0,0,0,0,0,0,0,3
2,"Hancock/Houghton, MI",3,0,1,0,0,3,7,14
2,"Harlingen/San Benito, TX",9,2,11,0,16,21,2,74
2,"Harrisburg, PA",15,3,5,0,7,21,2,78
2,"Hartford, CT",70,16,53,2,67,106,12,366
2,"Hattiesburg/Laurel, MS",0,0,0,0,0,0,1,12
2,"Hayden, CO",19,1,15,0,18,31,1,95
2,"Hays, KS",0,0,3,0,5,6,3,14
2,"Helena, MT",7,2,7,0,4,13,3,35
2,"Hibbing, MN",4,1,1,0,0,5,0,12
2,"Hilo, HI",28,14,1,0,31,41,1,134
2,"Hilton Head, SC",0,0,0,0,0,0,2,14
2,"Honolulu, HI",247,105,178,1,216,389,42,1159
2,"Houston, TX",446,82,630,5,470,941,217,3038
2,"Huntsville, AL",15,12,29,0,27,48,3,159
2,"Idaho Falls, ID",11,4,11,0,4,20,0,50
2,"Indianapolis, IN",138,27,124,3,140,232,23,795
2,"International Falls, MN",2,0,0,0,0,2,0,12
2,"Iron Mountain/Kingsfd, MI",2,3,2,0,0,4,0,14
2,"Islip, NY",16,0,6,0,18,21,7,107
2,"Ithaca/Cortland, NY",1,0,1,0,0,1,2,14
2,"Jackson, WY",21,7,27,0,14,40,4,124
2,"Jackson/Vicksburg, MS",18,6,27,0,28,41,1,114
2,"Jacksonville, FL",107,19,98,1,95,176,11,499
2,"Jacksonville/Camp Lejeune, NC",1,0,0,0,0,1,1,15
2,"Jamestown, ND",1,0,1,0,1,2,3,13
2,"Johnstown, PA",1,1,0,0,1,3,4,14
2,"Joplin, MO",0,0,1,0,2,3,2,12
2,"Juneau, AK",10,2,16,0,17,27,2,77
2,"Kahului, HI",91,23,31,0,70,127,16,505
2,"Kalamazoo, MI",4,2,1,0,0,6,3,19
2,"Kalispell, MT",7,2,9,0,6,15,9,53
2,"Kansas City, MO",153,29,153,1,147,256,86,828
2,"Ketchikan, AK",2,4,8,0,11,16,2,42
2,"Key West, FL",28,11,39,0,23,57,5,191
2,"Killeen, TX",3,4,7,0,5,10,2,28
2,"Knoxville, TN",40,18,47,0,48,83,8,257
2,"Kodiak, AK",0,0,1,0,4,4,1,14
2,"Kona, HI",74,21,20,0,66,98,8,312
2,"Kotzebue, AK",0,0,1,0,1,1,2,7
2,"La Crosse, WI",0,0,0,0,0,0,1,2
2,"Lafayette, LA",7,4,9,0,8,17,5,46
2,"Lake Charles, LA",5,1,3,0,1,7,3,21
2,"Lansing, MI",3,2,3,0,1,6,5,25
2,"Laramie, WY",2,0,2,0,2,4,1,12
2,"Laredo, TX",3,1,7,0,6,8,1,29
2,"Las Vegas, NV",545,77,571,7,601,1009,139,3425
2,"Latrobe, PA",0,0,0,0,1,1,1,7
2,"Lawton/Fort Sill, OK",1,3,6,0,3,7,1,21
2,"Lewiston, ID",4,2,5,1,3,10,0,21
2,"Lexington, KY",19,8,21,0,15,38,10,143
2,"Lihue, HI",49,30,24,0,59,79,5,296
2,"Lincoln, NE",1,0,3,0,2,4,2,9
2,"Little Rock, AR",36,12,51,0,44,75,10,199
2,"Long Beach, CA",43,5,29,1,56,80,5,334
2,"Longview, TX",1,2,1,0,0,4,1,14
2,"Los Angeles, CA",523,95,479,7,356,803,178,3364
2,"Louisville, KY",57,22,63,1,61,116,9,388
2,"Lubbock, TX",26,7,19,0,31,42,6,105
2,"Madison, WI",32,14,31,0,23,56,21,193
2,"Manchester, NH",14,3,4,0,15,22,3,79
2,"Manhattan/Ft. Riley, KS",1,2,6,0,3,7,1,21
2,"Marquette, MI",1,0,0,0,1,1,1,7
2,"Mason City, IA",0,0,2,0,1,2,3,12
2,"Medford, OR",16,9,18,0,3,26,1,80
2,"Melbourne, FL",6,1,7,0,10,14,0,47
2,"Memphis, TN",63,24,88,2,75,129,16,375
2,"Meridian, MS",0,0,0,0,0,0,2,12
2,"Miami, FL",455,80,660,8,378,883,120,2287
2,"Midland/Odessa, TX",22,5,23,0,31,50,10,148
2,"Milwaukee, WI",81,18,76,0,72,136,81,483
2,"Minneapolis, MN",269,124,244,0,194,504,70,2047
2,"Minot, ND",5,4,8,0,2,13,9,41
2,"Mission/McAllen/Edinburg, TX",15,4,15,0,11,24,3,66
2,"Missoula, MT",16,2,11,0,3,23,3,54
2,"Moab, UT",1,0,1,0,1,2,0,7
2,"Mobile, AL",10,4,5,0,6,14,2,44
2,"Moline, IL",7,5,12,0,2,14,24,77
2,"Monroe, LA",7,3,6,0,7,13,1,35
2,"Monterey, CA",5,0,10,0,4,10,1,70
2,"Montgomery, AL",4,7,5,0,5,11,2,46
2,"Montrose/Delta, CO",18,2,17,0,16,29,1,83
2,"Mosinee, WI",2,1,4,0,2,4,1,14
2,"Myrtle Beach, SC",16,3,19,0,16,33,3,174
2,"Nashville, TN",281,48,271,4,305,505,91,1666
2,"New Orleans, LA",189,29,207,4,179,328,35,907
2,"New York, NY",648,160,703,3,595,1235,268,5192
2,"Newark, NJ",250,51,163,1,224,401,221,2315
2,"Newburgh/Poughkeepsie, NY",1,0,0,0,0,1,0,5
2,"Niagara Falls, NY",0,0,0,0,0,0,1,9
2,"Nome, AK",0,1,1,0,1,2,2,7
2,"Norfolk, VA",59,12,51,1,64,96,11,336
2,"North Bend/Coos Bay, OR",0,0,0,0,0,0,0,4
2,"North Platte, NE",5,0,5,0,1,6,0,12
2,"Oakland, CA",130,10,115,1,154,214,16,774
2,"Oklahoma City, OK",60,17,66,0,71,121,19,383
2,"Omaha, NE",71,29,90,2,65,137,68,427
2,"Ontario, CA",72,15,47,1,95,123,17,413
2,"Orlando, FL",554,82,844,6,578,1142,164,3225
2,"Pago Pago, TT",0,0,0,0,1,1,0,2
2,"Palm Springs, CA",46,11,40,0,56,85,22,323
2,"Panama City, FL",13,5,18,0,15,27,0,93
2,"Pasco/Kennewick/Richland, WA",15,4,17,1,6,28,1,81
2,"Pellston, MI",4,0,1,0,0,4,5,12
2,"Pensacola, FL",28,11,35,1,40,62,6,189
2,"Peoria, IL",7,6,13,0,12,20,16,65
2,"Petersburg, AK",1,0,2,0,3,4,0,14
2,"Philadelphia, PA",220,47,167,3,249,392,39,1566
2,"Phoenix, AZ",550,112,495,7,504,929,130,3507
2,"Pittsburgh, PA",114,24,90,1,125,200,20,740
2,"Plattsburgh, NY",1,0,2,0,0,3,0,9
2,"Pocatello, ID",1,2,1,0,0,3,0,14
2,"Ponce, PR",5,0,3,0,2,5,0,25
2,"Portland, ME",19,4,13,0,19,38,4,138
2,"Portland, OR",161,29,240,3,178,333,101,940
2,"Portsmouth, NH",0,0,0,0,0,0,0,4
2,"Prescott, AZ",1,0,1,0,3,4,0,14
2,"Providence, RI",41,11,23,0,39,58,13,211
2,"Provo, UT",8,4,8,0,6,15,0,34
2,"Punta Gorda, FL",14,12,29,1,14,40,6,112
2,"Raleigh/Durham, NC",178,33,161,1,192,308,31,1010
2,"Rapid City, SD",5,5,8,0,8,16,4,62
2,"Redding, CA",2,0,3,0,1,3,0,21
2,"Reno, NV",70,5,69,0,59,111,12,337
2,"Rhinelander, WI",6,2,6,0,0,8,0,14
2,"Richmond, VA",55,14,47,1,56,93,5,297
2,"Riverton/Lander, WY",0,0,1,0,2,2,2,9
2,"Roanoke, VA",7,3,10,0,9,17,4,61
2,"Rochester, MN",3,0,3,0,0,4,1,19
2,"Rochester, NY",36,13,34,1,41,71,21,216
2,"Rock Springs, WY",0,1,1,0,0,1,0,9
2,"Rockford, IL",1,1,1,0,2,3,0,15
2,"Roswell, NM",3,1,3,0,2,7,1,14
2,"Sacramento, CA",158,17,151,1,179,266,20,911
2,"Saginaw/Bay City/Midland, MI",5,1,10,0,5,12,8,38
2,"Saipan, TT",0,0,0,0,0,0,0,7
2,"Salina, KS",2,0,4,0,3,5,3,14
2,"Salt Lake City, UT",337,133,380,1,285,632,38,2083
2,"San Angelo, TX",1,4,6,0,2,9,1,21
2,"San Antonio, TX",127,29,135,2,150,240,42,724
2,"San Diego, CA",231,31,188,2,242,373,106,1556
2,"San Francisco, CA",345,53,312,1,273,549,203,2256
2,"San Jose, CA",129,9,90,0,150,217,24,851
2,"San Juan, PR",176,26,166,2,119,259,7,715
2,"San Luis Obispo, CA",3,3,10,0,8,15,1,76
2,"Sanford, FL",17,3,36,0,15,40,6,156
2,"Santa Ana, CA",115,23,94,0,107,203,11,813
2,"Santa Barbara, CA",14,1,10,0,20,30,2,121
2,"Santa Fe, NM",5,2,3,0,0,8,0,28
2,"Santa Maria, CA",0,0,0,0,0,0,0,2
2,"Santa Rosa, CA",6,1,5,0,7,14,1,54
2,"Sarasota/Bradenton, FL",57,12,82,0,60,114,12,344
2,"Sault Ste. Marie, MI",5,1,1,0,0,6,2,14
2,"Savannah, GA",49,15,54,0,40,90,7,295
2,"Scottsbluff, NE",3,0,1,0,1,4,1,12
2,"Scranton/Wilkes-Barre, PA",3,2,3,0,5,6,3,30
2,"Seattle, WA",376,97,418,5,329,735,302,2574
2,"Sheridan, WY",2,0,3,0,1,3,3,14
2,"Shreveport, LA",5,7,13,1,5,19,4,69
2,"Sioux City, IA",0,1,2,0,0,2,4,14
2,"Sioux Falls, SD",16,8,18,0,10,32,14,128
2,"Sitka, AK",4,1,6,0,6,10,0,21
2,"South Bend, IN",21,9,24,0,12,44,16,115
2,"Spokane, WA",68,16,49,0,42,99,9,282
2,"Springfield, IL",1,0,1,0,1,2,0,3
2,"Springfield, MO",18,20,55,0,35,66,8,132
2,"St. Cloud, MN",1,0,0,0,1,1,0,4
2,"St. George, UT",2,2,2,0,3,7,0,47
2,"St. Louis, MO",184,28,174,1,210,329,47,1095
2,"St. Petersburg, FL",15,10,30,0,9,36,2,121
2,"State College, PA",0,0,0,0,0,0,0,3
2,"Stillwater, OK",2,1,3,0,0,4,1,14
2,"Stockton, CA",0,0,0,0,1,1,0,7
2,"Sun Valley/Hailey/Ketchum, ID",9,5,10,0,3,17,2,60
2,"Syracuse, NY",42,11,36,0,29,64,9,244
2,"Tallahassee, FL",16,5,24,0,20,36,4,108
2,"Tampa, FL",268,45,368,1,244,512,74,1533
2,"Texarkana, AR",3,2,1,0,1,6,1,14
2,"Toledo, OH",1,0,2,0,1,3,0,9
2,"Traverse City, MI",8,3,8,0,8,15,11,45
2,"Trenton, NJ",1,1,3,0,7,9,1,56
2,"Tucson, AZ",64,17,46,0,64,113,6,352
2,"Tulsa, OK",46,15,46,0,53,89,10,269
2,"Twin Falls, ID",1,2,1,0,0,3,2,14
2,"Tyler, TX",4,1,2,0,1,7,1,21
2,"Valdosta, GA",2,0,1,0,2,4,0,14
2,"Valparaiso, FL",14,5,15,1,17,28,1,120
2,"Vernal, UT",1,0,3,0,3,3,0,12
2,"Victoria, TX",0,0,0,0,0,0,1,12
2,"Waco, TX",3,1,1,0,0,4,2,21
2,"Walla Walla, WA",0,0,1,0,3,3,1,14
2,"Washington, DC",431,116,457,2,469,850,213,3582
2,"West Palm Beach/Palm Beach, FL",105,22,155,0,80,207,36,644
2,"White Plains, NY",29,9,27,0,33,55,12,246
2,"Wichita Falls, TX",3,1,1,0,0,5,1,14
2,"Wichita, KS",36,9,37,0,35,66,10,176
2,"Williston, ND",5,1,1,0,2,8,8,33
2,"Wilmington, NC",16,7,14,0,24,33,1,113
2,"Worcester, MA",4,0,2,0,2,4,1,25
2,"Wrangell, AK",1,2,2,0,3,5,0,14
2,"Yakutat, AK",1,2,4,0,6,7,0,14
2,"Yuma, AZ",1,0,4,0,5,6,0,25
3,"Aberdeen, SD",1,0,0,0,0,1,0,14
3,"Abilene, TX",1,6,3,0,5,8,1,34
3,"Adak Island, AK",0,0,0,0,0,0,1,2
3,"Aguadilla, PR",15,0,3,0,12,14,1,46
3,"Akron, OH",13,3,12,0,12,27,2,61
3,"Albany, GA",2,0,0,0,0,2,0,14
3,"Albany, NY",40,12,33,1,47,71,9,199
3,"Albuquerque, NM",53,9,33,0,59,85,13,396
3,"Alexandria, LA",2,3,4,0,2,6,3,35
3,"Allentown/Bethlehem/Easton, PA",12,2,9,0,12,20,1,77
3,"Alpena, MI",3,2,4,0,0,5,4,12
3,"Amarillo, TX",11,1,6,0,18,21,5,86
3,"Anchorage, AK",28,2,23,4,40,65,29,255
3,"Appleton, WI",29,5,10,0,12,40,5,103
3,"Arcata/Eureka, CA",6,1,5,0,2,11,2,33
3,"Asheville, NC",27,4,20,0,19,47,6,185
3,"Ashland, WV",1,0,0,0,0,1,0,4
3,"Aspen, CO",31,5,23,0,17,53,28,212
3,"Atlanta, GA",769,240,778,4,757,1502,142,6127
3,"Atlantic City, NJ",7,0,10,1,8,11,1,56
3,"Augusta, GA",9,7,4,0,7,18,2,61
3,"Austin, TX",256,40,253,1,238,428,95,1476
3,"Bakersfield, CA",5,1,3,0,7,9,0,39
3,"Baltimore, MD",262,32,264,7,320,496,127,1668
3,"Bangor, ME",9,5,15,0,14,25,10,55
3,"Barrow, AK",0,0,0,0,0,0,1,7
3,"Baton Rouge, LA",15,5,13,0,14,29,9,94
3,"Beaumont/Port Arthur, TX",0,2,2,0,0,3,1,14
3,"Belleville, IL",0,0,1,0,2,2,0,11
3,"Bellingham, WA",3,2,2,0,7,9,1,44
3,"Bemidji, MN",5,1,3,0,0,6,0,14
3,"Bend/Redmond, OR",15,11,21,0,7,34,29,112
3,"Bethel, AK",0,0,1,0,1,2,0,14
3,"Billings, MT",10,1,11,0,8,18,2,61
3,"Binghamton, NY",3,1,1,0,1,3,0,7
3,"Birmingham, AL",52,10,45,1,49,87,24,302
3,"Bishop, CA",2,0,1,0,3,5,1,12
3,"Bismarck/Mandan, ND",10,1,4,0,3,13,2,62
3,"Bloomington/Normal, IL",4,2,3,0,2,6,0,32
3,"Boise, ID",60,14,45,0,41,98,8,360
3,"Boston, MA",464,82,389,1,463,773,135,2341
3,"Bozeman, MT",43,6,25,0,32,63,3,183
3,"Brainerd, MN",5,1,1,0,0,6,0,12
3,"Bristol/Johnson City/Kingsport, TN",4,2,2,0,2,6,4,42
3,"Brownsville, TX",2,2,1,0,1,5,1,25
3,"Brunswick, GA",8,1,2,0,0,9,0,14
3,"Buffalo, NY",90,18,88,1,84,150,82,372
3,"Burbank, CA",46,5,29,0,54,84,14,500
3,"Burlington, VT",19,10,33,0,29,48,8,123
3,"Butte, MT",3,0,1,0,0,3,0,13
3,"Casper, WY",0,0,0,0,0,0,0,7
3,"Cedar City, UT",0,1,1,0,0,1,0,12
3,"Cedar Rapids/Iowa City, IA",25,7,19,0,25,43,8,128
3,"Champaign/Urbana, IL",8,4,3,0,9,13,0,28
3,"Charleston, SC",67,27,86,0,88,136,15,396
3,"Charleston/Dunbar, WV",11,3,2,0,4,17,7,62
3,"Charlotte Amalie, VI",15,6,15,1,7,26,0,122
3,"Charlotte, NC",487,166,474,7,643,1024,132,3751
3,"Charlottesville, VA",10,1,7,0,7,17,9,57
3,"Chattanooga, TN",17,10,21,0,16,36,6,114
3,"Cheyenne, WY",0,0,0,0,1,1,1,13
3,"Chicago, IL",926,207,858,8,918,1716,602,5840
3,"Christiansted, VI",4,1,5,0,4,10,0,33
3,"Cincinnati, OH",129,25,116,1,152,241,46,712
3,"Clarksburg/Fairmont, WV",0,0,0,0,0,0,0,3
3,"Cleveland, OH",133,35,106,1,147,242,65,703
3,"College Station/Bryan, TX",2,0,1,0,0,2,1,21
3,"Colorado Springs, CO",41,5,21,1,47,71,4,213
3,"Columbia, MO",3,4,2,0,3,8,0,28
3,"Columbia, SC",15,9,15,0,18,33,8,115
3,"Columbus, GA",6,0,2,0,1,7,0,20
3,"Columbus, MS",0,2,2,0,1,2,6,14
3,"Columbus, OH",122,17,116,2,129,215,45,734
3,"Concord, NC",0,0,2,0,1,1,0,14
3,"Cordova, AK",0,0,0,0,3,3,0,14
3,"Corpus Christi, TX",4,5,9,0,7,11,4,71
3,"Dallas, TX",191,12,180,1,238,311,91,1334
3,"Dallas/Fort Worth, TX",727,279,919,9,853,1584,347,5324
3,"Dayton, OH",20,12,27,0,25,46,6,137
3,"Daytona Beach, FL",8,2,5,0,10,16,0,46
3,"Deadhorse, AK",1,0,3,0,2,3,0,11
3,"Decatur, IL",7,0,1,0,1,9,1,19
3,"Denver, CO",724,108,656,8,705,1289,395,5169
3,"Des Moines, IA",56,12,66,0,81,121,11,287
3,"Detroit, MI",414,132,441,2,363,816,78,2190
3,"Devils Lake, ND",0,0,0,0,0,0,2,13
3,"Dickinson, ND",3,0,1,0,1,4,1,12
3,"Dodge City, KS",0,0,1,0,1,1,2,12
3,"Dothan, AL",5,0,0,0,3,5,0,14
3,"Duluth, MN",11,6,6,0,2,19,0,34
3,"Durango, CO",8,2,6,0,5,16,0,60
3,"Eagle, CO",24,7,30,0,19,49,2,139
3,"El Paso, TX",32,9,17,1,43,59,6,285
3,"Elko, NV",0,0,0,0,0,0,1,7
3,"Elmira/Corning, NY",7,3,4,0,0,10,0,18
3,"Escanaba, MI",2,1,0,0,0,3,2,12
3,"Eugene, OR",14,1,11,0,7,21,48,129
3,"Evansville, IN",7,2,2,0,4,9,0,36
3,"Everett, WA",1,0,2,0,4,4,9,25
3,"Fairbanks, AK",6,1,5,1,8,14,2,42
3,"Fargo, ND",15,8,14,0,19,32,2,120
3,"Fayetteville, AR",30,10,42,1,38,69,12,218
3,"Fayetteville, NC",1,3,3,0,3,5,0,28
3,"Flagstaff, AZ",1,2,0,0,1,4,0,25
3,"Flint, MI",8,3,8,0,16,20,1,36
3,"Fort Dodge, IA",0,0,1,0,2,2,1,12
3,"Fort Lauderdale, FL",291,77,405,4,303,581,84,1881
3,"Fort Myers, FL",148,45,210,2,145,297,59,871
3,"Fort Smith, AR",1,3,1,0,2,4,1,21
3,"Fort Wayne, IN",12,2,6,0,9,23,2,71
3,"Fresno, CA",27,13,25,0,25,59,3,196
3,"Gainesville, FL",6,1,3,0,6,12,0,48
3,"Garden City, KS",0,1,0,0,1,2,1,14
3,"Gillette, WY",3,0,2,0,2,5,1,14
3,"Grand Forks, ND",7,0,3,0,2,9,0,27
3,"Grand Island, NE",2,1,0,0,0,3,1,18
3,"Grand Junction, CO",13,4,10,0,9,23,1,65
3,"Grand Rapids, MI",72,25,63,1,71,144,16,361
3,"Great Falls, MT",10,2,6,0,5,17,0,52
3,"Green Bay, WI",28,7,14,0,4,42,1,78
3,"Greensboro/High Point, NC",18,12,22,1,33,53,12,219
3,"Greer, SC",51,13,41,0,55,88,13,284
3,"Guam, TT",0,0,0,0,1,1,0,14
3,"Gulfport/Biloxi, MS",5,6,7,0,7,13,0,53
3,"Gunnison, CO",5,4,2,1,4,11,1,21
3,"Hagerstown, MD",2,0,1,0,1,2,0,4
3,"Hancock/Houghton, MI",3,0,2,0,2,5,2,14
3,"Harlingen/San Benito, TX",4,5,1,0,10,14,3,74
3,"Harrisburg, PA",15,7,7,0,12,25,3,82
3,"Hartford, CT",85,26,75,1,85,141,19,365
3,"Hattiesburg/Laurel, MS",2,0,2,0,0,2,1,12
3,"Hayden, CO",20,4,20,0,15,27,0,96
3,"Hays, KS",2,1,2,0,5,8,1,14
3,"Helena, MT",7,0,6,0,3,10,1,35
3,"Hibbing, MN",4,0,0,0,0,4,0,12
3,"Hilo, HI",21,4,1,0,23,29,1,133
3,"Hilton Head, SC",4,0,0,0,2,4,0,14
3,"Honolulu, HI",257,67,242,1,161,405,37,1152
3,"Houston, TX",436,52,356,4,383,711,316,3034
3,"Huntsville, AL",19,10,24,0,19,36,44,162
3,"Idaho Falls, ID",3,2,5,0,2,7,2,47
3,"Indianapolis, IN",159,30,142,3,162,275,42,816
3,"International Falls, MN",1,0,1,0,0,1,1,12
3,"Iron Mountain/Kingsfd, MI",6,0,3,0,0,6,1,14
3,"Islip, NY",28,1,21,0,31,43,2,105
3,"Ithaca/Cortland, NY",3,1,3,0,6,7,1,14
3,"Jackson, WY",19,4,19,0,19,33,1,124
3,"Jackson/Vicksburg, MS",17,5,15,0,15,31,10,122
3,"Jacksonville, FL",93,22,104,1,101,178,24,517
3,"Jacksonville/Camp Lejeune, NC",1,0,0,0,0,1,0,15
3,"Jamestown, ND",0,0,0,0,0,0,2,13
3,"Johnstown, PA",2,2,2,0,2,7,2,14
3,"Joplin, MO",1,0,2,0,2,3,2,12
3,"Juneau, AK",4,0,10,1,12,18,6,77
3,"Kahului, HI",69,12,33,0,51,99,26,495
3,"Kalamazoo, MI",8,2,3,0,0,10,0,20
3,"Kalispell, MT",5,2,6,0,7,13,5,54
3,"Kansas City, MO",158,26,134,3,144,246,74,845
3,"Ketchikan, AK",1,0,3,0,7,10,5,42
3,"Key West, FL",33,13,39,1,24,62,8,194
3,"Killeen, TX",3,2,1,0,1,5,3,28
3,"Knoxville, TN",47,8,50,0,49,84,49,256
3,"Kodiak, AK",0,0,0,0,3,3,1,14
3,"Kona, HI",58,8,39,0,50,84,29,309
3,"Kotzebue, AK",0,0,0,0,0,0,1,7
3,"La Crosse, WI",0,1,0,0,1,1,0,2
3,"Lafayette, LA",13,2,7,0,6,17,8,52
3,"Lake Charles, LA",2,3,1,0,0,5,1,21
3,"Lansing, MI",10,4,10,0,3,17,2,26
3,"Laramie, WY",0,0,0,0,0,0,3,12
3,"Laredo, TX",4,3,7,0,2,8,1,29
3,"Las Vegas, NV",431,70,376,3,471,771,133,3299
3,"Latrobe, PA",2,0,1,0,0,2,0,7
3,"Lawton/Fort Sill, OK",2,1,1,0,1,4,3,21
3,"Lewiston, ID",5,1,4,0,2,9,1,21
3,"Lexington, KY",27,5,24,0,25,49,4,145
3,"Lihue, HI",47,12,53,1,39,86,0,294
3,"Lincoln, NE",3,0,1,0,1,3,1,7
3,"Little Rock, AR",35,10,28,0,32,63,9,198
3,"Long Beach, CA",41,4,14,0,53,68,9,336
3,"Longview, TX",1,1,0,0,0,2,2,14
3,"Los Angeles, CA",421,114,369,6,311,741,176,3413
3,"Louisville, KY",64,18,55,0,59,108,23,395
3,"Lubbock, TX",13,5,7,0,20,23,3,105
3,"Madison, WI",52,12,23,0,39,78,10,197
3,"Manchester, NH",17,4,14,1,21,28,7,77
3,"Manhattan/Ft. Riley, KS",2,3,2,0,2,6,0,21
3,"Marquette, MI",0,0,1,0,2,2,0,7
3,"Mason City, IA",0,1,1,0,2,3,1,12
3,"Medford, OR",16,4,7,0,1,21,1,80
3,"Melbourne, FL",9,2,4,1,10,15,0,54
3,"Memphis, TN",65,15,61,2,63,120,38,382
3,"Meridian, MS",0,0,0,0,0,0,1,12
3,"Miami, FL",423,102,500,3,348,746,86,2299
3,"Midland/Odessa, TX",16,6,14,0,17,32,7,149
3,"Milwaukee, WI",94,14,80,1,69,156,33,490
3,"Minneapolis, MN",373,102,273,1,238,604,70,2168
3,"Minot, ND",4,2,7,0,2,9,4,42
3,"Mission/McAllen/Edinburg, TX",12,6,7,0,10,20,5,68
3,"Missoula, MT",4,3,2,0,3,9,2,52
3,"Moab, UT",0,0,0,0,1,1,1,7
3,"Mobile, AL",5,6,4,0,4,12,0,45
3,"Moline, IL",13,5,10,0,14,27,1,79
3,"Monroe, LA",4,0,1,0,2,5,6,35
3,"Monterey, CA",14,2,10,0,5,19,0,70
3,"Montgomery, AL",6,6,4,0,7,14,2,47
3,"Montrose/Delta, CO",14,6,18,1,16,32,1,84
3,"Mosinee, WI",3,0,1,0,4,5,0,14
3,"Myrtle Beach, SC",40,12,39,0,25,66,1,181
3,"Nashville, TN",237,34,244,4,247,428,371,1686
3,"New Orleans, LA",158,36,160,1,169,269,41,918
3,"New York, NY",736,229,947,3,870,1665,485,5213
3,"Newark, NJ",284,62,305,2,262,569,265,2322
3,"Newburgh/Poughkeepsie, NY",0,0,0,0,0,0,0,7
3,"Niagara Falls, NY",0,0,0,0,0,0,0,7
3,"Nome, AK",1,0,0,0,1,1,1,7
3,"Norfolk, VA",61,19,54,0,65,109,15,345
3,"North Bend/Coos Bay, OR",0,0,1,0,0,1,1,4
3,"North Platte, NE",0,0,1,0,1,1,1,12
3,"Oakland, CA",93,4,73,0,107,161,28,771
3,"Oklahoma City, OK",63,14,35,1,45,101,31,391
3,"Omaha, NE",87,15,70,1,60,135,30,433
3,"Ontario, CA",59,5,27,0,63,97,16,413
3,"Orlando, FL",574,108,711,5,574,1056,167,3191
3,"Pago Pago, TT",1,0,0,0,0,1,0,2
3,"Palm Springs, CA",41,8,28,0,47,80,16,326
3,"Panama City, FL",16,1,16,0,14,22,1,96
3,"Pasco/Kennewick/Richland, WA",15,5,16,0,7,29,1,80
3,"Pellston, MI",4,1,1,0,0,5,5,12
3,"Pensacola, FL",34,11,31,0,41,60,5,192
3,"Peoria, IL",5,6,11,0,11,21,5,67
3,"Petersburg, AK",1,0,2,0,2,3,1,14
3,"Philadelphia, PA",282,78,254,3,364,556,124,1572
3,"Phoenix, AZ",484,104,352,3,456,835,128,3539
3,"Pittsburgh, PA",123,32,117,2,143,230,49,748
3,"Plattsburgh, NY",0,0,0,0,0,0,0,5
3,"Pocatello, ID",0,3,1,0,0,3,0,14
3,"Ponce, PR",3,0,1,0,2,3,0,16
3,"Portland, ME",24,7,28,0,29,47,18,136
3,"Portland, OR",111,31,130,1,112,223,198,957
3,"Portsmouth, NH",0,0,0,0,0,0,0,4
3,"Prescott, AZ",0,0,2,0,2,2,0,14
3,"Providence, RI",51,14,38,0,59,81,21,217
3,"Provo, UT",1,3,5,0,3,6,1,36
3,"Punta Gorda, FL",19,6,22,0,11,33,3,110
3,"Raleigh/Durham, NC",181,42,169,1,212,337,69,1041
3,"Rapid City, SD",9,4,7,0,8,20,1,64
3,"Redding, CA",3,0,1,0,1,4,0,21
3,"Reno, NV",37,10,26,0,48,70,3,337
3,"Rhinelander, WI",3,1,0,0,0,4,0,14
3,"Richmond, VA",54,12,37,0,63,95,13,308
3,"Riverton/Lander, WY",2,1,1,0,0,3,0,9
3,"Roanoke, VA",12,0,8,0,15,21,2,64
3,"Rochester, MN",4,2,1,0,2,6,0,20
3,"Rochester, NY",62,16,53,0,60,97,13,223
3,"Rock Springs, WY",1,0,0,0,0,1,1,9
3,"Rockford, IL",0,0,0,0,0,0,0,13
3,"Roswell, NM",4,1,0,0,0,5,1,14
3,"Sacramento, CA",121,18,73,1,135,193,20,912
3,"Saginaw/Bay City/Midland, MI",15,5,11,0,7,27,2,40
3,"Saipan, TT",0,0,0,0,0,0,0,7
3,"Salina, KS",0,1,1,0,4,5,2,14
3,"Salt Lake City, UT",304,89,227,2,237,541,50,2138
3,"San Angelo, TX",2,2,0,0,3,5,1,21
3,"San Antonio, TX",136,19,114,1,131,226,36,733
3,"San Diego, CA",201,34,162,3,184,345,118,1564
3,"San Francisco, CA",327,67,456,5,262,738,168,2244
3,"San Jose, CA",115,9,56,2,125,191,28,844
3,"San Juan, PR",158,24,142,2,121,230,9,637
3,"San Luis Obispo, CA",11,1,5,0,8,18,0,74
3,"Sanford, FL",17,15,28,0,13,40,2,153
3,"Santa Ana, CA",107,23,78,0,105,187,17,823
3,"Santa Barbara, CA",11,2,14,1,24,35,1,123
3,"Santa Fe, NM",4,1,0,0,1,6,2,28
3,"Santa Maria, CA",0,0,0,0,1,1,0,2
3,"Santa Rosa, CA",4,3,6,0,5,11,3,54
3,"Sarasota/Bradenton, FL",66,14,88,1,62,127,16,356
3,"Sault Ste. Marie, MI",3,1,1,0,0,3,1,14
3,"Savannah, GA",62,9,49,3,57,98,20,303
3,"Scottsbluff, NE",0,1,1,0,1,2,2,12
3,"Scranton/Wilkes-Barre, PA",2,0,3,1,9,10,0,31
3,"Seattle, WA",302,134,327,8,278,672,343,2625
3,"Sheridan, WY",2,0,3,0,1,3,0,14
3,"Shreveport, LA",7,1,1,0,6,9,18,71
3,"Sioux City, IA",1,0,1,0,0,1,1,14
3,"Sioux Falls, SD",14,12,19,1,18,39,6,132
3,"Sitka, AK",3,1,5,0,3,8,1,21
3,"South Bend, IN",25,8,16,0,12,47,4,116
3,"Spokane, WA",51,12,37,1,30,76,19,292
3,"Springfield, IL",0,0,1,0,0,1,0,2
3,"Springfield, MO",21,8,27,0,9,38,2,134
3,"St. Cloud, MN",0,0,0,0,0,0,0,4
3,"St. George, UT",3,1,2,0,4,7,0,47
3,"St. Louis, MO",183,26,152,1,185,298,72,1115
3,"St. Petersburg, FL",10,8,20,0,9,30,0,114
3,"Stillwater, OK",0,1,0,0,0,1,3,14
3,"Stockton, CA",2,0,1,0,3,3,0,8
3,"Sun Valley/Hailey/Ketchum, ID",11,3,6,0,6,19,1,60
3,"Syracuse, NY",59,14,53,0,64,101,10,251
3,"Tallahassee, FL",12,5,11,0,8,22,1,115
3,"Tampa, FL",293,50,296,3,280,492,90,1519
3,"Texarkana, AR",1,1,0,0,0,2,4,14
3,"Toledo, OH",0,0,1,0,0,1,0,7
3,"Traverse City, MI",16,6,11,0,10,30,6,47
3,"Trenton, NJ",5,1,6,0,7,13,9,58
3,"Tucson, AZ",49,10,34,0,38,85,6,357
3,"Tulsa, OK",47,12,33,0,47,76,9,277
3,"Twin Falls, ID",1,1,1,0,0,2,0,14
3,"Tyler, TX",4,0,1,0,0,4,3,21
3,"Valdosta, GA",1,0,0,0,1,2,0,14
3,"Valparaiso, FL",10,7,10,0,17,28,3,123
3,"Vernal, UT",3,1,3,0,0,4,0,12
3,"Victoria, TX",1,0,0,0,0,1,2,12
3,"Waco, TX",5,0,0,0,0,4,3,21
3,"Walla Walla, WA",2,0,1,0,0,3,3,14
3,"Washington, DC",547,133,620,5,658,1119,545,3595
3,"West Palm Beach/Palm Beach, FL",131,22,161,0,114,226,35,652
3,"White Plains, NY",52,19,50,0,40,90,8,247
3,"Wichita Falls, TX",3,2,1,0,0,5,2,14
3,"Wichita, KS",27,11,26,0,19,50,5,175
3,"Williston, ND",6,2,4,0,7,15,0,34
3,"Wilmington, NC",15,8,9,0,18,31,10,115
3,"Worcester, MA",2,0,1,0,1,2,1,25
3,"Wrangell, AK",0,0,0,0,2,2,1,14
3,"Yakutat, AK",1,1,3,0,2,3,0,14
3,"Yuma, AZ",4,0,0,0,1,5,0,25
4,"Aberdeen, SD",2,0,0,0,0,2,3,14
4,"Abilene, TX",4,0,9,0,6,9,0,34
4,"Adak Island, AK",0,0,0,0,0,0,0,2
4,"Aguadilla, PR",5,0,4,0,4,6,0,42
4,"Akron, OH",7,6,12,0,9,21,6,61
4,"Albany, GA",2,1,1,0,0,3,0,14
4,"Albany, NY",27,1,26,0,24,46,2,199
4,"Albuquerque, NM",37,4,15,0,36,65,4,396
4,"Alexandria, LA",5,3,4,0,3,9,2,35
4,"Allentown/Bethlehem/Easton, PA",6,3,1,0,7,11,2,77
4,"Alpena, MI",3,1,2,0,0,5,0,12
4,"Amarillo, TX",13,1,10,0,14,21,3,86
4,"Anchorage, AK",15,3,12,6,28,43,26,255
4,"Appleton, WI",14,6,9,0,2,22,0,103
4,"Arcata/Eureka, CA",3,0,1,0,2,5,0,33
4,"Asheville, NC",8,7,11,1,13,24,3,182
4,"Ashland, WV",0,0,0,0,0,0,0,4
4,"Aspen, CO",36,4,22,0,8,52,0,212
4,"Atlanta, GA",509,91,724,2,548,1132,51,6129
4,"Atlantic City, NJ",2,1,5,1,1,6,0,56
4,"Augusta, GA",16,4,9,0,7,23,1,61
4,"Austin, TX",179,9,206,0,173,325,31,1472
4,"Bakersfield, CA",4,1,4,0,5,7,0,39
4,"Baltimore, MD",150,7,121,5,178,251,31,1667
4,"Bangor, ME",3,0,0,0,2,3,2,55
4,"Barrow, AK",0,0,0,0,1,1,2,7
4,"Baton Rouge, LA",19,4,17,0,12,32,2,96
4,"Beaumont/Port Arthur, TX",2,0,1,0,1,3,0,14
4,"Belleville, IL",2,0,0,0,2,3,1,12
4,"Bellingham, WA",2,1,4,0,6,9,0,44
4,"Bemidji, MN",0,1,0,0,0,1,0,14
4,"Bend/Redmond, OR",9,2,7,1,9,19,0,112
4,"Bethel, AK",2,1,1,0,0,3,0,14
4,"Billings, MT",4,1,2,0,5,9,0,61
4,"Binghamton, NY",0,1,2,0,0,2,3,7
4,"Birmingham, AL",36,8,37,1,32,68,5,302
4,"Bishop, CA",3,0,1,0,0,3,0,12
4,"Bismarck/Mandan, ND",4,3,2,0,1,8,2,62
4,"Bloomington/Normal, IL",3,4,8,0,2,9,7,32
4,"Boise, ID",33,5,18,0,25,59,4,359
4,"Boston, MA",242,13,168,1,235,393,35,2346
4,"Bozeman, MT",12,1,10,0,10,21,2,182
4,"Brainerd, MN",1,1,0,0,0,2,0,12
4,"Bristol/Johnson City/Kingsport, TN",10,2,8,0,7,14,0,42
4,"Brownsville, TX",1,0,4,0,3,5,0,25
4,"Brunswick, GA",6,2,1,0,0,8,0,14
4,"Buffalo, NY",47,11,30,0,30,79,9,372
4,"Burbank, CA",38,2,19,1,54,81,8,500
4,"Burlington, VT",11,6,7,0,11,23,6,123
4,"Butte, MT",0,0,0,0,0,0,0,13
4,"Casper, WY",0,0,0,0,0,0,0,7
4,"Cedar City, UT",0,0,0,0,0,0,0,12
4,"Cedar Rapids/Iowa City, IA",16,14,14,0,13,41,14,128
4,"Champaign/Urbana, IL",0,1,1,0,2,2,13,28
4,"Charleston, SC",41,3,28,2,41,66,6,396
4,"Charleston/Dunbar, WV",8,7,6,1,6,19,4,62
4,"Charlotte Amalie, VI",15,0,11,0,5,18,0,121
4,"Charlotte, NC",363,75,508,4,481,892,82,3756
4,"Charlottesville, VA",8,2,4,0,8,13,0,57
4,"Chattanooga, TN",12,3,20,0,20,31,2,114
4,"Cheyenne, WY",1,0,0,0,0,1,0,13
4,"Chicago, IL",541,141,690,4,555,1245,396,5839
4,"Christiansted, VI",3,0,2,0,2,3,0,33
4,"Cincinnati, OH",53,8,55,0,67,110,9,707
4,"Clarksburg/Fairmont, WV",0,0,0,0,0,0,0,2
4,"Cleveland, OH",81,10,52,0,74,135,25,696
4,"College Station/Bryan, TX",1,2,1,0,2,4,2,21
4,"Colorado Springs, CO",10,2,12,1,24,32,1,213
4,"Columbia, MO",1,2,4,0,4,5,8,28
4,"Columbia, SC",18,1,12,0,20,29,3,115
4,"Columbus, GA",11,0,2,0,0,11,0,20
4,"Columbus, MS",3,0,2,0,5,6,0,14
4,"Columbus, OH",78,8,60,1,74,126,15,734
4,"Concord, NC",1,0,2,0,1,3,0,14
4,"Cordova, AK",1,0,1,0,2,3,1,14
4,"Corpus Christi, TX",5,1,8,0,10,12,0,71
4,"Dallas, TX",152,3,165,2,168,277,29,1334
4,"Dallas/Fort Worth, TX",733,257,972,11,874,1609,103,5325
4,"Dayton, OH",14,4,13,0,12,29,8,137
4,"Daytona Beach, FL",0,1,2,0,3,5,1,48
4,"Deadhorse, AK",1,1,1,0,0,2,0,11
4,"Decatur, IL",0,0,0,0,0,0,7,19
4,"Denver, CO",331,21,193,3,345,591,148,5162
4,"Des Moines, IA",33,3,24,0,33,58,5,286
4,"Detroit, MI",219,58,182,2,137,410,42,2193
4,"Devils Lake, ND",0,0,0,0,0,0,1,13
4,"Dickinson, ND",1,0,1,0,0,1,0,12
4,"Dodge City, KS",0,1,0,0,0,1,2,12
4,"Dothan, AL",0,0,2,0,5,5,0,14
4,"Duluth, MN",8,2,5,0,4,13,3,34
4,"Durango, CO",6,0,2,0,3,9,0,60
4,"Eagle, CO",14,0,14,0,8,27,1,138
4,"El Paso, TX",20,0,17,1,32,44,3,285
4,"Elko, NV",0,0,0,0,0,0,0,7
4,"Elmira/Corning, NY",3,1,2,0,0,4,0,18
4,"Escanaba, MI",1,0,0,0,0,1,0,12
4,"Eugene, OR",17,1,7,0,12,25,0,129
4,"Evansville, IN",5,2,4,0,4,9,3,36
4,"Everett, WA",1,0,1,0,4,4,8,25
4,"Fairbanks, AK",3,0,1,0,2,5,5,42
4,"Fargo, ND",23,2,7,0,12,28,0,120
4,"Fayetteville, AR",23,10,28,0,25,45,10,217
4,"Fayetteville, NC",4,2,7,0,3,9,0,28
4,"Flagstaff, AZ",4,1,1,0,0,4,0,25
4,"Flint, MI",2,1,2,0,2,6,1,38
4,"Fort Dodge, IA",0,1,0,0,2,3,2,12
4,"Fort Lauderdale, FL",217,14,271,3,168,394,49,1881
4,"Fort Myers, FL",96,7,123,3,83,185,28,868
4,"Fort Smith, AR",2,2,3,0,3,6,5,21
4,"Fort Wayne, IN",6,3,6,0,5,14,10,71
4,"Fresno, CA",16,0,8,0,21,29,1,197
4,"Gainesville, FL",6,0,6,0,4,8,0,48
4,"Garden City, KS",1,0,1,0,2,4,2,14
4,"Gillette, WY",0,0,0,0,0,0,0,14
4,"Grand Forks, ND",3,0,1,0,1,3,0,27
4,"Grand Island, NE",2,0,0,0,1,3,2,18
4,"Grand Junction, CO",3,0,4,0,8,9,0,65
4,"Grand Rapids, MI",43,24,36,1,42,99,14,365
4,"Great Falls, MT",3,0,0,0,1,4,0,52
4,"Green Bay, WI",13,2,9,0,5,20,3,78
4,"Greensboro/High Point, NC",18,6,14,1,20,31,0,219
4,"Greer, SC",34,8,33,0,34,59,11,284
4,"Guam, TT",2,0,0,0,3,4,0,14
4,"Gulfport/Biloxi, MS",5,3,10,0,11,14,2,53
4,"Gunnison, CO",0,0,0,0,1,0,0,21
4,"Hagerstown, MD",0,0,0,0,0,0,0,4
4,"Hancock/Houghton, MI",0,0,0,0,2,2,3,14
4,"Harlingen/San Benito, TX",8,1,3,0,11,13,0,74
4,"Harrisburg, PA",7,4,9,0,7,14,3,82
4,"Hartford, CT",58,2,37,1,50,85,5,361
4,"Hattiesburg/Laurel, MS",0,0,0,0,2,2,1,12
4,"Hayden, CO",4,0,5,0,8,14,0,95
4,"Hays, KS",2,0,1,0,1,3,2,14
4,"Helena, MT",1,2,2,0,1,4,0,35
4,"Hibbing, MN",1,2,1,0,0,3,0,12
4,"Hilo, HI",18,8,2,0,24,27,2,133
4,"Hilton Head, SC",1,0,0,0,0,1,1,14
4,"Honolulu, HI",179,95,198,1,122,354,34,1149
4,"Houston, TX",340,27,435,2,313,667,98,3034
4,"Huntsville, AL",24,4,16,0,28,41,2,162
4,"Idaho Falls, ID",3,3,4,0,0,6,1,46
4,"Indianapolis, IN",83,10,56,0,79,135,23,815
4,"International Falls, MN",1,1,0,0,0,2,0,12
4,"Iron Mountain/Kingsfd, MI",3,1,1,0,0,3,0,14
4,"Islip, NY",10,0,4,0,13,18,0,104
4,"Ithaca/Cortland, NY",0,1,0,0,1,1,1,14
4,"Jackson, WY",12,1,3,0,7,17,1,123
4,"Jackson/Vicksburg, MS",15,1,19,0,15,30,0,122
4,"Jacksonville, FL",71,4,55,0,71,116,4,513
4,"Jacksonville/Camp Lejeune, NC",2,1,3,0,3,5,0,15
4,"Jamestown, ND",1,1,0,0,0,2,1,13
4,"Johnstown, PA",2,0,0,0,0,2,3,14
4,"Joplin, MO",0,0,0,0,0,0,3,12
4,"Juneau, AK",7,1,3,0,6,17,4,77
4,"Kahului, HI",59,19,32,0,43,90,24,495
4,"Kalamazoo, MI",3,1,1,0,0,4,5,20
4,"Kalispell, MT",3,2,3,0,0,7,0,54
4,"Kansas City, MO",103,9,80,0,101,161,11,849
4,"Ketchikan, AK",2,2,4,0,3,8,4,42
4,"Key West, FL",21,4,29,1,17,44,2,194
4,"Killeen, TX",5,2,3,0,1,7,4,28
4,"Knoxville, TN",35,10,28,0,46,73,4,250
4,"Kodiak, AK",0,1,2,0,1,3,0,14
4,"Kona, HI",33,8,37,0,25,67,15,309
4,"Kotzebue, AK",0,0,1,0,1,1,0,7
4,"La Crosse, WI",0,0,0,0,0,0,0,2
4,"Lafayette, LA",7,7,16,0,7,22,3,52
4,"Lake Charles, LA",2,0,1,0,0,1,1,21
4,"Lansing, MI",9,1,4,0,3,12,2,26
4,"Laramie, WY",1,0,1,0,0,1,0,12
4,"Laredo, TX",6,0,6,0,5,8,0,29
4,"Las Vegas, NV",202,35,520,1,359,766,87,3287
4,"Latrobe, PA",0,0,0,0,0,0,0,7
4,"Lawton/Fort Sill, OK",1,1,1,0,3,3,1,21
4,"Lewiston, ID",3,0,0,0,0,3,1,21
4,"Lexington, KY",15,4,11,0,15,31,5,145
4,"Lihue, HI",31,10,42,0,35,70,1,294
4,"Lincoln, NE",1,0,1,0,0,2,1,7
4,"Little Rock, AR",35,6,25,0,24,51,9,199
4,"Long Beach, CA",16,1,11,0,28,41,5,336
4,"Longview, TX",0,2,1,0,0,3,0,14
4,"Los Angeles, CA",259,18,165,2,195,432,98,3428
4,"Louisville, KY",56,6,42,0,46,85,3,395
4,"Lubbock, TX",8,2,6,0,15,22,4,105
4,"Madison, WI",33,3,20,0,25,48,3,196
4,"Manchester, NH",16,2,4,0,10,19,1,77
4,"Manhattan/Ft. Riley, KS",2,1,0,0,3,3,1,21
4,"Marquette, MI",1,0,0,0,1,0,2,7
4,"Mason City, IA",0,1,0,0,1,2,1,12
4,"Medford, OR",5,2,5,0,3,9,0,79
4,"Melbourne, FL",6,2,2,0,3,9,0,54
4,"Memphis, TN",41,4,34,0,38,71,1,382
4,"Meridian, MS",1,0,0,0,2,3,1,12
4,"Miami, FL",302,23,438,3,201,578,40,2293
4,"Midland/Odessa, TX",11,2,7,0,21,23,3,149
4,"Milwaukee, WI",56,4,34,1,44,91,21,489
4,"Minneapolis, MN",195,42,95,0,108,296,40,2178
4,"Minot, ND",4,2,6,0,4,11,4,42
4,"Mission/McAllen/Edinburg, TX",8,2,7,0,9,16,0,68
4,"Missoula, MT",4,2,0,0,5,9,1,52
4,"Moab, UT",0,1,0,0,1,2,0,7
4,"Mobile, AL",6,3,9,0,6,14,1,45
4,"Moline, IL",11,4,9,0,7,17,16,79
4,"Monroe, LA",8,1,5,1,5,13,0,35
4,"Monterey, CA",6,1,4,0,3,9,0,70
4,"Montgomery, AL",12,1,8,0,9,17,1,47
4,"Montrose/Delta, CO",10,1,8,0,4,20,0,84
4,"Mosinee, WI",0,0,0,0,0,0,1,14
4,"Myrtle Beach, SC",15,5,9,0,12,22,4,181
4,"Nashville, TN",176,9,141,1,183,280,24,1688
4,"New Orleans, LA",139,16,169,0,110,254,16,916
4,"New York, NY",428,29,368,3,317,729,77,5213
4,"Newark, NJ",140,9,120,1,121,252,173,2332
4,"Newburgh/Poughkeepsie, NY",0,0,1,0,1,1,0,6
4,"Niagara Falls, NY",1,0,1,0,0,1,1,7
4,"Nome, AK",0,0,0,0,1,1,0,7
4,"Norfolk, VA",45,5,36,1,42,71,1,346
4,"North Bend/Coos Bay, OR",0,0,0,0,0,0,0,4
4,"North Platte, NE",0,0,0,0,0,0,0,12
4,"Oakland, CA",55,1,33,0,67,91,13,771
4,"Oklahoma City, OK",57,8,33,0,43,86,10,393
4,"Omaha, NE",50,2,31,0,40,79,8,432
4,"Ontario, CA",37,1,14,0,43,64,6,412
4,"Orlando, FL",380,17,506,4,343,711,64,3174
4,"Pago Pago, TT",1,0,0,0,0,1,0,2
4,"Palm Springs, CA",29,1,26,0,34,61,15,326
4,"Panama City, FL",10,2,14,0,14,21,0,95
4,"Pasco/Kennewick/Richland, WA",5,5,7,0,2,14,5,80
4,"Pellston, MI",2,0,0,0,0,2,0,12
4,"Pensacola, FL",21,4,31,0,27,48,1,193
4,"Peoria, IL",7,6,6,0,11,19,13,67
4,"Petersburg, AK",0,1,3,0,3,3,0,14
4,"Philadelphia, PA",167,15,161,2,162,301,12,1570
4,"Phoenix, AZ",303,31,306,1,318,622,55,3532
4,"Pittsburgh, PA",81,4,43,0,69,126,6,745
4,"Plattsburgh, NY",1,0,0,0,0,1,0,6
4,"Pocatello, ID",0,0,0,0,0,0,0,14
4,"Ponce, PR",3,0,2,0,0,4,0,16
4,"Portland, ME",12,1,11,0,19,25,5,136
4,"Portland, OR",67,7,67,0,71,144,66,955
4,"Portsmouth, NH",1,0,1,0,0,1,0,4
4,"Prescott, AZ",0,0,0,0,0,0,0,14
4,"Providence, RI",18,2,6,0,20,30,2,217
4,"Provo, UT",2,0,0,0,2,3,0,35
4,"Punta Gorda, FL",15,5,15,0,11,24,2,113
4,"Raleigh/Durham, NC",121,9,95,1,107,196,14,1044
4,"Rapid City, SD",3,0,0,0,3,5,0,64
4,"Redding, CA",0,0,0,0,1,1,0,21
4,"Reno, NV",33,2,13,0,39,63,2,337
4,"Rhinelander, WI",2,0,0,0,0,2,1,14
4,"Richmond, VA",31,2,27,0,36,57,1,308
4,"Riverton/Lander, WY",0,0,0,0,0,0,0,9
4,"Roanoke, VA",11,7,10,0,7,22,5,64
4,"Rochester, MN",2,4,3,0,2,5,4,20
4,"Rochester, NY",19,7,16,0,27,45,3,223
4,"Rock Springs, WY",0,0,0,0,0,0,0,9
4,"Rockford, IL",0,0,0,0,0,0,0,13
4,"Roswell, NM",1,0,0,0,0,1,1,14
4,"Sacramento, CA",102,2,50,2,101,154,9,915
4,"Saginaw/Bay City/Midland, MI",9,3,7,0,2,13,8,40
4,"Saipan, TT",0,0,0,0,0,0,0,7
4,"Salina, KS",0,0,2,0,3,3,2,14
4,"Salt Lake City, UT",143,29,76,1,105,236,13,2140
4,"San Angelo, TX",6,2,6,0,3,10,0,21
4,"San Antonio, TX",80,8,80,0,77,139,17,733
4,"San Diego, CA",138,4,101,1,127,239,86,1570
4,"San Francisco, CA",206,15,330,2,187,528,143,2245
4,"San Jose, CA",66,1,28,0,79,120,16,845
4,"San Juan, PR",70,2,73,3,48,123,3,615
4,"San Luis Obispo, CA",7,0,5,0,6,12,0,74
4,"Sanford, FL",14,3,11,0,14,26,2,157
4,"Santa Ana, CA",55,0,42,0,61,109,5,822
4,"Santa Barbara, CA",14,2,4,0,15,23,0,123
4,"Santa Fe, NM",2,0,1,0,0,2,0,28
4,"Santa Maria, CA",0,0,0,0,0,0,0,2
4,"Santa Rosa, CA",10,1,9,0,6,21,0,54
4,"Sarasota/Bradenton, FL",37,3,43,0,37,67,3,357
4,"Sault Ste. Marie, MI",2,0,0,0,0,2,2,14
4,"Savannah, GA",37,4,25,0,29,56,2,303
4,"Scottsbluff, NE",0,0,0,0,0,0,0,12
4,"Scranton/Wilkes-Barre, PA",4,0,2,0,6,8,0,31
4,"Seattle, WA",149,22,123,1,201,348,231,2628
4,"Sheridan, WY",0,0,0,0,0,0,0,14
4,"Shreveport, LA",6,4,12,0,14,18,1,71
4,"Sioux City, IA",2,0,1,0,1,3,1,14
4,"Sioux Falls, SD",12,4,11,0,13,27,2,132
4,"Sitka, AK",2,1,4,0,3,7,2,21
4,"South Bend, IN",12,13,8,0,6,32,25,116
4,"Spokane, WA",24,6,13,0,20,41,6,292
4,"Springfield, IL",0,0,0,0,0,0,0,2
4,"Springfield, MO",17,11,22,0,22,42,18,134
4,"St. Cloud, MN",1,0,0,0,0,1,0,4
4,"St. George, UT",3,1,1,0,2,6,0,47
4,"St. Louis, MO",111,13,79,0,119,185,84,1115
4,"St. Petersburg, FL",5,2,5,0,8,13,3,115
4,"Stillwater, OK",0,1,0,0,0,1,1,14
4,"Stockton, CA",1,0,1,0,1,2,0,8
4,"Sun Valley/Hailey/Ketchum, ID",3,0,1,0,1,4,0,60
4,"Syracuse, NY",18,3,14,0,21,36,0,251
4,"Tallahassee, FL",20,2,25,0,14,30,1,115
4,"Tampa, FL",193,2,216,2,163,317,31,1516
4,"Texarkana, AR",1,0,1,0,0,2,1,14
4,"Toledo, OH",0,0,0,0,0,0,0,7
4,"Traverse City, MI",14,3,8,0,5,22,0,47
4,"Trenton, NJ",5,0,3,0,3,8,0,54
4,"Tucson, AZ",29,3,27,0,34,57,0,359
4,"Tulsa, OK",46,4,30,0,34,67,4,277
4,"Twin Falls, ID",0,0,0,0,0,0,0,14
4,"Tyler, TX",3,3,1,0,0,6,4,21
4,"Valdosta, GA",4,0,0,0,2,5,0,14
4,"Valparaiso, FL",19,5,15,0,21,37,1,123
4,"Vernal, UT",0,0,0,0,0,0,0,12
4,"Victoria, TX",2,0,2,0,1,3,0,12
4,"Waco, TX",2,3,1,0,0,5,1,21
4,"Walla Walla, WA",0,1,0,0,1,2,4,14
4,"Washington, DC",305,28,341,1,318,600,130,3599
4,"West Palm Beach/Palm Beach, FL",82,2,93,1,59,142,27,653
4,"White Plains, NY",36,6,27,0,17,50,11,247
4,"Wichita Falls, TX",2,1,0,0,0,3,2,14
4,"Wichita, KS",24,5,13,1,21,39,2,175
4,"Williston, ND",7,2,2,0,1,10,0,34
4,"Wilmington, NC",13,3,6,0,15,23,1,115
4,"Worcester, MA",2,0,1,0,2,4,2,25
4,"Wrangell, AK",0,0,1,0,2,2,0,14
4,"Yakutat, AK",0,2,2,0,1,2,1,14
4,"Yuma, AZ",9,0,3,0,3,12,0,25
5,"Aberdeen, SD",1,1,0,0,0,2,0,14
5,"Abilene, TX",1,0,2,0,1,3,0,34
5,"Adak Island, AK",0,0,0,0,1,1,0,2
5,"Aguadilla, PR",5,0,0,0,2,6,0,43
5,"Akron, OH",8,1,5,0,3,13,0,60
5,"Albany, GA",3,0,2,0,0,3,0,14
5,"Albany, NY",21,0,26,1,22,40,0,193
5,"Albuquerque, NM",29,4,23,1,36,61,4,388
5,"Alexandria, LA",1,1,2,0,2,3,0,35
5,"Allentown/Bethlehem/Easton, PA",3,1,4,0,3,8,0,77
5,"Alpena, MI",0,3,1,0,0,3,0,11
5,"Amarillo, TX",4,0,3,0,3,6,0,86
5,"Anchorage, AK",26,5,27,7,38,69,8,251
5,"Appleton, WI",10,2,8,0,6,15,3,102
5,"Arcata/Eureka, CA",5,3,5,0,1,9,2,34
5,"Asheville, NC",8,0,8,1,7,13,1,176
5,"Ashland, WV",0,0,0,0,0,0,0,4
5,"Aspen, CO",21,4,14,0,7,33,26,212
5,"Atlanta, GA",324,28,360,5,253,630,5,5851
5,"Atlantic City, NJ",7,0,7,0,2,9,0,56
5,"Augusta, GA",5,1,4,0,3,9,0,61
5,"Austin, TX",94,4,69,2,96,166,12,1423
5,"Bakersfield, CA",3,0,2,0,0,3,1,39
5,"Baltimore, MD",143,3,166,2,135,233,5,1663
5,"Bangor, ME",5,0,2,0,3,7,0,55
5,"Barrow, AK",2,0,1,0,1,3,1,7
5,"Baton Rouge, LA",6,0,3,0,6,11,0,92
5,"Beaumont/Port Arthur, TX",0,1,0,0,0,1,0,14
5,"Belleville, IL",2,0,1,0,0,2,0,11
5,"Bellingham, WA",3,0,1,0,4,6,2,44
5,"Bemidji, MN",1,1,0,0,0,2,2,14
5,"Bend/Redmond, OR",4,3,8,0,6,14,2,112
5,"Bethel, AK",2,1,2,0,3,6,1,14
5,"Billings, MT",4,2,4,0,1,7,0,61
5,"Binghamton, NY",0,0,0,0,0,0,0,7
5,"Birmingham, AL",31,1,21,0,31,46,0,296
5,"Bishop, CA",0,1,1,0,1,2,4,12
5,"Bismarck/Mandan, ND",2,4,4,0,1,8,0,62
5,"Bloomington/Normal, IL",2,0,0,0,1,2,0,32
5,"Boise, ID",33,9,18,0,16,54,7,353
5,"Boston, MA",239,7,362,3,186,478,8,2308
5,"Bozeman, MT",17,4,9,0,15,28,3,187
5,"Brainerd, MN",0,2,0,0,0,2,0,12
5,"Bristol/Johnson City/Kingsport, TN",1,1,1,0,0,3,0,42
5,"Brownsville, TX",1,0,0,0,1,1,0,25
5,"Brunswick, GA",2,2,1,0,0,4,0,14
5,"Buffalo, NY",29,3,35,0,27,55,1,366
5,"Burbank, CA",42,2,31,0,60,80,28,500
5,"Burlington, VT",8,0,10,0,6,14,0,122
5,"Butte, MT",0,0,0,0,0,0,0,13
5,"Casper, WY",0,0,0,0,0,0,0,7
5,"Cedar City, UT",0,0,0,0,0,0,0,12
5,"Cedar Rapids/Iowa City, IA",9,4,5,0,8,17,1,129
5,"Champaign/Urbana, IL",1,0,0,0,1,2,0,28
5,"Charleston, SC",28,2,27,0,17,48,0,394
5,"Charleston/Dunbar, WV",4,1,1,0,0,5,0,62
5,"Charlotte Amalie, VI",2,0,9,0,2,11,0,121
5,"Charlotte, NC",244,17,217,3,257,463,2,3757
5,"Charlottesville, VA",3,0,1,0,2,5,0,57
5,"Chattanooga, TN",6,0,4,0,6,11,0,112
5,"Cheyenne, WY",0,0,0,0,0,0,2,13
5,"Chicago, IL",361,28,282,5,241,611,23,5822
5,"Christiansted, VI",1,1,3,0,1,3,0,33
5,"Cincinnati, OH",45,5,41,0,38,82,0,698
5,"Clarksburg/Fairmont, WV",0,0,0,0,0,0,0,2
5,"Cleveland, OH",53,6,50,0,47,105,0,700
5,"College Station/Bryan, TX",0,0,1,0,1,1,0,21
5,"Colorado Springs, CO",18,5,17,0,16,34,3,209
5,"Columbia, MO",1,0,3,0,0,1,0,28
5,"Columbia, SC",9,0,4,0,7,13,0,115
5,"Columbus, GA",1,3,0,0,0,4,0,20
5,"Columbus, MS",1,0,0,0,0,1,0,14
5,"Columbus, OH",43,3,56,0,46,85,1,734
5,"Concord, NC",1,1,0,0,2,3,0,14
5,"Cordova, AK",0,0,6,0,2,6,0,14
5,"Corpus Christi, TX",4,0,4,0,3,6,0,71
5,"Dallas, TX",74,2,56,1,94,125,10,1328
5,"Dallas/Fort Worth, TX",387,51,385,4,346,715,12,5319
5,"Dayton, OH",7,0,10,0,7,14,0,132
5,"Daytona Beach, FL",3,1,3,0,1,4,0,47
5,"Deadhorse, AK",2,0,5,0,3,6,0,11
5,"Decatur, IL",1,0,0,0,2,3,0,19
5,"Denver, CO",323,72,424,2,417,825,125,5158
5,"Des Moines, IA",29,1,12,0,22,46,0,283
5,"Detroit, MI",131,24,126,1,84,252,1,2128
5,"Devils Lake, ND",0,0,0,0,0,0,2,13
5,"Dickinson, ND",0,0,0,0,0,0,3,12
5,"Dodge City, KS",0,0,1,0,0,1,1,12
5,"Dothan, AL",2,0,2,0,0,3,0,14
5,"Duluth, MN",4,1,3,0,0,6,0,34
5,"Durango, CO",4,1,4,0,6,9,2,60
5,"Eagle, CO",10,4,10,0,6,20,3,138
5,"El Paso, TX",23,2,16,0,30,47,2,280
5,"Elko, NV",1,1,0,0,0,2,0,7
5,"Elmira/Corning, NY",1,1,1,0,0,2,0,18
5,"Escanaba, MI",1,0,1,0,0,1,0,12
5,"Eugene, OR",10,5,7,0,14,23,2,129
5,"Evansville, IN",2,0,0,0,1,2,0,36
5,"Everett, WA",4,0,4,0,8,11,1,25
5,"Fairbanks, AK",3,0,4,0,2,8,1,42
5,"Fargo, ND",3,2,4,0,4,10,2,120
5,"Fayetteville, AR",13,0,14,0,13,28,0,216
5,"Fayetteville, NC",2,0,4,0,0,4,0,28
5,"Flagstaff, AZ",1,1,1,0,0,2,1,25
5,"Flint, MI",3,1,1,0,1,4,0,40
5,"Fort Dodge, IA",1,0,0,0,0,1,2,12
5,"Fort Lauderdale, FL",145,9,149,1,102,245,7,1882
5,"Fort Myers, FL",59,2,56,0,45,106,1,855
5,"Fort Smith, AR",1,1,1,0,0,3,0,21
5,"Fort Wayne, IN",4,0,2,0,2,6,0,71
5,"Fresno, CA",20,4,26,0,22,43,3,197
5,"Gainesville, FL",3,0,2,0,2,5,0,44
5,"Garden City, KS",2,0,0,0,0,2,0,14
5,"Gillette, WY",0,0,0,0,0,0,1,14
5,"Grand Forks, ND",1,0,0,0,0,1,2,27
5,"Grand Island, NE",0,1,1,0,1,2,0,18
5,"Grand Junction, CO",6,2,4,0,3,9,2,65
5,"Grand Rapids, MI",31,7,25,0,27,58,3,357
5,"Great Falls, MT",2,2,1,0,1,5,1,52
5,"Green Bay, WI",6,5,4,0,2,12,3,78
5,"Greensboro/High Point, NC",11,3,11,0,12,21,0,214
5,"Greer, SC",21,0,8,0,9,25,0,282
5,"Guam, TT",1,0,0,0,3,3,0,14
5,"Gulfport/Biloxi, MS",2,1,3,0,2,5,0,53
5,"Gunnison, CO",2,1,2,0,0,3,0,21
5,"Hagerstown, MD",0,0,0,0,0,0,0,4
5,"Hancock/Houghton, MI",0,0,0,0,0,0,3,14
5,"Harlingen/San Benito, TX",1,0,0,0,1,1,0,74
5,"Harrisburg, PA",8,0,10,0,7,13,0,79
5,"Hartford, CT",40,1,59,0,21,78,0,361
5,"Hattiesburg/Laurel, MS",0,0,0,0,2,2,0,12
5,"Hayden, CO",13,3,3,0,11,17,4,98
5,"Hays, KS",0,1,1,0,1,2,0,14
5,"Helena, MT",1,1,0,0,0,2,0,35
5,"Hibbing, MN",2,1,0,0,0,3,1,12
5,"Hilo, HI",18,5,3,0,29,36,0,130
5,"Hilton Head, SC",0,0,2,0,1,2,0,14
5,"Honolulu, HI",240,39,217,0,155,398,15,1138
5,"Houston, TX",164,9,120,3,163,300,11,3019
5,"Huntsville, AL",10,0,5,1,3,13,1,159
5,"Idaho Falls, ID",3,1,2,0,2,6,1,46
5,"Indianapolis, IN",68,3,51,0,59,97,3,799
5,"International Falls, MN",1,0,0,0,0,1,2,12
5,"Iron Mountain/Kingsfd, MI",1,0,0,0,0,1,0,14
5,"Islip, NY",8,0,9,0,6,13,0,104
5,"Ithaca/Cortland, NY",0,0,0,0,0,0,0,14
5,"Jackson, WY",15,3,8,0,7,22,1,123
5,"Jackson/Vicksburg, MS",9,0,14,0,8,17,0,119
5,"Jacksonville, FL",44,3,37,0,32,64,0,504
5,"Jacksonville/Camp Lejeune, NC",0,0,1,0,0,1,0,15
5,"Jamestown, ND",0,0,0,0,0,0,5,13
5,"Johnstown, PA",1,0,0,0,0,1,0,14
5,"Joplin, MO",0,0,0,0,1,0,1,12
5,"Juneau, AK",3,2,14,0,12,21,4,77
5,"Kahului, HI",86,4,73,0,59,150,10,494
5,"Kalamazoo, MI",1,0,0,0,0,1,0,20
5,"Kalispell, MT",6,3,3,0,2,10,3,54
5,"Kansas City, MO",56,4,46,2,54,101,2,836
5,"Ketchikan, AK",3,3,1,0,5,11,3,42
5,"Key West, FL",12,5,19,0,16,32,0,193
5,"Killeen, TX",0,0,1,0,0,1,0,28
5,"Knoxville, TN",15,1,14,0,10,23,1,246
5,"Kodiak, AK",1,0,2,0,3,4,1,14
5,"Kona, HI",53,5,57,0,54,105,4,306
5,"Kotzebue, AK",0,0,1,0,2,2,1,7
5,"La Crosse, WI",0,0,0,0,0,0,0,2
5,"Lafayette, LA",4,1,1,0,3,6,0,46
5,"Lake Charles, LA",0,0,0,0,1,1,0,21
5,"Lansing, MI",3,1,0,0,1,4,0,26
5,"Laramie, WY",1,1,2,0,0,3,3,12
5,"Laredo, TX",0,0,1,0,0,1,0,29
5,"Las Vegas, NV",214,50,642,3,355,875,97,3277
5,"Latrobe, PA",1,0,1,0,0,1,0,7
5,"Lawton/Fort Sill, OK",1,1,0,0,1,3,0,21
5,"Lewiston, ID",0,0,0,0,0,0,1,21
5,"Lexington, KY",7,2,3,0,3,10,0,145
5,"Lihue, HI",47,6,45,0,37,84,2,291
5,"Lincoln, NE",0,0,0,0,0,0,0,7
5,"Little Rock, AR",16,1,11,0,14,25,0,203
5,"Long Beach, CA",27,2,23,1,19,44,12,335
5,"Longview, TX",0,1,1,0,0,1,0,14
5,"Los Angeles, CA",323,33,403,2,235,601,45,3374
5,"Louisville, KY",20,1,19,0,20,35,1,391
5,"Lubbock, TX",8,0,6,0,7,13,0,105
5,"Madison, WI",15,5,9,1,10,25,0,200
5,"Manchester, NH",13,0,10,0,11,16,0,77
5,"Manhattan/Ft. Riley, KS",1,0,0,0,0,1,0,21
5,"Marquette, MI",0,0,1,0,0,1,0,11
5,"Mason City, IA",0,0,0,0,1,1,0,12
5,"Medford, OR",6,3,4,0,2,8,1,79
5,"Melbourne, FL",5,0,3,0,1,6,0,51
5,"Memphis, TN",25,2,19,0,16,36,0,378
5,"Meridian, MS",2,0,0,0,0,2,0,12
5,"Miami, FL",208,12,321,1,178,435,1,2273
5,"Midland/Odessa, TX",12,0,5,0,7,17,2,152
5,"Milwaukee, WI",47,4,34,0,38,79,1,480
5,"Minneapolis, MN",108,38,63,0,66,201,12,2098
5,"Minot, ND",2,1,2,0,2,6,2,42
5,"Mission/McAllen/Edinburg, TX",2,1,1,0,2,5,0,71
5,"Missoula, MT",3,3,2,0,2,7,7,52
5,"Moab, UT",0,0,0,0,0,0,0,3
5,"Mobile, AL",7,0,2,0,3,7,0,56
5,"Moline, IL",5,2,4,0,4,11,1,79
5,"Monroe, LA",2,2,2,0,1,4,0,35
5,"Monterey, CA",5,1,9,0,2,12,4,71
5,"Montgomery, AL",2,2,1,0,0,4,0,47
5,"Montrose/Delta, CO",8,1,10,0,4,12,3,84
5,"Mosinee, WI",2,0,1,0,0,2,0,14
5,"Myrtle Beach, SC",10,0,6,0,4,14,0,177
5,"Nashville, TN",96,4,77,2,100,168,4,1675
5,"New Orleans, LA",73,5,53,1,60,118,2,908
5,"New York, NY",424,20,484,8,219,692,11,5197
5,"Newark, NJ",183,7,206,1,110,311,25,2341
5,"Newburgh/Poughkeepsie, NY",1,0,0,0,0,1,0,6
5,"Niagara Falls, NY",0,0,0,0,0,0,0,8
5,"Nome, AK",1,0,2,0,1,2,1,7
5,"Norfolk, VA",31,0,21,1,29,48,0,341
5,"North Bend/Coos Bay, OR",0,1,0,0,0,1,1,4
5,"North Platte, NE",1,0,0,0,0,1,1,12
5,"Oakland, CA",79,3,84,1,86,137,24,771
5,"Oklahoma City, OK",41,4,25,0,30,61,2,385
5,"Omaha, NE",39,2,24,0,27,61,1,433
5,"Ontario, CA",29,3,31,0,30,52,9,412
5,"Orlando, FL",227,7,199,1,205,395,11,3155
5,"Pago Pago, TT",0,0,0,0,0,0,0,2
5,"Palm Springs, CA",27,4,28,0,27,56,10,325
5,"Panama City, FL",4,0,2,0,1,5,0,91
5,"Pasco/Kennewick/Richland, WA",6,9,5,0,2,16,3,80
5,"Pellston, MI",1,1,1,0,0,2,0,11
5,"Pensacola, FL",13,2,8,1,15,21,0,189
5,"Peoria, IL",2,1,2,0,2,4,0,66
5,"Petersburg, AK",1,0,2,0,3,5,1,14
5,"Philadelphia, PA",148,5,187,5,124,258,0,1553
5,"Phoenix, AZ",224,19,167,2,242,405,22,3523
5,"Pittsburgh, PA",58,3,54,0,40,84,1,741
5,"Plattsburgh, NY",1,0,2,0,0,2,0,6
5,"Pocatello, ID",0,0,0,0,0,0,0,14
5,"Ponce, PR",2,0,0,0,0,2,0,16
5,"Portland, ME",16,0,19,0,12,23,0,136
5,"Portland, OR",61,9,37,0,78,130,16,945
5,"Portsmouth, NH",1,0,0,0,0,1,0,4
5,"Prescott, AZ",0,1,3,0,2,3,1,14
5,"Providence, RI",14,0,11,0,11,19,0,211
5,"Provo, UT",1,1,1,0,1,3,0,36
5,"Punta Gorda, FL",10,2,7,0,9,20,0,114
5,"Raleigh/Durham, NC",96,4,89,0,69,149,4,1016
5,"Rapid City, SD",6,5,5,0,3,12,9,68
5,"Redding, CA",4,0,1,0,0,5,2,21
5,"Reno, NV",41,3,40,0,49,74,7,337
5,"Rhinelander, WI",0,1,0,0,0,1,0,14
5,"Richmond, VA",27,1,31,0,23,49,0,300
5,"Riverton/Lander, WY",1,0,0,0,0,0,1,9
5,"Roanoke, VA",1,0,3,0,3,3,0,64
5,"Rochester, MN",3,0,0,0,0,3,0,20
5,"Rochester, NY",14,0,14,0,15,24,0,213
5,"Rock Springs, WY",1,2,1,0,0,3,0,9
5,"Rockford, IL",0,0,0,0,0,0,0,13
5,"Roswell, NM",1,0,0,0,0,1,0,14
5,"Sacramento, CA",91,10,82,1,89,149,31,908
5,"Saginaw/Bay City/Midland, MI",4,2,1,0,0,6,0,40
5,"Saipan, TT",0,0,0,0,0,0,0,7
5,"Salina, KS",1,1,1,0,0,2,0,14
5,"Salt Lake City, UT",153,33,73,0,78,233,13,2116
5,"San Angelo, TX",2,1,1,0,0,2,0,21
5,"San Antonio, TX",63,3,43,1,57,100,3,726
5,"San Diego, CA",136,7,197,1,139,280,33,1560
5,"San Francisco, CA",192,46,535,2,190,682,118,2224
5,"San Jose, CA",70,11,81,0,83,138,22,841
5,"San Juan, PR",51,6,33,1,31,73,2,611
5,"San Luis Obispo, CA",5,1,9,0,7,12,5,74
5,"Sanford, FL",10,0,7,0,7,14,0,157
5,"Santa Ana, CA",58,4,71,0,67,123,17,815
5,"Santa Barbara, CA",11,1,12,0,18,23,15,123
5,"Santa Fe, NM",1,0,0,0,0,1,0,28
5,"Santa Maria, CA",0,0,2,0,1,2,0,2
5,"Santa Rosa, CA",4,1,6,0,6,12,0,54
5,"Sarasota/Bradenton, FL",23,0,14,0,17,37,0,354
5,"Sault Ste. Marie, MI",2,1,0,0,0,3,0,14
5,"Savannah, GA",22,0,17,1,17,33,0,293
5,"Scottsbluff, NE",0,0,1,0,0,1,1,12
5,"Scranton/Wilkes-Barre, PA",3,0,1,0,3,4,0,31
5,"Seattle, WA",118,52,142,0,148,332,57,2584
5,"Sheridan, WY",0,0,0,0,0,0,2,14
5,"Shreveport, LA",6,0,1,0,4,7,0,71
5,"Sioux City, IA",2,0,0,0,0,2,0,14
5,"Sioux Falls, SD",13,3,4,0,4,19,3,132
5,"Sitka, AK",1,0,5,0,6,7,1,21
5,"South Bend, IN",14,1,9,0,1,19,0,116
5,"Spokane, WA",28,14,15,0,15,53,8,286
5,"Springfield, IL",1,0,0,0,0,1,0,2
5,"Springfield, MO",6,0,4,0,7,11,1,134
5,"St. Cloud, MN",1,0,1,0,0,1,0,5
5,"St. George, UT",6,0,1,0,0,6,1,48
5,"St. Louis, MO",88,2,69,1,78,137,4,1104
5,"St. Petersburg, FL",7,0,7,0,7,16,0,115
5,"Stillwater, OK",0,0,0,0,0,0,0,14
5,"Stockton, CA",0,0,2,0,2,2,0,8
5,"Sun Valley/Hailey/Ketchum, ID",3,5,2,0,1,9,2,56
5,"Syracuse, NY",15,0,18,1,12,27,0,249
5,"Tallahassee, FL",5,0,11,1,7,15,0,110
5,"Tampa, FL",125,2,102,0,102,193,3,1500
5,"Texarkana, AR",0,0,0,0,0,0,0,14
5,"Toledo, OH",1,0,0,0,1,0,0,7
5,"Traverse City, MI",6,3,4,0,2,9,0,47
5,"Trenton, NJ",5,0,6,0,5,7,0,54
5,"Tucson, AZ",39,7,21,0,25,63,4,352
5,"Tulsa, OK",28,0,17,0,14,36,1,275
5,"Twin Falls, ID",1,0,0,0,0,1,0,14
5,"Tyler, TX",1,0,0,0,0,1,0,21
5,"Valdosta, GA",0,0,0,0,0,0,0,14
5,"Valparaiso, FL",2,0,2,0,3,5,0,117
5,"Vernal, UT",0,0,0,0,0,0,0,5
5,"Victoria, TX",0,0,0,0,1,1,0,12
5,"Waco, TX",2,1,1,0,0,3,0,21
5,"Walla Walla, WA",0,0,0,0,0,0,5,14
5,"Washington, DC",236,15,394,5,187,518,7,3586
5,"West Palm Beach/Palm Beach, FL",47,3,54,0,35,86,0,646
5,"White Plains, NY",27,2,31,0,11,35,0,247
5,"Wichita Falls, TX",1,0,0,0,0,1,0,14
5,"Wichita, KS",6,1,10,0,9,16,0,170
5,"Williston, ND",1,2,0,0,0,3,4,34
5,"Wilmington, NC",11,0,7,0,9,12,0,115
5,"Worcester, MA",4,0,4,0,1,5,0,25
5,"Wrangell, AK",0,2,0,0,2,3,2,14
5,"Yakutat, AK",0,0,3,0,1,3,1,14
5,"Yuma, AZ",2,0,0,0,0,2,0,25
6,"Aberdeen, SD",1,0,1,0,0,1,0,14
6,"Abilene, TX",2,0,2,0,1,2,0,34
6,"Adak Island, AK",0,0,0,0,0,0,0,2
6,"Aguadilla, PR",3,0,2,0,3,5,0,42
6,"Akron, OH",6,0,6,1,3,10,0,61
6,"Albany, GA",2,0,0,0,0,2,0,14
6,"Albany, NY",15,1,13,1,8,21,0,193
6,"Albuquerque, NM",35,3,40,0,44,78,0,384
6,"Alexandria, LA",3,0,2,0,0,5,1,35
6,"Allentown/Bethlehem/Easton, PA",3,1,2,0,4,6,0,74
6,"Alpena, MI",0,0,0,0,0,0,0,12
6,"Amarillo, TX",7,2,4,0,5,12,0,86
6,"Anchorage, AK",12,5,22,1,14,35,3,250
6,"Appleton, WI",11,1,6,0,3,17,0,102
6,"Arcata/Eureka, CA",5,0,4,0,4,10,0,33
6,"Asheville, NC",12,0,4,0,7,16,0,176
6,"Ashland, WV",1,0,0,0,0,1,0,4
6,"Aspen, CO",58,7,37,1,13,79,3,212
6,"Atlanta, GA",293,16,273,3,197,523,4,5804
6,"Atlantic City, NJ",5,0,8,3,2,9,0,56
6,"Augusta, GA",1,1,1,0,1,3,0,60
6,"Austin, TX",111,2,133,2,98,211,1,1395
6,"Bakersfield, CA",4,1,2,0,3,6,0,39
6,"Baltimore, MD",95,0,59,1,84,139,3,1657
6,"Bangor, ME",3,0,3,0,4,6,0,55
6,"Barrow, AK",2,0,1,0,2,3,0,7
6,"Baton Rouge, LA",9,0,7,0,5,13,1,97
6,"Beaumont/Port Arthur, TX",0,0,0,0,0,0,0,14
6,"Belleville, IL",1,0,1,0,0,1,0,11
6,"Bellingham, WA",3,0,3,0,5,7,0,44
6,"Bemidji, MN",2,0,2,0,0,2,0,14
6,"Bend/Redmond, OR",6,1,8,1,6,12,0,111
6,"Bethel, AK",2,0,2,0,0,2,1,14
6,"Billings, MT",2,1,4,0,4,7,0,60
6,"Binghamton, NY",0,0,0,0,0,0,0,7
6,"Birmingham, AL",20,1,21,1,16,33,1,290
6,"Bishop, CA",1,0,1,0,1,2,2,12
6,"Bismarck/Mandan, ND",5,3,4,0,1,9,0,61
6,"Bloomington/Normal, IL",3,1,0,0,1,4,0,32
6,"Boise, ID",29,0,16,0,13,41,1,353
6,"Boston, MA",168,5,157,5,127,272,2,2298
6,"Bozeman, MT",19,2,8,0,11,24,1,194
6,"Brainerd, MN",2,0,0,0,0,2,0,12
6,"Bristol/Johnson City/Kingsport, TN",1,0,0,0,0,1,0,41
6,"Brownsville, TX",2,1,3,0,2,3,0,25
6,"Brunswick, GA",1,0,1,0,0,1,0,14
6,"Buffalo, NY",33,3,13,0,21,44,0,362
6,"Burbank, CA",49,3,46,0,59,87,1,500
6,"Burlington, VT",6,0,6,0,2,8,0,122
6,"Butte, MT",1,0,0,0,0,1,0,13
6,"Casper, WY",1,0,0,0,0,1,0,7
6,"Cedar City, UT",2,0,0,0,0,2,0,12
6,"Cedar Rapids/Iowa City, IA",14,0,7,0,7,20,0,127
6,"Champaign/Urbana, IL",1,0,0,0,1,2,0,28
6,"Charleston, SC",26,0,14,1,14,37,0,391
6,"Charleston/Dunbar, WV",6,2,4,0,1,10,0,61
6,"Charlotte Amalie, VI",6,3,26,1,3,27,10,121
6,"Charlotte, NC",241,7,180,6,246,427,6,3751
6,"Charlottesville, VA",2,0,1,0,2,3,0,57
6,"Chattanooga, TN",7,0,4,0,6,10,0,112
6,"Cheyenne, WY",1,1,0,0,0,2,0,13
6,"Chicago, IL",331,26,244,5,233,551,8,5835
6,"Christiansted, VI",6,0,8,0,2,11,0,33
6,"Cincinnati, OH",46,2,25,0,33,58,0,692
6,"Clarksburg/Fairmont, WV",0,0,0,0,0,0,0,2
6,"Cleveland, OH",43,2,29,0,38,70,0,697
6,"College Station/Bryan, TX",2,1,3,0,2,5,0,21
6,"Colorado Springs, CO",26,5,24,0,17,42,0,206
6,"Columbia, MO",2,0,2,0,1,3,0,28
6,"Columbia, SC",11,1,4,0,9,16,0,115
6,"Columbus, GA",5,1,0,0,0,6,0,19
6,"Columbus, MS",1,0,1,0,0,1,0,14
6,"Columbus, OH",63,0,47,0,47,88,0,730
6,"Concord, NC",0,0,1,0,0,1,0,14
6,"Cordova, AK",1,0,0,0,0,1,0,14
6,"Corpus Christi, TX",6,0,6,0,5,7,0,71
6,"Dallas, TX",87,4,96,2,101,172,3,1327
6,"Dallas/Fort Worth, TX",517,125,704,11,477,1060,6,5306
6,"Dayton, OH",9,1,9,0,10,19,0,131
6,"Daytona Beach, FL",3,0,1,0,3,4,0,45
6,"Deadhorse, AK",0,0,0,0,0,0,0,11
6,"Decatur, IL",0,0,0,0,0,0,0,19
6,"Denver, CO",396,23,396,2,307,719,17,5173
6,"Des Moines, IA",17,2,17,0,17,35,0,279
6,"Detroit, MI",99,6,66,1,55,148,1,2102
6,"Devils Lake, ND",1,1,1,0,0,2,1,13
6,"Dickinson, ND",1,0,1,0,1,2,0,12
6,"Dodge City, KS",1,0,0,0,0,1,0,12
6,"Dothan, AL",0,0,0,0,0,0,0,14
6,"Duluth, MN",4,0,2,0,1,4,0,33
6,"Durango, CO",12,1,8,0,5,18,0,60
6,"Eagle, CO",19,2,13,1,8,31,1,145
6,"El Paso, TX",32,3,22,0,35,53,0,279
6,"Elko, NV",1,0,0,0,0,1,0,7
6,"Elmira/Corning, NY",0,0,0,0,0,0,0,18
6,"Escanaba, MI",1,0,0,0,0,1,0,12
6,"Eugene, OR",15,0,11,0,10,26,0,128
6,"Evansville, IN",2,0,2,0,1,2,0,35
6,"Everett, WA",0,0,5,0,4,7,0,25
6,"Fairbanks, AK",0,0,0,0,0,0,0,42
6,"Fargo, ND",10,0,3,0,2,11,0,119
6,"Fayetteville, AR",17,0,12,1,10,25,0,213
6,"Fayetteville, NC",3,0,2,0,1,3,0,28
6,"Flagstaff, AZ",2,2,2,0,0,4,0,25
6,"Flint, MI",3,0,1,0,0,3,0,40
6,"Fort Dodge, IA",1,0,1,0,1,2,0,12
6,"Fort Lauderdale, FL",128,7,114,1,105,223,3,1886
6,"Fort Myers, FL",56,0,43,1,45,86,0,849
6,"Fort Smith, AR",3,0,1,0,1,4,0,21
6,"Fort Wayne, IN",5,1,3,0,4,8,0,70
6,"Fresno, CA",20,2,21,0,15,34,0,194
6,"Gainesville, FL",1,1,2,0,2,2,0,42
6,"Garden City, KS",1,0,0,0,0,1,0,14
6,"Gillette, WY",1,0,0,0,1,2,0,14
6,"Grand Forks, ND",6,2,3,0,1,8,0,28
6,"Grand Island, NE",0,0,0,0,1,1,0,18
6,"Grand Junction, CO",9,0,8,0,3,12,0,65
6,"Grand Rapids, MI",27,0,21,0,25,46,0,354
6,"Great Falls, MT",8,1,3,0,1,9,1,51
6,"Green Bay, WI",7,1,3,0,0,7,0,77
6,"Greensboro/High Point, NC",11,1,8,1,14,23,0,213
6,"Greer, SC",21,0,8,0,13,27,0,275
6,"Guam, TT",0,0,1,0,0,1,0,14
6,"Gulfport/Biloxi, MS",4,1,4,0,1,7,0,53
6,"Gunnison, CO",3,0,1,0,0,4,0,21
6,"Hagerstown, MD",0,0,0,0,0,0,0,4
6,"Hancock/Houghton, MI",1,1,1,0,1,3,0,14
6,"Harlingen/San Benito, TX",6,1,4,0,7,11,0,74
6,"Harrisburg, PA",7,0,3,0,4,9,0,81
6,"Hartford, CT",47,1,41,0,26,66,0,359
6,"Hattiesburg/Laurel, MS",1,0,0,0,0,1,0,12
6,"Hayden, CO",11,2,17,0,7,24,0,102
6,"Hays, KS",2,0,1,0,0,2,0,14
6,"Helena, MT",3,1,1,0,1,5,0,35
6,"Hibbing, MN",0,1,1,0,0,1,0,12
6,"Hilo, HI",9,0,0,0,3,7,1,133
6,"Hilton Head, SC",2,0,0,0,3,3,0,14
6,"Honolulu, HI",95,2,24,1,63,120,10,1148
6,"Houston, TX",201,10,222,5,183,362,4,3018
6,"Huntsville, AL",8,0,3,1,5,12,0,154
6,"Idaho Falls, ID",5,1,5,0,2,7,0,45
6,"Indianapolis, IN",56,2,27,0,42,72,0,801
6,"International Falls, MN",1,2,0,0,0,3,0,12
6,"Iron Mountain/Kingsfd, MI",0,0,0,0,0,0,0,14
6,"Islip, NY",12,0,7,0,6,13,0,104
6,"Ithaca/Cortland, NY",0,0,0,0,0,0,0,14
6,"Jackson, WY",16,5,14,1,8,29,1,123
6,"Jackson/Vicksburg, MS",8,1,9,0,4,11,0,116
6,"Jacksonville, FL",36,1,30,0,32,61,1,495
6,"Jacksonville/Camp Lejeune, NC",2,0,1,0,0,2,0,15
6,"Jamestown, ND",1,1,0,0,0,1,0,13
6,"Johnstown, PA",0,0,1,0,1,1,0,14
6,"Joplin, MO",1,0,0,0,0,1,0,12
6,"Juneau, AK",1,0,1,0,3,5,0,77
6,"Kahului, HI",34,1,5,0,15,43,2,497
6,"Kalamazoo, MI",1,0,0,0,0,1,0,19
6,"Kalispell, MT",7,0,6,0,2,9,0,53
6,"Kansas City, MO",58,1,45,0,40,91,0,849
6,"Ketchikan, AK",0,0,0,0,0,0,0,42
6,"Key West, FL",6,1,11,0,7,17,3,193
6,"Killeen, TX",2,1,3,0,1,4,0,28
6,"Knoxville, TN",13,0,11,0,9,20,0,247
6,"Kodiak, AK",1,0,0,0,1,2,0,14
6,"Kona, HI",25,0,2,0,22,34,2,309
6,"Kotzebue, AK",1,0,0,0,1,2,1,7
6,"La Crosse, WI",0,0,0,0,0,0,0,2
6,"Lafayette, LA",1,0,4,0,5,7,0,48
6,"Lake Charles, LA",1,1,1,0,0,2,0,21
6,"Lansing, MI",2,0,1,0,1,2,0,25
6,"Laramie, WY",2,0,1,0,0,1,0,12
6,"Laredo, TX",3,1,5,0,2,5,0,29
6,"Las Vegas, NV",278,21,568,1,305,756,12,3376
6,"Latrobe, PA",3,0,2,0,0,3,0,7
6,"Lawton/Fort Sill, OK",1,0,0,0,0,1,1,21
6,"Lewiston, ID",1,0,1,0,1,2,0,21
6,"Lexington, KY",10,0,6,0,8,15,0,142
6,"Lihue, HI",24,2,4,0,17,28,2,293
6,"Lincoln, NE",1,1,0,0,0,2,0,7
6,"Little Rock, AR",18,0,16,0,14,26,0,205
6,"Long Beach, CA",24,0,31,2,32,46,0,335
6,"Longview, TX",0,1,2,0,1,2,0,14
6,"Los Angeles, CA",269,26,338,13,220,544,13,3357
6,"Louisville, KY",30,1,20,0,19,39,0,390
6,"Lubbock, TX",12,1,10,1,9,20,1,105
6,"Madison, WI",18,1,6,0,9,24,0,200
6,"Manchester, NH",7,0,1,0,2,7,0,77
6,"Manhattan/Ft. Riley, KS",0,0,0,0,0,0,0,21
6,"Marquette, MI",0,1,1,0,0,1,0,14
6,"Mason City, IA",1,0,0,0,0,1,0,12
6,"Medford, OR",4,0,3,0,2,7,0,78
6,"Melbourne, FL",1,0,0,0,2,2,0,51
6,"Memphis, TN",26,2,27,0,25,43,0,375
6,"Meridian, MS",1,0,0,0,1,2,0,12
6,"Miami, FL",155,7,178,6,133,283,3,2270
6,"Midland/Odessa, TX",12,1,10,0,16,25,0,155
6,"Milwaukee, WI",45,2,28,0,29,62,0,479
6,"Minneapolis, MN",104,32,136,0,63,242,9,2062
6,"Minot, ND",5,4,5,0,0,9,3,42
6,"Mission/McAllen/Edinburg, TX",9,1,7,0,5,14,0,73
6,"Missoula, MT",6,1,2,0,2,7,0,51
6,"Mobile, AL",12,0,8,0,4,14,0,65
6,"Moline, IL",4,1,4,0,6,9,0,79
6,"Monroe, LA",2,1,1,0,2,4,0,35
6,"Monterey, CA",9,0,8,0,3,13,0,70
6,"Montgomery, AL",7,2,3,0,1,9,0,46
6,"Montrose/Delta, CO",8,0,8,0,6,14,0,84
6,"Mosinee, WI",0,0,0,0,0,0,0,14
6,"Myrtle Beach, SC",5,0,3,0,3,6,0,177
6,"Nashville, TN",115,4,64,2,92,166,0,1677
6,"New Orleans, LA",91,6,87,2,72,140,0,935
6,"New York, NY",343,5,281,1,197,517,8,5180
6,"Newark, NJ",120,2,93,2,67,176,2,2348
6,"Newburgh/Poughkeepsie, NY",0,0,0,0,0,0,0,6
6,"Niagara Falls, NY",1,1,1,0,0,2,0,8
6,"Nome, AK",1,0,0,0,0,1,0,7
6,"Norfolk, VA",33,1,17,0,14,44,0,339
6,"North Bend/Coos Bay, OR",1,0,0,0,0,1,0,4
6,"North Platte, NE",3,0,0,0,0,3,0,12
6,"Oakland, CA",57,3,41,0,62,98,4,768
6,"Oklahoma City, OK",35,3,27,1,31,61,0,385
6,"Omaha, NE",32,5,19,0,24,49,0,433
6,"Ontario, CA",37,0,31,0,41,58,1,412
6,"Orlando, FL",202,4,165,3,172,331,5,3155
6,"Pago Pago, TT",0,0,0,0,0,0,0,2
6,"Palm Springs, CA",23,2,41,0,18,59,0,319
6,"Panama City, FL",6,0,3,0,4,9,0,91
6,"Pasco/Kennewick/Richland, WA",7,0,6,0,5,14,0,78
6,"Pellston, MI",0,0,0,0,0,0,0,12
6,"Pensacola, FL",11,2,11,1,9,23,0,189
6,"Peoria, IL",3,2,2,0,0,7,0,66
6,"Petersburg, AK",2,0,0,0,0,2,0,14
6,"Philadelphia, PA",96,6,90,2,82,163,3,1551
6,"Phoenix, AZ",378,40,525,4,283,768,4,3525
6,"Pittsburgh, PA",38,4,30,0,37,67,0,738
6,"Plattsburgh, NY",0,0,0,0,0,0,0,6
6,"Pocatello, ID",2,0,1,0,0,2,0,14
6,"Ponce, PR",0,0,1,0,0,1,0,16
6,"Portland, ME",13,0,9,0,9,17,0,136
6,"Portland, OR",53,2,55,1,57,115,1,946
6,"Portsmouth, NH",0,0,0,0,0,0,0,4
6,"Prescott, AZ",2,0,0,0,0,2,1,14
6,"Providence, RI",13,1,12,0,9,22,0,211
6,"Provo, UT",2,2,0,0,2,5,0,36
6,"Punta Gorda, FL",13,1,4,0,6,13,0,115
6,"Raleigh/Durham, NC",67,3,59,2,67,117,1,1011
6,"Rapid City, SD",5,2,6,0,2,10,0,70
6,"Redding, CA",1,0,2,0,3,5,0,21
6,"Reno, NV",40,1,26,0,33,62,0,336
6,"Rhinelander, WI",1,0,0,0,0,1,0,14
6,"Richmond, VA",27,1,25,0,27,51,0,296
6,"Riverton/Lander, WY",2,0,0,0,0,2,0,9
6,"Roanoke, VA",0,0,1,0,0,1,0,63
6,"Rochester, MN",4,0,1,0,0,4,0,19
6,"Rochester, NY",12,1,11,0,9,22,0,210
6,"Rock Springs, WY",1,0,1,0,1,2,0,9
6,"Rockford, IL",1,0,0,0,0,1,0,13
6,"Roswell, NM",1,1,0,0,0,2,0,14
6,"Sacramento, CA",69,4,46,4,78,114,2,904
6,"Saginaw/Bay City/Midland, MI",1,1,0,0,1,3,0,39
6,"Saipan, TT",0,0,0,0,0,0,0,7
6,"Salina, KS",1,0,1,0,1,2,0,14
6,"Salt Lake City, UT",146,24,99,0,86,232,1,2084
6,"San Angelo, TX",2,1,2,0,0,3,0,21
6,"San Antonio, TX",70,3,75,0,58,113,0,718
6,"San Diego, CA",144,5,207,0,145,305,6,1561
6,"San Francisco, CA",210,26,474,0,174,645,27,2230
6,"San Jose, CA",62,5,38,0,75,117,2,842
6,"San Juan, PR",69,2,86,0,36,128,5,614
6,"San Luis Obispo, CA",10,1,11,0,7,18,0,74
6,"Sanford, FL",6,0,3,0,6,9,0,157
6,"Santa Ana, CA",50,1,67,0,59,111,4,810
6,"Santa Barbara, CA",13,1,18,1,21,28,3,123
6,"Santa Fe, NM",3,0,2,0,1,4,0,28
6,"Santa Maria, CA",0,0,0,0,0,0,0,2
6,"Santa Rosa, CA",6,1,8,0,5,14,0,54
6,"Sarasota/Bradenton, FL",20,0,12,0,9,24,0,355
6,"Sault Ste. Marie, MI",1,0,0,0,0,1,0,14
6,"Savannah, GA",18,1,7,1,10,26,0,299
6,"Scottsbluff, NE",1,1,1,0,0,2,0,12
6,"Scranton/Wilkes-Barre, PA",1,2,4,0,3,7,0,31
6,"Seattle, WA",119,6,111,1,107,225,8,2568
6,"Sheridan, WY",1,0,0,0,0,1,0,14
6,"Shreveport, LA",5,1,2,0,4,6,0,70
6,"Sioux City, IA",1,0,0,0,0,1,0,14
6,"Sioux Falls, SD",20,1,10,0,8,26,0,132
6,"Sitka, AK",0,0,2,0,1,2,0,21
6,"South Bend, IN",16,3,7,0,4,25,0,115
6,"Spokane, WA",27,1,24,0,14,39,1,285
6,"Springfield, IL",0,0,0,0,0,0,0,2
6,"Springfield, MO",10,2,9,1,7,15,0,133
6,"St. Cloud, MN",1,0,1,0,1,1,0,4
6,"St. George, UT",7,0,4,0,1,9,0,47
6,"St. Louis, MO",74,0,40,1,52,93,3,1096
6,"St. Petersburg, FL",5,1,1,0,4,7,0,115
6,"Stillwater, OK",1,0,0,0,0,1,0,14
6,"Stockton, CA",0,0,1,0,1,1,0,8
6,"Sun Valley/Hailey/Ketchum, ID",4,2,6,0,2,9,0,53
6,"Syracuse, NY",18,0,10,0,11,24,0,251
6,"Tallahassee, FL",8,0,11,0,7,17,0,110
6,"Tampa, FL",103,4,71,2,91,164,1,1499
6,"Texarkana, AR",0,0,0,0,0,0,0,14
6,"Toledo, OH",1,1,1,0,1,2,0,7
6,"Traverse City, MI",4,2,3,0,3,8,1,47
6,"Trenton, NJ",2,0,3,0,2,5,0,54
6,"Tucson, AZ",38,8,44,1,35,71,0,342
6,"Tulsa, OK",19,3,13,0,25,40,0,277
6,"Twin Falls, ID",1,0,0,0,0,1,0,14
6,"Tyler, TX",3,0,3,0,0,3,0,21
6,"Valdosta, GA",1,0,1,0,1,1,0,14
6,"Valparaiso, FL",14,0,12,1,7,19,0,123
6,"Victoria, TX",1,0,0,0,0,1,0,12
6,"Waco, TX",0,0,0,0,0,0,0,21
6,"Walla Walla, WA",1,0,0,0,0,1,1,14
6,"Washington, DC",193,7,250,0,174,382,2,3568
6,"West Palm Beach/Palm Beach, FL",42,3,26,0,19,59,0,644
6,"White Plains, NY",17,0,24,0,10,33,0,247
6,"Wichita Falls, TX",0,1,0,0,0,1,0,14
6,"Wichita, KS",19,0,12,0,10,24,0,165
6,"Williston, ND",4,4,4,0,2,9,0,34
6,"Wilmington, NC",12,0,3,0,6,12,0,115
6,"Worcester, MA",0,0,0,0,0,0,0,25
6,"Wrangell, AK",0,0,0,0,1,1,0,14
6,"Yakutat, AK",1,0,0,0,2,3,0,14
6,"Yuma, AZ",5,0,3,0,1,6,0,25
7,"Aberdeen, SD",2,0,0,0,0,2,0,14
7,"Abilene, TX",1,0,0,0,0,1,0,34
7,"Adak Island, AK",0,0,0,0,0,0,0,2
7,"Aguadilla, PR",14,0,3,0,12,15,2,51
7,"Akron, OH",3,0,3,0,3,5,0,59
7,"Albany, GA",1,1,1,0,0,2,0,14
7,"Albany, NY",20,3,9,0,16,30,2,217
7,"Albuquerque, NM",31,6,11,0,30,48,0,388
7,"Alexandria, LA",1,0,1,0,1,2,0,34
7,"Allentown/Bethlehem/Easton, PA",7,1,4,0,7,12,3,78
7,"Alpena, MI",2,0,0,0,0,2,0,12
7,"Amarillo, TX",6,0,2,0,5,8,0,96
7,"Anchorage, AK",7,3,12,2,7,18,1,258
7,"Appleton, WI",10,1,6,0,11,17,0,102
7,"Arcata/Eureka, CA",2,0,4,0,3,8,0,33
7,"Asheville, NC",12,4,16,1,20,28,2,178
7,"Ashland, WV",2,0,3,0,1,3,0,4
7,"Aspen, CO",25,9,65,0,13,91,8,221
7,"Atlanta, GA",439,53,416,9,336,776,18,5819
7,"Atlantic City, NJ",7,2,17,1,13,21,1,70
7,"Augusta, GA",4,0,1,0,0,5,0,54
7,"Austin, TX",142,10,121,0,124,220,4,1392
7,"Bakersfield, CA",3,1,2,0,2,4,0,42
7,"Baltimore, MD",145,8,106,3,152,238,9,1653
7,"Bangor, ME",7,1,8,0,12,13,4,58
7,"Barrow, AK",0,0,0,0,1,1,1,7
7,"Baton Rouge, LA",8,0,4,0,4,11,0,92
7,"Beaumont/Port Arthur, TX",0,0,0,0,0,0,0,14
7,"Belleville, IL",3,0,2,0,2,4,0,13
7,"Bellingham, WA",1,0,2,0,4,5,0,48
7,"Bemidji, MN",3,0,1,0,0,3,0,14
7,"Bend/Redmond, OR",9,1,14,0,6,21,4,112
7,"Bethel, AK",1,1,0,0,0,2,0,14
7,"Billings, MT",8,1,4,0,3,11,0,57
7,"Binghamton, NY",0,0,0,0,0,0,0,7
7,"Birmingham, AL",29,0,30,0,25,50,1,287
7,"Bishop, CA",2,0,4,0,3,7,0,12
7,"Bismarck/Mandan, ND",4,0,4,0,1,6,0,60
7,"Bloomington/Normal, IL",1,0,1,0,1,3,0,32
7,"Boise, ID",40,5,24,0,26,61,0,352
7,"Boston, MA",261,13,154,1,258,403,89,2440
7,"Bozeman, MT",15,2,10,0,8,24,0,189
7,"Brainerd, MN",1,0,0,0,0,1,0,12
7,"Bristol/Johnson City/Kingsport, TN",1,0,3,0,1,4,0,36
7,"Brownsville, TX",1,0,0,0,0,1,0,25
7,"Brunswick, GA",2,0,0,0,0,2,0,14
7,"Buffalo, NY",52,2,39,0,39,78,8,382
7,"Burbank, CA",47,6,44,0,39,87,0,499
7,"Burlington, VT",10,3,6,1,7,14,2,111
7,"Butte, MT",0,0,0,0,0,0,0,13
7,"Casper, WY",0,0,0,0,0,0,0,7
7,"Cedar City, UT",0,0,0,0,0,0,0,12
7,"Cedar Rapids/Iowa City, IA",20,1,10,0,11,24,1,136
7,"Champaign/Urbana, IL",0,1,2,0,3,3,0,28
7,"Charleston, SC",28,7,38,0,36,70,6,408
7,"Charleston/Dunbar, WV",5,1,5,0,5,8,1,58
7,"Charlotte Amalie, VI",10,5,20,1,12,29,0,124
7,"Charlotte, NC",295,56,328,8,367,628,16,3768
7,"Charlottesville, VA",3,1,1,0,0,4,3,57
7,"Chattanooga, TN",9,0,6,0,7,16,0,114
7,"Cheyenne, WY",1,1,4,0,1,4,0,13
7,"Chicago, IL",435,55,371,4,324,735,35,5946
7,"Christiansted, VI",4,0,6,0,3,9,1,33
7,"Cincinnati, OH",64,6,70,1,77,124,12,714
7,"Clarksburg/Fairmont, WV",1,0,0,0,0,1,0,3
7,"Cleveland, OH",60,6,70,1,66,121,13,710
7,"College Station/Bryan, TX",0,0,0,0,0,0,0,21
7,"Colorado Springs, CO",16,2,13,0,17,27,7,206
7,"Columbia, MO",4,0,3,0,3,6,0,31
7,"Columbia, SC",11,0,3,0,10,17,2,115
7,"Columbus, GA",4,2,3,0,0,8,0,16
7,"Columbus, MS",1,0,1,0,0,1,0,14
7,"Columbus, OH",67,5,66,2,61,116,14,744
7,"Concord, NC",1,2,1,0,4,4,1,14
7,"Cordova, AK",1,0,1,0,0,2,0,14
7,"Corpus Christi, TX",4,0,1,0,2,4,0,75
7,"Dallas, TX",120,1,95,1,133,172,4,1330
7,"Dallas/Fort Worth, TX",452,77,458,8,385,842,12,5390
7,"Dayton, OH",13,1,11,1,11,19,1,132
7,"Daytona Beach, FL",10,0,9,0,2,11,0,62
7,"Deadhorse, AK",0,0,0,0,0,0,0,11
7,"Decatur, IL",3,0,0,0,1,4,0,19
7,"Denver, CO",464,40,526,3,378,878,56,5241
7,"Des Moines, IA",34,3,29,0,35,58,1,279
7,"Detroit, MI",170,33,151,0,133,296,15,2110
7,"Devils Lake, ND",2,1,2,0,1,4,0,13
7,"Dickinson, ND",1,1,1,0,0,2,0,12
7,"Dodge City, KS",1,0,1,0,1,2,0,12
7,"Dothan, AL",0,0,0,0,0,0,0,14
7,"Duluth, MN",4,1,5,0,2,7,0,30
7,"Durango, CO",4,0,0,0,0,4,1,61
7,"Eagle, CO",14,2,12,0,5,24,1,146
7,"El Paso, TX",18,0,14,0,23,32,0,277
7,"Elko, NV",0,0,0,0,0,0,0,7
7,"Elmira/Corning, NY",5,1,1,0,1,6,0,23
7,"Escanaba, MI",1,0,0,0,0,1,0,12
7,"Eugene, OR",10,1,6,0,9,16,0,130
7,"Evansville, IN",4,0,1,0,1,4,0,32
7,"Everett, WA",3,0,4,0,2,5,0,26
7,"Fairbanks, AK",0,0,1,0,1,1,0,45
7,"Fargo, ND",7,2,4,0,2,10,0,124
7,"Fayetteville, AR",24,3,20,0,20,42,1,218
7,"Fayetteville, NC",1,0,0,0,2,2,0,24
7,"Flagstaff, AZ",5,0,1,0,0,5,0,30
7,"Flint, MI",11,0,10,0,16,17,0,48
7,"Fort Dodge, IA",0,0,0,0,0,0,0,12
7,"Fort Lauderdale, FL",331,19,514,10,265,651,34,1953
7,"Fort Myers, FL",128,7,215,3,99,265,8,919
7,"Fort Smith, AR",2,0,1,0,0,2,0,21
7,"Fort Wayne, IN",6,0,3,0,2,7,0,75
7,"Fresno, CA",21,3,19,0,12,33,0,200
7,"Gainesville, FL",1,0,2,0,1,2,0,44
7,"Garden City, KS",2,0,1,0,0,2,0,14
7,"Gillette, WY",2,0,1,0,1,3,0,14
7,"Grand Forks, ND",3,1,2,0,0,4,0,26
7,"Grand Island, NE",0,0,0,0,0,0,0,18
7,"Grand Junction, CO",6,1,4,0,4,9,0,70
7,"Grand Rapids, MI",33,5,38,0,37,67,6,353
7,"Great Falls, MT",2,1,1,0,1,4,1,48
7,"Green Bay, WI",5,1,4,0,3,9,0,81
7,"Greensboro/High Point, NC",19,1,14,0,20,31,7,212
7,"Greer, SC",22,1,21,1,23,38,5,274
7,"Guam, TT",0,0,0,0,1,1,0,14
7,"Gulfport/Biloxi, MS",4,0,5,0,2,8,0,57
7,"Gunnison, CO",2,0,1,0,0,2,1,22
7,"Hagerstown, MD",1,1,1,0,2,2,0,4
7,"Hancock/Houghton, MI",0,0,0,0,1,1,0,14
7,"Harlingen/San Benito, TX",9,0,3,0,5,10,0,79
7,"Harrisburg, PA",2,0,4,0,4,6,2,87
7,"Hartford, CT",47,1,24,0,46,68,12,375
7,"Hattiesburg/Laurel, MS",0,0,0,0,1,1,0,12
7,"Hayden, CO",17,3,22,0,13,31,1,102
7,"Hays, KS",2,0,0,0,1,3,0,14
7,"Helena, MT",2,1,1,0,0,3,1,35
7,"Hibbing, MN",2,0,0,0,0,2,0,12
7,"Hilo, HI",23,3,2,0,26,30,1,133
7,"Hilton Head, SC",1,0,1,0,1,1,0,18
7,"Honolulu, HI",247,37,162,3,171,395,16,1156
7,"Houston, TX",258,16,197,2,204,406,15,3048
7,"Huntsville, AL",15,3,15,2,12,24,0,156
7,"Idaho Falls, ID",2,1,2,0,2,5,1,42
7,"Indianapolis, IN",83,16,96,5,82,151,14,827
7,"International Falls, MN",0,0,0,0,0,0,0,12
7,"Iron Mountain/Kingsfd, MI",3,0,1,0,0,3,0,14
7,"Islip, NY",11,0,5,0,20,23,4,112
7,"Ithaca/Cortland, NY",0,1,1,0,0,1,1,14
7,"Jackson, WY",15,2,16,0,9,27,0,125
7,"Jackson/Vicksburg, MS",10,1,8,0,9,18,0,117
7,"Jacksonville, FL",67,6,60,0,60,111,5,519
7,"Jacksonville/Camp Lejeune, NC",1,0,1,0,0,2,0,19
7,"Jamestown, ND",1,0,2,0,2,3,0,13
7,"Johnstown, PA",1,0,0,0,0,1,3,14
7,"Joplin, MO",1,0,1,0,1,2,0,12
7,"Juneau, AK",1,0,3,0,5,6,2,77
7,"Kahului, HI",93,6,57,0,55,133,4,502
7,"Kalamazoo, MI",1,0,0,0,0,1,0,16
7,"Kalispell, MT",3,1,4,0,2,6,0,53
7,"Kansas City, MO",98,8,74,1,81,145,5,841
7,"Ketchikan, AK",2,0,0,0,1,3,0,42
7,"Key West, FL",18,3,50,0,14,56,3,194
7,"Killeen, TX",4,0,2,0,1,4,0,28
7,"Knoxville, TN",20,2,24,1,25,39,1,246
7,"Kodiak, AK",0,0,0,0,0,0,0,14
7,"Kona, HI",78,11,61,0,50,116,8,311
7,"Kotzebue, AK",0,0,0,0,0,0,0,7
7,"Lafayette, LA",7,1,6,0,6,13,0,51
7,"Lake Charles, LA",1,0,0,0,0,1,0,21
7,"Lansing, MI",1,1,2,0,2,4,0,22
7,"Laramie, WY",1,0,2,0,0,2,1,12
7,"Laredo, TX",3,0,2,0,1,3,0,29
7,"Las Vegas, NV",248,26,233,6,258,459,8,3395
7,"Latrobe, PA",2,1,2,0,1,3,0,7
7,"Lawton/Fort Sill, OK",0,0,1,0,0,1,0,20
7,"Lewiston, ID",4,1,2,0,0,5,0,21
7,"Lexington, KY",12,4,10,1,8,22,1,144
7,"Liberal, KS",1,0,1,0,2,3,0,11
7,"Lihue, HI",60,5,33,0,34,83,3,294
7,"Lincoln, NE",2,0,0,0,0,2,0,14
7,"Little Rock, AR",22,2,10,1,12,29,1,203
7,"Long Beach, CA",22,0,15,0,25,37,0,335
7,"Longview, TX",1,0,0,0,0,1,0,14
7,"Los Angeles, CA",296,36,237,4,222,479,14,3385
7,"Louisville, KY",34,4,33,0,20,59,6,398
7,"Lubbock, TX",8,0,2,0,6,8,0,105
7,"Madison, WI",17,4,15,0,9,28,1,194
7,"Manchester, NH",7,0,5,0,7,11,1,80
7,"Manhattan/Ft. Riley, KS",0,0,0,0,0,0,0,17
7,"Marquette, MI",4,0,2,0,1,4,0,14
7,"Mason City, IA",0,0,0,0,0,0,0,12
7,"Medford, OR",6,0,4,0,4,9,0,81
7,"Melbourne, FL",2,0,5,1,3,6,0,53
7,"Memphis, TN",37,6,34,0,27,64,4,370
7,"Meridian, MS",0,0,1,0,1,1,0,12
7,"Miami, FL",278,35,499,8,218,624,13,2303
7,"Midland/Odessa, TX",14,0,4,0,5,13,1,150
7,"Milwaukee, WI",66,6,38,0,46,92,6,507
7,"Minneapolis, MN",145,18,98,0,88,235,8,2046
7,"Minot, ND",5,0,0,0,0,5,1,42
7,"Mission/McAllen/Edinburg, TX",7,0,4,0,5,9,0,65
7,"Missoula, MT",5,1,2,0,1,7,0,50
7,"Mobile, AL",4,1,3,0,0,5,0,52
7,"Moline, IL",6,0,9,0,4,12,0,77
7,"Monroe, LA",1,0,1,0,1,2,0,35
7,"Monterey, CA",4,0,6,0,3,11,0,73
7,"Montgomery, AL",4,3,2,0,1,8,0,43
7,"Montrose/Delta, CO",13,0,8,1,4,17,1,85
7,"Mosinee, WI",0,0,1,0,0,1,0,14
7,"Myrtle Beach, SC",15,1,20,1,11,26,5,208
7,"Nashville, TN",154,11,125,2,157,252,13,1668
7,"New Orleans, LA",138,7,131,1,117,206,4,994
7,"New York, NY",466,80,380,1,485,867,314,5284
7,"Newark, NJ",208,15,137,3,160,327,111,2365
7,"Newburgh/Poughkeepsie, NY",1,0,1,0,1,2,0,8
7,"Niagara Falls, NY",1,1,2,0,1,2,0,10
7,"Nome, AK",0,0,0,0,0,0,0,7
7,"Norfolk, VA",38,6,23,0,37,63,7,339
7,"North Bend/Coos Bay, OR",0,0,0,0,0,0,0,3
7,"North Platte, NE",0,0,1,0,1,1,1,12
7,"Oakland, CA",55,2,57,0,63,101,1,763
7,"Oklahoma City, OK",34,3,17,0,23,53,2,374
7,"Omaha, NE",55,5,32,0,36,75,4,420
7,"Ontario, CA",34,4,26,1,31,64,2,419
7,"Orlando, FL",458,42,813,4,426,1026,35,3272
7,"Pago Pago, TT",0,0,0,0,0,0,0,2
7,"Palm Springs, CA",28,1,33,1,29,59,1,345
7,"Panama City, FL",13,0,14,1,9,20,0,108
7,"Pasco/Kennewick/Richland, WA",8,1,5,0,0,9,0,83
7,"Pellston, MI",0,1,1,0,0,1,0,12
7,"Pensacola, FL",33,1,29,1,20,49,1,217
7,"Peoria, IL",4,1,4,0,4,8,0,68
7,"Petersburg, AK",0,0,0,0,1,1,0,14
7,"Philadelphia, PA",153,34,110,5,184,288,17,1547
7,"Phoenix, AZ",253,29,186,4,218,417,9,3681
7,"Pittsburgh, PA",93,5,61,1,77,131,17,752
7,"Plattsburgh, NY",1,0,1,0,1,3,0,15
7,"Pocatello, ID",0,0,0,0,0,0,0,14
7,"Ponce, PR",5,0,0,0,5,6,0,22
7,"Portland, ME",12,1,8,1,14,21,3,140
7,"Portland, OR",68,2,68,0,77,141,2,955
7,"Portsmouth, NH",0,0,0,0,0,0,0,7
7,"Prescott, AZ",2,0,1,0,1,3,0,14
7,"Providence, RI",21,1,14,0,27,35,10,224
7,"Provo, UT",4,0,3,0,2,5,0,36
7,"Punta Gorda, FL",18,5,48,0,20,55,0,144
7,"Raleigh/Durham, NC",91,8,64,0,93,149,16,994
7,"Rapid City, SD",4,1,3,0,0,5,1,67
7,"Redding, CA",3,1,2,0,1,5,0,21
7,"Reno, NV",33,2,21,0,34,49,0,346
7,"Rhinelander, WI",0,0,0,0,0,0,0,14
7,"Richmond, VA",34,6,29,1,39,61,8,303
7,"Riverton/Lander, WY",1,1,0,0,0,2,1,9
7,"Roanoke, VA",4,0,2,0,0,5,2,52
7,"Rochester, MN",2,2,1,0,0,4,0,22
7,"Rochester, NY",24,2,21,0,14,36,5,213
7,"Rock Springs, WY",0,1,1,0,1,2,0,9
7,"Rockford, IL",1,0,3,0,1,3,0,15
7,"Roswell, NM",0,0,0,0,0,0,0,14
7,"Sacramento, CA",62,1,53,2,68,113,3,884
7,"Saginaw/Bay City/Midland, MI",0,1,1,0,2,3,0,34
7,"Saipan, TT",0,0,0,0,0,0,0,7
7,"Salina, KS",2,0,2,0,0,2,0,14
7,"Salt Lake City, UT",154,24,123,1,116,276,3,2036
7,"San Angelo, TX",2,0,1,0,1,2,0,21
7,"San Antonio, TX",67,6,57,0,56,107,3,721
7,"San Diego, CA",127,11,121,2,127,242,3,1571
7,"San Francisco, CA",210,41,757,0,207,912,13,2310
7,"San Jose, CA",58,0,40,0,68,105,0,842
7,"San Juan, PR",108,5,107,0,79,174,7,630
7,"San Luis Obispo, CA",5,2,7,0,5,13,1,78
7,"Sanford, FL",30,8,57,0,41,81,0,187
7,"Santa Ana, CA",58,3,48,0,55,106,2,819
7,"Santa Barbara, CA",9,0,11,0,20,24,2,123
7,"Santa Fe, NM",4,0,0,0,1,4,0,28
7,"Santa Maria, CA",0,0,0,0,0,0,0,2
7,"Santa Rosa, CA",4,1,6,0,5,9,0,55
7,"Sarasota/Bradenton, FL",54,2,95,2,45,122,3,372
7,"Sault Ste. Marie, MI",2,0,0,0,0,2,0,14
7,"Savannah, GA",28,2,32,0,36,51,5,317
7,"Scottsbluff, NE",2,1,4,0,1,4,0,12
7,"Scranton/Wilkes-Barre, PA",5,0,4,0,7,8,1,28
7,"Seattle, WA",149,25,152,2,147,308,10,2654
7,"Sheridan, WY",3,0,2,0,0,3,0,14
7,"Shreveport, LA",5,0,4,0,3,9,0,66
7,"Sioux City, IA",1,1,1,0,1,3,0,14
7,"Sioux Falls, SD",10,2,8,0,3,17,0,141
7,"Sitka, AK",1,0,0,0,0,1,0,21
7,"South Bend, IN",11,0,6,0,4,14,0,114
7,"Spokane, WA",34,4,22,0,19,49,0,281
7,"Springfield, IL",0,0,0,0,0,0,0,2
7,"Springfield, MO",13,2,12,0,7,19,0,127
7,"St. Cloud, MN",0,0,2,0,0,2,0,5
7,"St. George, UT",3,0,1,0,1,4,0,47
7,"St. Louis, MO",116,4,95,0,83,164,10,1101
7,"St. Petersburg, FL",22,5,47,0,32,58,1,150
7,"State College, PA",1,1,1,0,1,3,0,9
7,"Stillwater, OK",0,0,0,0,0,0,0,14
7,"Stockton, CA",0,0,0,0,0,0,0,9
7,"Sun Valley/Hailey/Ketchum, ID",3,0,1,0,3,6,1,54
7,"Syracuse, NY",25,2,22,0,23,45,5,262
7,"Tallahassee, FL",3,2,8,0,6,12,0,112
7,"Tampa, FL",197,11,296,4,194,375,17,1584
7,"Texarkana, AR",0,0,0,0,1,1,0,14
7,"Toledo, OH",1,0,1,0,2,2,0,10
7,"Traverse City, MI",6,2,4,0,3,11,0,52
7,"Trenton, NJ",3,0,3,0,18,17,1,58
7,"Tucson, AZ",33,4,19,0,16,48,0,351
7,"Tulsa, OK",28,2,14,0,11,35,0,269
7,"Twin Falls, ID",1,0,0,0,0,1,0,14
7,"Tyler, TX",2,0,0,0,0,2,0,21
7,"Valdosta, GA",1,0,1,0,0,1,0,14
7,"Valparaiso, FL",19,0,12,0,10,24,1,145
7,"Victoria, TX",1,0,0,0,0,1,0,12
7,"Waco, TX",0,0,0,0,0,0,0,21
7,"Walla Walla, WA",0,1,0,0,1,2,0,14
7,"Washington, DC",263,27,266,2,287,517,45,3622
7,"West Palm Beach/Palm Beach, FL",129,7,200,1,83,245,17,679
7,"White Plains, NY",44,4,21,0,42,61,11,244
7,"Wichita Falls, TX",1,0,1,0,1,2,0,14
7,"Wichita, KS",13,1,7,0,7,16,0,164
7,"Williston, ND",7,0,2,0,0,6,1,34
7,"Wilmington, NC",9,0,8,2,5,13,2,112
7,"Worcester, MA",5,0,6,0,3,7,2,27
7,"Wrangell, AK",0,0,1,0,1,1,1,14
7,"Yakutat, AK",0,0,0,0,1,1,0,14
7,"Yuma, AZ",0,0,0,0,1,1,0,29
8,"Aberdeen, SD",0,0,0,0,0,0,0,14
8,"Abilene, TX",2,0,1,0,0,2,0,34
8,"Adak Island, AK",0,0,0,0,0,0,1,2
8,"Aguadilla, PR",12,0,6,0,7,15,0,53
8,"Akron, OH",4,0,3,0,2,6,0,60
8,"Albany, GA",3,0,1,0,0,3,0,14
8,"Albany, NY",28,0,13,0,17,31,0,234
8,"Albuquerque, NM",35,4,17,0,26,50,0,405
8,"Alexandria, LA",3,0,2,0,0,3,0,35
8,"Allentown/Bethlehem/Easton, PA",5,0,6,0,3,9,0,87
8,"Alpena, MI",1,0,0,0,0,1,0,12
8,"Amarillo, TX",7,0,3,0,4,7,0,102
8,"Anchorage, AK",29,3,35,3,18,53,6,267
8,"Appleton, WI",6,0,6,0,5,11,0,108
8,"Arcata/Eureka, CA",8,1,6,0,2,11,0,33
8,"Asheville, NC",9,2,9,0,7,17,0,187
8,"Ashland, WV",1,0,1,0,1,1,0,4
8,"Aspen, CO",48,6,30,0,15,77,0,225
8,"Atlanta, GA",341,23,247,7,249,537,0,6235
8,"Atlantic City, NJ",5,1,15,1,6,17,0,77
8,"Augusta, GA",7,0,1,0,1,7,0,57
8,"Austin, TX",100,2,56,1,86,143,0,1433
8,"Bakersfield, CA",3,0,3,0,2,6,1,47
8,"Baltimore, MD",147,1,127,7,129,231,1,1670
8,"Bangor, ME",5,0,4,0,2,6,0,57
8,"Barrow, AK",1,0,1,0,0,1,0,7
8,"Baton Rouge, LA",1,0,0,0,3,3,0,90
8,"Beaumont/Port Arthur, TX",1,0,1,0,0,1,0,14
8,"Belleville, IL",2,1,4,0,2,5,0,15
8,"Bellingham, WA",2,0,1,0,2,3,0,52
8,"Bemidji, MN",0,0,0,0,0,0,0,14
8,"Bend/Redmond, OR",6,4,5,0,5,15,0,119
8,"Bethel, AK",1,2,3,0,0,4,1,14
8,"Billings, MT",3,1,2,0,3,5,0,61
8,"Binghamton, NY",0,0,0,0,0,0,0,7
8,"Birmingham, AL",22,0,13,2,16,30,0,304
8,"Bishop, CA",3,0,2,0,0,3,1,12
8,"Bismarck/Mandan, ND",4,0,3,0,2,5,0,65
8,"Bloomington/Normal, IL",3,0,3,0,1,3,0,32
8,"Boise, ID",23,4,12,0,19,43,1,359
8,"Boston, MA",249,3,232,5,203,382,4,2577
8,"Bozeman, MT",13,0,4,0,12,18,0,195
8,"Brainerd, MN",0,0,0,0,0,0,0,12
8,"Bristol/Johnson City/Kingsport, TN",5,1,3,0,1,7,0,38
8,"Brownsville, TX",0,0,0,0,0,0,0,27
8,"Brunswick, GA",2,0,1,0,0,1,0,14
8,"Buffalo, NY",39,0,36,0,26,59,0,394
8,"Burbank, CA",60,0,52,0,54,91,0,492
8,"Burlington, VT",3,0,3,0,5,5,0,107
8,"Butte, MT",0,0,0,0,0,0,0,13
8,"Casper, WY",0,0,0,0,0,0,0,7
8,"Cedar City, UT",1,0,1,0,0,1,0,12
8,"Cedar Rapids/Iowa City, IA",15,0,9,0,4,21,0,143
8,"Champaign/Urbana, IL",2,1,2,0,0,4,0,28
8,"Charleston, SC",37,0,25,0,23,49,0,430
8,"Charleston/Dunbar, WV",9,0,2,0,2,9,0,62
8,"Charlotte Amalie, VI",17,2,16,1,13,26,0,128
8,"Charlotte, NC",270,14,282,5,274,476,2,3853
8,"Charlottesville, VA",4,0,1,0,1,5,0,57
8,"Chattanooga, TN",7,0,5,1,6,12,0,129
8,"Cheyenne, WY",1,0,0,0,0,1,0,13
8,"Chicago, IL",356,13,331,9,261,610,4,6111
8,"Christiansted, VI",2,0,2,0,2,3,0,33
8,"Cincinnati, OH",62,1,52,1,43,93,0,757
8,"Clarksburg/Fairmont, WV",1,0,1,0,1,1,0,4
8,"Cleveland, OH",66,0,63,0,42,108,1,738
8,"College Station/Bryan, TX",0,0,0,0,0,0,0,21
8,"Colorado Springs, CO",14,0,8,0,10,19,0,206
8,"Columbia, MO",1,1,1,0,1,2,0,34
8,"Columbia, SC",13,0,4,0,4,15,0,119
8,"Columbus, GA",2,1,0,0,0,3,0,20
8,"Columbus, MS",0,0,0,0,0,0,0,14
8,"Columbus, OH",60,3,73,3,47,102,0,764
8,"Concord, NC",1,0,4,0,3,4,1,14
8,"Cordova, AK",1,0,2,0,2,3,0,14
8,"Corpus Christi, TX",1,0,0,0,3,3,0,80
8,"Dallas, TX",70,1,46,1,68,112,1,1336
8,"Dallas/Fort Worth, TX",344,7,296,9,296,591,1,5615
8,"Dayton, OH",7,2,7,0,4,15,0,138
8,"Daytona Beach, FL",4,0,4,0,1,6,0,63
8,"Deadhorse, AK",1,0,2,0,0,2,1,11
8,"Decatur, IL",0,0,0,0,1,1,0,19
8,"Denver, CO",349,11,241,3,297,561,8,5312
8,"Des Moines, IA",19,0,16,0,20,34,1,288
8,"Detroit, MI",136,10,128,3,61,223,1,2320
8,"Devils Lake, ND",0,0,0,0,0,0,1,13
8,"Dickinson, ND",2,0,0,0,0,2,0,13
8,"Dodge City, KS",0,0,1,0,3,3,0,12
8,"Dothan, AL",3,0,2,0,1,4,0,14
8,"Duluth, MN",1,0,0,0,1,2,0,34
8,"Durango, CO",2,0,1,0,0,3,0,63
8,"Eagle, CO",13,0,6,0,6,17,0,147
8,"El Paso, TX",26,0,14,0,17,37,0,279
8,"Elko, NV",0,0,0,0,0,0,0,7
8,"Elmira/Corning, NY",3,1,2,0,0,5,0,25
8,"Escanaba, MI",1,0,0,0,0,1,0,12
8,"Eugene, OR",11,2,7,0,3,16,0,131
8,"Evansville, IN",1,1,2,0,2,4,0,36
8,"Everett, WA",0,0,5,0,3,7,0,32
8,"Fairbanks, AK",3,0,3,0,3,7,0,48
8,"Fargo, ND",5,1,7,0,1,10,0,128
8,"Fayetteville, AR",12,0,8,0,8,20,0,231
8,"Fayetteville, NC",1,0,0,0,0,1,0,21
8,"Flagstaff, AZ",2,0,1,0,0,2,0,35
8,"Flint, MI",5,0,6,0,8,11,0,53
8,"Fort Dodge, IA",0,0,0,0,0,0,0,12
8,"Fort Lauderdale, FL",221,3,179,3,198,351,7,2018
8,"Fort Myers, FL",68,0,53,2,67,116,2,969
8,"Fort Smith, AR",1,0,0,0,0,1,0,21
8,"Fort Wayne, IN",4,2,4,1,1,8,0,81
8,"Fresno, CA",18,1,15,0,9,28,1,209
8,"Gainesville, FL",1,0,0,0,1,2,0,48
8,"Garden City, KS",2,0,1,0,2,2,0,14
8,"Gillette, WY",1,0,0,0,1,2,0,14
8,"Grand Forks, ND",1,0,0,0,0,1,0,26
8,"Grand Island, NE",0,0,0,0,0,0,0,18
8,"Grand Junction, CO",6,0,2,0,1,8,0,75
8,"Grand Rapids, MI",36,1,37,1,29,62,0,372
8,"Great Falls, MT",1,0,0,0,1,2,0,52
8,"Green Bay, WI",2,1,1,0,0,3,0,93
8,"Greensboro/High Point, NC",17,1,13,0,8,26,0,224
8,"Greer, SC",21,1,11,0,12,25,0,288
8,"Guam, TT",0,0,2,0,2,2,0,14
8,"Gulfport/Biloxi, MS",2,0,0,0,0,2,0,62
8,"Gunnison, CO",1,0,0,0,0,1,0,22
8,"Hagerstown, MD",2,0,2,0,1,2,0,4
8,"Hancock/Houghton, MI",1,0,0,0,0,1,0,14
8,"Harlingen/San Benito, TX",2,0,0,0,2,2,0,81
8,"Harrisburg, PA",8,1,8,0,6,13,0,92
8,"Hartford, CT",57,0,61,0,44,87,0,410
8,"Hattiesburg/Laurel, MS",2,0,1,0,1,3,0,12
8,"Hayden, CO",8,0,15,0,5,18,0,105
8,"Hays, KS",0,0,0,0,0,0,0,14
8,"Helena, MT",3,0,1,0,0,3,0,35
8,"Hibbing, MN",1,0,0,0,0,1,0,12
8,"Hilo, HI",10,0,0,0,8,13,0,133
8,"Hilton Head, SC",3,0,4,0,1,3,0,21
8,"Honolulu, HI",112,0,41,2,81,142,4,1165
8,"Houston, TX",145,5,81,2,115,220,3,3087
8,"Huntsville, AL",11,0,4,1,10,17,0,169
8,"Idaho Falls, ID",3,1,1,0,3,6,0,46
8,"Indianapolis, IN",73,1,49,5,48,104,0,856
8,"International Falls, MN",1,2,1,0,0,3,0,12
8,"Iron Mountain/Kingsfd, MI",1,0,0,0,0,1,0,14
8,"Islip, NY",20,0,19,0,13,27,0,115
8,"Ithaca/Cortland, NY",1,0,0,0,0,1,0,14
8,"Jackson, WY",15,0,9,0,6,17,0,128
8,"Jackson/Vicksburg, MS",12,0,5,0,4,11,0,125
8,"Jacksonville, FL",45,2,22,1,40,65,0,555
8,"Jacksonville/Camp Lejeune, NC",0,0,0,0,0,0,0,21
8,"Jamestown, ND",0,0,0,0,0,0,1,13
8,"Johnstown, PA",3,0,1,0,0,3,0,14
8,"Joplin, MO",0,0,0,0,0,0,0,12
8,"Juneau, AK",7,1,6,0,3,11,1,77
8,"Kahului, HI",54,1,15,0,27,63,5,503
8,"Kalamazoo, MI",1,1,0,0,0,2,0,20
8,"Kalispell, MT",2,1,1,0,4,5,0,54
8,"Kansas City, MO",52,2,39,1,34,79,1,838
8,"Ketchikan, AK",1,1,1,0,0,2,1,42
8,"Key West, FL",10,1,14,0,9,22,0,196
8,"Killeen, TX",1,0,0,0,1,1,0,28
8,"Knoxville, TN",23,0,16,0,17,32,0,258
8,"Kodiak, AK",0,1,1,0,1,2,0,14
8,"Kona, HI",29,2,11,0,19,41,1,313
8,"Kotzebue, AK",1,0,2,0,2,3,0,7
8,"Lafayette, LA",2,0,2,0,2,4,0,54
8,"Lake Charles, LA",1,0,0,0,1,2,0,21
8,"Lansing, MI",3,0,0,0,1,4,0,26
8,"Laramie, WY",2,0,1,0,0,2,0,12
8,"Laredo, TX",1,0,0,0,1,1,0,29
8,"Las Vegas, NV",298,4,376,3,297,543,7,3401
8,"Latrobe, PA",2,0,1,0,0,3,0,7
8,"Lawton/Fort Sill, OK",0,0,0,0,1,1,0,21
8,"Lewiston, ID",1,0,2,0,1,2,0,21
8,"Lexington, KY",12,0,10,0,4,15,0,163
8,"Liberal, KS",2,0,1,0,1,3,0,12
8,"Lihue, HI",26,0,6,0,12,25,2,295
8,"Lincoln, NE",1,0,0,0,0,1,0,19
8,"Little Rock, AR",10,1,6,0,6,16,0,211
8,"Long Beach, CA",31,0,39,0,34,61,0,335
8,"Longview, TX",1,0,0,0,0,1,0,14
8,"Los Angeles, CA",445,41,582,3,241,786,2,3472
8,"Louisville, KY",38,0,34,2,21,56,0,425
8,"Lubbock, TX",5,0,0,0,3,6,0,109
8,"Madison, WI",14,0,16,0,14,25,0,211
8,"Manchester, NH",8,1,6,0,5,12,0,81
8,"Manhattan/Ft. Riley, KS",0,0,0,0,0,0,0,14
8,"Marquette, MI",2,1,1,0,3,2,0,14
8,"Mason City, IA",0,0,0,0,0,0,0,12
8,"Medford, OR",7,0,6,0,4,11,0,87
8,"Melbourne, FL",3,0,3,0,2,5,0,56
8,"Memphis, TN",24,1,18,2,14,38,0,387
8,"Meridian, MS",1,0,1,0,1,2,0,12
8,"Miami, FL",216,2,192,5,151,338,1,2334
8,"Midland/Odessa, TX",4,0,2,0,7,8,0,155
8,"Milwaukee, WI",47,1,35,1,35,78,0,542
8,"Minneapolis, MN",88,9,63,0,45,140,1,2213
8,"Minot, ND",1,0,0,0,0,1,0,42
8,"Mission/McAllen/Edinburg, TX",3,0,1,0,3,5,0,65
8,"Missoula, MT",6,0,3,0,1,7,0,52
8,"Mobile, AL",1,0,0,0,0,1,0,47
8,"Moline, IL",7,0,1,0,1,7,0,78
8,"Monroe, LA",2,1,3,0,2,5,0,35
8,"Monterey, CA",9,1,7,0,4,12,0,74
8,"Montgomery, AL",2,0,0,0,0,2,0,47
8,"Montrose/Delta, CO",20,0,12,0,8,25,0,88
8,"Mosinee, WI",0,0,0,0,0,0,0,14
8,"Myrtle Beach, SC",19,0,12,2,16,27,1,223
8,"Nashville, TN",100,4,77,8,84,158,1,1709
8,"New Orleans, LA",69,2,55,3,60,112,1,1007
8,"New York, NY",446,13,407,6,298,665,10,5360
8,"Newark, NJ",188,1,122,0,96,250,1,2425
8,"Newburgh/Poughkeepsie, NY",0,0,0,0,0,0,0,8
8,"Niagara Falls, NY",3,0,2,0,0,4,0,14
8,"Nome, AK",0,1,0,0,1,2,0,7
8,"Norfolk, VA",24,0,23,1,20,40,0,348
8,"North Bend/Coos Bay, OR",0,0,1,0,0,1,0,4
8,"North Platte, NE",1,0,0,0,1,2,0,12
8,"Oakland, CA",83,3,79,1,89,138,4,764
8,"Oklahoma City, OK",22,1,8,1,18,33,0,389
8,"Omaha, NE",32,1,16,0,29,44,0,437
8,"Ontario, CA",32,0,24,0,40,56,0,424
8,"Orlando, FL",293,2,222,5,268,486,6,3379
8,"Pago Pago, TT",1,1,0,0,0,1,0,2
8,"Palm Springs, CA",29,0,42,0,20,60,0,368
8,"Panama City, FL",3,0,2,0,1,4,0,121
8,"Pasco/Kennewick/Richland, WA",6,1,4,0,4,11,0,94
8,"Pellston, MI",1,0,0,0,0,1,0,12
8,"Pensacola, FL",21,0,15,1,10,29,0,238
8,"Peoria, IL",0,0,1,0,3,3,0,69
8,"Petersburg, AK",0,0,0,0,2,2,0,14
8,"Philadelphia, PA",149,3,157,2,137,252,1,1618
8,"Phoenix, AZ",288,10,240,3,226,456,5,3849
8,"Pittsburgh, PA",74,0,61,1,47,111,0,770
8,"Plattsburgh, NY",1,0,7,0,1,7,0,19
8,"Pocatello, ID",0,0,0,0,0,0,0,14
8,"Ponce, PR",6,0,4,0,2,7,0,24
8,"Portland, ME",6,0,7,0,6,12,0,141
8,"Portland, OR",69,3,69,0,65,135,3,994
8,"Portsmouth, NH",0,0,0,0,0,0,0,13
8,"Prescott, AZ",0,0,0,0,2,2,0,14
8,"Providence, RI",26,0,23,0,25,40,0,236
8,"Provo, UT",3,0,6,0,4,7,0,38
8,"Punta Gorda, FL",12,1,8,0,16,23,0,170
8,"Raleigh/Durham, NC",102,2,89,1,99,163,1,1051
8,"Rapid City, SD",1,0,4,0,1,3,0,71
8,"Redding, CA",2,1,1,0,2,5,0,21
8,"Reno, NV",48,4,29,0,34,63,1,355
8,"Rhinelander, WI",0,0,0,0,0,0,0,14
8,"Richmond, VA",32,0,30,0,23,47,0,323
8,"Riverton/Lander, WY",0,0,0,0,1,1,0,9
8,"Roanoke, VA",5,0,4,0,1,7,0,50
8,"Rochester, MN",2,0,1,0,1,3,0,32
8,"Rochester, NY",19,0,14,0,16,28,0,218
8,"Rock Springs, WY",1,0,0,0,0,1,0,9
8,"Rockford, IL",0,0,1,0,0,1,0,17
8,"Roswell, NM",0,0,0,0,0,0,0,14
8,"Sacramento, CA",101,3,71,2,81,138,2,898
8,"Saginaw/Bay City/Midland, MI",1,0,0,0,0,1,0,40
8,"Saipan, TT",0,0,0,0,0,0,0,7
8,"Salina, KS",0,0,0,0,0,0,0,14
8,"Salt Lake City, UT",176,6,109,0,95,241,0,2153
8,"San Angelo, TX",0,0,0,0,0,0,0,21
8,"San Antonio, TX",30,1,24,0,31,56,0,740
8,"San Diego, CA",185,1,220,0,141,314,2,1611
8,"San Francisco, CA",264,33,870,2,241,1022,13,2424
8,"San Jose, CA",82,9,72,1,70,137,1,866
8,"San Juan, PR",115,2,92,2,67,156,2,642
8,"San Luis Obispo, CA",8,2,7,0,4,16,0,82
8,"Sanford, FL",26,0,14,0,31,40,0,209
8,"Santa Ana, CA",74,1,89,0,64,134,0,830
8,"Santa Barbara, CA",8,1,9,0,7,15,16,125
8,"Santa Fe, NM",1,0,0,0,1,2,0,28
8,"Santa Maria, CA",0,0,0,0,0,0,0,2
8,"Santa Rosa, CA",1,0,3,0,2,4,0,57
8,"Sarasota/Bradenton, FL",24,1,18,0,21,39,1,386
8,"Sault Ste. Marie, MI",1,0,0,0,0,1,0,14
8,"Savannah, GA",21,0,15,0,12,26,0,332
8,"Scottsbluff, NE",0,0,0,0,0,0,0,12
8,"Scranton/Wilkes-Barre, PA",5,0,3,0,4,8,0,28
8,"Seattle, WA",156,22,149,1,120,307,8,2787
8,"Sheridan, WY",1,0,0,0,0,1,0,14
8,"Shreveport, LA",2,0,1,0,3,4,0,69
8,"Sioux City, IA",0,0,0,0,0,0,0,14
8,"Sioux Falls, SD",7,1,8,0,6,16,0,147
8,"Sitka, AK",0,0,0,0,2,2,1,21
8,"South Bend, IN",13,1,8,0,3,15,0,120
8,"Spokane, WA",23,6,17,0,15,40,0,286
8,"Springfield, IL",0,0,1,0,0,0,0,3
8,"Springfield, MO",9,0,10,0,4,12,0,132
8,"St. Cloud, MN",0,0,0,0,0,0,0,6
8,"St. George, UT",4,0,4,0,1,4,0,47
8,"St. Louis, MO",70,1,56,0,57,109,0,1126
8,"St. Petersburg, FL",15,0,7,0,11,19,0,169
8,"State College, PA",3,0,0,0,0,3,0,14
8,"Stillwater, OK",0,0,0,0,0,0,0,14
8,"Stockton, CA",0,1,0,0,0,0,0,10
8,"Sun Valley/Hailey/Ketchum, ID",8,0,2,0,1,9,0,54
8,"Syracuse, NY",27,1,22,1,19,42,0,282
8,"Tallahassee, FL",8,0,11,0,4,12,0,120
8,"Tampa, FL",114,1,84,2,115,189,1,1663
8,"Texarkana, AR",0,0,0,0,1,1,0,14
8,"Toledo, OH",1,0,3,0,1,2,0,12
8,"Traverse City, MI",4,3,1,0,1,6,0,62
8,"Trenton, NJ",6,0,11,0,6,12,0,60
8,"Tucson, AZ",25,12,24,0,23,51,0,367
8,"Tulsa, OK",21,1,10,0,18,28,0,277
8,"Twin Falls, ID",0,0,0,0,0,0,0,14
8,"Tyler, TX",1,0,0,0,0,1,0,21
8,"Valdosta, GA",2,0,1,0,0,3,0,14
8,"Valparaiso, FL",8,0,5,0,6,10,0,161
8,"Victoria, TX",0,0,0,0,0,0,0,12
8,"Waco, TX",1,0,0,0,2,2,0,21
8,"Walla Walla, WA",0,0,0,0,0,0,1,14
8,"Washington, DC",259,4,282,3,195,448,4,3692
8,"West Palm Beach/Palm Beach, FL",73,1,39,0,51,98,1,714
8,"White Plains, NY",39,0,41,0,20,51,0,240
8,"Wichita Falls, TX",0,0,0,0,0,0,0,14
8,"Wichita, KS",14,2,11,0,7,21,0,172
8,"Williston, ND",3,0,1,0,1,4,0,34
8,"Wilmington, NC",6,0,6,0,8,11,0,112
8,"Worcester, MA",9,0,10,1,7,14,0,34
8,"Wrangell, AK",0,0,0,0,1,1,0,14
8,"Yakutat, AK",0,0,1,0,2,2,0,14
8,"Yuma, AZ",0,0,0,0,0,0,0,35
9,"Aberdeen, SD",0,1,1,0,0,1,0,14
9,"Abilene, TX",4,0,1,0,2,4,0,34
9,"Adak Island, AK",0,0,0,0,0,0,0,2
9,"Aguadilla, PR",13,0,3,1,7,13,1,53
9,"Akron, OH",8,0,6,0,7,13,0,60
9,"Albany, GA",1,1,0,0,0,2,0,14
9,"Albany, NY",46,1,24,0,35,59,1,224
9,"Albuquerque, NM",48,4,31,0,44,74,1,405
9,"Alexandria, LA",4,1,1,0,1,6,0,35
9,"Allentown/Bethlehem/Easton, PA",8,2,6,0,4,12,0,86
9,"Alpena, MI",2,1,1,0,0,3,0,13
9,"Amarillo, TX",9,1,6,0,8,14,0,103
9,"Anchorage, AK",25,1,32,5,24,58,2,267
9,"Appleton, WI",11,3,12,0,8,17,0,108
9,"Arcata/Eureka, CA",3,0,11,1,2,14,2,33
9,"Asheville, NC",9,3,14,0,17,24,1,186
9,"Ashland, WV",0,0,0,0,0,0,0,4
9,"Aspen, CO",24,10,18,0,15,49,49,227
9,"Atlanta, GA",442,66,461,5,435,869,15,6227
9,"Atlantic City, NJ",7,1,17,0,6,20,1,77
9,"Augusta, GA",6,3,6,0,3,13,0,57
9,"Austin, TX",146,9,108,1,138,235,2,1434
9,"Bakersfield, CA",7,1,3,0,9,14,0,47
9,"Baltimore, MD",158,10,131,7,157,249,3,1667
9,"Bangor, ME",6,2,3,0,6,10,0,57
9,"Barrow, AK",1,0,1,0,1,1,0,7
9,"Baton Rouge, LA",5,1,2,0,2,7,0,90
9,"Beaumont/Port Arthur, TX",1,0,0,0,0,1,0,14
9,"Belleville, IL",1,1,2,0,2,3,0,15
9,"Bellingham, WA",3,1,6,0,8,9,0,51
9,"Bemidji, MN",0,0,0,0,0,0,0,14
9,"Bend/Redmond, OR",16,2,9,0,4,22,3,118
9,"Bethel, AK",0,1,1,0,2,3,0,14
9,"Billings, MT",6,1,2,0,2,10,0,63
9,"Binghamton, NY",1,0,0,0,1,1,0,7
9,"Birmingham, AL",37,2,37,0,36,66,2,305
9,"Bishop, CA",5,0,1,0,0,6,5,12
9,"Bismarck/Mandan, ND",9,1,3,0,4,14,0,65
9,"Bloomington/Normal, IL",2,0,2,0,3,5,0,32
9,"Boise, ID",54,7,37,0,39,81,3,362
9,"Boston, MA",329,19,342,3,301,569,14,2547
9,"Bozeman, MT",22,3,13,0,19,36,2,194
9,"Brainerd, MN",1,0,0,0,0,0,0,12
9,"Bristol/Johnson City/Kingsport, TN",3,1,1,0,0,4,0,38
9,"Brownsville, TX",2,1,0,0,0,3,0,28
9,"Brunswick, GA",2,1,0,0,0,3,0,14
9,"Buffalo, NY",49,3,28,1,56,79,1,392
9,"Burbank, CA",56,3,62,0,63,109,13,493
9,"Burlington, VT",7,2,2,0,9,13,1,107
9,"Butte, MT",1,2,0,0,0,3,0,13
9,"Casper, WY",0,1,0,0,0,1,0,7
9,"Cedar City, UT",0,0,0,0,0,0,2,12
9,"Cedar Rapids/Iowa City, IA",12,2,11,0,14,27,0,145
9,"Champaign/Urbana, IL",2,0,2,0,0,3,0,28
9,"Charleston, SC",55,3,33,0,46,82,3,432
9,"Charleston/Dunbar, WV",12,2,8,0,3,17,0,62
9,"Charlotte Amalie, VI",11,0,14,1,6,20,0,128
9,"Charlotte, NC",353,27,406,7,397,688,6,3853
9,"Charlottesville, VA",1,0,5,0,5,7,2,57
9,"Chattanooga, TN",9,2,13,0,9,18,1,130
9,"Cheyenne, WY",1,1,1,0,1,3,0,13
9,"Chicago, IL",434,60,379,6,427,815,39,6107
9,"Christiansted, VI",1,0,2,0,1,3,0,33
9,"Cincinnati, OH",66,10,79,0,86,138,5,759
9,"Clarksburg/Fairmont, WV",1,0,1,0,1,1,0,4
9,"Cleveland, OH",96,4,83,0,84,148,3,738
9,"College Station/Bryan, TX",1,0,0,0,0,1,0,21
9,"Colorado Springs, CO",26,2,19,0,24,47,0,206
9,"Columbia, MO",2,1,2,0,4,6,0,34
9,"Columbia, SC",18,1,13,1,12,25,1,119
9,"Columbus, GA",3,1,3,0,0,3,0,20
9,"Columbus, MS",0,0,0,0,0,0,0,14
9,"Columbus, OH",93,6,79,1,85,148,0,765
9,"Concord, NC",3,2,6,0,5,7,0,14
9,"Cordova, AK",1,0,1,0,2,3,1,14
9,"Corpus Christi, TX",3,1,3,0,3,6,0,81
9,"Dallas, TX",115,3,84,2,136,188,1,1336
9,"Dallas/Fort Worth, TX",531,67,494,6,566,1001,20,5677
9,"Dayton, OH",12,2,6,1,10,20,0,139
9,"Daytona Beach, FL",7,0,4,0,3,9,0,58
9,"Deadhorse, AK",0,0,0,0,0,0,0,11
9,"Decatur, IL",1,0,1,0,1,2,0,19
9,"Denver, CO",439,108,729,0,567,1221,47,5319
9,"Des Moines, IA",39,1,27,0,36,61,0,290
9,"Detroit, MI",183,27,172,1,130,333,9,2311
9,"Devils Lake, ND",1,1,1,0,0,2,0,13
9,"Dickinson, ND",0,2,1,0,0,3,1,13
9,"Dodge City, KS",0,0,0,0,0,0,0,12
9,"Dothan, AL",0,0,1,0,0,1,0,14
9,"Duluth, MN",4,1,3,0,0,6,1,34
9,"Durango, CO",5,2,3,0,2,8,0,63
9,"Eagle, CO",19,2,20,0,11,32,1,146
9,"El Paso, TX",25,0,16,0,35,48,0,281
9,"Elko, NV",0,1,1,0,0,1,0,7
9,"Elmira/Corning, NY",0,0,0,0,0,0,0,21
9,"Escanaba, MI",1,0,0,0,0,1,0,12
9,"Eugene, OR",18,1,19,0,19,33,0,131
9,"Evansville, IN",5,1,2,0,1,5,0,36
9,"Everett, WA",1,1,5,0,4,9,2,32
9,"Fairbanks, AK",5,0,5,0,5,10,0,50
9,"Fargo, ND",12,6,9,0,4,20,5,128
9,"Fayetteville, AR",27,3,15,0,19,36,1,232
9,"Fayetteville, NC",3,0,0,0,0,3,0,21
9,"Flagstaff, AZ",1,0,1,0,0,1,1,35
9,"Flint, MI",6,0,5,0,6,9,1,53
9,"Fort Dodge, IA",0,0,0,0,0,0,0,12
9,"Fort Lauderdale, FL",229,11,287,3,238,474,14,2010
9,"Fort Myers, FL",106,7,149,1,111,229,3,959
9,"Fort Smith, AR",0,0,0,0,0,0,0,21
9,"Fort Wayne, IN",8,2,5,0,4,14,0,81
9,"Fresno, CA",23,2,28,0,20,45,5,209
9,"Gainesville, FL",1,0,2,0,0,3,0,48
9,"Garden City, KS",1,0,0,0,1,2,0,14
9,"Gillette, WY",3,1,1,0,0,3,0,14
9,"Grand Forks, ND",2,1,1,0,0,3,2,26
9,"Grand Island, NE",1,0,0,0,0,1,0,18
9,"Grand Junction, CO",9,2,3,0,2,12,0,75
9,"Grand Rapids, MI",38,4,27,0,37,73,1,366
9,"Great Falls, MT",2,1,1,0,2,5,0,52
9,"Green Bay, WI",5,1,4,0,5,10,1,93
9,"Greensboro/High Point, NC",19,2,8,0,17,28,0,225
9,"Greer, SC",21,2,23,0,24,43,2,288
9,"Guam, TT",1,0,1,0,0,1,0,14
9,"Gulfport/Biloxi, MS",3,1,1,0,2,6,0,63
9,"Gunnison, CO",3,1,3,0,4,8,0,22
9,"Hagerstown, MD",0,0,1,0,1,1,0,4
9,"Hancock/Houghton, MI",2,0,0,0,0,2,0,14
9,"Harlingen/San Benito, TX",4,0,2,0,3,5,0,81
9,"Harrisburg, PA",7,3,7,0,5,13,0,91
9,"Hartford, CT",69,7,66,0,72,110,0,404
9,"Hattiesburg/Laurel, MS",2,0,2,0,3,5,0,12
9,"Hayden, CO",10,3,9,0,11,20,3,104
9,"Hays, KS",4,0,0,0,0,3,1,14
9,"Helena, MT",5,1,3,0,1,8,0,35
9,"Hibbing, MN",2,0,0,0,0,2,0,12
9,"Hilo, HI",11,0,1,0,7,12,0,133
9,"Hilton Head, SC",4,1,3,1,1,7,0,21
9,"Honolulu, HI",119,3,69,0,61,163,4,1163
9,"Houston, TX",261,15,198,0,225,411,15,3099
9,"Huntsville, AL",13,3,8,0,11,22,0,170
9,"Idaho Falls, ID",4,4,2,0,3,11,0,49
9,"Indianapolis, IN",100,11,93,4,109,171,1,855
9,"International Falls, MN",0,1,0,0,0,1,0,12
9,"Iron Mountain/Kingsfd, MI",0,1,0,0,0,1,0,14
9,"Islip, NY",12,0,15,0,13,20,1,113
9,"Ithaca/Cortland, NY",0,0,0,0,0,0,0,14
9,"Jackson, WY",14,2,15,0,10,24,11,127
9,"Jackson/Vicksburg, MS",8,0,6,0,12,16,1,126
9,"Jacksonville, FL",62,2,47,0,60,104,0,553
9,"Jacksonville/Camp Lejeune, NC",1,1,1,0,0,2,0,21
9,"Jamestown, ND",1,1,1,0,0,3,0,13
9,"Johnstown, PA",0,1,1,0,1,2,0,14
9,"Joplin, MO",1,0,1,0,0,1,0,12
9,"Juneau, AK",6,0,8,0,5,14,2,77
9,"Kahului, HI",68,2,24,0,35,83,2,503
9,"Kalamazoo, MI",1,0,0,0,0,1,0,20
9,"Kalispell, MT",7,2,4,0,2,11,0,54
9,"Kansas City, MO",100,5,81,1,90,161,2,841
9,"Ketchikan, AK",0,0,1,0,4,4,1,42
9,"Key West, FL",13,4,24,0,13,37,1,193
9,"Killeen, TX",1,0,0,0,1,2,0,28
9,"Knoxville, TN",23,2,17,0,26,41,1,256
9,"Kodiak, AK",0,0,0,0,2,2,0,14
9,"Kona, HI",39,0,16,0,19,43,1,312
9,"Kotzebue, AK",0,0,0,0,0,0,1,7
9,"Lafayette, LA",3,1,2,0,2,6,0,64
9,"Lake Charles, LA",4,1,2,0,0,5,0,20
9,"Lansing, MI",5,0,2,0,1,6,0,26
9,"Laramie, WY",0,0,1,0,0,1,0,12
9,"Laredo, TX",2,0,3,0,2,4,0,30
9,"Las Vegas, NV",323,60,864,3,516,1121,39,3407
9,"Latrobe, PA",0,0,1,0,0,0,0,7
9,"Lawton/Fort Sill, OK",1,0,1,0,1,1,0,21
9,"Lewiston, ID",4,0,1,0,0,4,0,21
9,"Lexington, KY",18,4,19,0,9,35,1,164
9,"Liberal, KS",0,0,0,0,0,0,0,12
9,"Lihue, HI",22,2,15,0,15,36,0,296
9,"Lincoln, NE",1,1,2,0,3,5,0,19
9,"Little Rock, AR",21,2,16,0,19,34,0,212
9,"Long Beach, CA",29,3,42,0,44,62,1,335
9,"Longview, TX",0,0,0,0,0,0,0,14
9,"Los Angeles, CA",379,42,381,5,312,678,36,3470
9,"Louisville, KY",58,6,39,3,43,90,0,425
9,"Lubbock, TX",7,1,6,0,8,13,0,109
9,"Madison, WI",22,1,15,0,21,36,1,211
9,"Manchester, NH",12,1,3,0,11,14,0,81
9,"Manhattan/Ft. Riley, KS",0,0,0,0,1,1,0,14
9,"Marquette, MI",1,1,0,0,0,2,0,14
9,"Mason City, IA",0,1,0,0,0,1,0,12
9,"Medford, OR",14,0,16,0,3,22,3,87
9,"Melbourne, FL",5,0,2,0,4,8,0,56
9,"Memphis, TN",33,4,33,0,42,68,1,385
9,"Meridian, MS",0,0,1,0,1,1,0,12
9,"Miami, FL",226,18,294,4,200,447,5,2315
9,"Midland/Odessa, TX",9,1,5,0,8,17,0,156
9,"Milwaukee, WI",63,6,42,2,58,104,1,542
9,"Minneapolis, MN",135,24,91,0,93,215,13,2210
9,"Minot, ND",3,1,1,0,2,6,2,42
9,"Mission/McAllen/Edinburg, TX",7,0,3,0,13,15,0,66
9,"Missoula, MT",6,1,1,0,2,7,0,52
9,"Mobile, AL",2,1,0,1,1,3,0,48
9,"Moline, IL",11,2,6,0,2,15,0,77
9,"Monroe, LA",4,0,4,0,1,4,0,35
9,"Monterey, CA",6,1,8,0,3,14,1,74
9,"Montgomery, AL",7,2,3,0,5,11,0,47
9,"Montrose/Delta, CO",11,2,10,0,13,21,1,88
9,"Mosinee, WI",1,0,2,0,0,2,0,14
9,"Myrtle Beach, SC",23,2,16,2,13,32,1,223
9,"Nashville, TN",149,14,122,1,170,260,5,1713
9,"New Orleans, LA",106,11,83,1,98,179,2,1008
9,"New York, NY",599,78,868,8,568,1262,54,5352
9,"Newark, NJ",209,25,252,3,175,419,10,2425
9,"Newburgh/Poughkeepsie, NY",0,0,1,0,0,1,0,8
9,"Niagara Falls, NY",0,0,2,1,0,2,0,8
9,"Nome, AK",0,0,0,0,0,0,1,7
9,"Norfolk, VA",40,5,32,1,31,65,1,348
9,"North Bend/Coos Bay, OR",0,0,0,0,0,0,1,4
9,"North Platte, NE",0,0,1,0,1,2,0,12
9,"Oakland, CA",95,4,115,0,112,181,8,766
9,"Oklahoma City, OK",38,6,30,0,50,80,2,390
9,"Omaha, NE",45,6,32,1,40,76,0,438
9,"Ontario, CA",48,3,34,0,65,88,2,425
9,"Orlando, FL",396,27,585,2,448,883,14,3380
9,"Pago Pago, TT",1,0,0,0,0,1,0,2
9,"Palm Springs, CA",28,2,49,0,37,77,11,367
9,"Panama City, FL",14,1,10,0,13,23,0,122
9,"Pasco/Kennewick/Richland, WA",12,1,5,0,1,16,0,94
9,"Pellston, MI",1,0,0,0,0,1,0,12
9,"Pensacola, FL",29,10,29,1,25,53,0,239
9,"Peoria, IL",1,2,7,0,4,11,1,69
9,"Petersburg, AK",0,1,1,0,0,1,0,14
9,"Philadelphia, PA",183,15,165,6,182,311,2,1620
9,"Phoenix, AZ",364,17,292,3,365,617,11,3848
9,"Pittsburgh, PA",81,8,65,0,73,123,3,768
9,"Plattsburgh, NY",3,0,4,0,1,4,0,11
9,"Pocatello, ID",1,2,1,0,0,3,0,14
9,"Ponce, PR",7,0,0,0,6,8,0,24
9,"Portland, ME",13,0,10,0,12,20,1,137
9,"Portland, OR",106,10,106,1,104,193,4,991
9,"Portsmouth, NH",1,1,2,0,1,2,0,12
9,"Prescott, AZ",0,0,0,0,0,0,0,14
9,"Providence, RI",34,5,18,0,33,45,1,233
9,"Provo, UT",3,4,7,0,5,11,0,38
9,"Punta Gorda, FL",23,2,24,1,20,43,0,154
9,"Raleigh/Durham, NC",123,6,99,2,126,198,4,1054
9,"Rapid City, SD",3,2,3,0,3,7,1,68
9,"Redding, CA",2,1,5,0,2,7,1,21
9,"Reno, NV",57,10,54,0,49,95,13,356
9,"Rhinelander, WI",1,0,0,0,0,1,0,14
9,"Richmond, VA",59,3,40,0,53,80,3,324
9,"Riverton/Lander, WY",0,0,0,0,0,0,1,9
9,"Roanoke, VA",6,0,2,0,6,9,0,50
9,"Rochester, MN",2,0,2,0,2,3,0,32
9,"Rochester, NY",20,2,17,0,24,36,1,213
9,"Rock Springs, WY",0,0,0,0,1,1,1,9
9,"Rockford, IL",1,1,5,0,0,5,0,17
9,"Roswell, NM",1,0,0,0,0,1,0,14
9,"Sacramento, CA",121,4,112,2,126,202,7,898
9,"Saginaw/Bay City/Midland, MI",5,0,1,0,0,5,0,40
9,"Saipan, TT",1,0,1,0,0,1,0,7
9,"Salina, KS",0,0,0,0,0,0,1,14
9,"Salt Lake City, UT",222,47,212,2,190,412,14,2150
9,"San Angelo, TX",0,0,0,0,0,0,0,21
9,"San Antonio, TX",81,6,63,1,84,149,1,740
9,"San Diego, CA",167,10,180,1,174,324,8,1612
9,"San Francisco, CA",251,41,1020,5,287,1186,74,2428
9,"San Jose, CA",88,4,102,1,99,172,2,867
9,"San Juan, PR",99,4,68,0,73,134,2,641
9,"San Luis Obispo, CA",10,1,11,0,3,17,4,82
9,"Sanford, FL",22,6,26,0,34,48,0,189
9,"Santa Ana, CA",89,1,97,0,91,168,5,832
9,"Santa Barbara, CA",15,0,21,0,26,32,1,125
9,"Santa Fe, NM",4,0,3,0,3,7,0,28
9,"Santa Maria, CA",0,1,1,0,0,1,0,2
9,"Santa Rosa, CA",2,0,3,0,1,4,0,57
9,"Sarasota/Bradenton, FL",27,1,29,0,33,61,1,380
9,"Sault Ste. Marie, MI",1,1,0,0,0,2,1,14
9,"Savannah, GA",31,3,20,0,28,44,1,334
9,"Scottsbluff, NE",0,0,0,0,0,0,0,12
9,"Scranton/Wilkes-Barre, PA",6,0,6,0,3,8,0,28
9,"Seattle, WA",222,34,240,3,253,509,12,2785
9,"Sheridan, WY",0,0,0,0,1,1,0,14
9,"Shreveport, LA",3,0,2,0,4,8,0,69
9,"Sioux City, IA",1,0,0,0,1,1,0,14
9,"Sioux Falls, SD",13,4,14,0,7,27,0,146
9,"Sitka, AK",1,1,2,0,1,3,0,21
9,"South Bend, IN",15,4,11,0,6,25,0,120
9,"Spokane, WA",38,12,21,0,24,65,2,288
9,"Springfield, IL",1,0,1,0,1,1,0,3
9,"Springfield, MO",13,3,12,0,9,27,0,133
9,"St. Cloud, MN",0,0,1,0,0,1,0,6
9,"St. George, UT",7,2,3,0,0,10,0,47
9,"St. Louis, MO",103,8,73,1,107,169,6,1126
9,"St. Petersburg, FL",12,1,14,0,29,36,0,155
9,"State College, PA",0,0,1,0,1,1,1,15
9,"Stillwater, OK",2,0,0,0,1,2,0,14
9,"Stockton, CA",0,0,2,0,0,2,0,11
9,"Sun Valley/Hailey/Ketchum, ID",3,4,4,0,2,10,3,53
9,"Syracuse, NY",32,4,29,0,21,55,0,268
9,"Tallahassee, FL",9,2,9,0,8,17,0,120
9,"Tampa, FL",180,5,202,1,186,360,7,1657
9,"Texarkana, AR",0,0,0,0,0,0,0,14
9,"Toledo, OH",1,1,5,0,0,6,0,12
9,"Traverse City, MI",0,2,1,0,2,4,0,62
9,"Trenton, NJ",8,1,8,0,14,16,0,58
9,"Tucson, AZ",52,10,39,0,49,86,2,369
9,"Tulsa, OK",25,3,12,0,33,48,0,281
9,"Twin Falls, ID",0,1,1,0,0,1,0,14
9,"Tyler, TX",2,0,0,0,0,2,0,21
9,"Valdosta, GA",0,0,0,0,0,0,0,14
9,"Valparaiso, FL",18,2,20,0,12,32,2,162
9,"Victoria, TX",1,1,1,0,0,2,0,12
9,"Waco, TX",1,0,1,0,2,2,0,21
9,"Walla Walla, WA",0,0,0,0,0,0,0,14
9,"Washington, DC",311,42,404,5,330,668,6,3683
9,"West Palm Beach/Palm Beach, FL",89,2,77,0,84,152,0,706
9,"White Plains, NY",41,5,30,0,29,59,0,246
9,"Wichita Falls, TX",1,0,0,0,0,1,0,14
9,"Wichita, KS",17,1,11,0,21,31,0,173
9,"Williston, ND",4,1,1,0,2,7,1,34
9,"Wilmington, NC",10,0,5,1,13,16,1,112
9,"Worcester, MA",7,0,6,0,5,10,1,34
9,"Wrangell, AK",0,1,0,0,1,1,0,14
9,"Yakutat, AK",0,0,2,0,3,4,1,14
9,"Yuma, AZ",1,0,1,0,1,2,0,35
10,"Aberdeen, SD",1,0,0,0,0,1,0,14
10,"Abilene, TX",4,4,5,0,6,10,2,33
10,"Adak Island, AK",0,0,0,0,0,0,0,2
10,"Aguadilla, PR",15,0,4,0,12,16,0,54
10,"Akron, OH",8,0,6,0,6,10,0,61
10,"Albany, GA",2,0,0,0,0,2,0,14
10,"Albany, NY",38,2,26,1,30,49,1,222
10,"Albuquerque, NM",59,6,39,0,57,93,1,419
10,"Alexandria, LA",2,2,5,0,1,6,1,35
10,"Allentown/Bethlehem/Easton, PA",10,0,8,1,9,16,1,88
10,"Alpena, MI",0,0,0,0,0,0,0,12
10,"Amarillo, TX",4,4,9,0,19,21,2,100
10,"Anchorage, AK",14,7,16,5,30,46,3,283
10,"Appleton, WI",8,3,9,0,12,20,0,115
10,"Arcata/Eureka, CA",0,0,2,0,1,3,0,32
10,"Asheville, NC",21,2,24,0,21,40,2,187
10,"Ashland, WV",2,0,1,0,1,2,0,4
10,"Aspen, CO",58,6,51,0,18,90,1,236
10,"Atlanta, GA",528,52,501,10,511,956,32,6283
10,"Atlantic City, NJ",11,0,18,0,5,18,5,72
10,"Augusta, GA",5,0,3,0,3,7,0,57
10,"Austin, TX",225,16,254,1,248,391,16,1579
10,"Bakersfield, CA",5,1,3,0,5,7,1,40
10,"Baltimore, MD",235,7,181,3,257,377,40,1768
10,"Bangor, ME",4,1,6,0,8,11,2,58
10,"Barrow, AK",0,0,0,0,0,0,1,7
10,"Baton Rouge, LA",9,4,13,0,9,19,1,85
10,"Beaumont/Port Arthur, TX",0,2,0,0,3,3,1,14
10,"Belleville, IL",3,1,5,0,5,7,0,17
10,"Bellingham, WA",6,1,5,0,8,14,0,51
10,"Bemidji, MN",0,0,0,0,0,0,0,14
10,"Bend/Redmond, OR",12,0,9,0,4,19,0,118
10,"Bethel, AK",3,0,1,0,2,5,0,14
10,"Billings, MT",3,0,5,0,4,8,0,64
10,"Binghamton, NY",1,0,0,0,0,0,0,7
10,"Birmingham, AL",29,5,41,0,34,58,4,305
10,"Bishop, CA",1,0,1,0,2,3,1,12
10,"Bismarck/Mandan, ND",4,1,2,0,2,8,0,66
10,"Bloomington/Normal, IL",3,2,4,0,6,9,0,32
10,"Boise, ID",28,3,20,0,21,49,0,371
10,"Boston, MA",326,18,281,1,262,493,14,2518
10,"Bozeman, MT",23,0,8,0,9,27,1,202
10,"Brainerd, MN",1,0,0,0,0,1,0,12
10,"Bristol/Johnson City/Kingsport, TN",3,0,1,0,3,4,0,38
10,"Brownsville, TX",4,5,6,0,7,11,1,42
10,"Brunswick, GA",1,0,0,0,0,1,0,14
10,"Buffalo, NY",60,1,40,1,54,91,4,406
10,"Burbank, CA",49,2,49,0,50,89,4,494
10,"Burlington, VT",6,0,9,0,11,16,1,109
10,"Butte, MT",1,0,0,0,0,0,0,13
10,"Casper, WY",0,0,0,0,0,0,0,7
10,"Cedar City, UT",0,1,0,0,0,1,2,12
10,"Cedar Rapids/Iowa City, IA",17,1,12,0,13,23,4,148
10,"Champaign/Urbana, IL",1,1,4,0,2,4,0,28
10,"Charleston, SC",72,2,49,0,56,101,6,450
10,"Charleston/Dunbar, WV",8,1,3,0,6,13,0,62
10,"Charlotte Amalie, VI",11,0,9,1,6,18,1,137
10,"Charlotte, NC",439,39,454,6,517,834,24,3898
10,"Charlottesville, VA",5,0,3,0,1,5,0,58
10,"Chattanooga, TN",11,2,11,0,12,21,2,130
10,"Cheyenne, WY",0,0,2,0,1,2,0,13
10,"Chicago, IL",581,41,466,4,600,999,56,6370
10,"Christiansted, VI",2,0,5,0,1,6,0,33
10,"Cincinnati, OH",83,5,65,1,91,145,8,777
10,"Clarksburg/Fairmont, WV",0,0,0,0,0,0,0,4
10,"Cleveland, OH",99,7,85,0,107,168,10,756
10,"College Station/Bryan, TX",3,2,1,0,6,7,1,21
10,"Colorado Springs, CO",28,4,17,0,30,43,2,215
10,"Columbia, MO",4,3,7,0,9,11,1,34
10,"Columbia, SC",13,0,6,1,7,19,2,118
10,"Columbus, GA",2,0,1,0,0,2,0,20
10,"Columbus, MS",0,0,0,0,0,0,0,14
10,"Columbus, OH",93,10,68,0,96,148,11,790
10,"Concord, NC",2,1,4,0,3,6,0,14
10,"Cordova, AK",0,2,1,0,1,3,0,14
10,"Corpus Christi, TX",6,4,9,0,10,17,2,77
10,"Dallas, TX",160,12,254,3,245,375,21,1403
10,"Dallas/Fort Worth, TX",668,263,1061,5,949,1635,255,5774
10,"Dayton, OH",14,2,12,1,12,19,0,147
10,"Daytona Beach, FL",6,1,10,0,5,12,1,58
10,"Deadhorse, AK",0,0,0,0,0,0,0,11
10,"Decatur, IL",1,0,0,0,1,2,0,19
10,"Denver, CO",510,39,431,0,578,933,31,5528
10,"Des Moines, IA",31,3,34,1,30,57,1,301
10,"Detroit, MI",223,20,165,4,178,350,11,2311
10,"Devils Lake, ND",0,0,1,0,1,1,0,13
10,"Dickinson, ND",1,0,3,0,0,3,0,13
10,"Dodge City, KS",0,0,1,0,0,1,1,12
10,"Dothan, AL",1,0,0,0,0,1,0,14
10,"Duluth, MN",3,0,2,0,1,4,0,34
10,"Durango, CO",5,0,4,0,2,9,1,63
10,"Eagle, CO",19,4,19,0,14,34,3,147
10,"El Paso, TX",48,8,39,0,53,76,3,292
10,"Elko, NV",0,0,0,0,0,0,0,7
10,"Elmira/Corning, NY",1,0,2,0,1,2,0,20
10,"Escanaba, MI",2,0,0,0,0,2,0,12
10,"Eugene, OR",14,3,13,0,11,24,1,132
10,"Evansville, IN",4,1,4,0,3,7,0,36
10,"Everett, WA",0,1,6,0,3,7,0,32
10,"Fairbanks, AK",4,4,5,0,5,11,0,66
10,"Fargo, ND",12,1,7,0,9,20,0,128
10,"Fayetteville, AR",22,6,27,1,21,46,6,238
10,"Fayetteville, NC",2,0,2,0,0,2,0,20
10,"Flagstaff, AZ",0,0,0,0,1,1,0,30
10,"Flint, MI",3,1,7,0,9,11,1,53
10,"Fort Dodge, IA",0,0,0,0,1,1,0,12
10,"Fort Lauderdale, FL",265,21,507,4,329,667,70,2066
10,"Fort Myers, FL",133,13,197,0,123,285,44,998
10,"Fort Smith, AR",1,5,4,0,3,7,1,21
10,"Fort Wayne, IN",7,1,8,1,7,15,0,81
10,"Fresno, CA",17,2,10,0,21,32,1,212
10,"Gainesville, FL",8,1,3,0,2,10,0,48
10,"Garden City, KS",3,0,0,0,4,4,1,14
10,"Gillette, WY",2,0,1,0,1,3,0,14
10,"Grand Forks, ND",0,0,0,0,0,0,0,26
10,"Grand Island, NE",1,0,1,0,0,2,0,18
10,"Grand Junction, CO",3,2,5,0,2,7,0,69
10,"Grand Rapids, MI",55,4,41,0,52,77,3,372
10,"Great Falls, MT",5,1,3,0,1,7,0,52
10,"Green Bay, WI",4,1,2,0,1,6,0,87
10,"Greensboro/High Point, NC",20,4,13,1,12,30,2,223
10,"Greer, SC",36,2,29,0,23,56,3,286
10,"Guam, TT",0,0,1,0,1,1,0,14
10,"Gulfport/Biloxi, MS",9,2,10,0,7,15,2,65
10,"Gunnison, CO",6,0,3,0,5,8,0,22
10,"Hagerstown, MD",0,0,2,0,3,2,0,4
10,"Hancock/Houghton, MI",1,0,1,0,1,2,0,14
10,"Harlingen/San Benito, TX",10,1,5,0,14,19,2,82
10,"Harrisburg, PA",8,1,9,0,8,14,0,90
10,"Hartford, CT",68,3,57,0,67,109,5,399
10,"Hattiesburg/Laurel, MS",1,1,4,0,0,4,1,12
10,"Hayden, CO",10,1,9,0,8,19,0,100
10,"Hays, KS",1,0,1,0,1,3,0,14
10,"Helena, MT",2,0,3,0,0,3,0,35
10,"Hibbing, MN",1,0,0,0,0,1,0,12
10,"Hilo, HI",14,0,3,0,10,12,1,132
10,"Hilton Head, SC",1,1,1,0,1,2,0,21
10,"Honolulu, HI",98,1,50,2,47,137,6,1178
10,"Houston, TX",352,33,378,2,329,640,32,3234
10,"Huntsville, AL",18,9,20,1,18,37,2,176
10,"Idaho Falls, ID",4,2,5,0,3,7,0,46
10,"Indianapolis, IN",110,5,85,4,104,162,19,920
10,"International Falls, MN",2,0,0,0,0,2,0,12
10,"Iron Mountain/Kingsfd, MI",0,1,1,0,0,2,0,14
10,"Islip, NY",19,0,17,0,21,31,5,104
10,"Ithaca/Cortland, NY",1,1,3,0,2,5,0,14
10,"Jackson, WY",12,5,14,0,13,24,2,127
10,"Jackson/Vicksburg, MS",10,9,21,0,16,32,2,121
10,"Jacksonville, FL",76,10,70,1,75,134,10,584
10,"Jacksonville/Camp Lejeune, NC",2,0,2,0,1,2,0,21
10,"Jamestown, ND",0,0,1,0,0,1,0,13
10,"Johnstown, PA",2,1,0,0,1,4,2,14
10,"Joplin, MO",1,0,0,0,0,1,0,12
10,"Juneau, AK",2,3,9,0,5,12,1,77
10,"Kahului, HI",39,1,19,0,29,53,3,506
10,"Kalamazoo, MI",2,0,0,0,0,2,0,20
10,"Kalispell, MT",5,0,3,0,0,6,0,54
10,"Kansas City, MO",106,9,80,0,111,174,11,916
10,"Ketchikan, AK",5,0,1,0,1,6,3,42
10,"Key West, FL",17,6,42,0,19,56,1,193
10,"Killeen, TX",3,3,6,0,6,9,2,28
10,"Knoxville, TN",34,4,33,3,40,63,3,267
10,"Kodiak, AK",2,0,1,0,2,4,1,14
10,"Kona, HI",18,0,10,0,14,29,0,309
10,"Kotzebue, AK",1,0,1,0,0,0,0,7
10,"Lafayette, LA",10,2,12,0,3,17,2,76
10,"Lake Charles, LA",3,1,1,0,0,4,1,20
10,"Lansing, MI",1,2,2,0,2,5,0,26
10,"Laramie, WY",0,1,1,0,0,1,0,12
10,"Laredo, TX",1,3,5,0,5,7,2,29
10,"Las Vegas, NV",333,27,284,3,414,639,13,3538
10,"Latrobe, PA",0,0,0,0,0,0,1,7
10,"Lawton/Fort Sill, OK",2,0,1,0,4,5,1,21
10,"Lewiston, ID",1,0,2,0,1,3,0,21
10,"Lexington, KY",17,3,18,0,16,28,3,171
10,"Liberal, KS",0,0,1,0,1,1,0,12
10,"Lihue, HI",24,0,9,0,20,32,1,299
10,"Lincoln, NE",1,0,1,0,0,1,0,13
10,"Little Rock, AR",28,3,29,0,31,56,3,218
10,"Long Beach, CA",29,1,19,0,40,51,0,339
10,"Longview, TX",0,1,2,0,1,3,0,14
10,"Los Angeles, CA",380,25,309,5,324,622,14,3521
10,"Louisville, KY",51,6,37,1,46,87,5,449
10,"Lubbock, TX",15,7,15,0,28,36,3,120
10,"Madison, WI",24,3,24,1,32,45,2,210
10,"Manchester, NH",16,0,10,0,12,24,3,86
10,"Manhattan/Ft. Riley, KS",0,0,0,0,1,1,1,14
10,"Marquette, MI",1,0,0,0,0,1,0,14
10,"Mason City, IA",0,0,1,0,1,1,0,12
10,"Medford, OR",7,1,5,0,2,10,0,83
10,"Melbourne, FL",5,1,8,1,3,12,2,56
10,"Memphis, TN",58,7,46,1,49,96,4,407
10,"Meridian, MS",0,0,1,0,1,1,1,12
10,"Miami, FL",300,36,522,9,316,690,67,2354
10,"Midland/Odessa, TX",9,2,15,0,21,26,3,160
10,"Milwaukee, WI",80,8,50,0,83,123,11,572
10,"Minneapolis, MN",152,18,86,0,116,238,8,2248
10,"Minot, ND",2,0,2,0,0,1,0,44
10,"Mission/McAllen/Edinburg, TX",11,5,12,0,17,20,1,68
10,"Missoula, MT",2,1,3,0,2,6,0,52
10,"Mobile, AL",3,3,8,0,6,10,1,48
10,"Moline, IL",6,3,10,0,9,15,0,78
10,"Monroe, LA",2,1,5,0,3,6,1,35
10,"Monterey, CA",4,0,7,0,3,10,1,70
10,"Montgomery, AL",6,3,4,0,6,13,0,47
10,"Montrose/Delta, CO",7,1,9,0,4,11,0,88
10,"Mosinee, WI",0,0,0,0,0,0,0,14
10,"Myrtle Beach, SC",22,3,17,0,25,40,5,230
10,"Nashville, TN",182,11,135,1,228,315,26,1822
10,"New Orleans, LA",159,12,175,1,152,266,13,1000
10,"New York, NY",602,54,813,5,509,1193,42,5335
10,"Newark, NJ",283,7,246,2,179,412,23,2412
10,"Newburgh/Poughkeepsie, NY",0,1,1,0,0,1,0,8
10,"Niagara Falls, NY",0,0,0,0,0,0,0,8
10,"Nome, AK",4,0,1,0,1,3,0,7
10,"Norfolk, VA",49,6,33,0,42,70,5,362
10,"North Bend/Coos Bay, OR",0,0,0,0,0,0,0,4
10,"North Platte, NE",1,0,2,0,1,2,0,12
10,"Oakland, CA",77,2,38,0,83,123,3,776
10,"Oklahoma City, OK",44,7,34,0,44,76,6,402
10,"Omaha, NE",60,4,52,2,59,103,1,448
10,"Ontario, CA",53,6,31,1,69,95,1,438
10,"Orlando, FL",455,40,717,4,514,1024,133,3479
10,"Pago Pago, TT",0,0,0,0,0,0,0,2
10,"Palm Springs, CA",37,2,39,0,31,71,2,389
10,"Panama City, FL",17,0,18,1,21,29,1,155
10,"Pasco/Kennewick/Richland, WA",3,2,11,0,4,11,0,90
10,"Pellston, MI",2,0,0,0,0,2,0,12
10,"Pensacola, FL",28,7,36,0,35,61,4,253
10,"Peoria, IL",4,0,10,0,10,16,0,71
10,"Petersburg, AK",0,0,2,0,2,3,0,14
10,"Philadelphia, PA",258,12,244,4,215,399,28,1654
10,"Phoenix, AZ",405,29,309,1,384,673,23,3979
10,"Pittsburgh, PA",101,5,67,0,96,157,10,798
10,"Plattsburgh, NY",2,0,3,0,0,3,0,9
10,"Pocatello, ID",1,0,0,0,0,1,0,14
10,"Ponce, PR",6,0,2,0,4,7,0,25
10,"Portland, ME",27,0,19,0,24,39,0,136
10,"Portland, OR",99,11,74,2,95,174,2,1024
10,"Portsmouth, NH",0,0,0,0,0,0,0,6
10,"Prescott, AZ",1,0,2,0,2,3,0,14
10,"Providence, RI",41,1,15,0,31,51,2,240
10,"Provo, UT",4,0,3,0,5,8,3,39
10,"Punta Gorda, FL",13,2,39,0,23,53,4,157
10,"Raleigh/Durham, NC",156,6,115,2,156,241,7,1071
10,"Rapid City, SD",6,1,6,0,3,10,1,74
10,"Redding, CA",0,0,2,0,0,2,0,22
10,"Reno, NV",46,1,21,0,37,61,2,364
10,"Rhinelander, WI",0,0,0,0,0,0,0,14
10,"Richmond, VA",50,4,35,2,44,71,4,327
10,"Riverton/Lander, WY",0,0,1,0,0,1,0,9
10,"Roanoke, VA",4,0,1,0,0,4,0,51
10,"Rochester, MN",4,0,4,0,1,5,0,35
10,"Rochester, NY",23,0,12,1,22,32,2,208
10,"Rock Springs, WY",0,0,3,0,1,4,0,9
10,"Rockford, IL",2,0,2,1,2,3,0,19
10,"Roswell, NM",0,2,0,0,3,4,0,14
10,"Sacramento, CA",98,4,44,1,102,150,2,940
10,"Saginaw/Bay City/Midland, MI",5,0,1,0,1,6,0,39
10,"Saipan, TT",0,0,0,0,0,0,0,7
10,"Salina, KS",3,0,3,0,0,3,0,14
10,"Salt Lake City, UT",168,21,108,3,138,278,7,2152
10,"San Angelo, TX",2,2,1,0,3,5,1,21
10,"San Antonio, TX",101,15,100,0,114,180,7,766
10,"San Diego, CA",187,13,141,0,176,300,5,1639
10,"San Francisco, CA",206,23,690,1,236,885,15,2434
10,"San Jose, CA",80,3,47,1,90,130,5,877
10,"San Juan, PR",120,3,101,0,81,179,15,666
10,"San Luis Obispo, CA",8,0,9,0,5,14,0,78
10,"Sanford, FL",21,3,39,0,31,60,7,192
10,"Santa Ana, CA",79,6,58,0,65,126,4,850
10,"Santa Barbara, CA",15,0,4,0,16,24,1,129
10,"Santa Fe, NM",3,3,4,0,0,7,0,28
10,"Santa Maria, CA",0,0,1,0,0,1,0,2
10,"Santa Rosa, CA",1,1,3,1,4,7,0,57
10,"Sarasota/Bradenton, FL",39,9,88,1,49,121,16,419
10,"Sault Ste. Marie, MI",1,0,0,0,0,1,0,14
10,"Savannah, GA",42,8,34,1,42,67,1,348
10,"Scottsbluff, NE",1,0,1,0,0,1,0,12
10,"Scranton/Wilkes-Barre, PA",2,0,3,0,2,4,0,26
10,"Seattle, WA",207,14,217,4,203,433,15,2795
10,"Sheridan, WY",0,0,2,0,1,2,0,14
10,"Shreveport, LA",3,4,10,0,2,10,2,70
10,"Sioux City, IA",1,0,2,0,1,3,0,14
10,"Sioux Falls, SD",12,3,11,1,13,24,1,140
10,"Sitka, AK",0,0,2,0,3,4,1,21
10,"South Bend, IN",8,6,8,0,2,16,0,120
10,"Spokane, WA",36,5,16,0,26,55,0,302
10,"Springfield, IL",2,0,1,0,0,2,0,3
10,"Springfield, MO",16,5,25,0,19,31,2,140
10,"St. Cloud, MN",0,0,0,0,0,0,0,6
10,"St. George, UT",2,0,1,0,1,4,0,47
10,"St. Louis, MO",166,6,122,3,187,269,18,1194
10,"St. Petersburg, FL",12,2,36,0,26,47,4,162
10,"State College, PA",1,0,1,0,0,1,0,14
10,"Stillwater, OK",1,0,0,0,2,3,0,14
10,"Stockton, CA",0,0,0,0,0,0,0,11
10,"Sun Valley/Hailey/Ketchum, ID",4,0,5,0,0,8,2,53
10,"Syracuse, NY",31,1,22,1,23,47,5,262
10,"Tallahassee, FL",14,2,25,0,18,35,2,120
10,"Tampa, FL",244,19,364,3,292,542,69,1767
10,"Texarkana, AR",1,2,0,0,3,5,0,14
10,"Toledo, OH",0,0,0,0,1,1,0,12
10,"Traverse City, MI",7,3,7,0,3,12,0,50
10,"Trenton, NJ",8,1,4,0,12,14,5,52
10,"Tucson, AZ",47,5,37,0,45,80,2,385
10,"Tulsa, OK",31,5,28,0,35,62,8,293
10,"Twin Falls, ID",0,0,0,0,0,0,0,14
10,"Tyler, TX",3,1,1,0,1,5,0,21
10,"Valdosta, GA",2,0,0,0,1,2,0,14
10,"Valparaiso, FL",21,4,21,0,14,35,2,171
10,"Victoria, TX",0,1,0,0,1,2,0,12
10,"Waco, TX",3,4,5,0,5,7,1,21
10,"Walla Walla, WA",2,0,0,0,0,2,0,14
10,"Washington, DC",390,24,408,6,390,685,23,3670
10,"West Palm Beach/Palm Beach, FL",103,10,149,0,98,213,15,704
10,"White Plains, NY",40,0,29,0,27,52,0,246
10,"Wichita Falls, TX",0,1,0,0,0,1,0,14
10,"Wichita, KS",28,4,27,0,32,51,2,175
10,"Williston, ND",5,0,2,0,0,6,0,34
10,"Wilmington, NC",12,2,8,1,11,19,0,113
10,"Worcester, MA",5,0,7,0,1,7,1,34
10,"Wrangell, AK",0,0,3,0,3,4,0,14
10,"Yakutat, AK",0,0,2,0,3,3,0,14
10,"Yuma, AZ",1,0,1,0,0,1,0,30
11,"Aberdeen, SD",2,0,0,0,0,2,0,14
11,"Abilene, TX",4,3,4,0,7,9,0,33
11,"Adak Island, AK",0,0,0,0,1,1,0,2
11,"Aguadilla, PR",14,0,11,0,14,22,2,56
11,"Akron, OH",8,3,7,1,3,12,1,61
11,"Albany, GA",3,0,1,0,0,3,0,14
11,"Albany, NY",36,1,12,1,43,51,0,231
11,"Albuquerque, NM",62,7,49,1,71,100,6,434
11,"Alexandria, LA",4,1,2,0,2,6,1,35
11,"Allentown/Bethlehem/Easton, PA",5,0,6,0,7,12,1,88
11,"Alpena, MI",2,0,2,0,0,2,0,12
11,"Amarillo, TX",8,1,3,0,15,16,2,95
11,"Anchorage, AK",33,2,30,7,29,59,0,309
11,"Appleton, WI",5,1,8,0,9,15,2,122
11,"Arcata/Eureka, CA",4,0,3,0,2,6,1,34
11,"Asheville, NC",18,1,19,0,20,42,1,196
11,"Ashland, WV",0,0,1,0,1,1,0,4
11,"Aspen, CO",35,7,37,1,13,64,19,236
11,"Atlanta, GA",538,55,436,9,599,994,18,6511
11,"Atlantic City, NJ",12,1,15,0,7,18,0,72
11,"Augusta, GA",3,0,5,0,6,8,0,57
11,"Austin, TX",272,18,261,2,267,450,18,1682
11,"Bakersfield, CA",5,0,1,0,6,8,0,43
11,"Baltimore, MD",170,8,100,2,204,290,14,1865
11,"Bangor, ME",4,0,6,0,8,10,0,58
11,"Barrow, AK",0,0,0,0,0,0,0,7
11,"Baton Rouge, LA",6,4,7,0,5,13,2,83
11,"Beaumont/Port Arthur, TX",1,2,2,0,1,4,1,14
11,"Belleville, IL",5,0,2,0,3,7,1,24
11,"Bellingham, WA",7,0,8,0,13,15,0,58
11,"Bemidji, MN",1,0,0,0,0,1,0,14
11,"Bend/Redmond, OR",2,0,6,0,5,10,1,118
11,"Bethel, AK",2,0,1,0,0,2,0,14
11,"Billings, MT",10,0,5,0,4,14,0,61
11,"Binghamton, NY",0,0,0,0,0,0,0,7
11,"Birmingham, AL",30,3,25,2,41,55,5,313
11,"Bishop, CA",1,0,1,0,0,2,1,13
11,"Bismarck/Mandan, ND",4,0,2,0,2,6,3,66
11,"Bloomington/Normal, IL",4,2,4,0,1,7,0,32
11,"Boise, ID",23,2,22,3,27,52,5,397
11,"Boston, MA",236,14,212,3,239,444,14,2582
11,"Bozeman, MT",24,2,15,0,23,31,2,202
11,"Brainerd, MN",2,0,0,0,0,2,0,12
11,"Bristol/Johnson City/Kingsport, TN",6,0,4,0,1,9,0,38
11,"Brownsville, TX",2,2,4,0,3,7,3,46
11,"Brunswick, GA",1,1,1,0,1,1,0,14
11,"Buffalo, NY",66,0,26,0,47,81,0,420
11,"Burbank, CA",63,2,29,2,74,101,17,512
11,"Burlington, VT",7,0,7,0,7,10,0,109
11,"Butte, MT",0,0,0,0,0,0,0,13
11,"Casper, WY",0,0,0,0,0,0,0,7
11,"Cedar City, UT",0,0,0,0,0,0,0,12
11,"Cedar Rapids/Iowa City, IA",19,3,16,0,15,31,1,154
11,"Champaign/Urbana, IL",1,2,3,0,6,8,0,28
11,"Charleston, SC",50,10,37,0,55,84,0,472
11,"Charleston/Dunbar, WV",4,1,8,0,4,9,0,62
11,"Charlotte Amalie, VI",8,0,11,1,6,19,1,140
11,"Charlotte, NC",347,52,273,5,400,624,8,3952
11,"Charlottesville, VA",7,0,2,0,6,10,0,58
11,"Chattanooga, TN",10,4,4,0,9,19,0,130
11,"Cheyenne, WY",1,1,0,0,0,2,2,13
11,"Chicago, IL",708,63,677,3,690,1274,46,6629
11,"Christiansted, VI",6,0,8,0,2,8,0,35
11,"Cincinnati, OH",79,7,79,0,93,154,8,817
11,"Clarksburg/Fairmont, WV",0,0,0,0,0,0,0,4
11,"Cleveland, OH",105,7,71,0,108,168,3,780
11,"College Station/Bryan, TX",1,1,0,0,1,2,1,21
11,"Colorado Springs, CO",21,8,21,0,38,52,19,223
11,"Columbia, MO",3,3,5,0,6,9,0,33
11,"Columbia, SC",8,4,8,0,14,21,0,119
11,"Columbus, GA",5,0,2,0,0,5,0,20
11,"Columbus, MS",2,0,0,0,2,3,0,14
11,"Columbus, OH",77,7,65,0,95,142,5,811
11,"Concord, NC",4,0,2,0,3,4,0,14
11,"Cordova, AK",1,1,2,0,1,4,0,14
11,"Corpus Christi, TX",4,4,6,0,10,14,4,75
11,"Dallas, TX",209,8,164,1,255,352,19,1440
11,"Dallas/Fort Worth, TX",697,297,924,16,922,1603,139,5836
11,"Dayton, OH",15,3,10,1,13,26,3,151
11,"Daytona Beach, FL",3,0,3,0,6,7,0,58
11,"Deadhorse, AK",0,0,1,0,2,2,0,11
11,"Decatur, IL",1,0,0,0,0,1,0,19
11,"Denver, CO",459,48,381,3,543,879,420,5713
11,"Des Moines, IA",33,4,33,0,47,67,1,317
11,"Detroit, MI",224,24,191,3,190,405,4,2466
11,"Devils Lake, ND",1,0,1,0,0,1,2,13
11,"Dickinson, ND",0,0,0,0,0,0,2,13
11,"Dodge City, KS",2,0,0,0,1,1,2,12
11,"Dothan, AL",3,0,1,0,1,3,0,14
11,"Duluth, MN",1,0,0,0,0,1,0,34
11,"Durango, CO",6,1,4,0,1,9,3,63
11,"Eagle, CO",16,4,19,0,13,31,4,146
11,"El Paso, TX",52,9,40,2,73,93,3,304
11,"Elko, NV",0,0,0,0,0,0,0,7
11,"Elmira/Corning, NY",1,0,1,0,1,2,0,20
11,"Escanaba, MI",0,0,0,0,0,0,0,12
11,"Eugene, OR",10,0,8,0,10,16,1,143
11,"Evansville, IN",1,1,1,0,0,3,2,36
11,"Everett, WA",0,0,2,0,6,6,0,32
11,"Fairbanks, AK",6,0,6,0,5,14,0,80
11,"Fargo, ND",11,3,5,0,10,21,4,129
11,"Fayetteville, AR",18,3,23,0,21,42,8,234
11,"Fayetteville, NC",0,1,1,0,1,1,0,21
11,"Flagstaff, AZ",2,1,0,0,1,4,0,30
11,"Flint, MI",6,0,5,0,5,10,0,53
11,"Fort Dodge, IA",1,0,0,0,2,3,0,12
11,"Fort Lauderdale, FL",267,21,345,2,264,539,16,2093
11,"Fort Myers, FL",120,11,161,2,140,262,8,1029
11,"Fort Smith, AR",2,1,2,0,1,5,1,21
11,"Fort Wayne, IN",9,2,8,0,7,17,0,83
11,"Fresno, CA",11,4,11,0,25,36,3,218
11,"Gainesville, FL",2,1,4,0,4,7,0,48
11,"Garden City, KS",0,2,1,0,2,4,0,14
11,"Gillette, WY",0,0,0,0,0,0,2,14
11,"Grand Forks, ND",1,0,2,0,1,2,0,27
11,"Grand Island, NE",4,0,1,0,0,4,1,18
11,"Grand Junction, CO",4,2,6,0,3,12,3,66
11,"Grand Rapids, MI",57,3,30,0,45,79,4,374
11,"Great Falls, MT",2,1,1,0,1,5,1,52
11,"Green Bay, WI",3,2,3,0,2,8,0,89
11,"Greensboro/High Point, NC",18,2,14,0,18,32,2,218
11,"Greer, SC",24,3,22,0,29,43,1,288
11,"Guam, TT",0,0,0,0,0,0,0,14
11,"Gulfport/Biloxi, MS",2,0,1,0,1,3,2,63
11,"Gunnison, CO",2,1,3,0,2,5,1,22
11,"Hagerstown, MD",0,0,0,0,0,0,0,4
11,"Hancock/Houghton, MI",1,0,1,0,2,3,0,14
11,"Harlingen/San Benito, TX",8,4,7,0,10,15,3,79
11,"Harrisburg, PA",9,1,3,0,8,15,0,87
11,"Hartford, CT",54,1,20,0,42,69,3,398
11,"Hattiesburg/Laurel, MS",1,1,2,0,0,2,0,12
11,"Hayden, CO",12,2,10,0,8,18,3,98
11,"Hays, KS",1,0,1,0,1,2,1,14
11,"Helena, MT",3,1,2,0,0,4,2,31
11,"Hibbing, MN",1,0,0,0,0,1,0,12
11,"Hilo, HI",13,0,0,0,4,13,0,125
11,"Hilton Head, SC",0,0,2,0,1,3,0,21
11,"Honolulu, HI",87,16,37,1,71,138,4,1181
11,"Houston, TX",432,45,544,4,409,825,63,3341
11,"Huntsville, AL",16,1,5,0,13,26,5,176
11,"Idaho Falls, ID",5,0,1,0,4,8,1,48
11,"Indianapolis, IN",112,6,95,1,115,206,12,982
11,"International Falls, MN",3,0,1,0,0,3,0,12
11,"Iron Mountain/Kingsfd, MI",0,0,0,0,0,0,0,14
11,"Islip, NY",10,0,4,0,14,15,1,104
11,"Ithaca/Cortland, NY",0,0,0,0,1,1,0,14
11,"Jackson, WY",9,0,4,0,8,15,1,120
11,"Jackson/Vicksburg, MS",14,4,12,0,19,31,1,127
11,"Jacksonville, FL",81,8,57,0,86,137,6,607
11,"Jacksonville/Camp Lejeune, NC",3,0,3,0,0,4,0,21
11,"Jamestown, ND",1,0,2,0,0,2,2,13
11,"Johnstown, PA",1,0,1,0,0,2,0,14
11,"Joplin, MO",0,0,0,0,0,0,1,12
11,"Juneau, AK",6,0,8,0,4,12,1,77
11,"Kahului, HI",39,2,10,0,31,51,2,518
11,"Kalamazoo, MI",3,0,0,0,0,3,0,20
11,"Kalispell, MT",5,0,1,0,1,6,1,56
11,"Kansas City, MO",147,6,113,2,153,237,8,969
11,"Ketchikan, AK",1,0,2,0,2,3,0,42
11,"Key West, FL",14,1,20,0,18,37,0,194
11,"Killeen, TX",3,3,3,0,2,7,0,28
11,"Knoxville, TN",32,6,35,1,42,70,2,274
11,"Kodiak, AK",0,0,1,0,2,2,1,14
11,"Kona, HI",27,2,7,0,16,30,1,307
11,"Kotzebue, AK",1,0,0,0,0,1,0,7
11,"Lafayette, LA",4,1,8,0,3,13,5,76
11,"Lake Charles, LA",0,1,0,0,0,1,0,20
11,"Lansing, MI",7,0,1,0,2,8,0,26
11,"Laramie, WY",0,0,0,0,0,0,2,12
11,"Laredo, TX",4,1,8,0,3,8,2,29
11,"Las Vegas, NV",366,51,915,6,610,1267,77,3695
11,"Latrobe, PA",2,0,1,0,0,2,0,7
11,"Lawton/Fort Sill, OK",1,3,0,0,2,3,2,21
11,"Lewiston, ID",0,0,0,0,0,0,1,21
11,"Lexington, KY",20,3,16,0,13,31,4,178
11,"Liberal, KS",1,0,0,0,2,3,2,12
11,"Lihue, HI",23,1,6,0,22,36,0,298
11,"Lincoln, NE",0,0,0,0,0,0,0,7
11,"Little Rock, AR",32,7,21,0,25,50,5,224
11,"Long Beach, CA",28,2,10,1,44,49,7,344
11,"Longview, TX",1,1,2,0,0,3,0,14
11,"Los Angeles, CA",367,36,281,10,354,639,23,3621
11,"Louisville, KY",50,11,38,0,58,90,2,461
11,"Lubbock, TX",22,6,20,0,26,38,4,125
11,"Madison, WI",27,5,16,1,23,40,0,217
11,"Manchester, NH",10,0,3,0,11,16,0,97
11,"Manhattan/Ft. Riley, KS",0,0,2,0,2,3,1,14
11,"Marquette, MI",0,0,0,0,2,2,0,14
11,"Mason City, IA",2,0,2,0,1,3,0,12
11,"Medford, OR",2,1,3,0,1,5,0,80
11,"Melbourne, FL",8,0,12,0,5,16,0,57
11,"Memphis, TN",60,8,40,0,60,95,3,421
11,"Meridian, MS",0,0,1,0,1,1,1,12
11,"Miami, FL",267,21,293,4,252,515,9,2378
11,"Midland/Odessa, TX",21,3,20,0,22,37,8,166
11,"Milwaukee, WI",87,6,54,2,94,133,7,597
11,"Minneapolis, MN",169,17,117,2,122,280,11,2358
11,"Minot, ND",4,0,1,0,0,2,2,44
11,"Mission/McAllen/Edinburg, TX",7,8,11,0,17,23,3,68
11,"Missoula, MT",4,0,3,0,3,7,0,55
11,"Mobile, AL",6,0,6,0,4,8,2,48
11,"Moline, IL",5,2,7,0,6,14,0,82
11,"Monroe, LA",4,2,3,0,3,7,0,35
11,"Monterey, CA",2,2,2,0,4,5,0,66
11,"Montgomery, AL",6,2,3,0,3,8,0,47
11,"Montrose/Delta, CO",10,1,11,0,9,20,0,88
11,"Mosinee, WI",3,0,0,0,0,3,0,14
11,"Myrtle Beach, SC",18,1,15,0,18,31,0,235
11,"Nashville, TN",222,20,136,3,251,375,14,1911
11,"New Orleans, LA",156,15,157,3,154,267,6,1022
11,"New York, NY",487,53,615,3,466,1022,31,5343
11,"Newark, NJ",204,19,307,3,203,474,12,2415
11,"Newburgh/Poughkeepsie, NY",0,0,1,0,1,1,0,8
11,"Niagara Falls, NY",2,0,2,0,2,4,0,13
11,"Nome, AK",1,0,0,0,1,1,0,8
11,"Norfolk, VA",40,4,25,1,41,63,1,368
11,"North Bend/Coos Bay, OR",0,0,0,0,0,0,0,5
11,"North Platte, NE",0,1,0,0,0,1,2,12
11,"Oakland, CA",86,0,40,2,113,148,14,800
11,"Oklahoma City, OK",51,5,33,0,45,83,8,404
11,"Omaha, NE",70,5,45,0,55,110,5,460
11,"Ontario, CA",57,5,18,0,63,98,4,464
11,"Orlando, FL",441,31,471,2,512,885,42,3563
11,"Pago Pago, TT",0,0,0,0,0,0,0,2
11,"Palm Springs, CA",40,4,34,1,43,79,3,395
11,"Panama City, FL",19,4,23,0,27,40,0,167
11,"Pasco/Kennewick/Richland, WA",7,0,4,0,3,9,1,87
11,"Pellston, MI",1,1,0,0,0,2,0,12
11,"Pensacola, FL",33,3,33,0,37,59,2,260
11,"Peoria, IL",8,4,7,0,7,15,1,72
11,"Petersburg, AK",1,0,1,0,1,2,0,14
11,"Philadelphia, PA",190,21,133,7,201,329,9,1691
11,"Phoenix, AZ",479,38,345,4,459,764,38,4134
11,"Pittsburgh, PA",91,6,56,3,92,146,9,824
11,"Plattsburgh, NY",1,0,1,0,0,2,0,9
11,"Pocatello, ID",0,0,0,0,0,0,0,14
11,"Ponce, PR",5,0,1,0,5,6,1,26
11,"Portland, ME",12,0,10,0,19,21,0,136
11,"Portland, OR",87,6,97,4,110,187,9,1071
11,"Portsmouth, NH",1,0,1,0,0,1,0,6
11,"Prescott, AZ",1,0,1,0,2,4,2,14
11,"Providence, RI",33,1,11,1,34,45,1,249
11,"Provo, UT",10,1,7,0,10,14,0,39
11,"Punta Gorda, FL",22,1,38,0,35,58,1,173
11,"Raleigh/Durham, NC",127,6,68,2,129,196,7,1103
11,"Rapid City, SD",5,1,2,0,3,7,4,74
11,"Redding, CA",1,0,0,0,0,1,0,24
11,"Reno, NV",37,3,18,2,51,74,6,390
11,"Rhinelander, WI",0,0,0,0,0,0,0,14
11,"Richmond, VA",53,4,37,1,54,78,2,329
11,"Riverton/Lander, WY",0,0,0,0,0,0,2,9
11,"Roanoke, VA",1,1,1,0,1,3,0,51
11,"Rochester, MN",3,0,2,0,3,5,0,36
11,"Rochester, NY",18,0,11,1,16,27,0,212
11,"Rock Springs, WY",0,0,0,0,0,0,2,9
11,"Rockford, IL",4,0,3,0,1,5,0,21
11,"Roswell, NM",1,0,2,0,1,2,0,14
11,"Sacramento, CA",110,5,39,0,116,171,16,973
11,"Saginaw/Bay City/Midland, MI",1,1,1,0,1,3,0,39
11,"Saipan, TT",0,0,0,0,0,0,0,7
11,"Salina, KS",0,0,1,0,1,2,1,14
11,"Salt Lake City, UT",177,19,108,2,164,290,17,2215
11,"San Angelo, TX",4,1,3,0,3,5,0,21
11,"San Antonio, TX",136,22,139,0,152,238,7,787
11,"San Diego, CA",179,15,123,3,209,328,20,1732
11,"San Francisco, CA",212,23,539,2,228,743,14,2472
11,"San Jose, CA",76,3,33,0,90,131,8,894
11,"San Juan, PR",122,3,78,1,82,181,6,689
11,"San Luis Obispo, CA",7,1,5,0,1,11,1,85
11,"Sanford, FL",20,1,35,0,34,52,1,205
11,"Santa Ana, CA",67,3,35,1,71,125,12,862
11,"Santa Barbara, CA",12,1,7,1,20,27,2,127
11,"Santa Fe, NM",0,1,1,0,1,2,1,28
11,"Santa Maria, CA",0,0,0,0,0,0,0,2
11,"Santa Rosa, CA",4,1,5,1,5,11,2,64
11,"Sarasota/Bradenton, FL",43,4,67,0,61,112,3,437
11,"Sault Ste. Marie, MI",2,0,1,0,0,2,0,14
11,"Savannah, GA",35,3,30,1,44,67,0,360
11,"Scottsbluff, NE",0,0,1,0,0,1,2,12
11,"Scranton/Wilkes-Barre, PA",4,0,3,1,2,6,0,26
11,"Seattle, WA",201,14,170,4,233,420,18,2872
11,"Sheridan, WY",0,0,0,0,0,0,2,14
11,"Shreveport, LA",5,1,7,0,5,12,1,76
11,"Sioux City, IA",2,0,2,0,0,3,1,14
11,"Sioux Falls, SD",11,2,11,0,10,22,2,135
11,"Sitka, AK",0,0,2,0,3,3,0,21
11,"South Bend, IN",17,3,12,0,4,27,0,122
11,"Spokane, WA",35,1,26,1,37,58,2,329
11,"Springfield, IL",0,0,1,0,1,1,0,3
11,"Springfield, MO",18,6,15,0,18,34,7,147
11,"St. Cloud, MN",0,0,0,0,0,0,0,6
11,"St. George, UT",2,0,1,0,1,3,2,52
11,"St. Louis, MO",169,7,126,1,191,271,10,1259
11,"St. Petersburg, FL",15,2,34,0,18,51,0,180
11,"State College, PA",0,0,1,0,1,2,0,14
11,"Stillwater, OK",2,0,1,0,2,3,0,14
11,"Stockton, CA",2,0,2,0,3,5,0,11
11,"Sun Valley/Hailey/Ketchum, ID",1,1,2,0,1,5,1,53
11,"Syracuse, NY",35,2,15,0,27,42,0,268
11,"Tallahassee, FL",12,3,11,0,15,24,1,120
11,"Tampa, FL",253,17,242,4,265,471,16,1853
11,"Texarkana, AR",1,2,1,0,1,2,1,14
11,"Toledo, OH",1,0,0,0,1,2,0,12
11,"Traverse City, MI",4,0,2,0,2,6,0,48
11,"Trenton, NJ",5,1,3,0,15,16,0,47
11,"Tucson, AZ",57,9,41,0,57,97,6,392
11,"Tulsa, OK",35,9,31,0,43,74,5,297
11,"Twin Falls, ID",1,0,0,0,0,1,0,14
11,"Tyler, TX",2,1,1,0,0,3,2,21
11,"Valdosta, GA",1,2,2,0,0,3,0,14
11,"Valparaiso, FL",23,2,18,0,25,38,1,187
11,"Victoria, TX",0,1,2,0,0,3,1,12
11,"Waco, TX",2,1,1,0,3,5,1,21
11,"Walla Walla, WA",0,0,0,0,1,1,0,14
11,"Washington, DC",336,23,278,3,358,602,11,3693
11,"West Palm Beach/Palm Beach, FL",79,5,72,0,71,143,4,712
11,"White Plains, NY",26,0,22,0,22,42,2,246
11,"Wichita Falls, TX",0,1,1,0,1,2,0,14
11,"Wichita, KS",19,3,16,1,25,38,3,172
11,"Williston, ND",2,3,0,0,2,7,3,34
11,"Wilmington, NC",12,1,8,1,10,18,1,113
11,"Worcester, MA",5,0,6,0,3,6,2,34
11,"Wrangell, AK",0,0,1,0,2,2,0,14
11,"Yakutat, AK",1,0,3,0,1,4,0,14
11,"Yuma, AZ",2,1,1,0,1,4,0,30
12,"Aberdeen, SD",2,0,0,0,0,2,1,14
12,"Abilene, TX",2,0,2,0,0,3,0,33
12,"Adak Island, AK",0,0,0,0,0,0,0,2
12,"Aguadilla, PR",17,0,5,0,16,21,2,56
12,"Akron, OH",2,2,2,0,1,5,0,61
12,"Albany, GA",1,0,1,0,0,1,0,14
12,"Albany, NY",41,3,25,0,28,53,12,236
12,"Albuquerque, NM",73,2,47,2,67,100,0,434
12,"Alexandria, LA",1,0,0,0,0,1,1,35
12,"Allentown/Bethlehem/Easton, PA",4,0,7,0,8,13,0,89
12,"Alpena, MI",1,0,0,0,0,1,0,12
12,"Amarillo, TX",5,1,7,0,13,17,0,95
12,"Anchorage, AK",17,0,19,6,24,44,2,298
12,"Appleton, WI",13,4,16,0,15,28,1,123
12,"Arcata/Eureka, CA",3,0,5,0,2,9,0,34
12,"Asheville, NC",15,2,16,1,16,35,0,199
12,"Ashland, WV",1,1,2,0,2,2,1,4
12,"Aspen, CO",39,15,35,0,8,69,9,236
12,"Atlanta, GA",546,44,483,6,543,967,21,6508
12,"Atlantic City, NJ",9,1,16,0,6,19,0,76
12,"Augusta, GA",4,0,5,0,2,7,0,57
12,"Austin, TX",233,10,213,4,235,382,7,1660
12,"Bakersfield, CA",3,0,4,0,5,9,0,43
12,"Baltimore, MD",233,6,166,10,264,378,10,1866
12,"Bangor, ME",7,3,10,1,7,16,5,58
12,"Barrow, AK",1,0,0,0,0,1,0,7
12,"Baton Rouge, LA",9,1,6,0,6,12,0,83
12,"Beaumont/Port Arthur, TX",2,0,0,1,1,4,0,14
12,"Belleville, IL",4,0,3,0,2,5,0,24
12,"Bellingham, WA",4,1,4,0,3,6,0,61
12,"Bemidji, MN",3,0,2,0,0,3,1,14
12,"Bend/Redmond, OR",4,3,3,0,4,12,0,118
12,"Bethel, AK",0,0,0,0,3,3,0,14
12,"Billings, MT",2,0,3,0,1,3,1,61
12,"Binghamton, NY",0,0,1,0,0,0,0,7
12,"Birmingham, AL",32,2,28,0,31,52,1,313
12,"Bishop, CA",1,0,2,0,0,0,0,14
12,"Bismarck/Mandan, ND",4,1,2,0,1,7,3,66
12,"Bloomington/Normal, IL",1,0,2,0,1,2,0,32
12,"Boise, ID",28,2,20,0,22,48,1,401
12,"Boston, MA",290,17,214,3,266,448,26,2591
12,"Bozeman, MT",25,2,16,0,17,39,0,195
12,"Brainerd, MN",4,0,3,0,0,5,1,12
12,"Bristol/Johnson City/Kingsport, TN",4,0,2,1,4,7,0,38
12,"Brownsville, TX",6,0,5,1,5,8,1,46
12,"Brunswick, GA",1,0,0,0,0,1,0,14
12,"Buffalo, NY",63,8,45,0,51,105,3,421
12,"Burbank, CA",51,1,45,1,59,90,1,520
12,"Burlington, VT",8,1,4,0,5,12,5,109
12,"Butte, MT",1,0,0,0,0,1,0,13
12,"Casper, WY",1,1,0,0,0,2,0,7
12,"Cedar City, UT",1,0,0,0,0,1,0,12
12,"Cedar Rapids/Iowa City, IA",16,2,13,0,8,27,1,144
12,"Champaign/Urbana, IL",5,1,5,0,4,7,0,28
12,"Charleston, SC",58,3,37,1,54,83,2,472
12,"Charleston/Dunbar, WV",7,1,4,1,3,10,0,62
12,"Charlotte Amalie, VI",18,4,21,0,10,30,4,140
12,"Charlotte, NC",372,35,399,6,466,727,24,3953
12,"Charlottesville, VA",7,0,5,0,5,9,0,58
12,"Chattanooga, TN",11,1,12,0,6,19,0,130
12,"Cheyenne, WY",0,0,0,0,0,0,1,13
12,"Chicago, IL",634,47,615,10,651,1179,28,6686
12,"Christiansted, VI",1,2,8,1,3,8,3,35
12,"Cincinnati, OH",72,3,75,0,110,152,2,822
12,"Clarksburg/Fairmont, WV",0,0,0,0,0,0,0,4
12,"Cleveland, OH",80,4,84,2,112,168,5,784
12,"College Station/Bryan, TX",1,0,0,0,2,2,0,21
12,"Colorado Springs, CO",33,2,15,0,27,44,3,223
12,"Columbia, MO",1,1,0,0,3,3,0,33
12,"Columbia, SC",9,1,4,1,8,16,0,119
12,"Columbus, GA",1,0,0,0,1,1,0,20
12,"Columbus, MS",0,0,0,0,0,0,0,14
12,"Columbus, OH",113,4,89,0,97,162,1,811
12,"Concord, NC",3,0,5,0,4,6,1,14
12,"Cordova, AK",0,2,1,0,1,3,0,14
12,"Corpus Christi, TX",3,0,6,0,6,10,1,75
12,"Dallas, TX",175,1,133,4,200,276,4,1440
12,"Dallas/Fort Worth, TX",660,156,699,18,703,1256,39,5788
12,"Dayton, OH",8,1,8,1,9,17,1,151
12,"Daytona Beach, FL",2,1,2,0,4,5,0,58
12,"Deadhorse, AK",0,0,0,0,1,0,0,11
12,"Decatur, IL",4,0,1,0,0,5,0,19
12,"Denver, CO",470,19,405,3,509,813,23,5721
12,"Des Moines, IA",35,3,28,1,35,59,1,298
12,"Detroit, MI",217,40,254,2,182,445,4,2491
12,"Devils Lake, ND",0,0,0,0,0,0,0,13
12,"Dickinson, ND",0,0,0,0,0,0,2,13
12,"Dodge City, KS",0,0,1,0,1,1,0,12
12,"Dothan, AL",0,0,0,0,2,2,0,14
12,"Duluth, MN",4,0,0,0,0,2,2,34
12,"Durango, CO",3,0,3,0,3,7,0,63
12,"Eagle, CO",12,3,6,0,9,21,0,146
12,"El Paso, TX",43,1,38,1,45,70,1,304
12,"Elko, NV",0,1,0,0,0,1,0,7
12,"Elmira/Corning, NY",2,0,2,0,0,2,0,20
12,"Escanaba, MI",3,0,1,0,0,3,0,12
12,"Eugene, OR",15,1,8,0,13,21,0,150
12,"Evansville, IN",3,1,0,0,2,4,0,36
12,"Everett, WA",2,0,6,0,5,8,0,32
12,"Fairbanks, AK",6,0,5,0,5,11,0,69
12,"Fargo, ND",7,3,10,0,8,16,1,122
12,"Fayetteville, AR",23,1,22,1,20,43,0,235
12,"Fayetteville, NC",2,0,1,0,1,2,0,21
12,"Flagstaff, AZ",3,1,0,0,1,3,0,30
12,"Flint, MI",11,1,7,0,14,20,0,59
12,"Fort Dodge, IA",2,0,2,0,1,3,0,12
12,"Fort Lauderdale, FL",352,14,520,3,347,736,26,2086
12,"Fort Myers, FL",159,10,215,0,152,347,9,1035
12,"Fort Smith, AR",0,0,0,0,2,2,0,21
12,"Fort Wayne, IN",7,0,9,0,2,14,1,83
12,"Fresno, CA",16,2,11,1,19,31,0,218
12,"Gainesville, FL",2,0,0,0,1,3,1,48
12,"Garden City, KS",2,0,1,0,1,2,0,14
12,"Gillette, WY",0,1,0,0,0,1,0,14
12,"Grand Forks, ND",6,0,1,0,0,6,1,27
12,"Grand Island, NE",1,0,1,0,0,2,1,18
12,"Grand Junction, CO",1,0,4,0,2,7,0,66
12,"Grand Rapids, MI",52,4,33,1,51,80,0,389
12,"Great Falls, MT",2,0,1,0,2,5,1,52
12,"Green Bay, WI",12,3,7,0,4,20,1,89
12,"Greensboro/High Point, NC",23,2,12,0,17,28,0,217
12,"Greer, SC",31,2,23,0,26,47,0,286
12,"Guam, TT",2,0,0,0,0,2,0,14
12,"Gulfport/Biloxi, MS",2,1,6,0,3,6,0,63
12,"Gunnison, CO",1,0,0,0,0,1,0,22
12,"Hagerstown, MD",1,0,0,0,0,1,0,4
12,"Hancock/Houghton, MI",0,0,1,0,1,2,0,14
12,"Harlingen/San Benito, TX",5,0,5,0,5,9,1,79
12,"Harrisburg, PA",9,1,4,0,4,10,0,87
12,"Hartford, CT",91,2,55,3,75,120,2,396
12,"Hattiesburg/Laurel, MS",1,0,1,0,0,2,0,12
12,"Hayden, CO",10,1,7,0,7,14,1,98
12,"Hays, KS",1,0,0,0,0,1,0,14
12,"Helena, MT",0,0,0,0,0,0,1,28
12,"Hibbing, MN",2,0,0,0,0,2,1,12
12,"Hilo, HI",11,0,0,0,9,11,0,130
12,"Hilton Head, SC",1,0,2,0,0,2,0,21
12,"Honolulu, HI",107,0,33,1,83,151,6,1202
12,"Houston, TX",341,25,319,6,324,595,12,3308
12,"Huntsville, AL",12,0,11,1,10,18,0,176
12,"Idaho Falls, ID",6,1,2,0,0,7,0,48
12,"Indianapolis, IN",125,7,106,2,134,216,3,996
12,"International Falls, MN",2,1,2,0,0,3,0,12
12,"Iron Mountain/Kingsfd, MI",2,0,1,0,0,2,0,14
12,"Islip, NY",26,0,12,1,30,40,1,104
12,"Ithaca/Cortland, NY",1,1,2,0,2,3,0,14
12,"Jackson, WY",9,0,4,0,14,18,0,116
12,"Jackson/Vicksburg, MS",17,0,14,0,11,23,1,127
12,"Jacksonville, FL",95,5,76,2,86,136,5,607
12,"Jacksonville/Camp Lejeune, NC",1,0,0,0,0,1,0,21
12,"Jamestown, ND",0,0,0,0,0,0,0,13
12,"Johnstown, PA",1,0,0,0,0,1,0,14
12,"Joplin, MO",0,0,0,0,0,0,0,12
12,"Juneau, AK",3,1,4,0,4,8,0,77
12,"Kahului, HI",56,1,19,2,33,71,3,525
12,"Kalamazoo, MI",2,1,1,0,0,3,0,20
12,"Kalispell, MT",1,0,3,0,3,4,1,56
12,"Kansas City, MO",118,4,103,1,133,196,3,965
12,"Ketchikan, AK",1,1,2,0,2,4,0,42
12,"Key West, FL",17,6,39,0,14,49,14,194
12,"Killeen, TX",2,1,1,0,3,3,0,28
12,"Knoxville, TN",26,1,23,1,30,49,0,267
12,"Kodiak, AK",0,1,0,0,0,1,1,13
12,"Kona, HI",29,0,11,0,22,39,0,313
12,"Kotzebue, AK",0,1,1,0,0,1,1,7
12,"Lafayette, LA",4,1,3,0,7,11,0,76
12,"Lake Charles, LA",2,0,0,0,0,2,1,20
12,"Lansing, MI",7,2,7,0,1,9,0,26
12,"Laramie, WY",0,0,0,0,0,0,1,12
12,"Laredo, TX",2,0,3,0,1,3,0,29
12,"Las Vegas, NV",417,33,506,7,519,873,13,3686
12,"Latrobe, PA",0,0,2,0,0,2,0,7
12,"Lawton/Fort Sill, OK",0,2,1,0,1,2,0,21
12,"Lewiston, ID",2,0,2,0,0,3,0,21
12,"Lexington, KY",14,1,11,0,8,21,0,178
12,"Liberal, KS",0,0,0,0,0,0,0,12
12,"Lihue, HI",34,0,7,1,30,41,0,305
12,"Lincoln, NE",0,0,1,0,1,1,0,7
12,"Little Rock, AR",21,0,15,0,22,34,0,224
12,"Long Beach, CA",35,1,16,0,44,55,0,344
12,"Longview, TX",0,1,0,0,0,1,0,14
12,"Los Angeles, CA",392,33,358,11,309,636,10,3636
12,"Louisville, KY",67,6,49,2,53,108,3,465
12,"Lubbock, TX",14,2,9,0,19,24,0,126
12,"Madison, WI",22,4,25,2,24,48,1,219
12,"Manchester, NH",9,1,8,0,13,19,0,97
12,"Manhattan/Ft. Riley, KS",0,0,1,0,1,2,0,14
12,"Marquette, MI",1,0,1,0,3,4,0,14
12,"Mason City, IA",1,0,0,0,1,2,0,12
12,"Medford, OR",4,0,1,0,3,7,0,80
12,"Melbourne, FL",8,0,4,0,2,9,0,57
12,"Memphis, TN",52,2,42,0,55,92,3,417
12,"Meridian, MS",1,0,0,0,1,2,0,12
12,"Miami, FL",340,40,533,4,335,723,128,2389
12,"Midland/Odessa, TX",15,0,18,1,17,29,0,166
12,"Milwaukee, WI",95,3,66,2,77,139,2,602
12,"Minneapolis, MN",181,45,194,2,173,364,41,2357
12,"Minot, ND",5,1,2,0,0,6,2,42
12,"Mission/McAllen/Edinburg, TX",10,0,7,0,6,13,1,66
12,"Missoula, MT",5,0,3,0,2,6,0,59
12,"Mobile, AL",1,0,2,0,3,6,1,48
12,"Moline, IL",2,1,5,0,7,10,0,87
12,"Monroe, LA",0,1,2,0,1,2,0,35
12,"Monterey, CA",5,0,4,0,6,9,0,66
12,"Montgomery, AL",4,0,4,0,4,5,0,47
12,"Montrose/Delta, CO",9,0,5,0,4,13,0,88
12,"Mosinee, WI",1,0,3,0,0,3,1,14
12,"Myrtle Beach, SC",24,1,26,0,16,44,0,247
12,"Nashville, TN",207,14,116,3,240,338,7,1914
12,"New Orleans, LA",133,5,112,3,131,219,6,1021
12,"New York, NY",595,51,543,4,540,1010,46,5349
12,"Newark, NJ",252,13,171,5,204,365,26,2422
12,"Newburgh/Poughkeepsie, NY",0,0,1,0,1,1,0,8
12,"Niagara Falls, NY",2,1,3,0,0,3,0,14
12,"Nome, AK",0,0,0,0,1,1,0,7
12,"Norfolk, VA",49,2,29,0,40,78,1,369
12,"North Bend/Coos Bay, OR",0,0,0,0,0,0,0,4
12,"North Platte, NE",0,0,0,0,0,0,1,12
12,"Oakland, CA",85,1,44,2,99,136,2,804
12,"Oklahoma City, OK",48,4,28,0,44,71,2,404
12,"Omaha, NE",81,5,47,0,58,105,2,458
12,"Ontario, CA",57,1,34,0,61,95,1,473
12,"Orlando, FL",526,32,614,6,548,1019,25,3562
12,"Pago Pago, TT",0,0,0,0,0,0,0,2
12,"Palm Springs, CA",37,3,40,0,38,67,0,392
12,"Panama City, FL",14,1,10,0,17,27,0,167
12,"Pasco/Kennewick/Richland, WA",2,0,2,0,3,4,1,87
12,"Pellston, MI",3,0,0,0,0,3,0,12
12,"Pensacola, FL",34,1,26,0,24,54,1,261
12,"Peoria, IL",6,0,9,0,6,13,0,72
12,"Petersburg, AK",0,0,0,0,1,1,0,14
12,"Philadelphia, PA",205,18,189,2,215,348,11,1709
12,"Phoenix, AZ",468,21,395,4,451,798,19,4128
12,"Pittsburgh, PA",109,3,68,1,112,172,5,832
12,"Plattsburgh, NY",1,1,2,0,1,3,0,9
12,"Pocatello, ID",1,0,1,0,0,1,0,14
12,"Ponce, PR",6,0,3,0,5,8,0,26
12,"Portland, ME",9,1,10,0,14,19,8,137
12,"Portland, OR",77,13,73,1,94,165,6,1076
12,"Portsmouth, NH",1,0,1,0,0,1,0,6
12,"Prescott, AZ",1,0,2,0,1,2,0,14
12,"Providence, RI",37,0,15,0,35,52,0,248
12,"Provo, UT",2,0,1,0,3,4,0,39
12,"Punta Gorda, FL",30,2,39,0,33,64,0,175
12,"Raleigh/Durham, NC",141,8,104,0,156,235,7,1106
12,"Rapid City, SD",7,1,5,0,3,11,1,74
12,"Redding, CA",1,0,2,0,0,2,0,27
12,"Reno, NV",38,1,23,1,41,66,0,393
12,"Rhinelander, WI",2,0,0,0,0,2,2,14
12,"Richmond, VA",55,4,38,2,45,81,1,329
12,"Riverton/Lander, WY",0,0,1,0,0,1,0,9
12,"Roanoke, VA",6,0,4,0,2,9,0,51
12,"Rochester, MN",1,1,1,0,1,2,2,36
12,"Rochester, NY",34,0,20,0,25,40,0,212
12,"Rock Springs, WY",0,0,0,0,0,0,0,9
12,"Rockford, IL",1,0,2,0,1,1,0,21
12,"Roswell, NM",0,0,1,1,1,2,0,14
12,"Sacramento, CA",97,4,48,3,108,153,1,980
12,"Saginaw/Bay City/Midland, MI",6,2,6,0,0,9,0,39
12,"Saipan, TT",0,0,0,0,0,0,0,7
12,"Salina, KS",1,0,0,0,0,1,0,14
12,"Salt Lake City, UT",183,12,120,1,141,276,6,2223
12,"San Angelo, TX",0,0,0,0,1,1,0,21
12,"San Antonio, TX",112,7,112,3,98,195,4,781
12,"San Diego, CA",206,6,179,5,178,334,7,1755
12,"San Francisco, CA",197,20,804,4,236,957,11,2487
12,"San Jose, CA",72,2,40,1,92,126,1,894
12,"San Juan, PR",129,12,152,1,114,233,10,694
12,"San Luis Obispo, CA",6,1,7,0,6,14,0,92
12,"Sanford, FL",32,3,40,0,38,73,1,210
12,"Santa Ana, CA",76,3,61,1,75,134,4,863
12,"Santa Barbara, CA",13,4,4,0,16,26,0,125
12,"Santa Fe, NM",1,1,2,0,1,4,0,28
12,"Santa Maria, CA",0,0,0,0,0,0,0,2
12,"Santa Rosa, CA",0,3,6,0,9,14,0,67
12,"Sarasota/Bradenton, FL",52,0,61,0,47,106,4,446
12,"Sault Ste. Marie, MI",2,0,1,0,0,2,0,14
12,"Savannah, GA",40,2,32,1,46,76,1,362
12,"Scottsbluff, NE",0,0,1,0,1,1,0,12
12,"Scranton/Wilkes-Barre, PA",6,0,3,0,3,6,0,26
12,"Seattle, WA",183,13,194,0,181,387,13,2887
12,"Sheridan, WY",0,0,0,0,0,0,1,14
12,"Shreveport, LA",4,0,2,0,3,6,0,76
12,"Sioux City, IA",1,0,1,0,1,2,1,14
12,"Sioux Falls, SD",14,3,16,0,12,23,0,133
12,"Sitka, AK",0,0,0,0,2,2,0,21
12,"South Bend, IN",16,0,8,1,2,20,1,124
12,"Spokane, WA",37,1,26,0,30,61,1,335
12,"Springfield, IL",0,0,0,0,0,0,0,3
12,"Springfield, MO",14,2,20,1,14,29,0,142
12,"St. Cloud, MN",0,0,0,0,0,0,0,6
12,"St. George, UT",4,0,1,0,1,5,0,52
12,"St. Louis, MO",152,2,99,8,161,228,4,1263
12,"St. Petersburg, FL",8,4,37,0,20,48,4,181
12,"State College, PA",0,0,1,0,2,2,0,14
12,"Stillwater, OK",2,0,0,0,2,2,0,14
12,"Stockton, CA",1,0,0,0,0,1,0,11
12,"Sun Valley/Hailey/Ketchum, ID",1,0,1,0,0,2,0,53
12,"Syracuse, NY",49,2,30,0,37,72,1,273
12,"Tallahassee, FL",17,1,15,0,11,25,2,119
12,"Tampa, FL",283,13,271,4,287,500,15,1851
12,"Texarkana, AR",1,1,1,0,2,3,0,14
12,"Toledo, OH",2,0,3,0,0,3,0,14
12,"Traverse City, MI",5,2,9,0,5,14,0,49
12,"Trenton, NJ",5,0,5,0,9,12,1,48
12,"Tucson, AZ",65,4,42,1,43,87,1,394
12,"Tulsa, OK",44,3,22,2,40,55,0,296
12,"Twin Falls, ID",1,0,0,0,0,1,0,14
12,"Tyler, TX",1,1,1,0,0,2,0,21
12,"Valdosta, GA",2,0,1,0,0,2,0,14
12,"Valparaiso, FL",22,2,8,0,25,31,0,188
12,"Victoria, TX",2,1,0,0,0,3,0,12
12,"Waco, TX",4,0,0,0,2,4,1,21
12,"Walla Walla, WA",0,0,0,0,1,1,0,14
12,"Washington, DC",357,24,342,2,352,653,23,3700
12,"West Palm Beach/Palm Beach, FL",84,6,172,1,99,233,2,718
12,"White Plains, NY",46,2,26,0,34,60,1,246
12,"Wichita Falls, TX",2,0,1,0,0,3,0,14
12,"Wichita, KS",16,4,12,1,17,29,2,172
12,"Williston, ND",2,1,3,0,1,5,1,34
12,"Wilmington, NC",10,0,6,0,9,15,0,113
12,"Worcester, MA",9,0,7,0,8,11,1,34
12,"Wrangell, AK",0,0,1,0,1,1,0,14
12,"Yakutat, AK",0,0,2,0,1,2,0,14
12,"Yuma, AZ",0,0,0,0,0,0,0,30
13,"Aberdeen, SD",3,1,1,0,0,4,0,14
13,"Abilene, TX",5,0,3,0,3,6,0,33
13,"Adak Island, AK",0,0,0,0,0,0,0,2
13,"Aguadilla, PR",14,1,3,0,18,21,0,56
13,"Akron, OH",4,0,6,0,6,10,0,61
13,"Albany, GA",3,0,2,0,0,3,0,14
13,"Albany, NY",35,0,22,0,31,45,2,244
13,"Albuquerque, NM",56,2,35,0,50,78,0,434
13,"Alexandria, LA",1,1,3,0,0,2,0,35
13,"Allentown/Bethlehem/Easton, PA",7,0,7,0,6,12,0,89
13,"Alpena, MI",0,1,0,0,0,1,0,12
13,"Amarillo, TX",12,0,6,0,7,14,0,95
13,"Anchorage, AK",31,1,59,3,29,82,9,295
13,"Appleton, WI",8,4,15,1,12,22,0,123
13,"Arcata/Eureka, CA",4,0,8,0,1,10,1,33
13,"Asheville, NC",12,2,21,1,25,36,0,199
13,"Ashland, WV",0,0,0,0,0,0,0,4
13,"Aspen, CO",33,11,31,0,14,63,9,233
13,"Atlanta, GA",565,32,539,4,583,1068,10,6519
13,"Atlantic City, NJ",17,1,19,0,7,24,1,73
13,"Augusta, GA",6,1,5,0,1,9,0,57
13,"Austin, TX",167,5,165,2,184,315,1,1648
13,"Bakersfield, CA",4,0,3,0,5,8,0,41
13,"Baltimore, MD",187,6,139,4,228,321,7,1866
13,"Bangor, ME",2,0,3,0,3,5,0,58
13,"Barrow, AK",0,0,0,0,1,1,0,7
13,"Baton Rouge, LA",10,0,7,0,5,10,0,83
13,"Beaumont/Port Arthur, TX",1,0,0,0,1,1,0,14
13,"Belleville, IL",3,0,2,0,0,3,0,20
13,"Bellingham, WA",2,1,4,0,4,7,0,61
13,"Bemidji, MN",2,1,1,0,0,2,0,14
13,"Bend/Redmond, OR",10,1,17,1,8,24,0,117
13,"Bethel, AK",2,1,2,0,2,4,0,14
13,"Billings, MT",11,1,2,0,3,14,0,62
13,"Binghamton, NY",0,0,0,0,0,0,0,7
13,"Birmingham, AL",36,0,29,0,36,60,0,313
13,"Bishop, CA",2,1,3,0,0,5,1,13
13,"Bismarck/Mandan, ND",4,0,2,0,2,6,1,66
13,"Bloomington/Normal, IL",1,0,4,0,1,4,0,32
13,"Boise, ID",36,5,30,0,30,63,1,401
13,"Boston, MA",289,15,323,5,300,593,8,2595
13,"Bozeman, MT",12,3,9,0,13,26,0,193
13,"Brainerd, MN",4,0,2,0,0,4,0,12
13,"Bristol/Johnson City/Kingsport, TN",3,0,2,0,1,4,0,38
13,"Brownsville, TX",3,0,3,0,1,4,0,44
13,"Brunswick, GA",0,0,0,0,0,0,0,14
13,"Buffalo, NY",51,1,28,1,40,70,4,421
13,"Burbank, CA",55,0,60,0,59,99,3,520
13,"Burlington, VT",6,0,0,0,4,8,0,109
13,"Butte, MT",1,0,0,0,0,1,0,13
13,"Casper, WY",0,1,0,0,0,1,0,7
13,"Cedar City, UT",0,0,0,0,0,0,0,12
13,"Cedar Rapids/Iowa City, IA",16,4,15,0,15,26,0,135
13,"Champaign/Urbana, IL",1,0,4,0,6,8,0,28
13,"Charleston, SC",55,1,42,0,47,89,1,471
13,"Charleston/Dunbar, WV",5,0,5,0,3,9,0,62
13,"Charlotte Amalie, VI",10,4,14,1,8,23,2,139
13,"Charlotte, NC",388,30,387,6,472,740,7,3945
13,"Charlottesville, VA",1,0,0,0,2,2,0,58
13,"Chattanooga, TN",15,0,14,1,9,22,0,131
13,"Cheyenne, WY",0,0,1,0,0,1,0,13
13,"Chicago, IL",581,33,481,9,527,996,23,6727
13,"Christiansted, VI",2,0,5,0,1,6,0,35
13,"Cincinnati, OH",74,4,88,0,100,150,3,822
13,"Clarksburg/Fairmont, WV",1,0,1,0,0,1,0,4
13,"Cleveland, OH",97,2,79,1,97,157,0,783
13,"College Station/Bryan, TX",0,0,0,0,0,0,0,21
13,"Colorado Springs, CO",20,1,8,1,18,30,0,223
13,"Columbia, MO",1,1,2,0,1,4,0,33
13,"Columbia, SC",13,0,8,2,16,19,0,119
13,"Columbus, GA",0,2,2,0,0,3,0,20
13,"Columbus, MS",0,0,1,0,0,1,0,14
13,"Columbus, OH",97,3,74,1,81,148,2,808
13,"Concord, NC",3,0,4,0,2,5,0,14
13,"Cordova, AK",1,0,2,0,1,3,0,14
13,"Corpus Christi, TX",6,0,5,0,4,10,0,75
13,"Dallas, TX",132,5,110,1,145,218,8,1439
13,"Dallas/Fort Worth, TX",630,58,583,10,642,1138,14,5739
13,"Dayton, OH",15,0,6,1,8,18,0,151
13,"Daytona Beach, FL",8,0,13,0,8,14,0,58
13,"Deadhorse, AK",1,0,0,0,0,1,1,11
13,"Decatur, IL",0,0,1,0,1,1,0,19
13,"Denver, CO",542,19,418,5,609,952,27,5719
13,"Des Moines, IA",32,2,19,0,24,50,0,289
13,"Detroit, MI",231,16,176,3,180,377,6,2512
13,"Devils Lake, ND",2,0,1,0,0,3,0,13
13,"Dickinson, ND",0,0,0,0,0,0,0,13
13,"Dodge City, KS",0,0,3,0,2,3,0,12
13,"Dothan, AL",2,0,1,0,0,3,0,14
13,"Duluth, MN",4,3,3,0,0,7,1,34
13,"Durango, CO",7,0,6,0,1,9,0,63
13,"Eagle, CO",20,0,8,0,8,25,0,141
13,"El Paso, TX",35,0,16,0,35,53,0,304
13,"Elko, NV",0,0,0,0,0,0,0,7
13,"Elmira/Corning, NY",2,0,3,0,0,2,0,20
13,"Escanaba, MI",0,0,0,0,0,0,0,12
13,"Eugene, OR",14,1,13,0,18,29,0,149
13,"Evansville, IN",10,0,5,0,2,11,0,36
13,"Everett, WA",0,0,6,0,7,9,0,32
13,"Fairbanks, AK",6,0,14,0,2,15,0,69
13,"Fargo, ND",9,2,11,0,1,13,0,121
13,"Fayetteville, AR",18,0,14,1,16,31,0,234
13,"Fayetteville, NC",2,0,1,0,2,2,0,21
13,"Flagstaff, AZ",0,1,0,0,0,1,0,29
13,"Flint, MI",4,0,2,0,4,7,0,59
13,"Fort Dodge, IA",1,0,3,0,2,4,0,12
13,"Fort Lauderdale, FL",327,16,428,5,293,639,12,2084
13,"Fort Myers, FL",132,9,218,2,142,307,14,1037
13,"Fort Smith, AR",1,0,0,0,1,1,0,21
13,"Fort Wayne, IN",8,1,6,0,1,12,1,82
13,"Fresno, CA",28,2,23,0,21,46,0,217
13,"Gainesville, FL",5,0,6,0,1,8,0,48
13,"Garden City, KS",1,0,0,0,1,1,0,14
13,"Gillette, WY",2,0,1,0,0,3,0,14
13,"Grand Forks, ND",3,3,4,0,0,6,0,26
13,"Grand Island, NE",2,0,1,0,0,1,0,18
13,"Grand Junction, CO",5,1,5,0,2,9,0,65
13,"Grand Rapids, MI",36,2,29,0,34,64,1,393
13,"Great Falls, MT",3,0,2,0,0,3,0,52
13,"Green Bay, WI",7,5,9,0,3,18,0,89
13,"Greensboro/High Point, NC",20,0,10,0,13,29,0,216
13,"Greer, SC",32,0,18,0,23,46,0,290
13,"Guam, TT",2,0,2,0,1,4,0,14
13,"Gulfport/Biloxi, MS",6,0,4,0,2,8,0,63
13,"Gunnison, CO",1,0,0,0,1,1,0,22
13,"Hagerstown, MD",0,0,0,0,0,0,0,4
13,"Hancock/Houghton, MI",0,0,0,0,1,1,2,14
13,"Harlingen/San Benito, TX",6,0,5,0,8,12,0,79
13,"Harrisburg, PA",4,1,4,0,5,9,0,90
13,"Hartford, CT",64,2,38,1,57,89,2,395
13,"Hattiesburg/Laurel, MS",1,0,1,0,0,1,0,12
13,"Hayden, CO",5,0,7,0,5,12,0,93
13,"Hays, KS",0,0,0,0,0,0,0,14
13,"Helena, MT",1,0,1,0,0,1,0,28
13,"Hibbing, MN",3,0,1,0,0,3,0,12
13,"Hilo, HI",7,0,1,0,5,7,0,130
13,"Hilton Head, SC",2,2,6,1,1,6,0,22
13,"Honolulu, HI",66,5,29,1,37,92,1,1199
13,"Houston, TX",301,13,236,5,269,495,8,3280
13,"Huntsville, AL",18,0,10,1,14,21,0,176
13,"Idaho Falls, ID",4,0,2,0,2,5,0,51
13,"Indianapolis, IN",109,4,100,1,107,188,2,992
13,"International Falls, MN",1,1,2,0,0,2,0,12
13,"Iron Mountain/Kingsfd, MI",1,0,0,0,0,1,0,14
13,"Islip, NY",18,0,12,0,18,22,0,105
13,"Ithaca/Cortland, NY",0,0,0,0,2,2,0,14
13,"Jackson, WY",9,2,5,0,7,16,0,111
13,"Jackson/Vicksburg, MS",14,0,11,0,15,23,0,127
13,"Jacksonville, FL",83,2,69,0,87,134,1,605
13,"Jacksonville/Camp Lejeune, NC",1,0,0,0,0,1,0,21
13,"Jamestown, ND",0,1,1,0,1,2,0,13
13,"Johnstown, PA",0,0,0,0,1,1,0,14
13,"Joplin, MO",0,0,0,0,0,0,0,12
13,"Juneau, AK",7,0,4,0,8,14,1,77
13,"Kahului, HI",22,1,8,0,6,27,1,525
13,"Kalamazoo, MI",3,0,1,0,0,3,0,20
13,"Kalispell, MT",4,0,2,0,3,6,0,54
13,"Kansas City, MO",103,2,75,1,98,159,2,966
13,"Ketchikan, AK",6,0,2,0,1,6,0,42
13,"Key West, FL",13,6,52,0,21,60,0,192
13,"Killeen, TX",4,0,0,0,2,4,0,28
13,"Knoxville, TN",25,1,21,0,24,39,0,266
13,"Kodiak, AK",1,0,0,0,2,3,0,13
13,"Kona, HI",12,0,5,0,8,19,0,313
13,"Kotzebue, AK",0,0,0,0,0,0,2,7
13,"Lafayette, LA",6,1,4,0,5,12,0,73
13,"Lake Charles, LA",3,0,1,0,0,3,0,21
13,"Lansing, MI",2,0,2,1,2,3,0,26
13,"Laramie, WY",0,0,1,0,1,1,0,12
13,"Laredo, TX",5,0,4,0,2,5,0,29
13,"Las Vegas, NV",420,13,434,6,480,736,11,3678
13,"Latrobe, PA",0,0,3,0,2,3,0,7
13,"Lawton/Fort Sill, OK",4,0,1,0,2,4,0,21
13,"Lewiston, ID",2,0,1,0,1,3,0,21
13,"Lexington, KY",21,0,13,1,12,31,0,182
13,"Liberal, KS",1,0,2,0,2,3,0,12
13,"Lihue, HI",19,0,5,0,10,24,0,307
13,"Lincoln, NE",0,0,0,0,0,0,0,9
13,"Little Rock, AR",30,0,18,0,20,43,1,225
13,"Long Beach, CA",22,0,28,0,28,42,2,344
13,"Longview, TX",2,0,0,0,0,2,0,14
13,"Los Angeles, CA",462,33,622,6,359,885,14,3644
13,"Louisville, KY",45,2,36,2,35,68,0,473
13,"Lubbock, TX",5,0,5,0,6,9,0,126
13,"Madison, WI",30,3,18,0,14,43,0,219
13,"Manchester, NH",7,0,11,0,9,18,0,97
13,"Manhattan/Ft. Riley, KS",2,0,0,0,2,3,0,14
13,"Marquette, MI",1,0,0,0,0,1,0,14
13,"Mason City, IA",1,0,1,0,2,3,0,12
13,"Medford, OR",8,0,3,0,6,12,0,80
13,"Melbourne, FL",6,0,8,0,7,12,0,57
13,"Memphis, TN",43,3,42,1,40,74,0,411
13,"Meridian, MS",3,0,2,0,0,2,0,12
13,"Miami, FL",342,36,454,0,305,652,14,2387
13,"Midland/Odessa, TX",4,1,4,0,6,11,0,165
13,"Milwaukee, WI",80,2,43,0,61,110,0,603
13,"Minneapolis, MN",204,49,178,0,188,423,35,2358
13,"Minot, ND",4,0,2,0,1,5,0,42
13,"Mission/McAllen/Edinburg, TX",7,0,4,1,3,10,0,62
13,"Missoula, MT",9,0,5,0,6,14,0,59
13,"Mobile, AL",6,0,7,0,6,9,0,48
13,"Moline, IL",9,0,5,0,1,9,0,84
13,"Monroe, LA",4,1,3,0,0,4,0,35
13,"Monterey, CA",4,0,6,0,3,7,0,65
13,"Montgomery, AL",2,3,2,0,3,7,0,47
13,"Montrose/Delta, CO",7,0,5,0,6,12,0,83
13,"Mosinee, WI",1,1,3,0,2,3,0,14
13,"Myrtle Beach, SC",25,0,30,0,19,43,0,260
13,"Nashville, TN",181,6,115,3,195,286,3,1909
13,"New Orleans, LA",129,3,112,0,122,218,8,1019
13,"New York, NY",612,19,465,4,509,925,8,5365
13,"Newark, NJ",240,5,181,2,187,342,14,2443
13,"Newburgh/Poughkeepsie, NY",2,0,2,0,0,1,0,8
13,"Niagara Falls, NY",0,0,0,0,0,0,0,15
13,"Nome, AK",1,1,0,0,1,3,0,7
13,"Norfolk, VA",49,0,24,0,32,65,0,371
13,"North Bend/Coos Bay, OR",1,0,2,0,1,3,0,4
13,"North Platte, NE",1,0,1,0,0,1,0,12
13,"Oakland, CA",105,0,80,0,95,152,3,807
13,"Oklahoma City, OK",37,0,24,0,37,61,1,405
13,"Omaha, NE",59,3,33,0,46,84,1,453
13,"Ontario, CA",55,1,43,0,47,89,1,468
13,"Orlando, FL",471,18,615,7,533,1014,39,3551
13,"Pago Pago, TT",0,0,0,0,0,0,0,2
13,"Palm Springs, CA",27,3,40,0,34,67,0,388
13,"Panama City, FL",14,1,15,1,13,28,0,167
13,"Pasco/Kennewick/Richland, WA",8,1,5,0,3,12,0,87
13,"Pellston, MI",2,0,1,0,0,2,0,12
13,"Pensacola, FL",38,2,31,1,30,61,0,259
13,"Peoria, IL",6,0,3,0,7,13,0,72
13,"Petersburg, AK",0,0,0,0,1,1,0,14
13,"Philadelphia, PA",233,11,163,5,216,358,8,1725
13,"Phoenix, AZ",476,20,480,2,459,877,11,4081
13,"Pittsburgh, PA",81,6,70,1,85,141,2,837
13,"Plattsburgh, NY",1,0,3,0,0,3,0,9
13,"Pocatello, ID",1,0,1,0,0,1,0,14
13,"Ponce, PR",6,0,4,0,3,6,0,26
13,"Portland, ME",15,0,10,0,13,23,1,138
13,"Portland, OR",114,6,126,2,112,217,2,1074
13,"Portsmouth, NH",0,0,0,1,0,0,0,6
13,"Prescott, AZ",0,0,0,0,1,1,0,14
13,"Providence, RI",28,1,14,0,24,37,2,250
13,"Provo, UT",7,0,7,0,6,10,0,39
13,"Punta Gorda, FL",12,1,29,0,14,38,1,179
13,"Raleigh/Durham, NC",162,2,131,2,152,262,0,1105
13,"Rapid City, SD",8,1,4,0,2,10,1,75
13,"Redding, CA",2,0,3,0,0,3,0,27
13,"Reno, NV",44,0,31,1,42,72,2,391
13,"Rhinelander, WI",1,0,1,0,0,2,0,14
13,"Richmond, VA",45,1,28,0,27,57,1,330
13,"Riverton/Lander, WY",0,1,0,0,0,1,0,9
13,"Roanoke, VA",2,0,4,0,1,4,0,51
13,"Rochester, MN",6,2,5,0,0,8,0,36
13,"Rochester, NY",24,0,6,0,19,28,0,212
13,"Rock Springs, WY",0,0,0,0,0,0,0,9
13,"Rockford, IL",0,0,0,0,0,0,0,19
13,"Roswell, NM",1,0,0,0,2,2,0,14
13,"Sacramento, CA",125,3,91,1,125,180,1,982
13,"Saginaw/Bay City/Midland, MI",4,0,3,0,2,7,0,39
13,"Saipan, TT",0,0,0,0,0,0,0,7
13,"Salina, KS",0,0,1,0,0,1,0,14
13,"Salt Lake City, UT",190,14,138,3,167,326,1,2217
13,"San Angelo, TX",7,0,0,0,1,8,0,21
13,"San Antonio, TX",113,1,86,1,96,178,2,778
13,"San Diego, CA",230,6,363,3,256,487,4,1758
13,"San Francisco, CA",297,18,1081,5,326,1253,14,2481
13,"San Jose, CA",99,5,83,4,93,164,3,897
13,"San Juan, PR",135,2,98,0,93,177,5,694
13,"San Luis Obispo, CA",12,0,11,0,4,17,1,92
13,"Sanford, FL",6,0,26,1,20,38,1,214
13,"Santa Ana, CA",92,2,101,0,87,184,2,860
13,"Santa Barbara, CA",7,1,11,0,14,20,0,124
13,"Santa Fe, NM",0,0,0,0,1,1,0,28
13,"Santa Maria, CA",1,0,0,0,0,1,0,2
13,"Santa Rosa, CA",6,0,14,0,8,21,0,67
13,"Sarasota/Bradenton, FL",41,0,72,0,36,99,1,441
13,"Sault Ste. Marie, MI",3,1,2,0,0,4,0,14
13,"Savannah, GA",31,2,23,2,29,51,0,362
13,"Scottsbluff, NE",1,1,2,0,0,2,0,12
13,"Scranton/Wilkes-Barre, PA",2,0,0,0,2,2,0,26
13,"Seattle, WA",248,17,258,2,259,517,19,2886
13,"Sheridan, WY",3,0,2,0,0,3,0,14
13,"Shreveport, LA",9,1,9,0,8,18,0,76
13,"Sioux City, IA",2,0,1,0,0,2,0,14
13,"Sioux Falls, SD",17,2,9,0,4,23,0,133
13,"Sitka, AK",1,0,3,0,3,4,1,21
13,"South Bend, IN",14,1,10,0,2,18,0,124
13,"Spokane, WA",45,2,37,0,29,70,0,334
13,"Springfield, IL",1,0,1,0,0,1,0,3
13,"Springfield, MO",13,0,6,1,6,15,0,143
13,"St. Cloud, MN",0,0,1,0,0,1,0,6
13,"St. George, UT",4,0,1,0,0,4,0,52
13,"St. Louis, MO",134,1,86,4,149,229,3,1261
13,"St. Petersburg, FL",11,0,23,0,14,32,0,180
13,"State College, PA",0,0,1,0,0,0,0,14
13,"Stillwater, OK",1,0,0,0,2,2,0,14
13,"Stockton, CA",0,0,0,1,0,1,0,11
13,"Sun Valley/Hailey/Ketchum, ID",2,1,3,0,1,7,0,48
13,"Syracuse, NY",35,0,18,0,22,48,3,272
13,"Tallahassee, FL",13,1,20,0,12,26,0,120
13,"Tampa, FL",226,9,431,3,267,601,13,1845
13,"Texarkana, AR",1,0,0,0,0,1,0,14
13,"Toledo, OH",1,0,1,0,2,2,0,15
13,"Traverse City, MI",10,0,3,0,1,9,0,51
13,"Trenton, NJ",5,0,10,0,10,14,0,49
13,"Tucson, AZ",37,9,42,0,34,76,0,396
13,"Tulsa, OK",30,1,12,0,27,47,0,298
13,"Twin Falls, ID",0,0,0,0,0,0,0,14
13,"Tyler, TX",1,0,1,0,1,2,0,21
13,"Valdosta, GA",4,0,1,0,0,4,0,14
13,"Valparaiso, FL",20,1,15,0,18,31,0,190
13,"Victoria, TX",1,0,1,0,0,1,0,12
13,"Waco, TX",3,0,1,0,3,4,0,21
13,"Walla Walla, WA",0,0,0,0,0,0,0,14
13,"Washington, DC",335,18,315,2,335,595,5,3694
13,"West Palm Beach/Palm Beach, FL",101,7,144,0,90,216,3,702
13,"White Plains, NY",43,2,29,0,28,56,1,246
13,"Wichita Falls, TX",1,0,0,1,0,2,0,14
13,"Wichita, KS",15,3,7,0,9,23,0,177
13,"Williston, ND",4,1,3,0,1,6,0,34
13,"Wilmington, NC",14,0,11,0,11,17,0,113
13,"Worcester, MA",5,0,7,0,5,9,0,34
13,"Wrangell, AK",0,1,0,0,2,3,0,14
13,"Yakutat, AK",0,1,2,0,3,3,0,14
13,"Yuma, AZ",0,0,0,0,0,0,0,29
14,"Aberdeen, SD",1,0,0,0,0,1,0,14
14,"Abilene, TX",1,2,4,0,2,4,0,34
14,"Adak Island, AK",0,0,0,0,0,0,0,2
14,"Aguadilla, PR",10,0,3,0,9,10,1,56
14,"Akron, OH",10,0,9,0,11,18,0,66
14,"Albany, GA",5,0,4,0,0,5,0,14
14,"Albany, NY",52,2,31,1,38,65,1,247
14,"Albuquerque, NM",59,3,31,0,36,75,1,437
14,"Alexandria, LA",1,1,1,0,1,3,0,35
14,"Allentown/Bethlehem/Easton, PA",8,1,6,0,13,17,0,88
14,"Alpena, MI",1,0,1,0,0,1,0,12
14,"Amarillo, TX",4,1,7,0,10,13,0,88
14,"Anchorage, AK",30,0,41,2,30,65,8,288
14,"Appleton, WI",14,6,14,0,9,26,4,126
14,"Arcata/Eureka, CA",1,1,2,0,1,3,1,28
14,"Asheville, NC",23,1,16,0,15,35,1,220
14,"Ashland, WV",1,0,1,0,1,1,0,4
14,"Aspen, CO",37,3,22,1,12,54,15,197
14,"Atlanta, GA",570,62,469,8,585,1041,35,6532
14,"Atlantic City, NJ",7,1,11,1,1,13,2,69
14,"Augusta, GA",6,0,3,0,5,9,0,86
14,"Austin, TX",210,13,165,3,199,334,8,1653
14,"Bakersfield, CA",3,0,1,0,3,5,0,41
14,"Baltimore, MD",214,14,187,3,240,380,24,1882
14,"Bangor, ME",10,2,8,1,10,17,4,58
14,"Barrow, AK",0,0,1,0,1,1,0,7
14,"Baton Rouge, LA",6,1,4,0,6,10,0,93
14,"Beaumont/Port Arthur, TX",1,1,1,0,1,2,0,14
14,"Belleville, IL",0,0,2,0,2,2,0,20
14,"Bellingham, WA",3,0,5,0,6,9,0,60
14,"Bemidji, MN",2,1,0,0,0,3,0,14
14,"Bend/Redmond, OR",7,0,3,0,3,10,1,111
14,"Bethel, AK",1,0,1,0,1,3,0,14
14,"Billings, MT",7,2,5,0,4,12,0,74
14,"Binghamton, NY",1,0,0,0,1,1,0,7
14,"Birmingham, AL",37,2,27,1,33,62,1,327
14,"Bishop, CA",1,0,0,0,0,1,0,3
14,"Bismarck/Mandan, ND",7,0,4,0,1,7,0,67
14,"Bloomington/Normal, IL",2,0,1,0,1,2,1,32
14,"Boise, ID",27,2,21,0,28,50,0,417
14,"Boston, MA",371,15,439,3,364,708,92,2570
14,"Bozeman, MT",13,0,6,0,17,21,0,168
14,"Brainerd, MN",0,0,0,0,0,0,0,12
14,"Bristol/Johnson City/Kingsport, TN",0,0,1,0,0,1,0,38
14,"Brownsville, TX",1,0,1,0,1,2,0,35
14,"Brunswick, GA",2,0,1,0,0,3,0,14
14,"Buffalo, NY",71,4,34,0,63,105,9,423
14,"Burbank, CA",63,2,40,1,70,104,1,526
14,"Burlington, VT",9,3,9,0,10,17,7,113
14,"Butte, MT",0,0,0,0,0,0,0,13
14,"Casper, WY",0,0,0,0,0,0,0,7
14,"Cedar City, UT",3,0,1,0,0,2,0,12
14,"Cedar Rapids/Iowa City, IA",16,3,17,1,24,38,0,141
14,"Champaign/Urbana, IL",2,3,3,0,5,7,0,28
14,"Charleston, SC",60,4,45,1,53,93,6,493
14,"Charleston/Dunbar, WV",9,2,8,0,8,16,0,62
14,"Charlotte Amalie, VI",19,1,17,1,8,30,1,131
14,"Charlotte, NC",386,34,353,8,448,716,55,4117
14,"Charlottesville, VA",4,0,5,0,2,9,3,64
14,"Chattanooga, TN",13,2,11,0,13,24,1,136
14,"Cheyenne, WY",0,0,1,0,0,1,1,13
14,"Chicago, IL",815,59,910,6,756,1542,72,7019
14,"Christiansted, VI",4,0,4,0,4,8,0,32
14,"Cincinnati, OH",120,15,116,0,117,215,10,849
14,"Clarksburg/Fairmont, WV",0,0,0,0,0,0,0,4
14,"Cleveland, OH",126,12,94,0,112,190,14,781
14,"College Station/Bryan, TX",1,0,0,0,2,3,0,21
14,"Colorado Springs, CO",22,0,12,0,22,38,0,229
14,"Columbia, MO",2,2,1,0,3,6,0,30
14,"Columbia, SC",12,0,7,1,10,21,1,125
14,"Columbus, GA",3,1,0,0,0,4,0,20
14,"Columbus, MS",1,0,0,0,0,1,0,14
14,"Columbus, OH",132,6,93,1,111,201,9,820
14,"Concord, NC",1,0,5,1,5,5,0,14
14,"Cordova, AK",1,1,1,0,1,2,1,14
14,"Corpus Christi, TX",5,1,4,0,6,10,0,75
14,"Dallas, TX",141,6,103,2,167,240,8,1444
14,"Dallas/Fort Worth, TX",524,87,613,12,569,1014,38,5728
14,"Dayton, OH",25,1,19,0,16,38,2,158
14,"Daytona Beach, FL",12,2,8,0,6,17,0,58
14,"Deadhorse, AK",2,1,3,0,0,3,0,11
14,"Decatur, IL",1,1,0,0,3,4,0,19
14,"Denver, CO",560,21,474,2,497,970,33,5761
14,"Des Moines, IA",28,1,22,0,25,47,3,294
14,"Detroit, MI",286,34,222,1,199,454,34,2525
14,"Devils Lake, ND",1,0,0,0,0,1,0,13
14,"Dickinson, ND",1,0,1,0,0,2,0,13
14,"Dodge City, KS",0,0,0,0,0,0,0,12
14,"Dothan, AL",3,0,1,0,1,2,0,14
14,"Duluth, MN",1,0,0,0,1,2,0,40
14,"Durango, CO",4,1,6,0,1,10,0,59
14,"Eagle, CO",8,0,6,0,1,12,1,86
14,"El Paso, TX",38,3,26,0,36,54,0,326
14,"Elko, NV",0,0,0,0,0,0,0,7
14,"Elmira/Corning, NY",4,0,3,0,0,4,0,20
14,"Escanaba, MI",2,0,0,0,0,2,0,12
14,"Eugene, OR",12,1,6,0,14,19,0,148
14,"Evansville, IN",5,3,4,0,3,9,0,36
14,"Everett, WA",3,0,7,0,2,7,0,32
14,"Fairbanks, AK",10,1,9,0,5,19,2,62
14,"Fargo, ND",15,4,10,0,4,23,1,122
14,"Fayetteville, AR",21,7,19,1,11,35,1,245
14,"Fayetteville, NC",2,1,1,1,2,3,0,20
14,"Flagstaff, AZ",0,0,1,0,1,2,0,32
14,"Flint, MI",3,0,5,0,11,14,0,50
14,"Fort Dodge, IA",1,0,4,0,5,6,0,12
14,"Fort Lauderdale, FL",252,30,330,0,244,499,43,2053
14,"Fort Myers, FL",104,8,139,0,107,226,27,1000
14,"Fort Smith, AR",2,0,1,0,2,3,0,21
14,"Fort Wayne, IN",14,2,12,1,5,23,2,86
14,"Fresno, CA",16,1,16,0,17,32,1,216
14,"Gainesville, FL",6,1,5,0,4,12,0,55
14,"Garden City, KS",1,1,2,0,1,3,0,14
14,"Gillette, WY",3,0,1,0,0,3,1,14
14,"Grand Forks, ND",3,0,1,1,0,4,0,26
14,"Grand Island, NE",1,1,0,0,0,2,0,18
14,"Grand Junction, CO",4,1,1,0,2,6,1,58
14,"Grand Rapids, MI",55,4,47,0,56,94,2,394
14,"Great Falls, MT",2,1,1,0,0,3,0,52
14,"Green Bay, WI",15,2,9,0,7,22,7,93
14,"Greensboro/High Point, NC",17,4,17,0,18,31,5,220
14,"Greer, SC",30,2,32,0,25,55,5,302
14,"Guam, TT",1,0,0,0,0,1,0,14
14,"Gulfport/Biloxi, MS",8,0,9,1,5,15,0,63
14,"Gunnison, CO",0,0,0,0,0,0,0,17
14,"Hagerstown, MD",0,0,1,0,0,1,0,4
14,"Hancock/Houghton, MI",1,2,4,0,1,4,3,14
14,"Harlingen/San Benito, TX",8,1,2,0,6,11,0,86
14,"Harrisburg, PA",13,2,7,0,5,19,0,110
14,"Hartford, CT",82,3,62,2,61,108,8,440
14,"Hattiesburg/Laurel, MS",1,0,0,0,0,1,0,12
14,"Hayden, CO",2,0,1,0,3,4,0,49
14,"Hays, KS",5,0,5,0,3,8,0,15
14,"Helena, MT",2,0,0,0,0,2,0,28
14,"Hibbing, MN",1,0,0,0,0,1,0,12
14,"Hilo, HI",17,0,2,0,11,19,0,143
14,"Hilton Head, SC",3,2,5,0,2,9,1,35
14,"Honolulu, HI",87,1,31,1,63,131,6,1208
14,"Houston, TX",333,20,237,5,283,498,19,3271
14,"Huntsville, AL",21,3,15,0,13,32,0,183
14,"Idaho Falls, ID",4,2,3,0,1,8,0,62
14,"Indianapolis, IN",142,8,108,1,108,209,16,984
14,"International Falls, MN",2,0,0,0,0,2,0,12
14,"Iron Mountain/Kingsfd, MI",2,0,1,0,0,2,0,14
14,"Islip, NY",14,2,6,1,16,22,2,107
14,"Ithaca/Cortland, NY",2,0,1,0,1,3,1,14
14,"Jackson, WY",10,0,6,0,5,13,0,78
14,"Jackson/Vicksburg, MS",12,2,11,0,10,23,0,136
14,"Jacksonville, FL",73,3,68,0,54,118,7,610
14,"Jacksonville/Camp Lejeune, NC",1,0,0,0,0,1,0,29
14,"Jamestown, ND",0,0,0,0,0,0,0,13
14,"Johnstown, PA",2,0,4,0,3,6,0,14
14,"Joplin, MO",0,0,2,0,3,3,0,12
14,"Juneau, AK",3,1,4,0,7,11,1,77
14,"Kahului, HI",43,0,7,1,19,46,5,531
14,"Kalamazoo, MI",4,0,1,0,0,4,0,20
14,"Kalispell, MT",2,0,0,0,0,2,0,52
14,"Kansas City, MO",133,6,105,1,145,223,8,983
14,"Ketchikan, AK",4,0,2,0,1,4,1,42
14,"Key West, FL",19,2,38,0,17,49,5,181
14,"Killeen, TX",0,0,2,0,2,2,0,32
14,"Knoxville, TN",32,8,30,0,34,65,3,281
14,"Kodiak, AK",0,1,1,0,1,1,1,13
14,"Kona, HI",24,0,8,0,9,29,1,310
14,"Kotzebue, AK",0,1,0,0,0,1,2,7
14,"Lafayette, LA",5,0,3,1,6,10,0,62
14,"Lake Charles, LA",0,1,1,0,0,1,0,21
14,"Lansing, MI",8,1,5,0,3,13,1,26
14,"Laramie, WY",3,0,1,0,1,4,1,12
14,"Laredo, TX",2,1,3,0,3,5,0,33
14,"Las Vegas, NV",374,19,339,3,400,657,15,3666
14,"Latrobe, PA",1,0,2,0,0,2,0,7
14,"Lawton/Fort Sill, OK",1,1,2,0,1,3,0,21
14,"Lewiston, ID",0,0,1,0,0,1,0,21
14,"Lexington, KY",21,2,15,0,11,29,3,188
14,"Liberal, KS",0,0,0,0,0,0,0,12
14,"Lihue, HI",21,0,9,1,16,27,1,305
14,"Lincoln, NE",5,0,4,0,2,7,0,21
14,"Little Rock, AR",27,7,33,0,21,51,2,250
14,"Long Beach, CA",29,0,17,0,30,41,0,344
14,"Longview, TX",1,1,0,0,0,2,0,14
14,"Los Angeles, CA",443,39,381,6,322,695,10,3621
14,"Louisville, KY",74,5,50,3,59,108,3,481
14,"Lubbock, TX",11,2,9,0,15,17,0,115
14,"Madison, WI",46,7,32,0,25,67,7,227
14,"Manchester, NH",15,0,11,1,16,22,4,101
14,"Manhattan/Ft. Riley, KS",0,1,2,0,2,2,0,14
14,"Marquette, MI",4,2,0,0,3,7,1,14
14,"Mason City, IA",1,0,1,0,2,3,0,12
14,"Medford, OR",6,0,4,0,3,9,1,80
14,"Melbourne, FL",6,2,8,1,6,15,0,57
14,"Memphis, TN",47,7,46,0,50,78,3,431
14,"Meridian, MS",1,0,0,0,1,2,0,12
14,"Miami, FL",265,28,315,3,249,519,50,2313
14,"Midland/Odessa, TX",11,2,10,0,14,22,0,187
14,"Milwaukee, WI",112,8,68,3,70,166,5,605
14,"Minneapolis, MN",194,39,155,0,167,357,13,2398
14,"Minot, ND",4,0,0,0,0,4,0,42
14,"Mission/McAllen/Edinburg, TX",7,1,8,0,6,10,0,60
14,"Missoula, MT",3,0,0,0,2,4,0,53
14,"Mobile, AL",4,1,2,0,0,5,0,48
14,"Moline, IL",8,2,9,0,8,17,0,71
14,"Monroe, LA",6,2,1,0,2,8,0,35
14,"Monterey, CA",4,0,4,0,2,6,0,69
14,"Montgomery, AL",4,2,2,0,2,6,0,47
14,"Montrose/Delta, CO",1,0,0,0,1,0,0,58
14,"Mosinee, WI",0,0,0,0,1,1,0,14
14,"Myrtle Beach, SC",28,6,37,1,27,56,5,272
14,"Nashville, TN",212,12,164,2,202,336,13,1906
14,"New Orleans, LA",147,8,110,2,110,207,6,1018
14,"New York, NY",581,58,664,6,544,1138,244,5392
14,"Newark, NJ",240,41,462,2,272,665,108,2493
14,"Newburgh/Poughkeepsie, NY",0,0,0,0,0,0,0,8
14,"Niagara Falls, NY",0,0,1,0,1,2,0,15
14,"Nome, AK",0,0,0,0,1,1,0,7
14,"Norfolk, VA",58,2,47,2,44,82,11,392
14,"North Bend/Coos Bay, OR",0,0,0,0,0,0,0,7
14,"North Platte, NE",1,0,1,0,1,2,0,12
14,"Oakland, CA",77,1,42,0,76,112,1,807
14,"Oklahoma City, OK",45,5,34,0,40,69,5,432
14,"Omaha, NE",52,7,38,0,39,82,2,454
14,"Ontario, CA",46,0,27,0,44,75,1,466
14,"Orlando, FL",337,26,471,6,439,774,89,3530
14,"Pago Pago, TT",0,0,0,0,0,0,0,2
14,"Palm Springs, CA",28,3,36,1,28,72,1,376
14,"Panama City, FL",17,0,13,0,13,24,1,167
14,"Pasco/Kennewick/Richland, WA",5,0,3,0,2,7,0,87
14,"Pellston, MI",0,0,0,0,0,0,0,12
14,"Pensacola, FL",30,1,28,0,34,50,2,269
14,"Peoria, IL",11,2,6,0,6,19,0,73
14,"Petersburg, AK",1,0,0,0,1,2,0,14
14,"Philadelphia, PA",260,17,220,9,267,431,25,1817
14,"Phoenix, AZ",441,30,458,1,396,783,12,4080
14,"Pittsburgh, PA",110,7,87,2,100,171,19,845
14,"Plattsburgh, NY",2,0,2,0,0,2,0,13
14,"Pocatello, ID",1,0,0,0,0,1,0,14
14,"Ponce, PR",5,0,4,0,3,6,1,26
14,"Portland, ME",20,2,17,0,18,33,13,143
14,"Portland, OR",81,3,78,1,85,153,3,1086
14,"Portsmouth, NH",1,0,1,0,1,2,0,8
14,"Prescott, AZ",3,0,1,0,0,3,0,14
14,"Providence, RI",32,4,28,0,30,58,3,272
14,"Provo, UT",3,1,4,0,4,5,0,38
14,"Punta Gorda, FL",11,0,26,1,16,39,0,168
14,"Raleigh/Durham, NC",151,13,112,0,148,241,25,1120
14,"Rapid City, SD",7,0,4,0,3,9,0,76
14,"Redding, CA",2,0,2,0,0,3,0,27
14,"Reno, NV",25,3,14,0,23,46,0,384
14,"Rhinelander, WI",3,0,2,0,0,3,0,14
14,"Richmond, VA",62,3,49,0,44,87,4,348
14,"Riverton/Lander, WY",1,0,0,0,0,1,0,9
14,"Roanoke, VA",4,0,3,0,2,5,0,51
14,"Rochester, MN",3,1,6,0,3,9,0,32
14,"Rochester, NY",32,0,16,0,25,44,8,214
14,"Rock Springs, WY",0,0,1,0,2,2,0,9
14,"Rockford, IL",2,0,2,0,1,2,0,17
14,"Roswell, NM",0,0,1,0,2,3,0,14
14,"Sacramento, CA",106,2,48,1,112,157,2,1001
14,"Saginaw/Bay City/Midland, MI",7,1,5,0,1,10,0,39
14,"Saipan, TT",0,0,0,0,0,0,0,7
14,"Salina, KS",1,0,2,0,4,5,0,15
14,"Salt Lake City, UT",197,19,106,1,146,310,6,2187
14,"San Angelo, TX",0,1,0,0,2,2,0,21
14,"San Antonio, TX",135,5,115,0,124,209,1,790
14,"San Diego, CA",195,8,185,0,166,316,6,1781
14,"San Francisco, CA",260,27,687,0,240,880,21,2437
14,"San Jose, CA",70,1,35,1,70,112,2,913
14,"San Juan, PR",102,10,85,1,76,152,13,702
14,"San Luis Obispo, CA",8,0,4,0,1,9,1,98
14,"Sanford, FL",12,5,24,1,21,45,0,204
14,"Santa Ana, CA",79,4,70,0,79,146,3,861
14,"Santa Barbara, CA",14,0,11,0,10,25,1,125
14,"Santa Fe, NM",1,0,1,0,0,1,0,36
14,"Santa Maria, CA",0,0,0,0,0,0,0,2
14,"Santa Rosa, CA",6,0,5,0,4,11,0,71
14,"Sarasota/Bradenton, FL",52,3,59,0,43,97,6,428
14,"Sault Ste. Marie, MI",2,0,0,0,0,2,0,14
14,"Savannah, GA",53,3,46,0,50,91,4,371
14,"Scottsbluff, NE",2,0,3,0,2,4,1,12
14,"Scranton/Wilkes-Barre, PA",5,0,1,0,6,7,0,23
14,"Seattle, WA",202,17,172,2,236,417,20,2899
14,"Sheridan, WY",3,0,2,0,1,4,0,14
14,"Shreveport, LA",3,0,3,0,4,8,0,76
14,"Sioux City, IA",2,0,2,0,1,3,0,14
14,"Sioux Falls, SD",16,3,13,0,7,24,1,142
14,"Sitka, AK",1,0,1,0,1,1,0,21
14,"South Bend, IN",24,2,20,0,10,36,2,132
14,"Spokane, WA",34,1,19,1,30,55,3,347
14,"Springfield, IL",0,1,2,0,1,2,0,3
14,"Springfield, MO",12,2,14,0,15,23,1,152
14,"St. Cloud, MN",0,0,0,0,0,0,0,6
14,"St. George, UT",3,1,2,0,1,4,0,57
14,"St. Louis, MO",159,7,115,0,158,254,9,1269
14,"St. Petersburg, FL",10,0,17,0,11,29,0,174
14,"State College, PA",3,0,1,0,1,4,0,14
14,"Stillwater, OK",1,2,3,0,1,3,0,14
14,"Stockton, CA",0,1,2,0,2,3,0,10
14,"Sun Valley/Hailey/Ketchum, ID",0,2,0,0,0,2,0,28
14,"Syracuse, NY",35,1,23,0,34,55,6,258
14,"Tallahassee, FL",10,1,13,0,6,21,0,119
14,"Tampa, FL",184,17,230,2,228,393,60,1830
14,"Texarkana, AR",3,1,1,0,2,4,0,14
14,"Toledo, OH",2,0,3,0,2,3,0,15
14,"Traverse City, MI",10,0,2,0,4,13,0,51
14,"Trenton, NJ",6,0,3,0,5,11,0,51
14,"Tucson, AZ",39,5,48,1,42,75,1,403
14,"Tulsa, OK",24,7,19,0,21,49,3,323
14,"Twin Falls, ID",1,0,0,0,0,1,0,14
14,"Tyler, TX",0,1,0,0,0,1,0,21
14,"Valdosta, GA",2,2,2,0,0,4,0,14
14,"Valparaiso, FL",24,2,18,0,24,37,0,198
14,"Victoria, TX",0,0,0,0,1,1,0,12
14,"Waco, TX",3,1,2,0,1,5,0,21
14,"Walla Walla, WA",1,0,0,0,0,1,0,14
14,"Washington, DC",401,46,415,5,427,759,64,3670
14,"West Palm Beach/Palm Beach, FL",82,8,95,0,71,157,20,676
14,"White Plains, NY",38,3,28,4,31,56,15,244
14,"Wichita Falls, TX",0,0,1,0,1,1,0,14
14,"Wichita, KS",21,6,21,0,27,47,1,199
14,"Williston, ND",4,0,0,0,1,5,0,34
14,"Wilmington, NC",17,0,13,0,17,28,1,130
14,"Worcester, MA",3,0,3,0,3,4,1,29
14,"Wrangell, AK",1,0,0,0,1,1,1,14
14,"Yakutat, AK",0,0,0,0,2,2,0,14
14,"Yuma, AZ",1,0,0,0,2,3,0,30
15,"Aberdeen, SD",1,0,0,0,0,1,0,14
15,"Abilene, TX",3,3,5,0,7,10,0,34
15,"Adak Island, AK",0,0,0,0,0,0,1,2
15,"Aguadilla, PR",10,0,4,0,10,13,0,54
15,"Akron, OH",12,2,13,0,11,21,0,68
15,"Albany, GA",2,2,2,0,0,4,0,14
15,"Albany, NY",31,3,22,0,36,54,0,231
15,"Albuquerque, NM",51,4,36,0,53,82,1,442
15,"Alexandria, LA",2,3,7,0,5,14,1,35
15,"Allentown/Bethlehem/Easton, PA",6,4,13,0,11,20,1,85
15,"Alpena, MI",0,0,0,0,0,0,0,12
15,"Amarillo, TX",14,2,8,1,13,21,2,85
15,"Anchorage, AK",34,2,43,3,33,69,7,296
15,"Appleton, WI",7,5,5,0,8,18,0,118
15,"Arcata/Eureka, CA",1,0,2,0,1,3,0,28
15,"Asheville, NC",29,4,37,0,24,63,1,235
15,"Ashland, WV",1,0,1,0,1,1,0,4
15,"Aspen, CO",20,2,11,0,2,26,0,95
15,"Atlanta, GA",648,55,672,6,686,1208,9,6579
15,"Atlantic City, NJ",5,0,4,0,2,8,0,71
15,"Augusta, GA",22,4,46,0,16,49,0,188
15,"Austin, TX",207,14,306,3,232,453,9,1689
15,"Bakersfield, CA",8,1,4,0,5,11,1,39
15,"Baltimore, MD",226,8,142,2,261,355,11,1909
15,"Bangor, ME",4,0,5,0,5,11,1,56
15,"Barrow, AK",1,0,1,0,2,3,0,8
15,"Baton Rouge, LA",13,4,21,0,14,30,1,101
15,"Beaumont/Port Arthur, TX",1,2,5,0,1,6,0,14
15,"Belleville, IL",0,0,0,0,0,0,0,20
15,"Bellingham, WA",0,0,1,0,4,4,0,59
15,"Bemidji, MN",0,0,0,0,0,0,0,14
15,"Bend/Redmond, OR",9,0,3,0,2,11,0,112
15,"Bethel, AK",1,0,1,0,1,1,1,14
15,"Billings, MT",5,1,7,0,2,10,0,75
15,"Binghamton, NY",1,0,1,0,1,2,0,7
15,"Birmingham, AL",45,7,54,3,37,82,2,335
15,"Bishop, CA",0,0,1,0,0,1,0,2
15,"Bismarck/Mandan, ND",4,0,1,0,2,5,0,65
15,"Bloomington/Normal, IL",3,1,3,0,2,6,1,32
15,"Boise, ID",27,1,16,0,25,46,1,408
15,"Boston, MA",266,31,547,3,366,770,22,2705
15,"Bozeman, MT",19,0,6,0,14,25,0,143
15,"Brainerd, MN",1,0,0,0,0,1,0,12
15,"Bristol/Johnson City/Kingsport, TN",1,2,3,0,2,4,1,38
15,"Brownsville, TX",2,3,6,0,5,10,0,35
15,"Brunswick, GA",1,0,1,0,0,1,0,14
15,"Buffalo, NY",53,1,30,0,41,78,1,417
15,"Burbank, CA",58,2,54,0,67,106,4,527
15,"Burlington, VT",13,1,9,0,11,20,1,117
15,"Butte, MT",1,0,0,1,0,2,0,13
15,"Casper, WY",0,0,0,0,0,0,0,7
15,"Cedar City, UT",1,0,1,1,0,2,0,12
15,"Cedar Rapids/Iowa City, IA",14,3,14,0,17,28,1,147
15,"Champaign/Urbana, IL",2,0,3,0,4,5,0,28
15,"Charleston, SC",61,6,51,0,60,102,3,522
15,"Charleston/Dunbar, WV",11,3,7,0,6,19,0,62
15,"Charlotte Amalie, VI",12,0,13,0,11,22,1,125
15,"Charlotte, NC",481,60,616,2,651,1076,27,4276
15,"Charlottesville, VA",8,0,7,0,6,15,0,63
15,"Chattanooga, TN",14,0,15,0,15,30,2,138
15,"Cheyenne, WY",0,0,0,0,0,0,0,13
15,"Chicago, IL",625,22,445,3,626,1045,25,7112
15,"Christiansted, VI",2,0,2,0,2,4,1,24
15,"Cincinnati, OH",90,7,86,2,99,162,2,843
15,"Clarksburg/Fairmont, WV",0,0,1,1,0,1,0,4
15,"Cleveland, OH",98,3,75,1,99,158,3,773
15,"College Station/Bryan, TX",3,1,4,0,4,6,0,21
15,"Colorado Springs, CO",26,1,13,0,26,43,1,226
15,"Columbia, MO",4,0,1,0,3,5,0,28
15,"Columbia, SC",17,3,17,0,20,32,0,127
15,"Columbus, GA",2,0,0,0,0,2,0,20
15,"Columbus, MS",1,1,2,0,1,3,0,14
15,"Columbus, OH",91,4,52,0,88,142,3,783
15,"Concord, NC",0,1,2,0,0,3,2,14
15,"Cordova, AK",0,0,0,0,1,1,1,14
15,"Corpus Christi, TX",10,2,7,0,18,21,1,74
15,"Dallas, TX",143,3,200,0,188,308,8,1406
15,"Dallas/Fort Worth, TX",671,212,1024,9,966,1684,97,5809
15,"Dayton, OH",16,2,14,0,12,27,0,161
15,"Daytona Beach, FL",7,1,6,0,5,13,2,58
15,"Deadhorse, AK",1,0,1,0,2,3,1,11
15,"Decatur, IL",0,0,0,0,1,1,0,19
15,"Denver, CO",537,14,325,1,513,842,19,5755
15,"Des Moines, IA",30,3,11,0,24,45,2,294
15,"Detroit, MI",210,23,169,1,178,346,3,2501
15,"Devils Lake, ND",0,0,0,0,1,1,0,13
15,"Dickinson, ND",0,0,0,0,0,0,0,13
15,"Dodge City, KS",0,0,0,0,0,0,0,12
15,"Dothan, AL",1,1,2,0,0,2,0,14
15,"Duluth, MN",3,0,2,0,1,3,0,40
15,"Durango, CO",7,1,6,0,1,12,0,56
15,"Eagle, CO",0,0,0,0,1,1,0,38
15,"El Paso, TX",43,4,29,0,57,74,0,333
15,"Elko, NV",1,0,0,0,0,1,0,7
15,"Elmira/Corning, NY",2,0,1,0,0,2,0,18
15,"Escanaba, MI",1,0,0,0,0,1,0,12
15,"Eugene, OR",18,3,5,0,15,28,0,146
15,"Evansville, IN",6,2,7,0,3,11,1,36
15,"Everett, WA",2,0,1,0,0,2,0,32
15,"Fairbanks, AK",6,0,10,0,8,13,1,62
15,"Fargo, ND",3,0,4,0,8,12,0,125
15,"Fayetteville, AR",20,4,22,0,18,34,0,249
15,"Fayetteville, NC",0,0,0,0,0,0,0,20
15,"Flagstaff, AZ",1,0,2,0,1,3,0,34
15,"Flint, MI",6,0,6,0,7,12,1,45
15,"Fort Dodge, IA",0,0,0,0,2,2,0,12
15,"Fort Lauderdale, FL",243,13,309,6,217,460,22,1927
15,"Fort Myers, FL",84,5,117,2,85,179,12,801
15,"Fort Smith, AR",3,0,1,0,2,3,0,21
15,"Fort Wayne, IN",9,4,6,1,1,15,0,83
15,"Fresno, CA",20,2,14,1,20,38,2,213
15,"Gainesville, FL",5,2,5,0,4,12,0,61
15,"Garden City, KS",0,3,2,0,2,4,0,14
15,"Gillette, WY",0,1,0,0,1,2,0,14
15,"Grand Forks, ND",0,0,0,0,0,0,0,25
15,"Grand Island, NE",2,1,4,0,0,5,0,18
15,"Grand Junction, CO",1,1,4,0,3,5,1,57
15,"Grand Rapids, MI",44,4,19,1,40,69,0,343
15,"Great Falls, MT",0,0,0,0,1,1,0,52
15,"Green Bay, WI",10,0,3,0,3,11,0,93
15,"Greensboro/High Point, NC",20,6,21,1,25,44,0,221
15,"Greer, SC",47,3,37,0,37,65,2,311
15,"Guam, TT",1,0,0,0,0,1,0,14
15,"Gulfport/Biloxi, MS",6,5,12,1,7,16,0,63
15,"Gunnison, CO",0,0,0,0,1,1,0,8
15,"Hagerstown, MD",1,2,1,0,1,3,0,4
15,"Hancock/Houghton, MI",2,0,2,0,4,6,0,14
15,"Harlingen/San Benito, TX",8,0,11,0,13,22,1,90
15,"Harrisburg, PA",12,1,9,0,7,18,2,122
15,"Hartford, CT",58,4,38,0,61,83,0,469
15,"Hattiesburg/Laurel, MS",2,1,0,0,0,3,0,12
15,"Hayden, CO",1,0,0,0,0,1,0,23
15,"Hays, KS",1,0,1,0,1,1,0,14
15,"Helena, MT",3,0,0,0,0,1,0,28
15,"Hibbing, MN",1,0,0,0,0,1,0,12
15,"Hilo, HI",15,2,1,0,18,20,0,132
15,"Hilton Head, SC",4,0,7,0,6,11,0,38
15,"Honolulu, HI",133,10,77,1,104,215,19,1200
15,"Houston, TX",398,29,531,2,403,817,11,3292
15,"Huntsville, AL",15,3,21,1,15,32,1,188
15,"Idaho Falls, ID",3,0,2,0,2,6,0,62
15,"Indianapolis, IN",98,7,55,1,105,162,6,907
15,"International Falls, MN",0,0,0,0,0,0,0,12
15,"Iron Mountain/Kingsfd, MI",2,0,0,0,0,2,0,14
15,"Islip, NY",7,0,3,0,17,19,1,100
15,"Ithaca/Cortland, NY",0,0,0,0,2,2,0,14
15,"Jackson, WY",4,0,1,0,6,7,0,52
15,"Jackson/Vicksburg, MS",20,7,25,0,17,38,1,140
15,"Jacksonville, FL",76,11,80,2,77,132,2,605
15,"Jacksonville/Camp Lejeune, NC",4,1,6,1,3,8,0,35
15,"Jamestown, ND",0,0,0,0,0,0,0,13
15,"Johnstown, PA",2,0,1,0,1,3,0,14
15,"Joplin, MO",0,0,0,0,0,0,0,12
15,"Juneau, AK",4,0,7,0,6,11,2,77
15,"Kahului, HI",47,0,15,1,38,66,2,512
15,"Kalamazoo, MI",0,0,0,0,0,0,0,20
15,"Kalispell, MT",4,0,0,0,2,5,0,45
15,"Kansas City, MO",119,9,77,0,108,170,0,950
15,"Ketchikan, AK",3,0,3,0,1,4,2,42
15,"Key West, FL",15,2,34,0,18,40,4,180
15,"Killeen, TX",6,3,8,0,5,13,1,35
15,"Knoxville, TN",34,5,27,0,25,58,2,281
15,"Kodiak, AK",1,0,1,0,2,3,0,13
15,"Kona, HI",30,0,16,0,30,51,5,310
15,"Kotzebue, AK",1,1,3,0,0,3,1,7
15,"Lafayette, LA",5,3,10,0,4,13,2,62
15,"Lake Charles, LA",0,1,4,0,1,4,1,21
15,"Lansing, MI",0,0,1,0,1,1,0,26
15,"Laramie, WY",3,0,1,0,0,3,0,12
15,"Laredo, TX",3,4,9,0,5,13,1,37
15,"Las Vegas, NV",403,26,483,3,524,878,9,3620
15,"Latrobe, PA",1,0,2,0,1,3,0,12
15,"Lawton/Fort Sill, OK",2,0,2,0,1,4,0,21
15,"Lewiston, ID",1,0,0,0,0,1,0,21
15,"Lexington, KY",15,2,17,0,14,28,0,182
15,"Liberal, KS",1,0,0,0,0,1,0,12
15,"Lihue, HI",42,5,14,0,30,52,6,305
15,"Lincoln, NE",2,0,0,0,0,2,0,21
15,"Little Rock, AR",32,4,31,0,23,51,2,256
15,"Long Beach, CA",34,1,21,0,40,53,5,343
15,"Longview, TX",1,1,1,0,0,3,0,14
15,"Los Angeles, CA",455,38,513,5,354,801,10,3663
15,"Louisville, KY",51,5,42,1,51,91,0,471
15,"Lubbock, TX",15,2,16,0,13,27,0,112
15,"Madison, WI",28,6,16,0,32,48,1,236
15,"Manchester, NH",19,0,9,1,13,27,1,106
15,"Manhattan/Ft. Riley, KS",0,1,1,0,0,1,0,14
15,"Marquette, MI",0,0,0,0,0,0,0,14
15,"Mason City, IA",1,0,0,0,1,2,0,12
15,"Medford, OR",4,0,2,0,3,7,1,80
15,"Melbourne, FL",4,2,8,0,10,14,1,57
15,"Memphis, TN",47,4,46,0,62,95,2,432
15,"Meridian, MS",3,0,1,0,0,3,0,12
15,"Miami, FL",257,30,304,2,243,492,16,2228
15,"Midland/Odessa, TX",13,4,21,0,19,30,1,188
15,"Milwaukee, WI",55,3,28,0,53,85,2,540
15,"Minneapolis, MN",166,16,88,3,159,279,0,2377
15,"Minot, ND",1,0,0,0,0,1,0,42
15,"Mission/McAllen/Edinburg, TX",11,4,14,0,13,20,0,68
15,"Missoula, MT",7,0,3,0,2,8,0,53
15,"Mobile, AL",3,4,12,0,6,14,0,48
15,"Moline, IL",7,5,7,0,7,16,0,71
15,"Monroe, LA",5,2,6,0,4,10,1,35
15,"Monterey, CA",10,3,2,0,2,12,0,78
15,"Montgomery, AL",2,0,5,0,1,7,1,47
15,"Montrose/Delta, CO",3,0,3,0,2,5,0,31
15,"Mosinee, WI",0,0,0,0,0,0,0,14
15,"Myrtle Beach, SC",26,4,38,1,23,55,5,325
15,"Nashville, TN",220,13,152,4,238,348,7,1923
15,"New Orleans, LA",135,20,139,3,146,243,19,1010
15,"New York, NY",577,63,705,6,604,1183,44,5508
15,"Newark, NJ",207,16,216,3,197,379,15,2500
15,"Newburgh/Poughkeepsie, NY",1,1,1,0,1,2,0,8
15,"Niagara Falls, NY",1,1,2,0,1,4,0,13
15,"Nome, AK",1,0,2,0,2,3,1,7
15,"Norfolk, VA",47,1,51,1,45,75,3,393
15,"North Bend/Coos Bay, OR",1,0,0,0,0,1,0,7
15,"North Platte, NE",1,0,0,0,0,1,0,12
15,"Oakland, CA",91,3,51,2,108,146,3,817
15,"Oklahoma City, OK",44,4,33,0,37,73,3,441
15,"Omaha, NE",39,5,21,0,48,72,0,446
15,"Ontario, CA",67,4,40,0,78,110,1,495
15,"Orlando, FL",380,28,490,8,430,791,54,3289
15,"Pago Pago, TT",1,0,0,0,0,1,0,2
15,"Palm Springs, CA",31,0,33,0,38,73,1,386
15,"Panama City, FL",23,3,23,0,22,40,1,173
15,"Pasco/Kennewick/Richland, WA",7,2,5,0,2,12,0,87
15,"Pellston, MI",0,0,0,0,0,0,0,12
15,"Pensacola, FL",28,4,42,1,32,60,5,264
15,"Peoria, IL",5,0,5,0,9,12,0,65
15,"Petersburg, AK",0,0,2,0,3,3,0,14
15,"Philadelphia, PA",203,19,184,4,232,381,10,1854
15,"Phoenix, AZ",442,9,305,2,422,692,11,3965
15,"Pittsburgh, PA",88,5,62,1,93,158,4,818
15,"Plattsburgh, NY",0,0,2,0,0,2,0,18
15,"Pocatello, ID",0,0,0,0,0,0,0,14
15,"Ponce, PR",6,1,4,0,5,10,0,28
15,"Portland, ME",21,3,13,0,15,29,1,142
15,"Portland, OR",82,6,72,0,109,183,2,1117
15,"Portsmouth, NH",0,0,0,0,1,0,1,13
15,"Prescott, AZ",1,0,1,0,1,2,0,14
15,"Providence, RI",41,2,23,1,41,66,1,286
15,"Provo, UT",1,0,1,0,2,3,0,38
15,"Punta Gorda, FL",15,1,16,0,19,34,1,130
15,"Raleigh/Durham, NC",150,12,123,1,201,276,2,1163
15,"Rapid City, SD",5,0,3,0,2,7,0,72
15,"Redding, CA",1,0,1,0,2,4,0,27
15,"Reno, NV",47,4,27,0,47,79,1,374
15,"Rhinelander, WI",1,0,0,0,0,1,0,14
15,"Richmond, VA",70,6,53,1,51,96,3,362
15,"Riverton/Lander, WY",0,0,0,0,1,1,0,9
15,"Roanoke, VA",2,0,3,0,3,5,1,52
15,"Rochester, MN",3,0,1,0,1,4,0,28
15,"Rochester, NY",33,1,26,0,29,51,2,224
15,"Rock Springs, WY",0,0,0,0,2,1,0,9
15,"Rockford, IL",0,1,2,0,1,2,0,17
15,"Roswell, NM",2,0,4,0,2,4,0,14
15,"Sacramento, CA",116,6,51,1,142,194,2,1026
15,"Saginaw/Bay City/Midland, MI",2,0,2,0,2,4,0,39
15,"Saipan, TT",0,0,0,0,0,0,0,7
15,"Salina, KS",0,0,0,0,1,1,0,14
15,"Salt Lake City, UT",168,8,99,5,166,280,4,2167
15,"San Angelo, TX",3,1,3,0,3,5,0,21
15,"San Antonio, TX",128,8,137,1,111,207,1,784
15,"San Diego, CA",228,13,232,2,228,402,8,1769
15,"San Francisco, CA",251,30,923,1,296,1116,24,2480
15,"San Jose, CA",81,3,45,0,114,150,1,916
15,"San Juan, PR",100,4,65,6,70,142,5,676
15,"San Luis Obispo, CA",11,0,9,1,6,20,5,98
15,"Sanford, FL",15,2,28,0,21,42,9,178
15,"Santa Ana, CA",80,7,87,0,94,163,2,843
15,"Santa Barbara, CA",10,2,7,0,8,16,3,127
15,"Santa Fe, NM",3,2,8,0,6,15,0,41
15,"Santa Maria, CA",0,0,0,0,0,0,0,2
15,"Santa Rosa, CA",6,0,8,0,7,16,0,74
15,"Sarasota/Bradenton, FL",53,4,65,0,38,91,8,372
15,"Sault Ste. Marie, MI",0,0,0,0,0,0,0,14
15,"Savannah, GA",42,6,46,0,50,80,1,390
15,"Scottsbluff, NE",2,0,0,0,1,3,0,12
15,"Scranton/Wilkes-Barre, PA",5,1,2,0,7,9,0,21
15,"Seattle, WA",219,15,162,1,207,420,7,2977
15,"Sheridan, WY",1,0,1,0,0,1,0,14
15,"Shreveport, LA",4,5,13,0,9,16,4,77
15,"Sioux City, IA",1,0,0,0,0,1,0,14
15,"Sioux Falls, SD",16,1,3,0,3,18,0,139
15,"Sitka, AK",0,0,0,0,0,0,0,21
15,"South Bend, IN",15,4,13,0,8,28,0,126
15,"Spokane, WA",30,0,18,1,19,48,2,344
15,"Springfield, IL",0,0,0,0,0,0,0,2
15,"Springfield, MO",16,3,23,0,12,31,1,156
15,"St. Cloud, MN",0,0,0,0,0,0,0,4
15,"St. George, UT",2,0,4,0,1,5,0,60
15,"St. Louis, MO",154,3,83,2,177,239,6,1260
15,"St. Petersburg, FL",10,4,16,0,17,30,4,152
15,"State College, PA",3,0,2,0,1,3,0,14
15,"Stillwater, OK",1,2,3,0,1,3,0,14
15,"Stockton, CA",3,0,1,0,0,3,0,8
15,"Sun Valley/Hailey/Ketchum, ID",1,0,0,0,0,1,0,22
15,"Syracuse, NY",25,4,21,0,31,49,0,259
15,"Tallahassee, FL",11,1,18,1,8,22,3,117
15,"Tampa, FL",195,15,244,1,227,400,22,1644
15,"Texarkana, AR",2,2,3,0,2,6,0,14
15,"Toledo, OH",1,0,2,0,2,2,0,9
15,"Traverse City, MI",8,0,7,1,8,14,0,53
15,"Trenton, NJ",7,0,2,0,8,11,0,48
15,"Tucson, AZ",49,6,43,0,40,74,1,394
15,"Tulsa, OK",39,8,13,0,38,62,2,320
15,"Twin Falls, ID",0,0,0,0,0,0,0,14
15,"Tyler, TX",0,2,1,0,0,2,0,21
15,"Valdosta, GA",0,0,2,0,0,2,0,14
15,"Valparaiso, FL",25,7,23,1,18,38,4,196
15,"Victoria, TX",1,0,0,0,0,1,0,12
15,"Waco, TX",2,1,3,0,2,4,1,21
15,"Walla Walla, WA",0,0,0,0,1,1,0,14
15,"Washington, DC",372,28,374,4,396,713,10,3689
15,"West Palm Beach/Palm Beach, FL",79,7,122,2,90,167,5,638
15,"White Plains, NY",38,5,29,0,25,58,0,246
15,"Wichita Falls, TX",2,1,2,0,1,5,0,14
15,"Wichita, KS",13,1,6,1,21,25,1,197
15,"Williston, ND",1,0,0,0,0,1,0,34
15,"Wilmington, NC",21,0,19,0,24,39,1,141
15,"Worcester, MA",3,1,2,0,1,4,2,29
15,"Wrangell, AK",0,0,1,0,2,2,0,14
15,"Yakutat, AK",0,0,2,0,1,2,1,14
15,"Yuma, AZ",1,1,3,0,0,3,0,31
16,"Aberdeen, SD",2,0,0,0,0,2,0,14
16,"Abilene, TX",1,2,4,0,5,7,2,34
16,"Adak Island, AK",0,0,0,0,1,1,0,2
16,"Aguadilla, PR",5,0,3,0,6,9,0,54
16,"Akron, OH",14,2,8,0,11,20,1,67
16,"Albany, GA",3,0,3,0,0,3,0,14
16,"Albany, NY",29,4,14,0,26,42,1,228
16,"Albuquerque, NM",71,11,43,0,50,97,3,447
16,"Alexandria, LA",1,0,1,0,0,1,3,35
16,"Allentown/Bethlehem/Easton, PA",6,2,7,0,8,13,0,85
16,"Alpena, MI",1,0,1,0,0,1,1,12
16,"Amarillo, TX",8,4,9,0,12,15,2,84
16,"Anchorage, AK",42,1,53,9,43,85,3,320
16,"Appleton, WI",15,6,14,0,7,26,0,120
16,"Arcata/Eureka, CA",0,1,4,0,2,5,0,28
16,"Asheville, NC",18,6,26,0,14,40,1,241
16,"Ashland, WV",0,0,0,0,0,0,0,4
16,"Aspen, CO",8,5,8,0,3,15,0,84
16,"Atlanta, GA",500,38,427,5,495,884,12,6674
16,"Atlantic City, NJ",4,1,8,1,4,10,0,70
16,"Augusta, GA",13,1,16,0,5,23,1,105
16,"Austin, TX",205,18,212,1,215,374,12,1684
16,"Bakersfield, CA",6,0,2,0,4,9,1,39
16,"Baltimore, MD",214,12,165,1,222,344,8,1938
16,"Bangor, ME",4,0,2,0,3,7,0,53
16,"Barrow, AK",1,0,0,0,0,1,0,7
16,"Baton Rouge, LA",11,3,7,0,4,15,5,102
16,"Beaumont/Port Arthur, TX",1,0,2,0,0,2,2,14
16,"Belleville, IL",2,0,0,0,0,2,0,20
16,"Bellingham, WA",1,0,2,0,5,5,0,56
16,"Bemidji, MN",1,0,0,0,0,1,0,14
16,"Bend/Redmond, OR",8,2,8,1,5,17,0,100
16,"Bethel, AK",3,0,0,0,3,4,0,14
16,"Billings, MT",6,1,6,0,4,12,1,75
16,"Binghamton, NY",0,0,0,0,0,0,0,7
16,"Birmingham, AL",30,11,29,0,27,53,3,336
16,"Bismarck/Mandan, ND",9,2,5,0,0,9,1,65
16,"Bloomington/Normal, IL",0,1,1,0,0,2,1,32
16,"Boise, ID",45,5,38,3,39,81,0,421
16,"Boston, MA",277,18,198,2,239,444,4,2762
16,"Bozeman, MT",13,1,12,0,12,22,1,144
16,"Brainerd, MN",3,0,0,0,0,3,0,12
16,"Bristol/Johnson City/Kingsport, TN",2,0,0,0,1,1,0,38
16,"Brownsville, TX",1,0,3,0,1,3,4,35
16,"Brunswick, GA",3,1,0,0,0,4,0,14
16,"Buffalo, NY",52,5,15,0,45,76,0,413
16,"Burbank, CA",59,4,37,0,71,101,2,521
16,"Burlington, VT",7,3,4,0,12,15,1,120
16,"Butte, MT",1,0,0,0,0,1,0,13
16,"Casper, WY",0,0,0,0,0,0,0,7
16,"Cedar City, UT",1,0,0,0,0,1,0,12
16,"Cedar Rapids/Iowa City, IA",16,5,19,0,20,34,1,146
16,"Champaign/Urbana, IL",2,0,5,0,1,5,1,28
16,"Charleston, SC",75,6,59,0,52,115,3,508
16,"Charleston/Dunbar, WV",6,2,7,0,7,12,0,62
16,"Charlotte Amalie, VI",11,2,14,0,10,20,1,126
16,"Charlotte, NC",488,57,503,4,635,976,9,4289
16,"Charlottesville, VA",7,0,7,0,3,10,0,64
16,"Chattanooga, TN",12,7,14,0,10,24,3,138
16,"Cheyenne, WY",3,2,2,0,0,5,0,13
16,"Chicago, IL",688,54,656,8,609,1216,18,7118
16,"Christiansted, VI",2,0,3,0,2,6,1,23
16,"Cincinnati, OH",70,8,53,0,76,124,4,826
16,"Clarksburg/Fairmont, WV",0,0,0,0,0,0,0,4
16,"Cleveland, OH",82,10,63,0,77,137,3,776
16,"College Station/Bryan, TX",1,1,0,0,2,2,2,21
16,"Colorado Springs, CO",38,7,30,1,27,55,5,226
16,"Columbia, MO",2,3,5,0,7,9,1,28
16,"Columbia, SC",16,4,9,0,13,25,1,130
16,"Columbus, GA",1,2,1,0,0,3,0,20
16,"Columbus, MS",0,0,0,0,0,0,0,14
16,"Columbus, OH",80,11,54,0,82,141,1,793
16,"Concord, NC",1,0,3,0,2,4,0,14
16,"Cordova, AK",0,0,2,0,1,2,0,14
16,"Corpus Christi, TX",6,4,7,0,8,14,4,74
16,"Dallas, TX",153,13,163,2,182,305,14,1403
16,"Dallas/Fort Worth, TX",580,190,766,4,662,1272,355,5827
16,"Dayton, OH",15,2,16,0,16,32,3,160
16,"Daytona Beach, FL",4,1,3,0,2,5,0,58
16,"Deadhorse, AK",1,0,1,0,1,2,0,11
16,"Decatur, IL",4,1,1,0,1,6,0,19
16,"Denver, CO",652,61,729,7,679,1282,36,5752
16,"Des Moines, IA",37,9,39,1,24,67,0,295
16,"Detroit, MI",184,38,157,1,165,362,5,2498
16,"Devils Lake, ND",2,0,0,0,1,3,0,13
16,"Dickinson, ND",2,1,1,0,0,3,0,13
16,"Dodge City, KS",1,2,0,0,0,3,0,12
16,"Dothan, AL",0,0,0,0,0,0,0,14
16,"Duluth, MN",0,0,1,0,1,2,0,40
16,"Durango, CO",5,2,7,0,3,11,2,56
16,"Eagle, CO",3,2,4,0,2,8,1,35
16,"El Paso, TX",37,4,31,1,39,68,5,337
16,"Elko, NV",1,0,0,0,0,1,0,7
16,"Elmira/Corning, NY",3,0,1,0,0,3,0,20
16,"Escanaba, MI",1,2,2,0,0,3,0,12
16,"Eugene, OR",9,4,12,0,10,22,0,133
16,"Evansville, IN",4,0,2,0,1,5,1,36
16,"Everett, WA",1,0,5,0,5,6,0,29
16,"Fairbanks, AK",12,0,11,1,11,19,1,60
16,"Fargo, ND",15,4,10,0,9,26,1,125
16,"Fayetteville, AR",28,10,29,0,30,59,2,256
16,"Fayetteville, NC",0,0,1,2,3,3,0,20
16,"Flagstaff, AZ",2,0,2,0,2,4,0,34
16,"Flint, MI",3,2,1,0,0,5,0,45
16,"Fort Dodge, IA",1,0,0,0,1,2,0,12
16,"Fort Lauderdale, FL",196,15,122,1,168,301,6,1899
16,"Fort Myers, FL",70,5,39,0,61,103,3,752
16,"Fort Smith, AR",1,0,2,0,0,2,2,21
16,"Fort Wayne, IN",11,2,6,0,2,15,1,80
16,"Fresno, CA",16,5,13,0,16,36,1,212
16,"Gainesville, FL",3,1,2,0,6,7,1,61
16,"Garden City, KS",0,1,0,0,1,1,1,14
16,"Gillette, WY",1,2,3,0,2,5,0,14
16,"Grand Forks, ND",2,0,0,0,1,3,0,25
16,"Grand Island, NE",1,1,0,0,0,2,1,18
16,"Grand Junction, CO",5,3,8,0,3,11,1,57
16,"Grand Rapids, MI",38,7,22,0,35,64,1,342
16,"Great Falls, MT",4,1,5,0,3,9,0,52
16,"Green Bay, WI",10,3,6,0,4,16,0,92
16,"Greensboro/High Point, NC",19,1,7,0,14,28,3,226
16,"Greer, SC",36,5,25,0,38,63,1,311
16,"Guam, TT",0,0,0,0,0,0,0,14
16,"Gulfport/Biloxi, MS",2,2,6,0,2,7,2,63
16,"Gunnison, CO",2,1,2,0,0,3,0,7
16,"Hagerstown, MD",1,0,1,0,0,1,1,4
16,"Hancock/Houghton, MI",1,1,0,0,2,4,0,14
16,"Harlingen/San Benito, TX",9,1,3,0,11,13,3,90
16,"Harrisburg, PA",10,3,3,0,14,18,0,122
16,"Hartford, CT",65,5,39,0,47,95,1,467
16,"Hattiesburg/Laurel, MS",0,0,0,0,1,1,0,12
16,"Hayden, CO",3,1,2,0,1,5,0,21
16,"Hays, KS",2,0,1,0,1,3,0,14
16,"Helena, MT",0,2,2,0,1,3,0,28
16,"Hibbing, MN",2,1,1,0,0,3,0,12
16,"Hilo, HI",15,0,3,1,14,19,0,130
16,"Hilton Head, SC",4,1,5,0,2,6,0,38
16,"Honolulu, HI",138,19,79,3,93,205,16,1181
16,"Houston, TX",350,27,309,7,305,582,25,3302
16,"Huntsville, AL",13,8,18,0,11,30,3,188
16,"Idaho Falls, ID",7,0,4,0,1,8,1,62
16,"Indianapolis, IN",92,10,67,0,77,152,1,897
16,"International Falls, MN",1,0,0,0,0,1,0,12
16,"Iron Mountain/Kingsfd, MI",2,0,0,0,0,1,0,14
16,"Islip, NY",21,0,10,0,19,27,2,99
16,"Ithaca/Cortland, NY",1,0,0,0,2,2,0,14
16,"Jackson, WY",7,1,4,0,4,8,1,51
16,"Jackson/Vicksburg, MS",15,3,13,0,11,28,2,140
16,"Jacksonville, FL",73,9,54,2,76,115,4,603
16,"Jacksonville/Camp Lejeune, NC",2,1,1,0,2,3,0,38
16,"Jamestown, ND",0,1,2,0,2,3,0,13
16,"Johnstown, PA",2,0,0,0,1,3,0,14
16,"Joplin, MO",1,0,2,0,2,3,0,12
16,"Juneau, AK",7,0,4,0,9,15,0,83
16,"Kahului, HI",54,3,22,0,28,68,4,496
16,"Kalamazoo, MI",3,3,2,0,0,5,0,20
16,"Kalispell, MT",6,1,6,0,2,8,0,43
16,"Kansas City, MO",123,15,124,0,119,228,8,949
16,"Ketchikan, AK",3,0,2,0,3,7,0,48
16,"Key West, FL",12,3,16,0,9,27,0,180
16,"Killeen, TX",1,1,0,0,1,2,4,35
16,"King Salmon, AK",0,0,0,0,0,0,0,3
16,"Knoxville, TN",30,5,24,0,22,55,3,283
16,"Kodiak, AK",1,0,2,0,1,1,1,14
16,"Kona, HI",37,4,20,2,28,52,1,297
16,"Kotzebue, AK",0,0,0,0,0,0,1,7
16,"Lafayette, LA",2,1,2,0,3,3,2,62
16,"Lake Charles, LA",0,0,0,0,0,0,3,21
16,"Lansing, MI",5,3,4,0,1,9,0,26
16,"Laramie, WY",1,0,0,0,0,1,0,12
16,"Laredo, TX",2,2,4,0,1,4,3,37
16,"Las Vegas, NV",382,25,353,11,430,720,18,3619
16,"Latrobe, PA",0,0,1,0,0,1,0,14
16,"Lawton/Fort Sill, OK",1,0,0,0,0,1,3,21
16,"Lewiston, ID",2,0,1,0,1,3,0,21
16,"Lexington, KY",18,4,9,0,15,29,2,182
16,"Liberal, KS",0,0,0,0,0,0,0,12
16,"Lihue, HI",30,4,19,2,28,49,7,299
16,"Lincoln, NE",7,0,3,0,0,7,0,21
16,"Little Rock, AR",26,8,25,0,20,46,3,254
16,"Long Beach, CA",34,0,22,1,46,59,0,343
16,"Longview, TX",0,1,1,0,0,1,1,14
16,"Los Angeles, CA",385,34,358,5,308,666,9,3688
16,"Louisville, KY",40,7,38,1,39,74,4,479
16,"Lubbock, TX",13,8,13,0,15,28,3,112
16,"Madison, WI",31,10,22,0,22,52,0,241
16,"Manchester, NH",16,1,11,0,18,26,0,113
16,"Manhattan/Ft. Riley, KS",0,1,2,0,3,3,1,14
16,"Marquette, MI",1,0,1,0,0,1,0,14
16,"Mason City, IA",0,0,0,0,0,0,0,12
16,"Medford, OR",6,1,6,0,1,11,0,80
16,"Melbourne, FL",6,1,4,0,5,9,0,57
16,"Memphis, TN",46,14,42,0,45,80,3,431
16,"Meridian, MS",0,0,0,0,2,2,0,12
16,"Miami, FL",206,22,112,4,179,298,5,2213
16,"Midland/Odessa, TX",20,4,14,0,15,31,5,187
16,"Milwaukee, WI",75,6,59,1,61,123,1,534
16,"Minneapolis, MN",190,31,128,1,125,301,5,2382
16,"Minot, ND",2,3,3,0,2,8,0,42
16,"Mission/McAllen/Edinburg, TX",8,4,9,0,11,17,4,68
16,"Missoula, MT",9,2,7,0,5,12,0,58
16,"Mobile, AL",2,1,2,0,3,4,2,48
16,"Moline, IL",11,3,7,0,6,20,1,71
16,"Monroe, LA",0,2,3,0,2,4,1,35
16,"Monterey, CA",8,1,7,0,4,13,2,88
16,"Montgomery, AL",0,1,1,0,2,3,2,47
16,"Montrose/Delta, CO",4,1,4,0,5,7,1,28
16,"Mosinee, WI",0,1,1,0,0,1,0,14
16,"Myrtle Beach, SC",35,4,37,1,28,61,2,344
16,"Nashville, TN",176,24,116,4,192,296,6,1934
16,"New Orleans, LA",131,15,74,2,130,207,3,1007
16,"New York, NY",469,33,417,7,373,799,7,5549
16,"Newark, NJ",209,14,187,1,142,349,18,2498
16,"Newburgh/Poughkeepsie, NY",0,1,0,0,0,1,0,8
16,"Niagara Falls, NY",0,0,0,0,0,0,0,6
16,"Nome, AK",0,0,0,0,1,1,1,7
16,"Norfolk, VA",56,6,45,0,42,86,2,401
16,"North Bend/Coos Bay, OR",0,0,0,0,0,0,0,7
16,"North Platte, NE",3,0,2,0,2,5,0,12
16,"Oakland, CA",79,2,46,3,109,133,4,818
16,"Oklahoma City, OK",52,9,54,0,41,91,7,441
16,"Omaha, NE",62,12,57,0,50,106,3,447
16,"Ontario, CA",67,6,25,1,66,97,5,497
16,"Orlando, FL",319,30,240,3,305,505,17,3229
16,"Pago Pago, TT",1,0,0,0,0,1,0,2
16,"Palm Springs, CA",44,4,38,1,28,81,3,387
16,"Panama City, FL",12,4,12,0,18,24,2,175
16,"Pasco/Kennewick/Richland, WA",11,2,7,0,3,14,0,98
16,"Pellston, MI",2,0,1,0,0,2,0,12
16,"Pensacola, FL",31,3,25,0,37,51,3,265
16,"Peoria, IL",4,2,7,0,8,14,1,65
16,"Petersburg, AK",1,0,2,0,3,4,0,14
16,"Philadelphia, PA",206,17,139,7,176,321,6,1847
16,"Phoenix, AZ",429,30,363,6,410,708,14,3926
16,"Pittsburgh, PA",70,8,60,2,68,120,2,818
16,"Plattsburgh, NY",0,0,0,0,0,0,0,9
16,"Pocatello, ID",0,0,0,0,0,0,0,14
16,"Ponce, PR",4,0,1,0,4,7,0,27
16,"Portland, ME",13,1,2,0,12,19,0,141
16,"Portland, OR",129,8,123,1,111,228,5,1118
16,"Portsmouth, NH",1,0,1,0,0,1,0,15
16,"Prescott, AZ",2,0,1,0,0,2,0,14
16,"Providence, RI",37,4,23,1,31,54,0,288
16,"Provo, UT",3,0,1,0,2,4,0,36
16,"Punta Gorda, FL",4,0,3,0,2,6,0,113
16,"Raleigh/Durham, NC",134,17,89,2,135,227,4,1187
16,"Rapid City, SD",8,5,9,0,5,15,0,72
16,"Redding, CA",0,0,0,0,1,1,0,26
16,"Reno, NV",39,2,22,0,42,68,2,384
16,"Rhinelander, WI",0,1,0,0,0,1,0,14
16,"Richmond, VA",48,5,31,0,43,74,0,372
16,"Riverton/Lander, WY",2,0,1,0,0,2,0,9
16,"Roanoke, VA",4,0,4,0,3,5,0,55
16,"Rochester, MN",6,2,4,0,1,10,0,28
16,"Rochester, NY",31,2,15,0,31,43,0,223
16,"Rock Springs, WY",3,0,4,0,1,4,0,9
16,"Rockford, IL",0,0,0,0,0,0,0,15
16,"Roswell, NM",0,0,1,0,1,1,1,14
16,"Sacramento, CA",123,7,90,4,115,194,3,1035
16,"Saginaw/Bay City/Midland, MI",4,1,2,0,1,5,0,39
16,"Saipan, TT",0,0,0,0,0,0,0,7
16,"Salina, KS",2,0,2,0,1,3,1,14
16,"Salt Lake City, UT",168,21,130,0,136,297,6,2170
16,"San Angelo, TX",4,1,0,0,2,7,2,21
16,"San Antonio, TX",129,12,128,0,110,208,7,792
16,"San Diego, CA",185,19,199,1,188,350,14,1769
16,"San Francisco, CA",231,28,772,4,275,966,20,2497
16,"San Jose, CA",90,2,58,2,116,164,6,910
16,"San Juan, PR",92,2,61,0,66,130,1,678
16,"San Luis Obispo, CA",6,1,10,1,6,15,0,93
16,"Sanford, FL",11,1,9,0,10,22,0,170
16,"Santa Ana, CA",83,6,61,1,74,142,4,825
16,"Santa Barbara, CA",13,2,14,0,17,27,4,133
16,"Santa Fe, NM",2,2,2,0,0,4,3,41
16,"Santa Maria, CA",0,0,0,0,0,0,0,2
16,"Santa Rosa, CA",3,0,3,0,3,7,0,54
16,"Sarasota/Bradenton, FL",33,4,17,0,37,54,0,363
16,"Sault Ste. Marie, MI",2,0,1,0,0,2,0,14
16,"Savannah, GA",51,3,39,0,46,79,3,393
16,"Scottsbluff, NE",1,0,1,0,3,4,0,12
16,"Scranton/Wilkes-Barre, PA",5,0,5,0,7,10,0,21
16,"Seattle, WA",302,25,388,5,285,635,8,3074
16,"Sheridan, WY",2,0,0,0,0,2,0,14
16,"Shreveport, LA",5,4,6,0,7,13,1,77
16,"Sioux City, IA",2,2,2,0,0,4,0,14
16,"Sioux Falls, SD",18,3,10,0,11,27,0,139
16,"Sitka, AK",3,0,0,0,2,3,0,21
16,"South Bend, IN",9,4,10,0,2,17,0,124
16,"Spokane, WA",47,7,35,1,30,74,0,342
16,"Springfield, IL",0,0,1,0,0,1,0,2
16,"Springfield, MO",16,6,16,0,12,28,4,156
16,"St. Cloud, MN",0,0,0,0,0,0,0,2
16,"St. George, UT",4,1,1,0,0,5,0,60
16,"St. Louis, MO",124,19,105,2,141,222,7,1269
16,"St. Petersburg, FL",12,0,4,0,9,17,1,143
16,"State College, PA",2,0,0,0,0,2,0,14
16,"Stillwater, OK",1,0,2,0,0,2,1,14
16,"Stockton, CA",1,0,0,0,1,1,0,8
16,"Sun Valley/Hailey/Ketchum, ID",1,1,2,0,1,3,0,21
16,"Syracuse, NY",28,5,15,0,27,47,1,258
16,"Tallahassee, FL",8,5,11,0,12,18,0,117
16,"Tampa, FL",161,12,102,2,182,268,9,1602
16,"Texarkana, AR",1,1,0,0,0,2,1,14
16,"Toledo, OH",1,0,1,0,0,1,0,7
16,"Traverse City, MI",5,1,7,0,5,9,0,53
16,"Trenton, NJ",6,0,4,0,4,10,0,45
16,"Tucson, AZ",60,7,42,1,34,79,4,380
16,"Tulsa, OK",42,7,29,0,38,68,6,322
16,"Twin Falls, ID",0,0,0,0,0,0,0,14
16,"Tyler, TX",0,1,0,0,0,1,1,21
16,"Valdosta, GA",1,0,0,0,0,1,0,14
16,"Valparaiso, FL",11,4,11,0,17,26,2,198
16,"Victoria, TX",0,0,0,0,1,1,0,12
16,"Waco, TX",1,1,3,0,2,4,2,21
16,"Walla Walla, WA",1,0,0,0,0,1,0,14
16,"Washington, DC",355,48,407,4,352,722,14,3690
16,"West Palm Beach/Palm Beach, FL",80,5,47,0,58,109,3,635
16,"White Plains, NY",27,5,28,0,24,46,0,248
16,"Wichita Falls, TX",0,1,0,0,0,1,0,14
16,"Wichita, KS",25,5,22,0,19,49,2,196
16,"Williston, ND",6,0,2,0,0,6,0,34
16,"Wilmington, NC",18,4,18,0,19,30,1,144
16,"Worcester, MA",2,0,1,0,1,3,0,29
16,"Wrangell, AK",1,0,2,0,2,3,0,14
16,"Yakutat, AK",0,0,0,0,2,2,0,14
16,"Yuma, AZ",0,0,0,0,0,0,1,31
17,"Aberdeen, SD",0,0,0,0,0,0,0,14
17,"Abilene, TX",2,4,5,0,8,10,1,34
17,"Adak Island, AK",0,0,0,0,0,0,0,2
17,"Aguadilla, PR",3,0,2,0,0,5,0,54
17,"Akron, OH",8,0,6,0,5,11,0,67
17,"Albany, GA",2,0,2,0,0,2,0,14
17,"Albany, NY",20,2,16,0,21,36,0,228
17,"Albuquerque, NM",44,3,35,1,44,81,1,445
17,"Alexandria, LA",1,1,3,0,1,4,0,35
17,"Allentown/Bethlehem/Easton, PA",12,0,11,0,6,17,0,84
17,"Alpena, MI",0,1,0,0,0,1,0,12
17,"Amarillo, TX",6,3,5,0,15,18,0,84
17,"Anchorage, AK",27,1,27,2,18,45,1,325
17,"Appleton, WI",9,1,10,0,8,19,0,120
17,"Arcata/Eureka, CA",4,1,2,0,1,7,0,28
17,"Asheville, NC",11,1,5,0,10,18,0,239
17,"Ashland, WV",0,0,0,0,0,0,0,4
17,"Aspen, CO",6,3,4,0,4,13,6,84
17,"Atlanta, GA",408,35,412,2,397,794,6,6689
17,"Atlantic City, NJ",5,1,7,0,4,7,0,70
17,"Augusta, GA",5,2,1,0,3,8,0,81
17,"Austin, TX",196,27,244,2,207,406,4,1761
17,"Bakersfield, CA",10,1,8,0,6,14,0,39
17,"Baltimore, MD",168,5,103,1,178,260,3,1937
17,"Bangor, ME",2,0,1,0,3,5,0,52
17,"Barrow, AK",1,1,1,0,1,2,0,7
17,"Baton Rouge, LA",7,5,9,0,11,20,1,102
17,"Beaumont/Port Arthur, TX",1,2,1,0,1,4,1,14
17,"Belleville, IL",1,0,0,0,2,2,0,20
17,"Bellingham, WA",7,1,9,0,6,12,1,55
17,"Bemidji, MN",0,0,0,0,0,0,0,14
17,"Bend/Redmond, OR",9,1,6,0,8,15,0,98
17,"Bethel, AK",0,1,1,0,0,1,0,14
17,"Billings, MT",9,2,6,0,7,10,0,75
17,"Binghamton, NY",0,0,0,0,0,0,0,7
17,"Birmingham, AL",19,6,22,1,32,40,2,336
17,"Bismarck/Mandan, ND",9,1,4,0,4,14,0,65
17,"Bloomington/Normal, IL",2,2,2,0,2,6,0,34
17,"Boise, ID",34,2,25,0,26,57,0,421
17,"Boston, MA",261,14,227,2,199,417,1,2748
17,"Bozeman, MT",11,1,6,0,12,18,0,145
17,"Brainerd, MN",0,0,0,0,0,0,0,12
17,"Bristol/Johnson City/Kingsport, TN",0,1,1,0,1,2,0,38
17,"Brownsville, TX",3,2,7,0,3,7,1,35
17,"Brunswick, GA",1,2,0,0,0,3,0,14
17,"Buffalo, NY",38,0,27,0,30,53,0,413
17,"Burbank, CA",64,2,35,0,67,105,2,520
17,"Burlington, VT",9,0,7,0,5,15,0,122
17,"Butte, MT",1,0,0,0,0,1,0,13
17,"Casper, WY",1,0,0,0,0,1,0,7
17,"Cedar City, UT",1,1,0,0,0,2,0,12
17,"Cedar Rapids/Iowa City, IA",5,2,11,0,15,25,0,146
17,"Champaign/Urbana, IL",1,1,3,0,3,5,0,28
17,"Charleston, SC",47,6,26,0,51,81,0,533
17,"Charleston/Dunbar, WV",4,1,3,0,2,5,0,62
17,"Charlotte Amalie, VI",13,0,21,2,3,25,1,126
17,"Charlotte, NC",360,34,370,3,387,676,6,4288
17,"Charlottesville, VA",7,0,0,0,3,7,0,64
17,"Chattanooga, TN",8,4,13,0,11,17,1,139
17,"Cheyenne, WY",0,0,0,0,1,1,0,13
17,"Chicago, IL",572,44,537,4,558,1058,14,7124
17,"Christiansted, VI",1,0,2,0,4,4,0,23
17,"Cincinnati, OH",77,2,43,0,53,101,0,828
17,"Clarksburg/Fairmont, WV",2,0,0,0,0,2,0,4
17,"Cleveland, OH",83,3,42,2,70,127,3,776
17,"College Station/Bryan, TX",2,0,2,0,0,3,2,21
17,"Colorado Springs, CO",32,4,20,1,30,56,1,226
17,"Columbia, MO",5,3,6,0,6,10,0,28
17,"Columbia, SC",8,2,10,0,8,17,0,128
17,"Columbus, GA",1,1,0,0,0,2,0,20
17,"Columbus, MS",0,0,0,0,0,0,0,14
17,"Columbus, OH",57,2,42,1,61,100,2,795
17,"Concord, NC",2,0,0,0,0,2,0,14
17,"Cordova, AK",1,0,3,0,2,4,0,14
17,"Corpus Christi, TX",3,6,7,0,14,17,0,74
17,"Dallas, TX",135,15,220,4,184,337,33,1410
17,"Dallas/Fort Worth, TX",675,312,972,11,871,1655,70,5865
17,"Dayton, OH",10,3,6,0,11,18,1,161
17,"Daytona Beach, FL",5,0,3,0,1,6,0,58
17,"Deadhorse, AK",0,1,0,0,0,1,1,11
17,"Decatur, IL",1,1,2,0,0,2,0,19
17,"Denver, CO",569,39,588,1,543,1052,28,5748
17,"Des Moines, IA",19,5,30,0,21,43,2,295
17,"Detroit, MI",210,22,112,3,125,317,4,2522
17,"Devils Lake, ND",0,0,0,0,0,0,0,13
17,"Dickinson, ND",1,0,0,0,0,1,0,13
17,"Dodge City, KS",0,0,0,0,0,0,0,12
17,"Dothan, AL",3,1,1,0,0,4,0,14
17,"Duluth, MN",3,0,1,0,0,3,0,40
17,"Durango, CO",4,1,5,0,3,10,1,56
17,"Eagle, CO",1,0,1,0,1,2,0,35
17,"El Paso, TX",36,6,20,1,39,54,3,337
17,"Elko, NV",0,0,0,0,0,0,0,7
17,"Elmira/Corning, NY",2,0,1,0,0,2,0,21
17,"Escanaba, MI",2,0,0,0,0,2,0,12
17,"Eugene, OR",13,2,12,0,12,25,0,131
17,"Evansville, IN",7,0,1,0,3,7,0,36
17,"Everett, WA",4,1,5,0,1,6,0,29
17,"Fairbanks, AK",7,1,6,0,3,13,0,62
17,"Fargo, ND",14,0,10,0,11,24,0,123
17,"Fayetteville, AR",28,8,26,2,18,51,3,257
17,"Fayetteville, NC",1,0,2,0,0,1,0,20
17,"Flagstaff, AZ",2,0,4,0,1,4,0,34
17,"Flint, MI",2,0,1,0,1,3,0,43
17,"Fort Dodge, IA",2,0,2,0,1,2,0,12
17,"Fort Lauderdale, FL",154,5,118,0,124,250,1,1891
17,"Fort Myers, FL",61,6,29,1,57,96,1,747
17,"Fort Smith, AR",1,2,2,0,3,6,0,21
17,"Fort Wayne, IN",13,4,8,0,4,17,0,80
17,"Fresno, CA",31,2,19,0,23,45,0,212
17,"Gainesville, FL",1,1,1,0,4,4,1,61
17,"Garden City, KS",2,2,3,0,5,7,0,14
17,"Gillette, WY",0,0,0,0,0,0,0,14
17,"Grand Forks, ND",3,0,1,0,0,4,0,25
17,"Grand Island, NE",1,3,2,0,0,4,1,18
17,"Grand Junction, CO",5,1,4,0,4,9,0,57
17,"Grand Rapids, MI",35,1,21,0,20,48,1,341
17,"Great Falls, MT",2,0,0,0,2,4,0,52
17,"Green Bay, WI",14,0,7,0,4,20,0,92
17,"Greensboro/High Point, NC",18,1,14,0,8,25,1,226
17,"Greer, SC",27,3,20,0,18,46,0,311
17,"Guam, TT",0,0,0,0,0,0,0,14
17,"Gulfport/Biloxi, MS",2,3,4,0,1,6,0,63
17,"Gunnison, CO",1,0,0,0,0,0,0,7
17,"Hagerstown, MD",2,0,1,0,0,2,0,4
17,"Hancock/Houghton, MI",1,0,1,0,2,3,0,14
17,"Harlingen/San Benito, TX",6,5,6,0,10,17,1,90
17,"Harrisburg, PA",14,1,11,0,6,18,0,120
17,"Hartford, CT",61,5,36,1,42,83,0,466
17,"Hattiesburg/Laurel, MS",0,0,1,0,1,1,0,12
17,"Hayden, CO",3,0,0,0,0,3,0,21
17,"Hays, KS",2,0,1,0,0,2,0,14
17,"Helena, MT",2,0,1,0,2,4,0,28
17,"Hibbing, MN",2,0,0,0,0,2,0,12
17,"Hilo, HI",7,0,0,0,4,7,0,130
17,"Hilton Head, SC",1,2,7,0,3,8,0,52
17,"Honolulu, HI",67,2,21,0,66,113,8,1180
17,"Houston, TX",283,30,250,5,288,496,14,3320
17,"Huntsville, AL",16,5,13,0,11,25,1,188
17,"Idaho Falls, ID",4,2,3,0,1,6,0,62
17,"Indianapolis, IN",80,7,63,1,74,133,0,900
17,"International Falls, MN",1,0,0,0,0,1,0,12
17,"Iron Mountain/Kingsfd, MI",2,1,0,0,0,3,0,14
17,"Islip, NY",14,0,11,0,18,23,1,99
17,"Ithaca/Cortland, NY",1,0,0,0,1,1,0,14
17,"Jackson, WY",7,0,3,0,2,8,0,51
17,"Jackson/Vicksburg, MS",8,6,10,0,12,22,1,147
17,"Jacksonville, FL",53,5,43,0,48,86,1,604
17,"Jacksonville/Camp Lejeune, NC",4,0,1,0,1,4,0,35
17,"Jamestown, ND",1,0,0,0,0,1,0,13
17,"Johnstown, PA",1,0,1,0,2,3,0,14
17,"Joplin, MO",1,0,1,0,1,2,0,12
17,"Juneau, AK",5,0,5,0,5,9,0,84
17,"Kahului, HI",28,0,4,0,22,36,5,481
17,"Kalamazoo, MI",5,1,1,0,0,6,0,20
17,"Kalispell, MT",4,0,0,0,2,5,0,43
17,"Kansas City, MO",102,10,102,0,99,173,3,949
17,"Ketchikan, AK",3,0,2,0,2,5,0,49
17,"Key West, FL",9,1,17,0,7,22,0,180
17,"Killeen, TX",1,5,3,0,5,9,1,35
17,"King Salmon, AK",0,0,0,0,0,0,0,3
17,"Knoxville, TN",29,4,21,1,13,41,0,284
17,"Kodiak, AK",0,0,0,0,1,1,0,14
17,"Kona, HI",19,0,4,0,12,23,0,294
17,"Kotzebue, AK",0,0,0,0,0,0,0,7
17,"Lafayette, LA",7,5,5,0,8,13,1,62
17,"Lake Charles, LA",1,2,3,0,0,3,0,21
17,"Lansing, MI",9,0,5,0,1,10,0,26
17,"Laramie, WY",2,0,1,0,1,3,1,12
17,"Laredo, TX",3,5,6,0,6,9,0,37
17,"Las Vegas, NV",306,36,479,3,453,807,9,3634
17,"Latrobe, PA",0,0,0,0,0,0,0,14
17,"Lawton/Fort Sill, OK",3,0,1,0,1,4,2,21
17,"Lewiston, ID",1,0,0,0,1,2,0,21
17,"Lexington, KY",17,1,9,0,5,19,1,182
17,"Liberal, KS",2,0,1,0,0,2,0,12
17,"Lihue, HI",20,0,2,1,13,24,3,299
17,"Lincoln, NE",3,0,1,0,0,2,0,21
17,"Little Rock, AR",26,8,30,0,23,48,3,254
17,"Long Beach, CA",37,0,13,0,35,48,0,343
17,"Longview, TX",0,1,1,0,1,2,1,14
17,"Los Angeles, CA",358,25,267,2,289,591,11,3688
17,"Louisville, KY",47,4,32,1,40,68,1,480
17,"Lubbock, TX",12,5,4,1,17,26,1,112
17,"Madison, WI",28,4,22,0,17,46,0,241
17,"Manchester, NH",12,0,4,0,8,12,0,113
17,"Manhattan/Ft. Riley, KS",0,1,1,0,1,3,0,14
17,"Marquette, MI",2,0,0,0,0,2,0,14
17,"Mason City, IA",1,0,1,0,1,2,0,12
17,"Medford, OR",7,1,8,0,4,14,0,80
17,"Melbourne, FL",1,0,1,0,1,2,0,57
17,"Memphis, TN",47,7,31,0,50,71,1,433
17,"Meridian, MS",3,0,0,0,1,4,0,12
17,"Miami, FL",183,18,135,4,166,309,6,2211
17,"Midland/Odessa, TX",26,12,21,0,30,53,4,207
17,"Milwaukee, WI",68,4,38,0,49,93,0,536
17,"Minneapolis, MN",171,17,130,0,116,280,0,2403
17,"Minot, ND",2,1,2,0,1,5,0,42
17,"Mission/McAllen/Edinburg, TX",11,8,7,1,8,23,1,88
17,"Missoula, MT",8,1,4,0,4,11,0,59
17,"Mobile, AL",1,0,5,0,6,8,0,48
17,"Moline, IL",5,3,6,0,4,12,0,71
17,"Monroe, LA",2,1,3,0,3,6,1,35
17,"Monterey, CA",7,2,6,0,4,12,0,90
17,"Montgomery, AL",7,1,2,0,4,7,1,47
17,"Montrose/Delta, CO",2,2,1,0,5,5,0,28
17,"Mosinee, WI",0,0,0,0,0,0,0,14
17,"Myrtle Beach, SC",21,1,18,0,20,35,1,344
17,"Nashville, TN",164,20,122,0,184,296,3,1956
17,"New Orleans, LA",104,10,65,0,109,173,3,1006
17,"New York, NY",401,48,347,4,311,676,2,5560
17,"Newark, NJ",191,18,188,0,138,332,8,2509
17,"Newburgh/Poughkeepsie, NY",0,0,1,0,0,1,0,8
17,"Niagara Falls, NY",0,0,0,0,0,0,0,6
17,"Nome, AK",0,0,0,0,0,0,0,7
17,"Norfolk, VA",40,0,35,1,33,58,0,401
17,"North Bend/Coos Bay, OR",0,0,2,0,1,2,0,7
17,"North Platte, NE",0,0,0,0,0,0,0,12
17,"Oakland, CA",65,0,46,0,106,129,5,825
17,"Oklahoma City, OK",36,10,40,0,36,75,1,441
17,"Omaha, NE",60,8,55,1,49,98,0,446
17,"Ontario, CA",52,6,37,1,68,102,2,496
17,"Orlando, FL",253,13,172,1,258,432,9,3214
17,"Pago Pago, TT",0,0,0,0,0,0,0,2
17,"Palm Springs, CA",35,2,27,1,28,61,2,370
17,"Panama City, FL",13,1,9,0,18,23,0,175
17,"Pasco/Kennewick/Richland, WA",9,1,5,0,5,15,0,100
17,"Pellston, MI",5,2,0,0,0,7,0,12
17,"Pensacola, FL",23,3,19,0,24,34,2,267
17,"Peoria, IL",5,1,3,0,9,12,0,65
17,"Petersburg, AK",0,0,1,0,0,1,0,14
17,"Philadelphia, PA",154,16,128,1,136,248,8,1853
17,"Phoenix, AZ",356,21,318,0,417,648,12,3929
17,"Pittsburgh, PA",71,6,49,3,74,126,1,818
17,"Plattsburgh, NY",0,0,0,0,0,0,0,8
17,"Pocatello, ID",3,1,0,0,0,4,0,14
17,"Ponce, PR",5,1,1,0,2,5,0,26
17,"Portland, ME",19,0,8,0,10,27,1,148
17,"Portland, OR",124,5,104,0,126,218,4,1128
17,"Portsmouth, NH",0,0,0,0,0,0,0,16
17,"Prescott, AZ",4,0,1,0,0,3,0,14
17,"Providence, RI",23,0,13,1,24,33,0,280
17,"Provo, UT",5,0,4,0,7,7,0,36
17,"Punta Gorda, FL",5,0,0,0,3,6,0,106
17,"Raleigh/Durham, NC",104,15,103,1,134,209,0,1195
17,"Rapid City, SD",6,3,4,0,4,11,0,72
17,"Redding, CA",1,0,2,0,1,3,0,26
17,"Reno, NV",30,3,12,0,31,50,0,384
17,"Rhinelander, WI",0,0,0,0,0,0,0,14
17,"Richmond, VA",34,2,24,1,25,50,0,379
17,"Riverton/Lander, WY",1,1,0,0,2,3,0,9
17,"Roanoke, VA",3,0,4,0,4,6,0,52
17,"Rochester, MN",3,0,0,0,0,3,0,28
17,"Rochester, NY",20,1,9,0,10,27,0,222
17,"Rock Springs, WY",1,0,0,0,0,1,0,9
17,"Rockford, IL",1,0,0,0,0,1,0,14
17,"Roswell, NM",0,1,2,0,2,4,0,14
17,"Sacramento, CA",106,6,56,0,110,160,1,1032
17,"Saginaw/Bay City/Midland, MI",6,1,1,0,2,8,0,39
17,"Saipan, TT",0,0,0,0,0,0,0,7
17,"Salina, KS",1,0,1,0,0,1,1,14
17,"Salt Lake City, UT",190,18,101,1,134,282,4,2177
17,"San Angelo, TX",2,0,1,0,4,5,0,21
17,"San Antonio, TX",88,13,72,2,103,150,6,801
17,"San Diego, CA",217,9,207,2,204,378,5,1764
17,"San Francisco, CA",229,33,1027,2,290,1183,13,2508
17,"San Jose, CA",104,4,66,0,105,166,3,913
17,"San Juan, PR",64,5,59,2,51,103,1,680
17,"San Luis Obispo, CA",9,0,10,0,8,20,0,93
17,"Sanford, FL",8,2,4,0,10,16,0,167
17,"Santa Ana, CA",64,4,52,0,77,132,6,832
17,"Santa Barbara, CA",16,5,11,0,20,33,1,133
17,"Santa Fe, NM",3,3,6,0,2,10,0,41
17,"Santa Maria, CA",0,0,0,0,0,0,0,2
17,"Santa Rosa, CA",2,0,8,0,6,11,0,51
17,"Sarasota/Bradenton, FL",27,1,14,0,26,39,0,357
17,"Sault Ste. Marie, MI",4,0,1,0,0,4,0,14
17,"Savannah, GA",27,1,26,0,30,52,1,399
17,"Scottsbluff, NE",0,1,1,0,0,1,0,12
17,"Scranton/Wilkes-Barre, PA",2,0,1,0,3,4,0,21
17,"Seattle, WA",230,18,271,5,237,482,8,3088
17,"Sheridan, WY",1,0,0,0,0,1,0,14
17,"Shreveport, LA",4,6,6,0,7,14,1,77
17,"Sioux City, IA",1,0,0,0,1,2,0,14
17,"Sioux Falls, SD",13,1,9,0,11,21,0,139
17,"Sitka, AK",0,0,0,0,2,1,0,21
17,"South Bend, IN",16,3,9,0,4,22,1,124
17,"Spokane, WA",28,3,11,0,21,42,0,342
17,"Springfield, IL",0,0,0,0,0,0,0,2
17,"Springfield, MO",20,7,24,0,21,39,1,156
17,"St. Cloud, MN",0,0,0,0,0,0,0,2
17,"St. George, UT",3,2,2,0,0,4,0,60
17,"St. Louis, MO",122,8,79,2,123,198,1,1271
17,"St. Petersburg, FL",6,2,5,1,10,15,0,138
17,"State College, PA",2,0,0,0,3,5,0,14
17,"Stillwater, OK",0,3,2,0,3,4,0,14
17,"Stockton, CA",0,0,0,0,0,0,0,8
17,"Sun Valley/Hailey/Ketchum, ID",1,1,2,0,0,2,0,21
17,"Syracuse, NY",25,1,17,0,20,37,0,254
17,"Tallahassee, FL",9,2,11,0,10,17,0,117
17,"Tampa, FL",133,9,104,1,153,232,1,1597
17,"Texarkana, AR",1,3,2,0,5,5,0,14
17,"Toledo, OH",1,0,1,0,0,1,0,7
17,"Traverse City, MI",8,1,8,1,5,14,0,53
17,"Trenton, NJ",5,0,4,0,5,7,1,45
17,"Tucson, AZ",44,5,37,0,40,74,1,379
17,"Tulsa, OK",40,6,33,1,41,69,1,332
17,"Twin Falls, ID",4,0,1,0,0,4,0,14
17,"Tyler, TX",3,1,1,0,0,4,0,21
17,"Valdosta, GA",2,0,1,0,1,3,0,14
17,"Valparaiso, FL",17,5,14,1,20,30,0,199
17,"Victoria, TX",2,0,0,0,0,2,0,12
17,"Waco, TX",3,1,2,0,3,5,1,21
17,"Walla Walla, WA",0,0,1,0,1,1,0,14
17,"Washington, DC",277,23,284,4,234,495,5,3704
17,"West Palm Beach/Palm Beach, FL",67,4,25,0,54,92,1,639
17,"White Plains, NY",27,2,27,0,16,41,0,249
17,"Wichita Falls, TX",1,0,0,0,1,2,1,10
17,"Wichita, KS",28,9,19,0,18,45,3,196
17,"Williston, ND",3,0,2,0,0,2,0,34
17,"Wilmington, NC",15,2,16,0,15,27,0,142
17,"Worcester, MA",2,0,2,0,1,3,0,29
17,"Wrangell, AK",0,0,1,0,1,1,0,14
17,"Yakutat, AK",0,0,2,0,2,3,0,14
17,"Yuma, AZ",1,1,2,0,2,3,0,31
18,"Aberdeen, SD",1,0,1,0,0,1,0,14
18,"Abilene, TX",3,3,5,0,4,9,0,34
18,"Adak Island, AK",0,0,0,0,0,0,0,2
18,"Aguadilla, PR",9,0,3,0,5,9,0,57
18,"Akron, OH",10,2,4,0,5,16,0,67
18,"Albany, GA",1,1,2,0,0,2,0,14
18,"Albany, NY",34,2,22,0,24,49,1,227
18,"Albuquerque, NM",61,5,34,0,65,98,7,464
18,"Alexandria, LA",1,1,2,0,1,4,0,35
18,"Allentown/Bethlehem/Easton, PA",5,3,5,0,5,11,0,83
18,"Alpena, MI",1,2,2,0,0,2,0,12
18,"Amarillo, TX",8,2,8,0,10,16,0,84
18,"Anchorage, AK",24,0,26,2,23,52,2,331
18,"Appleton, WI",13,3,9,0,7,23,0,120
18,"Arcata/Eureka, CA",3,0,6,0,2,7,0,28
18,"Asheville, NC",20,5,27,0,21,39,0,242
18,"Ashland, WV",1,0,2,0,0,2,0,4
18,"Aspen, CO",5,0,5,0,4,10,2,83
18,"Atlanta, GA",502,61,462,3,484,903,4,6698
18,"Atlantic City, NJ",7,0,7,0,5,9,1,70
18,"Augusta, GA",5,6,5,2,7,16,0,79
18,"Austin, TX",236,26,253,1,211,424,12,1761
18,"Bakersfield, CA",10,0,5,0,6,13,0,39
18,"Baltimore, MD",180,16,130,3,224,309,3,1933
18,"Bangor, ME",4,0,0,0,2,4,0,37
18,"Barrow, AK",0,0,0,0,1,1,0,7
18,"Baton Rouge, LA",12,2,8,0,13,23,0,102
18,"Beaumont/Port Arthur, TX",3,1,0,0,0,4,0,14
18,"Belleville, IL",2,1,0,0,3,3,0,20
18,"Bellingham, WA",4,0,5,0,7,8,0,54
18,"Bemidji, MN",1,0,0,0,0,1,0,14
18,"Bend/Redmond, OR",8,0,5,0,5,10,0,98
18,"Bethel, AK",0,2,2,0,0,2,0,14
18,"Billings, MT",5,0,4,0,0,5,0,70
18,"Binghamton, NY",0,0,0,0,0,0,0,7
18,"Birmingham, AL",37,5,26,0,34,61,1,340
18,"Bismarck/Mandan, ND",0,0,1,0,0,0,0,70
18,"Bloomington/Normal, IL",2,0,2,0,1,4,0,35
18,"Boise, ID",46,4,36,1,41,80,1,423
18,"Boston, MA",268,31,368,1,246,571,7,2809
18,"Bozeman, MT",13,0,3,0,11,17,0,149
18,"Brainerd, MN",2,0,0,0,0,2,0,12
18,"Bristol/Johnson City/Kingsport, TN",2,1,1,0,4,5,0,38
18,"Brownsville, TX",2,0,3,0,1,5,0,39
18,"Brunswick, GA",2,0,1,0,0,2,0,14
18,"Buffalo, NY",55,7,30,2,36,79,0,421
18,"Burbank, CA",69,5,67,0,72,122,1,521
18,"Burlington, VT",12,3,7,0,6,17,0,123
18,"Butte, MT",0,0,0,0,0,0,0,13
18,"Casper, WY",0,0,0,0,0,0,0,8
18,"Cedar City, UT",2,0,0,0,0,2,0,12
18,"Cedar Rapids/Iowa City, IA",19,7,18,0,21,37,0,146
18,"Champaign/Urbana, IL",3,2,4,0,3,7,0,28
18,"Charleston, SC",45,7,30,0,50,78,1,538
18,"Charleston/Dunbar, WV",12,2,13,0,9,21,0,67
18,"Charlotte Amalie, VI",14,1,18,1,7,22,1,120
18,"Charlotte, NC",479,128,604,7,652,1063,11,4295
18,"Charlottesville, VA",2,0,5,0,4,6,0,63
18,"Chattanooga, TN",22,2,14,0,9,30,0,139
18,"Cheyenne, WY",0,0,0,0,0,0,0,13
18,"Chicago, IL",648,113,706,8,617,1306,39,7140
18,"Christiansted, VI",1,2,2,0,4,6,0,23
18,"Cincinnati, OH",86,12,66,1,84,150,4,831
18,"Clarksburg/Fairmont, WV",0,0,0,0,0,0,0,4
18,"Cleveland, OH",76,9,53,0,73,126,1,784
18,"College Station/Bryan, TX",1,1,3,0,1,4,0,21
18,"Colorado Springs, CO",31,2,18,0,29,45,1,227
18,"Columbia, MO",1,2,2,0,4,4,0,28
18,"Columbia, SC",14,1,4,0,13,22,0,128
18,"Columbus, GA",3,0,1,0,0,3,0,20
18,"Columbus, MS",0,0,0,0,0,0,0,14
18,"Columbus, OH",73,10,39,1,76,126,0,802
18,"Concord, NC",0,0,0,0,0,0,0,14
18,"Cordova, AK",0,0,0,0,0,0,0,14
18,"Corpus Christi, TX",1,0,5,1,8,11,1,73
18,"Dallas, TX",163,14,169,0,187,309,4,1409
18,"Dallas/Fort Worth, TX",652,148,675,9,716,1300,29,5872
18,"Dayton, OH",13,4,13,0,12,22,0,161
18,"Daytona Beach, FL",7,2,3,0,5,11,0,58
18,"Deadhorse, AK",0,0,0,0,0,0,0,11
18,"Decatur, IL",5,1,2,0,2,8,0,19
18,"Denver, CO",497,37,390,0,553,892,37,5766
18,"Des Moines, IA",34,4,25,0,28,52,3,295
18,"Detroit, MI",205,37,140,3,132,329,3,2527
18,"Devils Lake, ND",1,0,0,0,0,1,0,13
18,"Dickinson, ND",1,0,0,0,0,1,0,13
18,"Dodge City, KS",1,0,0,0,1,2,0,12
18,"Dothan, AL",1,0,0,0,0,1,0,14
18,"Duluth, MN",8,1,2,0,4,10,0,36
18,"Durango, CO",6,0,2,0,3,8,0,56
18,"Eagle, CO",3,0,1,0,1,4,0,31
18,"El Paso, TX",42,5,30,0,47,72,0,337
18,"Elko, NV",0,0,0,0,0,0,0,7
18,"Elmira/Corning, NY",4,0,0,0,1,4,0,19
18,"Escanaba, MI",1,2,1,0,0,3,0,12
18,"Eugene, OR",14,1,14,0,19,25,0,131
18,"Evansville, IN",3,1,3,0,2,4,0,36
18,"Everett, WA",0,0,1,0,3,3,0,29
18,"Fairbanks, AK",7,0,8,0,4,15,0,66
18,"Fargo, ND",10,4,8,0,7,18,0,124
18,"Fayetteville, AR",23,7,16,0,17,36,0,252
18,"Fayetteville, NC",1,0,0,0,0,1,0,20
18,"Flagstaff, AZ",7,0,2,0,0,7,0,35
18,"Flint, MI",4,0,1,0,5,6,1,42
18,"Fort Dodge, IA",1,0,1,0,1,2,0,12
18,"Fort Lauderdale, FL",184,24,129,5,160,283,6,1855
18,"Fort Myers, FL",69,4,36,1,63,113,4,698
18,"Fort Smith, AR",4,2,3,0,1,6,0,21
18,"Fort Wayne, IN",9,0,4,0,5,12,1,80
18,"Fresno, CA",26,4,22,0,19,47,1,215
18,"Gainesville, FL",3,1,2,1,5,8,0,61
18,"Garden City, KS",1,0,2,0,2,3,0,14
18,"Gillette, WY",0,0,0,0,0,0,0,14
18,"Grand Forks, ND",4,0,0,0,0,4,0,25
18,"Grand Island, NE",1,1,1,0,0,2,0,18
18,"Grand Junction, CO",3,2,4,0,0,6,0,57
18,"Grand Rapids, MI",34,7,19,0,26,52,1,338
18,"Great Falls, MT",3,0,0,0,1,4,0,52
18,"Green Bay, WI",12,3,9,0,6,22,0,92
18,"Greensboro/High Point, NC",22,2,15,0,20,35,0,228
18,"Greer, SC",42,5,30,0,45,61,0,313
18,"Guam, TT",1,0,0,0,1,1,0,14
18,"Gulfport/Biloxi, MS",6,4,7,1,6,13,0,63
18,"Gunnison, CO",0,0,1,0,1,1,0,7
18,"Hagerstown, MD",1,0,0,0,0,1,0,4
18,"Hancock/Houghton, MI",2,2,0,0,1,5,2,14
18,"Harlingen/San Benito, TX",11,5,4,0,13,19,1,89
18,"Harrisburg, PA",13,2,11,0,13,24,0,118
18,"Hartford, CT",50,6,30,0,48,75,0,437
18,"Hattiesburg/Laurel, MS",3,2,4,0,0,5,4,12
18,"Hayden, CO",3,1,0,0,1,3,0,21
18,"Hays, KS",0,0,0,0,1,1,0,14
18,"Helena, MT",0,1,1,0,0,0,0,28
18,"Hibbing, MN",0,1,0,0,0,1,0,12
18,"Hilo, HI",10,0,0,0,6,10,2,130
18,"Hilton Head, SC",4,2,5,0,2,8,0,52
18,"Honolulu, HI",76,3,19,1,52,105,11,1178
18,"Houston, TX",474,83,708,1,473,1047,181,3357
18,"Huntsville, AL",13,4,19,0,14,30,0,188
18,"Idaho Falls, ID",5,0,2,0,0,5,0,67
18,"Indianapolis, IN",95,13,61,1,92,158,12,900
18,"International Falls, MN",0,0,0,0,0,0,0,12
18,"Iron Mountain/Kingsfd, MI",2,0,0,0,0,2,0,14
18,"Islip, NY",18,0,6,0,14,18,0,99
18,"Ithaca/Cortland, NY",1,0,1,0,2,3,0,24
18,"Jackson, WY",4,1,1,0,3,6,0,49
18,"Jackson/Vicksburg, MS",19,5,16,0,20,33,0,146
18,"Jacksonville, FL",84,6,56,3,68,128,2,612
18,"Jacksonville/Camp Lejeune, NC",5,4,4,0,3,10,0,35
18,"Jamestown, ND",0,0,0,0,0,0,0,13
18,"Johnstown, PA",1,1,2,0,3,5,0,14
18,"Joplin, MO",0,0,1,0,2,2,0,12
18,"Juneau, AK",4,0,4,0,5,6,0,84
18,"Kahului, HI",24,0,5,0,13,27,6,482
18,"Kalamazoo, MI",2,0,2,0,0,2,0,20
18,"Kalispell, MT",6,0,2,0,3,7,0,43
18,"Kansas City, MO",111,10,78,0,110,182,3,955
18,"Ketchikan, AK",3,0,1,0,3,4,0,49
18,"Key West, FL",10,3,14,0,10,21,0,171
18,"Killeen, TX",4,5,2,0,1,9,0,35
18,"King Salmon, AK",0,0,0,0,0,0,0,3
18,"Knoxville, TN",33,6,25,1,29,56,1,284
18,"Kodiak, AK",2,0,0,0,0,2,0,14
18,"Kona, HI",23,0,3,0,18,33,1,293
18,"Kotzebue, AK",1,0,2,0,0,2,0,7
18,"Lafayette, LA",4,4,8,0,6,12,0,58
18,"Lake Charles, LA",2,1,2,0,1,4,0,21
18,"Lansing, MI",5,0,0,0,0,5,0,26
18,"Laramie, WY",0,0,0,0,0,0,0,12
18,"Laredo, TX",6,1,3,0,2,8,0,36
18,"Las Vegas, NV",369,36,435,4,472,795,13,3635
18,"Latrobe, PA",3,0,3,0,1,4,0,14
18,"Lawton/Fort Sill, OK",0,2,3,0,1,4,0,21
18,"Lewiston, ID",2,1,1,0,0,4,0,21
18,"Lexington, KY",19,6,16,0,15,31,0,171
18,"Liberal, KS",2,0,1,0,1,3,0,12
18,"Lihue, HI",21,0,0,0,15,24,5,299
18,"Lincoln, NE",5,0,2,0,3,7,0,22
18,"Little Rock, AR",34,7,33,0,34,63,8,258
18,"Long Beach, CA",30,3,18,0,34,51,0,343
18,"Longview, TX",0,1,2,0,2,3,0,14
18,"Los Angeles, CA",395,40,338,5,330,662,14,3694
18,"Louisville, KY",72,10,48,1,53,119,1,571
18,"Lubbock, TX",20,3,16,0,18,35,2,118
18,"Madison, WI",38,7,27,0,32,60,0,241
18,"Manchester, NH",16,2,5,0,11,20,0,107
18,"Manhattan/Ft. Riley, KS",1,1,2,0,0,3,0,14
18,"Marquette, MI",4,1,2,0,2,5,0,14
18,"Mason City, IA",0,0,1,0,1,1,0,12
18,"Medford, OR",4,1,7,0,3,10,2,80
18,"Melbourne, FL",2,3,2,1,3,8,0,57
18,"Memphis, TN",51,9,51,0,53,95,5,437
18,"Meridian, MS",0,0,1,0,2,2,3,12
18,"Miami, FL",220,25,144,4,171,346,3,2188
18,"Midland/Odessa, TX",24,3,27,0,26,49,6,196
18,"Milwaukee, WI",77,1,34,0,59,110,2,535
18,"Minneapolis, MN",183,26,80,1,117,276,1,2404
18,"Minot, ND",0,0,0,0,0,0,0,42
18,"Mission/McAllen/Edinburg, TX",19,5,9,0,12,30,3,91
18,"Missoula, MT",7,0,1,0,2,7,0,63
18,"Mobile, AL",3,0,3,0,3,6,0,48
18,"Moline, IL",6,1,10,0,6,19,0,79
18,"Monroe, LA",2,0,1,0,4,4,0,35
18,"Monterey, CA",10,0,12,0,8,18,0,91
18,"Montgomery, AL",5,1,4,0,7,8,0,47
18,"Montrose/Delta, CO",1,0,2,0,3,4,0,28
18,"Mosinee, WI",0,0,0,0,0,0,0,14
18,"Myrtle Beach, SC",33,5,23,0,33,50,0,346
18,"Nashville, TN",208,27,157,2,207,352,8,1973
18,"New Orleans, LA",117,21,81,2,130,209,8,1008
18,"New York, NY",578,40,540,7,417,944,10,5554
18,"Newark, NJ",263,35,285,1,190,501,19,2556
18,"Newburgh/Poughkeepsie, NY",0,0,0,0,0,0,0,8
18,"Niagara Falls, NY",0,0,0,0,0,0,0,6
18,"Nome, AK",0,0,0,0,0,0,0,7
18,"Norfolk, VA",57,8,46,0,40,84,6,403
18,"North Bend/Coos Bay, OR",0,1,0,0,0,1,0,7
18,"North Platte, NE",1,0,0,0,0,1,0,12
18,"Oakland, CA",92,4,66,1,107,153,3,825
18,"Oklahoma City, OK",53,8,41,0,43,93,2,437
18,"Omaha, NE",70,10,40,0,49,106,6,475
18,"Ontario, CA",75,5,34,0,74,109,0,496
18,"Orlando, FL",326,20,212,5,341,527,7,3201
18,"Pago Pago, TT",1,0,0,0,0,0,0,2
18,"Palm Springs, CA",25,2,24,1,16,41,0,327
18,"Panama City, FL",25,4,13,0,24,36,0,175
18,"Pasco/Kennewick/Richland, WA",7,1,5,0,4,11,0,99
18,"Pellston, MI",3,3,1,0,0,6,0,12
18,"Pensacola, FL",28,8,27,2,32,55,2,268
18,"Peoria, IL",3,3,6,0,6,12,0,65
18,"Petersburg, AK",0,0,0,0,1,1,0,14
18,"Philadelphia, PA",205,24,179,6,183,326,2,1854
18,"Phoenix, AZ",385,41,251,1,402,642,5,3921
18,"Pittsburgh, PA",88,9,60,5,89,142,2,821
18,"Plattsburgh, NY",0,0,0,0,0,0,0,6
18,"Pocatello, ID",2,0,0,0,0,2,0,14
18,"Ponce, PR",4,0,1,0,3,5,1,22
18,"Portland, ME",16,0,13,0,15,25,0,160
18,"Portland, OR",122,11,107,1,105,204,1,1129
18,"Portsmouth, NH",0,0,0,0,0,0,0,6
18,"Prescott, AZ",0,2,2,0,0,2,0,14
18,"Providence, RI",39,4,26,1,30,64,0,280
18,"Provo, UT",3,1,7,0,8,11,0,36
18,"Punta Gorda, FL",6,1,5,0,8,10,0,97
18,"Raleigh/Durham, NC",168,18,112,1,138,244,4,1207
18,"Rapid City, SD",11,0,7,0,4,12,0,72
18,"Redding, CA",2,0,2,0,0,3,0,26
18,"Reno, NV",47,2,26,1,41,74,1,379
18,"Rhinelander, WI",1,0,1,0,0,1,0,14
18,"Richmond, VA",39,3,27,2,37,63,2,384
18,"Riverton/Lander, WY",0,0,0,0,0,0,0,9
18,"Roanoke, VA",8,1,6,0,7,13,0,52
18,"Rochester, MN",6,5,4,0,3,11,0,28
18,"Rochester, NY",23,5,22,0,22,40,0,228
18,"Rock Springs, WY",0,0,0,0,0,0,0,9
18,"Rockford, IL",1,0,0,0,0,1,0,14
18,"Roswell, NM",4,1,2,0,1,6,0,14
18,"Sacramento, CA",115,13,83,1,115,201,0,1033
18,"Saginaw/Bay City/Midland, MI",2,1,3,0,2,6,0,39
18,"Saipan, TT",0,0,0,0,0,0,0,7
18,"Salina, KS",0,0,1,0,1,1,0,14
18,"Salt Lake City, UT",166,29,113,1,143,302,2,2170
18,"San Angelo, TX",0,1,1,0,1,3,0,21
18,"San Antonio, TX",120,12,89,0,110,184,6,801
18,"San Diego, CA",212,11,172,4,207,355,9,1766
18,"San Francisco, CA",297,39,980,1,319,1153,20,2517
18,"San Jose, CA",90,3,50,0,100,142,0,917
18,"San Juan, PR",120,7,83,0,71,167,3,684
18,"San Luis Obispo, CA",6,0,4,1,9,15,0,92
18,"Sanford, FL",20,4,6,0,16,29,0,162
18,"Santa Ana, CA",79,5,51,0,92,134,3,834
18,"Santa Barbara, CA",12,0,4,0,13,21,0,134
18,"Santa Fe, NM",8,0,2,0,0,8,0,41
18,"Santa Maria, CA",1,0,1,0,1,1,0,2
18,"Santa Rosa, CA",5,2,7,0,2,11,0,51
18,"Sarasota/Bradenton, FL",32,3,10,0,27,43,1,350
18,"Sault Ste. Marie, MI",4,0,0,0,0,4,0,14
18,"Savannah, GA",44,6,29,0,46,81,0,404
18,"Scottsbluff, NE",1,0,0,0,0,1,0,12
18,"Scranton/Wilkes-Barre, PA",4,1,2,0,6,7,0,21
18,"Seattle, WA",218,25,237,4,211,436,13,3106
18,"Sheridan, WY",1,0,0,0,0,1,0,14
18,"Shreveport, LA",7,2,11,0,5,16,1,77
18,"Sioux City, IA",2,0,1,0,2,4,1,14
18,"Sioux Falls, SD",9,5,6,0,9,19,0,134
18,"Sitka, AK",2,0,0,0,1,2,0,21
18,"South Bend, IN",14,3,17,1,10,30,1,123
18,"Spokane, WA",35,3,21,0,28,55,0,340
18,"Springfield, IL",0,0,0,0,0,0,0,2
18,"Springfield, MO",16,5,14,0,15,28,1,156
18,"St. Cloud, MN",0,0,0,0,0,0,0,2
18,"St. George, UT",2,2,0,0,1,4,0,60
18,"St. Louis, MO",108,14,68,1,131,193,3,1265
18,"St. Petersburg, FL",3,3,5,0,4,9,0,137
18,"State College, PA",0,0,2,0,2,3,0,18
18,"Stillwater, OK",3,0,4,0,2,6,0,14
18,"Stockton, CA",1,0,0,0,1,1,0,8
18,"Sun Valley/Hailey/Ketchum, ID",0,0,0,0,0,0,0,21
18,"Syracuse, NY",28,4,13,0,23,45,1,253
18,"Tallahassee, FL",10,1,11,0,8,15,1,117
18,"Tampa, FL",191,11,134,2,186,303,7,1593
18,"Texarkana, AR",1,0,1,0,2,2,0,14
18,"Toledo, OH",1,0,0,0,1,2,0,7
18,"Traverse City, MI",6,1,7,0,9,10,0,58
18,"Trenton, NJ",6,0,4,0,6,10,0,45
18,"Tucson, AZ",59,2,33,0,36,84,2,376
18,"Tulsa, OK",37,8,29,0,36,65,3,332
18,"Twin Falls, ID",2,0,0,0,0,2,0,14
18,"Tyler, TX",3,1,1,0,0,3,0,21
18,"Valdosta, GA",0,1,0,0,1,1,0,14
18,"Valparaiso, FL",20,8,20,0,22,39,0,199
18,"Victoria, TX",0,0,0,0,0,0,3,12
18,"Waco, TX",3,1,2,0,0,4,0,21
18,"Walla Walla, WA",0,0,0,0,0,0,0,14
18,"Washington, DC",361,38,388,2,370,704,9,3725
18,"West Palm Beach/Palm Beach, FL",61,5,29,0,50,80,1,602
18,"White Plains, NY",46,4,39,0,33,67,0,248
18,"Wichita Falls, TX",2,1,3,0,0,4,0,14
18,"Wichita, KS",23,4,14,0,15,43,4,197
18,"Williston, ND",1,0,0,0,0,1,0,39
18,"Wilmington, NC",13,5,16,0,18,30,0,142
18,"Worcester, MA",2,0,0,0,1,1,0,27
18,"Wrangell, AK",2,0,1,0,0,2,0,14
18,"Yakutat, AK",0,0,0,0,0,0,0,14
18,"Yuma, AZ",3,1,1,0,1,4,0,31
19,"Aberdeen, SD",2,0,0,0,0,2,0,14
19,"Abilene, TX",7,1,9,0,10,15,1,32
19,"Adak Island, AK",0,0,0,0,0,0,0,2
19,"Aguadilla, PR",6,0,1,0,4,7,0,57
19,"Akron, OH",7,3,11,0,12,18,2,67
19,"Albany, GA",2,1,2,0,0,4,1,14
19,"Albany, NY",48,4,19,0,38,62,0,230
19,"Albuquerque, NM",83,7,70,1,81,132,3,493
19,"Alexandria, LA",4,0,7,0,4,10,1,35
19,"Allentown/Bethlehem/Easton, PA",3,2,7,0,10,15,2,85
19,"Alpena, MI",3,0,1,0,0,2,0,12
19,"Amarillo, TX",16,3,19,0,15,30,2,97
19,"Anchorage, AK",60,6,85,7,55,112,5,352
19,"Appleton, WI",15,5,19,0,24,33,2,117
19,"Arcata/Eureka, CA",4,0,2,0,0,4,0,28
19,"Asheville, NC",37,6,43,1,42,73,2,252
19,"Ashland, WV",1,1,2,0,1,3,0,4
19,"Atlanta, GA",819,121,874,1,1018,1725,98,6747
19,"Atlantic City, NJ",10,0,13,0,6,15,1,65
19,"Augusta, GA",11,1,11,0,11,19,1,69
19,"Austin, TX",330,34,390,0,330,593,11,1765
19,"Bakersfield, CA",9,3,8,0,4,13,0,48
19,"Baltimore, MD",275,13,178,2,312,437,12,1948
19,"Bangor, ME",5,0,3,0,5,7,0,43
19,"Barrow, AK",1,0,1,0,1,2,0,7
19,"Baton Rouge, LA",18,3,23,0,25,39,3,99
19,"Beaumont/Port Arthur, TX",0,1,1,0,0,1,0,14
19,"Belleville, IL",1,0,2,0,1,3,0,20
19,"Bellingham, WA",2,0,2,0,8,8,0,53
19,"Bemidji, MN",1,0,0,0,0,1,0,14
19,"Bend/Redmond, OR",13,0,10,0,9,22,0,104
19,"Bethel, AK",2,1,2,0,1,5,0,14
19,"Billings, MT",16,2,9,0,14,24,0,75
19,"Binghamton, NY",0,1,1,0,0,1,0,7
19,"Birmingham, AL",62,11,63,1,75,118,2,341
19,"Bismarck/Mandan, ND",7,3,7,0,3,16,1,79
19,"Bloomington/Normal, IL",4,2,7,0,7,11,0,35
19,"Boise, ID",64,6,46,4,45,105,1,440
19,"Boston, MA",365,32,445,2,388,747,9,2858
19,"Bozeman, MT",16,1,6,0,24,30,2,145
19,"Brainerd, MN",0,0,0,0,0,0,0,12
19,"Bristol/Johnson City/Kingsport, TN",4,1,6,0,2,8,1,38
19,"Brownsville, TX",7,3,9,0,8,13,1,42
19,"Brunswick, GA",3,2,3,0,0,5,0,14
19,"Buffalo, NY",70,5,36,0,70,101,1,420
19,"Burbank, CA",68,1,44,0,82,117,4,528
19,"Burlington, VT",18,3,10,0,25,31,0,139
19,"Butte, MT",1,0,1,0,0,1,0,13
19,"Casper, WY",2,0,1,0,0,2,0,14
19,"Cedar City, UT",2,0,0,0,0,2,0,12
19,"Cedar Rapids/Iowa City, IA",34,4,27,0,26,49,2,152
19,"Champaign/Urbana, IL",4,2,7,0,7,9,1,28
19,"Charleston, SC",91,5,85,1,87,145,2,544
19,"Charleston/Dunbar, WV",11,3,15,0,7,24,2,69
19,"Charlotte Amalie, VI",11,1,14,0,5,18,1,122
19,"Charlotte, NC",699,175,819,9,1002,1438,45,4331
19,"Charlottesville, VA",5,0,5,0,4,10,2,64
19,"Chattanooga, TN",18,5,22,0,19,38,5,129
19,"Cheyenne, WY",1,0,2,0,2,3,0,13
19,"Chicago, IL",979,122,1283,5,1070,2046,113,7189
19,"Christiansted, VI",4,0,1,0,3,4,0,23
19,"Cincinnati, OH",131,13,140,0,129,224,12,828
19,"Clarksburg/Fairmont, WV",0,1,1,0,1,1,0,4
19,"Cleveland, OH",110,15,94,0,118,187,8,815
19,"College Station/Bryan, TX",1,1,3,0,2,5,2,21
19,"Colorado Springs, CO",42,3,24,0,42,68,3,234
19,"Columbia, MO",4,1,8,0,6,13,2,35
19,"Columbia, SC",21,3,23,1,26,43,3,134
19,"Columbus, GA",5,1,3,0,0,6,0,20
19,"Columbus, MS",1,0,1,0,2,2,0,14
19,"Columbus, OH",115,10,104,1,120,195,7,816
19,"Concord, NC",0,0,2,0,2,2,0,14
19,"Cordova, AK",1,0,1,1,2,3,0,14
19,"Corpus Christi, TX",8,3,14,1,13,23,2,74
19,"Dallas, TX",227,12,225,0,266,399,3,1403
19,"Dallas/Fort Worth, TX",917,286,1457,10,1247,2157,186,6164
19,"Dayton, OH",24,5,39,1,28,56,4,161
19,"Daytona Beach, FL",10,1,10,0,12,19,1,62
19,"Deadhorse, AK",1,0,0,0,0,1,0,11
19,"Decatur, IL",3,0,1,0,2,5,1,19
19,"Denver, CO",763,99,1208,2,912,1880,65,5783
19,"Des Moines, IA",44,6,49,0,48,89,3,282
19,"Detroit, MI",304,37,276,1,265,531,14,2540
19,"Devils Lake, ND",1,0,2,0,2,3,0,13
19,"Dickinson, ND",2,0,1,0,1,3,1,13
19,"Dodge City, KS",1,0,2,0,1,4,0,12
19,"Dothan, AL",2,0,1,0,1,3,0,14
19,"Duluth, MN",6,4,3,0,2,10,0,41
19,"Durango, CO",13,1,4,0,3,15,1,63
19,"Eagle, CO",3,0,3,0,2,5,1,35
19,"El Paso, TX",60,7,57,0,81,101,4,324
19,"Elko, NV",0,0,0,0,0,0,0,7
19,"Elmira/Corning, NY",5,1,4,0,1,7,0,18
19,"Escanaba, MI",1,0,0,0,0,1,0,12
19,"Eugene, OR",17,2,10,0,22,30,0,131
19,"Evansville, IN",8,0,4,0,6,11,1,36
19,"Everett, WA",3,1,8,0,3,8,0,29
19,"Fairbanks, AK",12,1,8,1,9,18,0,69
19,"Fargo, ND",16,6,20,0,18,36,0,123
19,"Fayetteville, AR",33,12,56,0,34,74,2,264
19,"Fayetteville, NC",4,2,3,0,2,7,1,21
19,"Flagstaff, AZ",5,0,2,0,0,5,1,35
19,"Flint, MI",7,0,5,0,5,10,0,39
19,"Fort Dodge, IA",1,0,2,0,2,3,1,12
19,"Fort Lauderdale, FL",227,15,273,3,235,465,16,1791
19,"Fort Myers, FL",80,7,85,1,94,171,3,603
19,"Fort Smith, AR",7,2,5,0,4,11,0,21
19,"Fort Wayne, IN",8,6,16,0,9,25,2,73
19,"Fresno, CA",41,5,43,0,37,69,1,221
19,"Gainesville, FL",7,0,8,0,9,17,0,55
19,"Garden City, KS",1,1,2,0,3,4,0,14
19,"Gillette, WY",0,1,2,0,0,2,1,14
19,"Grand Forks, ND",2,0,1,0,0,2,0,23
19,"Grand Island, NE",1,1,1,0,1,3,0,18
19,"Grand Junction, CO",10,5,11,0,9,23,2,65
19,"Grand Rapids, MI",61,4,46,1,60,101,3,326
19,"Great Falls, MT",5,0,4,0,3,10,0,52
19,"Green Bay, WI",12,2,9,0,6,20,1,78
19,"Greensboro/High Point, NC",34,6,28,1,46,70,5,227
19,"Greer, SC",51,11,54,0,49,94,6,333
19,"Guam, TT",0,0,0,0,0,0,0,14
19,"Gulfport/Biloxi, MS",9,4,10,0,17,21,6,63
19,"Gunnison, CO",0,1,1,0,1,3,0,7
19,"Hagerstown, MD",0,0,0,0,0,0,0,4
19,"Hancock/Houghton, MI",1,1,1,0,0,2,2,14
19,"Harlingen/San Benito, TX",8,3,15,0,16,23,0,82
19,"Harrisburg, PA",19,5,21,0,23,35,3,110
19,"Hartford, CT",80,8,46,0,81,114,4,431
19,"Hattiesburg/Laurel, MS",2,0,2,0,0,2,0,12
19,"Hayden, CO",2,0,1,0,5,5,2,21
19,"Hays, KS",4,0,2,0,2,6,0,14
19,"Helena, MT",0,0,3,0,0,3,1,28
19,"Hibbing, MN",0,0,0,0,0,0,0,12
19,"Hilo, HI",23,6,2,0,20,23,1,130
19,"Hilton Head, SC",8,1,13,0,9,17,0,53
19,"Honolulu, HI",119,9,44,0,104,180,21,1168
19,"Houston, TX",467,33,499,4,472,820,27,3400
19,"Huntsville, AL",21,3,34,0,29,50,4,182
19,"Idaho Falls, ID",8,2,7,0,0,13,1,75
19,"Indianapolis, IN",145,9,143,4,150,253,8,922
19,"International Falls, MN",0,0,0,0,0,0,0,12
19,"Iron Mountain/Kingsfd, MI",2,0,1,0,0,2,0,14
19,"Islip, NY",21,0,7,0,21,29,1,99
19,"Ithaca/Cortland, NY",0,0,2,0,1,2,0,28
19,"Jackson, WY",9,0,5,0,13,17,1,63
19,"Jackson/Vicksburg, MS",21,5,27,0,33,51,3,151
19,"Jacksonville, FL",119,15,105,1,101,187,6,623
19,"Jacksonville/Camp Lejeune, NC",4,1,1,0,4,6,0,21
19,"Jamestown, ND",0,0,1,0,0,1,0,2
19,"Johnstown, PA",2,0,1,0,1,4,0,14
19,"Joplin, MO",0,0,1,0,2,2,1,12
19,"Juneau, AK",11,1,11,0,12,21,1,84
19,"Kahului, HI",52,1,20,0,37,76,7,483
19,"Kalamazoo, MI",3,1,0,0,0,4,1,20
19,"Kalispell, MT",9,0,5,0,5,10,0,50
19,"Kansas City, MO",176,19,171,2,175,288,2,980
19,"Ketchikan, AK",7,0,8,0,5,11,1,49
19,"Key West, FL",14,1,26,0,18,37,0,140
19,"Killeen, TX",9,1,12,0,7,13,2,35
19,"King Salmon, AK",0,0,0,0,0,0,0,3
19,"Knoxville, TN",53,9,73,0,67,105,3,294
19,"Kodiak, AK",1,0,1,0,1,2,0,14
19,"Kona, HI",36,1,11,0,27,47,4,294
19,"Kotzebue, AK",1,0,1,0,0,1,0,7
19,"La Crosse, WI",2,0,5,0,3,5,1,14
19,"Lafayette, LA",7,1,13,0,12,21,3,55
19,"Lake Charles, LA",5,0,3,0,1,6,0,21
19,"Lansing, MI",4,1,1,0,1,5,1,26
19,"Laramie, WY",1,1,2,0,1,5,0,12
19,"Laredo, TX",5,1,9,0,5,9,1,36
19,"Las Vegas, NV",474,27,470,2,557,849,12,3693
19,"Latrobe, PA",3,0,4,0,3,5,0,14
19,"Lawton/Fort Sill, OK",5,0,1,0,0,4,1,21
19,"Lewiston, ID",0,0,0,1,0,1,0,21
19,"Lexington, KY",33,4,30,0,21,49,4,173
19,"Liberal, KS",1,0,1,0,0,2,0,12
19,"Lihue, HI",34,0,10,0,37,44,8,299
19,"Lincoln, NE",7,0,6,0,3,11,1,21
19,"Little Rock, AR",51,8,48,0,55,90,5,255
19,"Long Beach, CA",35,3,17,0,41,53,0,343
19,"Longview, TX",2,1,3,0,0,3,1,14
19,"Los Angeles, CA",569,36,538,5,423,889,12,3716
19,"Louisville, KY",87,11,85,0,86,152,2,501
19,"Lubbock, TX",26,5,29,0,29,49,3,133
19,"Madison, WI",53,4,48,0,50,86,4,236
19,"Manchester, NH",21,1,13,0,26,31,0,107
19,"Manhattan/Ft. Riley, KS",3,1,2,0,3,5,1,14
19,"Marquette, MI",2,2,3,0,6,7,0,20
19,"Mason City, IA",0,1,1,0,1,2,1,12
19,"Medford, OR",9,1,10,0,3,12,0,80
19,"Melbourne, FL",10,2,9,0,4,17,0,55
19,"Memphis, TN",74,11,71,0,78,126,5,453
19,"Meridian, MS",1,1,1,0,4,6,0,12
19,"Miami, FL",295,34,292,6,312,560,12,2147
19,"Midland/Odessa, TX",31,5,33,0,21,55,8,200
19,"Milwaukee, WI",102,5,85,0,93,155,4,539
19,"Minneapolis, MN",267,34,206,2,228,449,2,2447
19,"Minot, ND",5,0,3,0,0,7,1,42
19,"Mission/McAllen/Edinburg, TX",18,6,20,0,21,37,1,90
19,"Missoula, MT",7,1,12,0,10,21,0,79
19,"Mobile, AL",8,2,10,0,10,15,1,48
19,"Moline, IL",9,2,15,1,17,23,2,85
19,"Monroe, LA",4,2,8,0,3,9,0,35
19,"Monterey, CA",21,1,14,0,12,29,0,97
19,"Montgomery, AL",9,2,7,0,5,14,1,47
19,"Montrose/Delta, CO",7,0,7,0,5,13,0,28
19,"Mosinee, WI",0,0,0,0,0,0,0,14
19,"Myrtle Beach, SC",58,2,57,1,47,94,4,359
19,"Nantucket, MA",0,0,0,0,0,0,0,8
19,"Nashville, TN",299,29,325,2,342,562,8,1997
19,"New Orleans, LA",202,11,177,3,194,312,6,1018
19,"New York, NY",713,66,533,7,655,1111,13,5544
19,"Newark, NJ",290,28,324,1,230,527,19,2581
19,"Newburgh/Poughkeepsie, NY",0,0,1,0,1,1,0,7
19,"Niagara Falls, NY",0,0,1,0,1,1,0,6
19,"Nome, AK",0,0,1,0,2,2,0,7
19,"Norfolk, VA",80,7,49,0,72,111,6,401
19,"North Bend/Coos Bay, OR",0,0,0,0,0,0,0,7
19,"North Platte, NE",0,1,1,0,2,4,0,12
19,"Oakland, CA",92,1,50,0,130,154,4,804
19,"Oklahoma City, OK",91,11,82,0,84,152,3,441
19,"Omaha, NE",94,16,73,0,86,147,2,463
19,"Ontario, CA",72,8,57,0,98,131,3,501
19,"Orlando, FL",402,34,505,4,513,869,22,3151
19,"Pago Pago, TT",1,0,0,0,0,1,0,2
19,"Palm Springs, CA",41,4,31,0,30,66,1,284
19,"Panama City, FL",41,5,34,0,39,57,4,191
19,"Pasco/Kennewick/Richland, WA",5,0,8,2,6,17,0,100
19,"Pellston, MI",0,0,0,0,0,0,0,12
19,"Pensacola, FL",64,4,61,2,69,101,8,270
19,"Peoria, IL",10,2,17,0,9,21,3,65
19,"Petersburg, AK",1,1,2,0,5,7,0,14
19,"Philadelphia, PA",288,27,228,3,301,469,7,1958
19,"Phoenix, AZ",549,42,539,3,563,927,5,3901
19,"Pittsburgh, PA",131,9,119,3,132,228,3,843
19,"Plattsburgh, NY",0,0,1,0,1,1,1,6
19,"Pocatello, ID",1,0,0,0,0,1,0,14
19,"Ponce, PR",4,0,0,0,4,5,0,21
19,"Portland, ME",28,1,18,0,17,37,1,180
19,"Portland, OR",139,6,101,1,141,238,6,1148
19,"Portsmouth, NH",1,1,0,0,1,2,0,6
19,"Prescott, AZ",2,2,1,0,2,6,0,14
19,"Providence, RI",55,3,21,0,52,71,2,278
19,"Provo, UT",3,0,7,0,5,8,0,36
19,"Punta Gorda, FL",9,4,26,0,13,37,0,89
19,"Raleigh/Durham, NC",209,21,158,4,221,343,5,1223
19,"Rapid City, SD",13,1,9,0,6,17,1,79
19,"Redding, CA",1,0,2,0,0,2,0,26
19,"Reno, NV",39,5,32,0,47,72,1,381
19,"Rhinelander, WI",0,0,0,0,0,0,0,14
19,"Richmond, VA",68,7,51,1,62,110,2,400
19,"Riverton/Lander, WY",0,0,0,0,1,1,0,9
19,"Roanoke, VA",4,0,10,0,4,12,2,57
19,"Rochester, MN",6,2,3,0,1,9,1,34
19,"Rochester, NY",38,1,17,0,37,57,2,230
19,"Rock Springs, WY",1,2,1,0,1,4,0,9
19,"Rockford, IL",0,0,1,0,0,1,0,12
19,"Roswell, NM",6,0,0,0,1,4,1,21
19,"Sacramento, CA",141,5,82,3,153,226,3,1042
19,"Saginaw/Bay City/Midland, MI",1,1,5,0,4,9,0,39
19,"Saipan, TT",0,0,0,0,0,0,0,7
19,"Salina, KS",0,0,2,0,2,3,0,14
19,"Salt Lake City, UT",229,21,157,0,200,375,7,2171
19,"San Angelo, TX",5,1,7,0,3,7,1,21
19,"San Antonio, TX",124,18,145,1,154,231,6,801
19,"San Diego, CA",272,9,264,2,286,455,6,1793
19,"San Francisco, CA",298,24,988,1,346,1187,20,2525
19,"San Jose, CA",100,5,55,1,142,186,1,931
19,"San Juan, PR",91,11,63,0,84,137,8,697
19,"San Luis Obispo, CA",13,1,10,0,13,23,0,100
19,"Sanford, FL",10,3,33,0,28,47,3,160
19,"Santa Ana, CA",104,5,85,1,93,168,9,843
19,"Santa Barbara, CA",20,1,9,0,27,34,0,152
19,"Santa Fe, NM",10,3,6,0,1,14,1,42
19,"Santa Maria, CA",0,0,0,0,0,0,0,2
19,"Santa Rosa, CA",3,0,3,0,2,5,1,51
19,"Sarasota/Bradenton, FL",45,3,49,0,53,95,2,304
19,"Sault Ste. Marie, MI",0,0,0,0,0,0,0,14
19,"Savannah, GA",61,8,71,0,72,127,3,404
19,"Scottsbluff, NE",1,0,2,0,2,3,0,12
19,"Scranton/Wilkes-Barre, PA",8,1,11,0,13,18,1,35
19,"Seattle, WA",295,26,319,5,345,659,18,3154
19,"Sheridan, WY",1,1,1,0,0,2,0,14
19,"Shreveport, LA",10,5,19,1,14,27,2,76
19,"Sioux City, IA",2,0,3,0,2,4,1,14
19,"Sioux Falls, SD",22,2,17,0,26,44,3,126
19,"Sitka, AK",1,0,1,0,2,4,0,21
19,"South Bend, IN",25,5,23,0,12,42,5,123
19,"Spokane, WA",33,5,29,0,35,64,1,342
19,"Springfield, IL",0,0,1,0,0,0,0,2
19,"Springfield, MO",22,9,42,0,33,56,5,154
19,"St. Cloud, MN",0,0,0,0,0,0,0,2
19,"St. George, UT",4,0,0,0,1,5,0,53
19,"St. Louis, MO",204,15,192,2,228,352,5,1277
19,"St. Petersburg, FL",12,1,31,1,25,42,3,135
19,"State College, PA",3,1,4,0,3,7,1,19
19,"Stillwater, OK",3,1,1,0,0,5,0,14
19,"Stockton, CA",0,0,1,0,2,2,0,8
19,"Sun Valley/Hailey/Ketchum, ID",0,0,1,0,0,1,0,21
19,"Syracuse, NY",33,4,21,0,32,51,2,257
19,"Tallahassee, FL",23,4,25,1,19,40,2,124
19,"Tampa, FL",218,15,206,1,272,434,8,1570
19,"Texarkana, AR",2,2,1,0,1,4,0,14
19,"Toledo, OH",1,0,2,0,1,3,0,7
19,"Traverse City, MI",5,2,8,0,10,14,2,59
19,"Trenton, NJ",6,0,8,0,11,16,0,45
19,"Tucson, AZ",77,8,67,0,67,114,2,380
19,"Tulsa, OK",66,12,56,0,66,115,5,344
19,"Twin Falls, ID",1,0,0,0,0,1,0,14
19,"Tyler, TX",3,0,1,0,0,3,1,21
19,"Valdosta, GA",2,0,1,0,1,3,1,14
19,"Valparaiso, FL",47,1,27,2,40,66,4,198
19,"Victoria, TX",0,1,0,0,2,3,0,12
19,"Waco, TX",1,1,1,0,0,3,1,21
19,"Walla Walla, WA",0,0,1,0,1,1,0,14
19,"Washington, DC",511,58,505,1,520,927,14,3737
19,"West Palm Beach/Palm Beach, FL",90,8,104,1,90,174,5,569
19,"West Yellowstone, MT",2,0,0,0,0,2,0,7
19,"White Plains, NY",48,3,24,0,34,66,2,231
19,"Wichita Falls, TX",2,0,2,0,1,4,0,14
19,"Wichita, KS",33,7,33,0,33,61,5,197
19,"Williston, ND",4,0,3,0,1,6,1,41
19,"Wilmington, NC",26,4,18,0,34,49,2,154
19,"Worcester, MA",7,0,2,0,5,9,0,27
19,"Wrangell, AK",1,0,4,0,7,7,0,14
19,"Yakutat, AK",1,0,0,0,2,2,0,14
19,"Yuma, AZ",1,0,1,0,3,3,0,32
20,"Aberdeen, SD",2,0,1,0,0,2,0,14
20,"Abilene, TX",4,4,8,0,12,13,1,32
20,"Adak Island, AK",0,0,0,0,0,0,0,2
20,"Aguadilla, PR",9,1,1,0,7,10,0,57
20,"Akron, OH",11,3,7,0,4,18,1,68
20,"Albany, GA",3,1,3,0,0,5,0,14
20,"Albany, NY",44,5,13,0,44,60,1,230
20,"Albuquerque, NM",84,10,44,0,84,133,5,493
20,"Alexandria, LA",2,1,1,0,0,3,0,35
20,"Allentown/Bethlehem/Easton, PA",14,2,14,0,11,24,0,89
20,"Alpena, MI",2,1,2,0,0,3,0,12
20,"Amarillo, TX",16,4,19,0,21,32,3,97
20,"Anchorage, AK",63,3,93,4,42,112,4,387
20,"Appleton, WI",17,7,18,0,14,35,0,119
20,"Arcata/Eureka, CA",2,1,3,0,3,9,0,28
20,"Asheville, NC",23,10,32,1,32,56,2,255
20,"Ashland, WV",0,0,1,0,2,2,0,6
20,"Atlanta, GA",828,108,945,9,928,1610,29,6775
20,"Atlantic City, NJ",9,0,19,0,5,22,2,63
20,"Augusta, GA",8,1,4,0,3,10,0,69
20,"Austin, TX",310,41,428,1,348,621,28,1771
20,"Bakersfield, CA",6,1,5,0,3,9,1,48
20,"Baltimore, MD",361,31,230,5,432,565,19,1957
20,"Bangor, ME",4,0,1,0,2,4,0,43
20,"Barrow, AK",1,0,1,0,0,1,0,7
20,"Baton Rouge, LA",13,5,16,1,15,27,3,100
20,"Beaumont/Port Arthur, TX",1,0,0,0,0,1,1,14
20,"Belleville, IL",1,2,2,0,2,3,0,20
20,"Bellingham, WA",2,0,3,0,8,8,0,53
20,"Bemidji, MN",3,0,0,0,0,3,0,14
20,"Bend/Redmond, OR",9,2,6,0,3,12,0,105
20,"Bethel, AK",1,0,1,0,1,2,0,14
20,"Billings, MT",6,5,6,0,7,13,0,77
20,"Binghamton, NY",1,0,1,0,0,1,0,7
20,"Birmingham, AL",60,15,62,2,65,115,3,341
20,"Bismarck/Mandan, ND",10,4,12,0,4,17,0,81
20,"Bloomington/Normal, IL",5,2,5,0,5,8,0,36
20,"Boise, ID",53,6,31,0,39,81,0,461
20,"Boston, MA",382,46,525,3,373,815,15,2857
20,"Bozeman, MT",16,1,7,0,16,23,0,158
20,"Brainerd, MN",2,0,1,0,0,2,0,12
20,"Bristol/Johnson City/Kingsport, TN",5,2,3,0,1,7,0,38
20,"Brownsville, TX",11,3,12,0,6,16,3,42
20,"Brunswick, GA",5,1,1,0,0,6,0,14
20,"Buffalo, NY",79,7,31,0,75,106,2,422
20,"Burbank, CA",56,3,28,0,61,94,2,533
20,"Burlington, VT",13,0,8,1,13,17,2,139
20,"Butte, MT",1,0,0,0,0,1,0,13
20,"Casper, WY",0,0,0,0,0,0,0,14
20,"Cedar City, UT",1,0,0,0,0,1,0,12
20,"Cedar Rapids/Iowa City, IA",23,1,20,0,28,42,2,151
20,"Champaign/Urbana, IL",6,3,6,0,6,13,0,28
20,"Charleston, SC",74,6,46,0,80,124,4,545
20,"Charleston/Dunbar, WV",15,6,14,0,9,26,0,69
20,"Charlotte Amalie, VI",15,2,13,0,10,24,0,123
20,"Charlotte, NC",740,145,900,10,1064,1541,137,4337
20,"Charlottesville, VA",8,0,10,0,1,14,0,64
20,"Chattanooga, TN",14,6,20,0,19,33,3,132
20,"Cheyenne, WY",0,0,0,0,0,0,0,13
20,"Chicago, IL",979,113,848,5,996,1736,44,7210
20,"Christiansted, VI",5,0,3,0,5,6,0,23
20,"Cincinnati, OH",106,23,97,1,142,200,7,836
20,"Clarksburg/Fairmont, WV",1,0,1,0,0,1,0,4
20,"Cleveland, OH",121,12,82,3,129,196,13,840
20,"College Station/Bryan, TX",3,2,3,0,2,6,1,21
20,"Colorado Springs, CO",39,9,19,1,45,65,0,234
20,"Columbia, MO",5,4,5,0,11,12,0,35
20,"Columbia, SC",16,5,10,0,20,28,2,135
20,"Columbus, GA",3,2,3,0,0,5,0,20
20,"Columbus, MS",1,0,1,0,0,1,0,14
20,"Columbus, OH",124,21,82,2,139,207,6,824
20,"Concord, NC",1,0,2,0,2,3,0,14
20,"Cordova, AK",0,0,0,0,0,0,1,14
20,"Corpus Christi, TX",15,4,15,0,19,30,4,74
20,"Dallas, TX",217,21,254,0,334,450,20,1402
20,"Dallas/Fort Worth, TX",1131,225,1185,9,1274,2076,236,6181
20,"Dayton, OH",15,4,21,0,21,38,1,161
20,"Daytona Beach, FL",7,1,10,0,8,18,2,63
20,"Deadhorse, AK",0,1,0,0,0,1,0,11
20,"Decatur, IL",5,1,6,0,1,9,1,19
20,"Denver, CO",676,54,562,6,718,1172,30,5825
20,"Des Moines, IA",37,6,34,2,43,68,2,281
20,"Detroit, MI",276,50,227,6,234,477,13,2557
20,"Devils Lake, ND",2,0,2,0,2,4,0,13
20,"Dickinson, ND",1,0,1,0,0,1,0,13
20,"Dodge City, KS",1,0,2,0,2,3,0,12
20,"Dothan, AL",1,1,4,0,2,4,0,14
20,"Duluth, MN",2,0,1,0,0,2,0,41
20,"Durango, CO",6,1,5,0,0,5,1,63
20,"Eagle, CO",0,0,0,0,1,1,0,35
20,"El Paso, TX",62,9,41,1,74,101,3,329
20,"Elko, NV",0,0,0,0,0,0,0,7
20,"Elmira/Corning, NY",3,1,2,0,0,3,0,18
20,"Escanaba, MI",1,0,1,0,0,1,0,12
20,"Eugene, OR",18,2,9,0,15,23,1,132
20,"Evansville, IN",6,3,5,0,4,11,0,36
20,"Everett, WA",1,0,1,0,2,3,0,17
20,"Fairbanks, AK",10,1,14,0,8,18,2,66
20,"Fargo, ND",16,5,7,1,15,28,0,123
20,"Fayetteville, AR",33,15,39,1,33,68,2,263
20,"Fayetteville, NC",2,0,1,0,0,2,1,21
20,"Flagstaff, AZ",3,1,4,0,2,6,0,35
20,"Flint, MI",9,4,7,0,6,16,0,38
20,"Fort Dodge, IA",0,0,3,0,1,3,0,12
20,"Fort Lauderdale, FL",305,28,510,4,329,706,25,1783
20,"Fort Myers, FL",87,16,157,1,101,221,6,581
20,"Fort Smith, AR",3,3,3,0,4,7,0,21
20,"Fort Wayne, IN",10,3,10,0,6,17,0,74
20,"Fresno, CA",34,4,26,0,31,58,1,230
20,"Gainesville, FL",5,0,5,0,3,10,3,55
20,"Garden City, KS",2,2,1,0,5,5,0,14
20,"Gillette, WY",1,0,0,0,1,2,0,14
20,"Grand Forks, ND",4,0,1,0,0,4,0,24
20,"Grand Island, NE",3,0,0,0,1,4,0,18
20,"Grand Junction, CO",4,2,5,0,6,11,1,65
20,"Grand Rapids, MI",56,10,32,3,53,85,3,324
20,"Great Falls, MT",2,0,2,0,0,3,0,46
20,"Green Bay, WI",9,5,6,0,4,18,0,77
20,"Greensboro/High Point, NC",26,7,27,0,35,55,4,227
20,"Greer, SC",56,10,50,1,50,91,3,334
20,"Guam, TT",2,0,1,0,0,2,1,14
20,"Gulfport/Biloxi, MS",7,5,19,0,13,24,2,65
20,"Gunnison, CO",0,0,0,0,0,0,0,7
20,"Hagerstown, MD",0,1,0,0,0,1,0,4
20,"Hancock/Houghton, MI",0,0,3,0,4,5,0,14
20,"Harlingen/San Benito, TX",13,6,16,0,20,27,4,81
20,"Harrisburg, PA",20,6,13,1,19,32,0,110
20,"Hartford, CT",85,10,42,0,75,123,4,434
20,"Hattiesburg/Laurel, MS",3,1,3,0,0,5,0,12
20,"Hayden, CO",1,0,0,0,1,1,0,21
20,"Hays, KS",2,0,1,0,1,3,0,14
20,"Helena, MT",1,0,0,0,1,2,0,28
20,"Hibbing, MN",2,0,1,0,0,2,0,12
20,"Hilo, HI",35,0,4,0,25,36,2,130
20,"Hilton Head, SC",8,4,8,0,8,17,1,53
20,"Honolulu, HI",178,11,77,0,189,282,26,1169
20,"Houston, TX",525,84,764,3,537,1106,109,3419
20,"Huntsville, AL",21,8,32,2,27,49,3,182
20,"Idaho Falls, ID",3,2,3,0,1,5,1,74
20,"Indianapolis, IN",137,12,97,1,140,217,5,927
20,"International Falls, MN",2,0,0,0,0,2,0,12
20,"Iron Mountain/Kingsfd, MI",4,0,1,0,0,4,0,14
20,"Islip, NY",24,3,11,0,28,40,0,94
20,"Ithaca/Cortland, NY",2,0,0,0,1,2,0,28
20,"Jackson, WY",9,0,3,0,3,10,1,66
20,"Jackson/Vicksburg, MS",29,3,21,1,28,46,2,151
20,"Jacksonville, FL",135,11,96,0,125,201,8,624
20,"Jacksonville/Camp Lejeune, NC",1,1,1,0,4,4,0,21
20,"Johnstown, PA",1,0,0,0,0,1,0,14
20,"Joplin, MO",1,0,4,0,2,4,1,12
20,"Juneau, AK",9,0,18,0,9,19,2,91
20,"Kahului, HI",73,1,7,0,55,89,5,485
20,"Kalamazoo, MI",4,0,1,0,0,4,0,20
20,"Kalispell, MT",15,1,8,0,5,16,0,50
20,"Kansas City, MO",161,18,101,0,181,246,5,990
20,"Ketchikan, AK",1,0,7,0,2,6,1,49
20,"Key West, FL",20,4,37,0,15,51,1,140
20,"Killeen, TX",5,4,9,0,12,17,0,35
20,"King Salmon, AK",0,0,0,0,0,0,0,5
20,"Knoxville, TN",46,13,47,0,50,87,2,302
20,"Kodiak, AK",1,0,1,0,1,2,0,17
20,"Kona, HI",60,0,13,0,49,65,4,296
20,"Kotzebue, AK",0,0,0,0,0,0,0,7
20,"La Crosse, WI",1,1,6,0,2,6,0,14
20,"Lafayette, LA",2,7,9,0,4,11,2,55
20,"Lake Charles, LA",1,2,2,0,2,4,2,21
20,"Lansing, MI",2,1,1,1,1,4,0,26
20,"Laramie, WY",0,0,1,0,1,1,0,12
20,"Laredo, TX",8,1,13,0,10,14,1,36
20,"Las Vegas, NV",484,36,459,4,578,928,26,3715
20,"Latrobe, PA",1,0,2,0,0,2,0,13
20,"Lawton/Fort Sill, OK",2,1,1,0,0,3,0,21
20,"Lewiston, ID",1,1,0,0,0,2,0,21
20,"Lexington, KY",27,7,27,0,24,49,3,178
20,"Liberal, KS",1,0,1,0,0,2,0,12
20,"Lihue, HI",54,1,15,0,43,64,10,299
20,"Lincoln, NE",1,1,0,0,2,4,0,21
20,"Little Rock, AR",38,9,46,0,46,71,4,256
20,"Long Beach, CA",36,4,18,0,50,66,2,343
20,"Longview, TX",3,0,4,0,3,8,1,14
20,"Los Angeles, CA",521,52,381,9,420,809,15,3725
20,"Louisville, KY",77,10,62,1,80,128,4,499
20,"Lubbock, TX",29,3,20,0,21,41,6,133
20,"Madison, WI",34,4,24,0,37,61,3,235
20,"Manchester, NH",28,2,13,0,27,42,0,105
20,"Manhattan/Ft. Riley, KS",3,2,5,0,5,6,0,14
20,"Marquette, MI",2,2,2,0,4,5,0,20
20,"Mason City, IA",1,0,0,0,1,2,0,12
20,"Medford, OR",6,0,2,0,4,8,0,83
20,"Melbourne, FL",8,2,11,0,7,15,0,52
20,"Memphis, TN",78,12,61,0,74,121,6,457
20,"Meridian, MS",1,0,2,0,2,3,2,12
20,"Miami, FL",403,56,485,1,400,783,27,2149
20,"Midland/Odessa, TX",28,13,41,0,38,66,7,200
20,"Milwaukee, WI",90,10,58,2,85,144,3,546
20,"Minneapolis, MN",218,28,146,1,204,352,4,2472
20,"Minot, ND",0,0,0,0,1,1,0,42
20,"Mission/McAllen/Edinburg, TX",23,9,16,0,23,40,3,89
20,"Missoula, MT",9,2,11,0,6,14,0,80
20,"Mobile, AL",9,2,9,0,5,16,0,48
20,"Moline, IL",12,4,12,0,12,24,1,86
20,"Monroe, LA",6,1,6,0,6,10,1,35
20,"Monterey, CA",14,2,8,0,6,19,0,97
20,"Montgomery, AL",9,1,5,0,2,13,1,47
20,"Montrose/Delta, CO",2,1,1,1,3,5,0,28
20,"Mosinee, WI",0,0,0,0,0,0,0,14
20,"Myrtle Beach, SC",42,7,40,2,37,71,4,357
20,"Nantucket, MA",4,0,2,0,3,4,0,29
20,"Nashville, TN",336,28,265,4,395,579,15,2002
20,"New Orleans, LA",221,23,235,0,215,361,19,1024
20,"New York, NY",685,81,576,5,561,1075,18,5543
20,"Newark, NJ",284,42,285,0,222,501,23,2584
20,"Newburgh/Poughkeepsie, NY",0,0,1,0,0,1,0,5
20,"Niagara Falls, NY",0,0,0,0,0,0,0,6
20,"Nome, AK",0,0,0,0,0,0,0,7
20,"Norfolk, VA",67,9,54,0,67,113,5,403
20,"North Bend/Coos Bay, OR",1,0,0,0,0,1,0,7
20,"North Platte, NE",1,0,1,0,0,1,0,12
20,"Oakland, CA",109,1,46,0,125,165,2,811
20,"Oklahoma City, OK",71,13,44,0,71,113,5,442
20,"Omaha, NE",72,12,61,0,82,129,3,470
20,"Ontario, CA",83,5,34,1,86,124,4,507
20,"Orlando, FL",526,56,803,9,634,1222,51,3136
20,"Pago Pago, TT",1,0,0,0,0,1,0,2
20,"Palm Springs, CA",28,3,21,0,31,51,1,257
20,"Panama City, FL",40,11,60,0,37,78,1,191
20,"Pasco/Kennewick/Richland, WA",13,1,11,0,2,19,0,99
20,"Pellston, MI",3,4,3,0,0,7,0,12
20,"Pensacola, FL",59,16,65,1,49,106,3,274
20,"Peoria, IL",5,7,9,0,13,19,0,67
20,"Petersburg, AK",1,0,1,0,3,3,0,14
20,"Philadelphia, PA",343,45,266,4,336,545,26,1990
20,"Phoenix, AZ",531,48,336,6,546,818,12,3883
20,"Pittsburgh, PA",130,16,92,1,140,211,8,864
20,"Plattsburgh, NY",1,0,1,0,1,2,1,7
20,"Pocatello, ID",1,1,1,0,0,2,0,14
20,"Ponce, PR",4,0,1,0,3,6,0,21
20,"Portland, ME",26,1,11,0,26,37,0,186
20,"Portland, OR",139,13,117,1,140,239,5,1138
20,"Portsmouth, NH",0,0,1,0,0,1,0,6
20,"Prescott, AZ",1,1,0,0,0,2,0,14
20,"Providence, RI",68,9,33,0,64,88,4,277
20,"Provo, UT",3,1,3,0,4,5,0,36
20,"Punta Gorda, FL",8,0,28,0,11,32,1,90
20,"Raleigh/Durham, NC",211,15,144,1,239,342,16,1245
20,"Rapid City, SD",8,5,5,1,7,16,0,82
20,"Redding, CA",3,1,1,0,0,5,0,26
20,"Reno, NV",43,4,21,1,48,72,2,388
20,"Rhinelander, WI",1,0,0,0,0,1,0,14
20,"Richmond, VA",75,7,55,1,67,113,7,399
20,"Riverton/Lander, WY",1,0,1,0,1,2,0,9
20,"Roanoke, VA",2,0,5,0,3,7,0,57
20,"Rochester, MN",3,1,4,0,1,5,1,34
20,"Rochester, NY",36,5,14,0,36,52,0,230
20,"Rock Springs, WY",0,0,0,0,0,0,0,9
20,"Rockford, IL",2,1,0,0,0,3,0,14
20,"Roswell, NM",1,1,1,0,0,2,2,21
20,"Sacramento, CA",131,10,48,1,126,197,1,1047
20,"Saginaw/Bay City/Midland, MI",9,2,5,0,2,13,0,39
20,"Saipan, TT",0,0,0,0,0,0,0,7
20,"Salina, KS",2,2,1,0,2,6,0,14
20,"Salt Lake City, UT",210,29,129,0,186,340,4,2183
20,"San Angelo, TX",7,1,4,0,6,9,0,21
20,"San Antonio, TX",157,19,170,1,167,277,9,803
20,"San Diego, CA",252,23,180,0,253,415,6,1803
20,"San Francisco, CA",270,29,662,7,273,908,18,2504
20,"San Jose, CA",103,9,37,1,110,165,3,941
20,"San Juan, PR",136,11,81,0,118,192,4,702
20,"San Luis Obispo, CA",6,2,2,1,9,13,0,90
20,"Sanford, FL",20,2,34,0,29,50,0,166
20,"Santa Ana, CA",96,4,49,0,90,151,8,838
20,"Santa Barbara, CA",18,2,6,0,13,26,0,153
20,"Santa Fe, NM",8,0,1,0,2,8,1,42
20,"Santa Maria, CA",0,0,0,0,0,0,0,2
20,"Santa Rosa, CA",4,1,6,0,3,7,0,55
20,"Sarasota/Bradenton, FL",55,7,73,0,57,106,4,303
20,"Sault Ste. Marie, MI",2,0,1,0,0,2,0,14
20,"Savannah, GA",52,13,65,2,63,109,1,408
20,"Scottsbluff, NE",0,0,0,0,0,0,0,12
20,"Scranton/Wilkes-Barre, PA",10,3,13,1,12,25,1,35
20,"Seattle, WA",367,32,465,7,319,713,10,3234
20,"Sheridan, WY",1,0,0,0,1,2,0,14
20,"Shreveport, LA",18,3,13,0,8,24,3,76
20,"Sioux City, IA",2,0,1,0,1,3,0,14
20,"Sioux Falls, SD",10,5,6,0,8,20,0,128
20,"Sitka, AK",3,0,4,0,4,7,0,29
20,"South Bend, IN",25,6,14,0,10,42,2,123
20,"Spokane, WA",54,3,41,0,35,76,1,335
20,"Springfield, IL",0,0,0,0,0,0,0,2
20,"Springfield, MO",39,13,46,0,34,64,2,158
20,"St. Cloud, MN",0,0,0,0,0,0,0,2
20,"St. George, UT",1,1,1,0,0,2,0,53
20,"St. Louis, MO",219,22,149,0,242,350,8,1282
20,"St. Petersburg, FL",20,4,39,0,32,62,1,147
20,"State College, PA",4,0,3,0,4,8,0,19
20,"Stillwater, OK",1,2,0,0,0,3,1,14
20,"Stockton, CA",0,0,0,0,0,0,0,9
20,"Sun Valley/Hailey/Ketchum, ID",0,0,0,0,0,0,0,21
20,"Syracuse, NY",38,5,23,0,41,62,1,261
20,"Tallahassee, FL",19,8,26,0,30,45,0,124
20,"Tampa, FL",282,27,375,3,327,611,30,1552
20,"Texarkana, AR",2,1,0,0,3,5,1,14
20,"Toledo, OH",2,1,2,0,1,3,0,7
20,"Traverse City, MI",10,2,4,0,10,18,0,59
20,"Trenton, NJ",5,1,7,0,5,11,0,37
20,"Tucson, AZ",52,5,27,0,58,85,5,381
20,"Tulsa, OK",54,9,32,0,56,88,4,344
20,"Twin Falls, ID",0,0,0,0,0,0,0,14
20,"Tyler, TX",1,3,1,0,1,5,0,21
20,"Valdosta, GA",0,1,2,0,2,3,0,14
20,"Valparaiso, FL",40,4,43,0,42,72,5,200
20,"Victoria, TX",4,2,1,0,0,6,1,12
20,"Waco, TX",0,0,1,0,1,1,3,21
20,"Walla Walla, WA",0,0,0,0,0,0,0,14
20,"Washington, DC",524,61,472,4,468,867,23,3744
20,"West Palm Beach/Palm Beach, FL",96,7,133,1,114,208,5,551
20,"West Yellowstone, MT",1,0,0,0,0,1,0,7
20,"White Plains, NY",28,7,28,0,32,50,3,230
20,"Wichita Falls, TX",0,1,0,0,0,1,1,14
20,"Wichita, KS",32,11,35,0,34,69,3,197
20,"Williston, ND",1,0,1,0,1,2,0,41
20,"Wilmington, NC",13,5,6,0,19,28,1,156
20,"Worcester, MA",4,0,5,0,4,6,0,27
20,"Wrangell, AK",0,0,1,0,3,3,0,14
20,"Yakutat, AK",0,0,1,0,1,1,0,14
20,"Yuma, AZ",1,0,1,0,2,3,0,32
21,"Aberdeen, SD",4,0,2,0,0,3,0,14
21,"Abilene, TX",9,1,6,0,11,13,1,32
21,"Adak Island, AK",1,0,1,0,0,2,0,2
21,"Aguadilla, PR",10,0,3,0,6,11,0,57
21,"Akron, OH",8,1,11,0,9,16,3,70
21,"Albany, GA",3,0,0,0,0,3,0,14
21,"Albany, NY",34,5,26,1,40,58,1,224
21,"Albuquerque, NM",78,5,58,1,72,110,5,469
21,"Alexandria, LA",2,1,2,0,0,4,1,35
21,"Allentown/Bethlehem/Easton, PA",10,1,14,1,6,21,3,91
21,"Alpena, MI",4,0,2,0,0,4,0,12
21,"Amarillo, TX",18,2,16,0,18,31,3,96
21,"Anchorage, AK",60,3,105,3,55,136,1,427
21,"Appleton, WI",17,5,13,0,12,33,2,120
21,"Arcata/Eureka, CA",1,0,0,0,1,2,0,27
21,"Asheville, NC",33,3,41,1,30,66,1,254
21,"Ashland, WV",0,0,1,0,2,2,0,9
21,"Aspen, CO",10,1,6,0,5,17,1,61
21,"Atlanta, GA",649,95,621,8,672,1209,17,6603
21,"Atlantic City, NJ",7,0,5,1,4,10,0,63
21,"Augusta, GA",7,2,10,0,5,16,0,67
21,"Austin, TX",298,16,259,2,263,473,12,1736
21,"Bakersfield, CA",6,1,10,0,7,14,0,47
21,"Baltimore, MD",267,13,186,4,283,420,7,1937
21,"Bangor, ME",6,2,8,0,11,14,3,47
21,"Barrow, AK",0,0,0,0,1,1,0,7
21,"Baton Rouge, LA",12,4,11,0,15,22,2,97
21,"Beaumont/Port Arthur, TX",1,1,0,0,0,2,1,14
21,"Belleville, IL",0,0,3,0,1,3,0,23
21,"Bellingham, WA",6,0,6,0,7,8,0,56
21,"Bemidji, MN",1,0,1,0,0,1,0,14
21,"Bend/Redmond, OR",15,2,9,0,11,22,0,104
21,"Bethel, AK",0,0,0,0,0,0,0,14
21,"Billings, MT",13,2,12,0,15,25,1,81
21,"Binghamton, NY",1,1,0,0,2,2,0,7
21,"Birmingham, AL",42,6,50,0,42,81,3,335
21,"Bismarck/Mandan, ND",2,4,4,0,5,9,0,79
21,"Bloomington/Normal, IL",6,1,8,0,8,11,1,36
21,"Boise, ID",53,7,40,0,37,83,3,470
21,"Boston, MA",409,27,403,4,399,705,17,2829
21,"Bozeman, MT",16,7,16,0,17,34,0,177
21,"Brainerd, MN",0,0,0,0,0,0,0,12
21,"Bristol/Johnson City/Kingsport, TN",2,0,7,0,3,8,0,37
21,"Brownsville, TX",14,1,10,0,7,18,2,43
21,"Brunswick, GA",4,1,2,0,0,5,0,14
21,"Buffalo, NY",78,6,50,0,77,117,5,423
21,"Burbank, CA",69,4,52,0,73,121,2,510
21,"Burlington, VT",16,2,13,0,20,30,2,151
21,"Butte, MT",1,0,0,0,0,1,0,13
21,"Casper, WY",0,1,2,0,2,3,0,36
21,"Cedar City, UT",1,0,0,0,0,0,0,12
21,"Cedar Rapids/Iowa City, IA",34,10,29,0,29,53,1,148
21,"Champaign/Urbana, IL",5,2,5,0,7,10,2,28
21,"Charleston, SC",80,8,48,1,77,119,6,541
21,"Charleston/Dunbar, WV",11,2,10,0,4,18,4,68
21,"Charlotte Amalie, VI",15,1,15,0,5,22,0,125
21,"Charlotte, NC",595,88,613,11,744,1098,14,4346
21,"Charlottesville, VA",3,1,9,0,5,14,2,64
21,"Chattanooga, TN",21,2,19,0,18,36,1,129
21,"Cheyenne, WY",1,0,0,0,0,1,0,13
21,"Chicago, IL",971,223,1560,3,1140,2306,191,7064
21,"Christiansted, VI",7,0,4,0,5,7,0,24
21,"Cincinnati, OH",131,18,160,2,177,274,8,831
21,"Clarksburg/Fairmont, WV",1,1,1,0,0,2,0,4
21,"Cleveland, OH",132,14,124,2,144,229,12,838
21,"Cody, WY",3,0,1,0,0,3,0,14
21,"College Station/Bryan, TX",6,1,4,0,5,9,1,20
21,"Colorado Springs, CO",51,4,23,0,41,69,2,250
21,"Columbia, MO",8,3,9,0,10,16,1,34
21,"Columbia, SC",19,0,17,0,18,29,2,132
21,"Columbus, GA",3,0,3,0,1,5,0,19
21,"Columbus, MS",1,0,0,0,2,2,0,14
21,"Columbus, OH",141,19,105,0,148,226,7,824
21,"Concord, NC",2,0,0,0,1,2,0,14
21,"Cordova, AK",1,0,3,0,2,3,0,14
21,"Corpus Christi, TX",13,1,13,0,14,23,4,73
21,"Dallas, TX",197,13,267,2,236,383,4,1374
21,"Dallas/Fort Worth, TX",973,306,1410,11,1178,2147,286,6109
21,"Dayton, OH",17,5,24,0,12,38,3,157
21,"Daytona Beach, FL",9,1,6,0,8,15,0,62
21,"Deadhorse, AK",0,0,0,0,1,1,0,11
21,"Decatur, IL",3,1,0,0,2,6,3,19
21,"Denver, CO",765,72,841,6,759,1462,53,6047
21,"Des Moines, IA",55,4,56,1,57,94,7,276
21,"Detroit, MI",287,55,251,3,227,505,7,2515
21,"Devils Lake, ND",1,0,1,0,2,3,0,13
21,"Dickinson, ND",0,1,0,0,0,1,0,12
21,"Dodge City, KS",0,0,0,0,1,1,0,12
21,"Dothan, AL",2,0,2,0,1,1,0,14
21,"Duluth, MN",4,2,5,0,4,13,1,40
21,"Durango, CO",5,0,5,0,4,8,2,68
21,"Eagle, CO",3,1,2,0,1,6,0,35
21,"El Paso, TX",59,7,43,0,58,90,3,331
21,"Elko, NV",1,0,0,0,0,1,0,7
21,"Elmira/Corning, NY",4,1,2,0,0,5,0,18
21,"Escanaba, MI",0,0,0,0,0,0,0,12
21,"Eugene, OR",26,5,18,0,18,40,0,134
21,"Evansville, IN",5,2,7,0,1,9,1,35
21,"Everett, WA",2,0,3,0,1,3,0,13
21,"Fairbanks, AK",17,0,15,0,11,25,0,70
21,"Fargo, ND",17,8,19,0,15,37,3,118
21,"Fayetteville, AR",37,11,57,1,42,82,4,257
21,"Fayetteville, NC",4,0,1,1,2,4,0,21
21,"Flagstaff, AZ",5,0,0,0,1,6,0,35
21,"Flint, MI",5,4,4,0,6,11,2,36
21,"Fort Dodge, IA",2,0,3,0,2,5,2,12
21,"Fort Lauderdale, FL",261,22,178,2,224,382,8,1751
21,"Fort Myers, FL",74,6,32,0,68,102,4,552
21,"Fort Smith, AR",4,1,4,0,4,6,2,21
21,"Fort Wayne, IN",12,4,17,0,7,24,3,76
21,"Fresno, CA",33,7,39,1,30,52,4,230
21,"Gainesville, FL",4,0,3,1,5,7,0,54
21,"Garden City, KS",3,1,2,0,5,7,1,14
21,"Gillette, WY",0,1,1,0,1,2,0,14
21,"Grand Forks, ND",2,0,2,0,0,2,0,21
21,"Grand Island, NE",5,0,4,0,3,7,2,18
21,"Grand Junction, CO",5,6,10,0,8,17,2,72
21,"Grand Rapids, MI",40,3,48,1,57,81,5,316
21,"Great Falls, MT",5,1,2,0,2,8,0,43
21,"Green Bay, WI",19,6,10,0,5,30,2,73
21,"Greensboro/High Point, NC",23,8,28,1,26,49,5,226
21,"Greer, SC",56,8,58,0,47,94,4,319
21,"Guam, TT",0,0,0,0,0,0,0,14
21,"Gulfport/Biloxi, MS",13,1,9,0,11,20,1,64
21,"Gunnison, CO",1,0,0,0,0,1,0,12
21,"Hagerstown, MD",0,0,1,0,1,1,0,5
21,"Hancock/Houghton, MI",5,0,3,0,5,10,1,14
21,"Harlingen/San Benito, TX",10,0,10,0,11,17,2,74
21,"Harrisburg, PA",22,5,16,1,19,34,0,104
21,"Hartford, CT",85,9,68,0,78,134,0,426
21,"Hattiesburg/Laurel, MS",3,0,2,0,2,5,0,12
21,"Hayden, CO",2,1,2,0,2,5,0,25
21,"Hays, KS",3,2,3,1,1,7,0,14
21,"Helena, MT",2,2,0,0,1,5,0,28
21,"Hibbing, MN",2,0,1,0,0,2,0,12
21,"Hilo, HI",21,0,0,0,15,22,1,129
21,"Hilton Head, SC",9,4,7,0,9,16,0,53
21,"Hobbs, NM",3,0,1,0,0,3,0,8
21,"Honolulu, HI",153,2,52,0,117,203,25,1184
21,"Houston, TX",465,44,445,1,443,777,22,3397
21,"Huntsville, AL",22,2,27,0,21,42,7,178
21,"Hyannis, MA",3,0,0,0,2,3,0,4
21,"Idaho Falls, ID",11,2,4,0,2,15,1,75
21,"Indianapolis, IN",151,19,159,2,167,268,8,949
21,"International Falls, MN",2,1,0,0,0,2,0,12
21,"Iron Mountain/Kingsfd, MI",2,1,1,0,0,3,0,14
21,"Islip, NY",10,3,5,0,15,19,2,89
21,"Ithaca/Cortland, NY",2,0,1,0,1,3,1,26
21,"Jackson, WY",9,2,9,0,12,20,0,93
21,"Jackson/Vicksburg, MS",19,4,21,0,18,34,1,147
21,"Jacksonville, FL",96,10,67,1,93,162,7,613
21,"Jacksonville/Camp Lejeune, NC",0,0,1,0,2,2,0,21
21,"Johnstown, PA",1,2,5,0,3,6,1,14
21,"Joplin, MO",1,0,1,0,1,2,1,12
21,"Juneau, AK",15,0,19,0,11,24,2,95
21,"Kahului, HI",41,0,10,1,29,59,8,496
21,"Kalamazoo, MI",4,1,1,0,0,5,0,19
21,"Kalispell, MT",15,2,14,0,9,22,0,67
21,"Kansas City, MO",174,14,107,0,161,259,12,967
21,"Ketchikan, AK",6,0,7,0,6,12,1,49
21,"Key West, FL",14,3,16,0,18,33,0,135
21,"Killeen, TX",9,3,11,0,12,15,2,34
21,"King Salmon, AK",0,0,1,0,0,1,0,7
21,"Knoxville, TN",51,9,66,0,59,99,3,313
21,"Kodiak, AK",2,0,1,0,0,2,0,18
21,"Kona, HI",42,0,9,0,35,51,5,302
21,"Kotzebue, AK",0,0,0,0,0,0,0,7
21,"La Crosse, WI",1,5,3,0,7,10,0,13
21,"Lafayette, LA",5,3,7,0,10,16,1,53
21,"Lake Charles, LA",6,1,3,0,3,8,1,21
21,"Lansing, MI",4,0,0,0,1,4,0,25
21,"Laramie, WY",1,0,2,0,1,2,0,12
21,"Laredo, TX",8,1,12,0,10,15,2,36
21,"Las Vegas, NV",569,38,650,6,564,997,21,3640
21,"Latrobe, PA",1,0,2,0,1,2,0,14
21,"Lawton/Fort Sill, OK",4,0,2,0,1,5,0,20
21,"Lewiston, ID",4,1,0,0,0,5,0,21
21,"Lexington, KY",23,10,28,0,20,49,5,175
21,"Liberal, KS",2,0,0,0,0,2,0,12
21,"Lihue, HI",38,0,8,0,31,46,8,306
21,"Lincoln, NE",9,2,10,0,4,17,1,40
21,"Little Rock, AR",34,13,56,0,41,83,4,243
21,"Long Beach, CA",45,2,23,0,48,65,2,337
21,"Longview, TX",4,1,2,0,3,5,0,14
21,"Los Angeles, CA",648,56,681,7,450,1026,15,3738
21,"Louisville, KY",68,11,97,1,60,137,10,490
21,"Lubbock, TX",21,2,13,0,25,33,5,122
21,"Madison, WI",38,16,47,0,37,79,6,223
21,"Manchester, NH",18,3,13,0,23,28,1,108
21,"Manhattan/Ft. Riley, KS",2,1,5,0,6,7,2,14
21,"Marquette, MI",3,3,8,0,6,10,0,20
21,"Martha's Vineyard, MA",1,0,3,0,3,4,1,19
21,"Mason City, IA",2,0,3,0,1,3,2,12
21,"Medford, OR",11,1,8,0,5,16,0,82
21,"Melbourne, FL",1,0,1,0,2,2,0,53
21,"Memphis, TN",64,12,80,1,74,132,4,453
21,"Meridian, MS",0,0,0,0,1,1,0,12
21,"Miami, FL",283,26,171,7,282,436,5,2130
21,"Midland/Odessa, TX",33,6,39,0,31,60,4,189
21,"Milwaukee, WI",89,23,106,0,75,168,2,540
21,"Minneapolis, MN",261,81,280,2,231,497,10,2411
21,"Minot, ND",4,2,1,0,0,6,0,42
21,"Mission/McAllen/Edinburg, TX",23,2,20,0,24,35,4,84
21,"Missoula, MT",14,2,19,0,10,23,1,87
21,"Mobile, AL",6,2,6,0,10,13,3,46
21,"Moline, IL",12,6,23,0,11,32,4,84
21,"Monroe, LA",3,1,4,0,5,8,1,35
21,"Monterey, CA",11,2,5,0,10,19,1,100
21,"Montgomery, AL",3,0,2,0,3,6,0,46
21,"Montrose/Delta, CO",7,1,6,0,7,11,1,40
21,"Mosinee, WI",2,1,3,0,0,4,0,14
21,"Myrtle Beach, SC",50,3,49,2,44,91,2,377
21,"Nantucket, MA",6,3,9,0,2,12,2,49
21,"Nashville, TN",264,41,306,1,318,534,13,1957
21,"New Orleans, LA",147,10,98,2,158,232,6,1007
21,"New York, NY",657,109,912,4,713,1450,108,5539
21,"Newark, NJ",322,34,317,3,284,573,24,2510
21,"Newburgh/Poughkeepsie, NY",1,0,0,0,0,1,0,6
21,"Niagara Falls, NY",1,0,0,0,0,1,0,6
21,"Nome, AK",0,0,0,0,0,0,0,7
21,"Norfolk, VA",65,7,72,0,70,115,5,399
21,"North Bend/Coos Bay, OR",0,0,0,0,1,1,0,9
21,"North Platte, NE",0,0,0,0,0,0,0,12
21,"Oakland, CA",101,2,47,0,129,151,4,795
21,"Oklahoma City, OK",70,6,64,0,51,108,8,439
21,"Omaha, NE",82,10,83,0,60,141,6,464
21,"Ontario, CA",116,7,62,0,101,163,1,508
21,"Orlando, FL",376,21,226,2,407,593,17,3058
21,"Pago Pago, TT",0,0,0,0,0,0,0,3
21,"Palm Springs, CA",31,5,20,0,28,52,1,225
21,"Panama City, FL",17,3,17,0,17,30,0,189
21,"Pasco/Kennewick/Richland, WA",16,1,9,0,4,20,0,89
21,"Pellston, MI",1,0,0,0,0,1,0,21
21,"Pensacola, FL",36,7,39,1,46,72,3,284
21,"Peoria, IL",10,4,19,0,11,28,1,69
21,"Petersburg, AK",1,0,2,0,2,3,0,14
21,"Philadelphia, PA",304,24,271,3,302,503,12,1994
21,"Phoenix, AZ",572,48,580,4,579,996,26,3814
21,"Pittsburgh, PA",126,14,131,3,143,240,9,861
21,"Plattsburgh, NY",0,0,0,0,0,0,0,6
21,"Pocatello, ID",3,0,1,0,0,3,0,14
21,"Ponce, PR",7,0,1,0,3,8,0,21
21,"Portland, ME",29,2,29,0,30,47,4,210
21,"Portland, OR",175,22,201,2,172,309,10,1151
21,"Portsmouth, NH",1,0,0,0,1,1,0,6
21,"Prescott, AZ",1,2,3,0,0,3,0,14
21,"Providence, RI",54,7,50,0,41,87,1,282
21,"Provo, UT",4,0,7,0,9,10,0,37
21,"Punta Gorda, FL",14,2,10,0,16,21,0,98
21,"Raleigh/Durham, NC",212,19,165,2,215,345,10,1238
21,"Rapid City, SD",11,3,7,0,3,19,1,94
21,"Redding, CA",3,0,3,0,1,5,0,27
21,"Reno, NV",53,5,30,0,51,80,3,386
21,"Rhinelander, WI",1,0,1,0,0,1,0,19
21,"Richmond, VA",71,7,58,0,53,108,2,400
21,"Riverton/Lander, WY",0,0,0,0,0,0,0,9
21,"Roanoke, VA",6,0,14,0,8,16,2,55
21,"Rochester, MN",6,9,7,0,1,16,1,32
21,"Rochester, NY",51,7,39,0,43,73,4,229
21,"Rock Springs, WY",0,0,1,0,2,2,0,9
21,"Rockford, IL",1,0,1,0,0,1,0,15
21,"Roswell, NM",2,1,1,0,0,3,1,21
21,"Sacramento, CA",160,8,109,1,172,251,9,1025
21,"Saginaw/Bay City/Midland, MI",5,2,8,0,6,15,1,42
21,"Saipan, TT",0,0,0,0,0,0,0,7
21,"Salina, KS",1,1,2,0,5,7,0,14
21,"Salt Lake City, UT",230,28,214,1,187,401,12,2137
21,"San Angelo, TX",1,0,2,0,2,3,2,20
21,"San Antonio, TX",137,7,113,1,128,222,8,784
21,"San Diego, CA",313,13,343,4,263,509,7,1771
21,"San Francisco, CA",372,31,714,2,318,904,16,2420
21,"San Jose, CA",126,4,67,2,144,206,4,926
21,"San Juan, PR",142,5,106,0,107,196,2,713
21,"San Luis Obispo, CA",14,1,8,0,8,18,1,86
21,"Sanford, FL",28,5,20,0,30,45,0,179
21,"Santa Ana, CA",132,7,111,0,105,201,7,817
21,"Santa Barbara, CA",25,4,10,0,18,35,0,149
21,"Santa Fe, NM",9,0,4,0,3,12,3,58
21,"Santa Maria, CA",0,0,0,0,0,0,0,2
21,"Santa Rosa, CA",8,0,7,0,5,9,0,57
21,"Sarasota/Bradenton, FL",37,7,21,0,33,52,0,288
21,"Sault Ste. Marie, MI",3,1,2,0,0,4,0,14
21,"Savannah, GA",45,3,48,1,49,91,3,403
21,"Scottsbluff, NE",2,0,1,0,0,2,0,12
21,"Scranton/Wilkes-Barre, PA",8,5,12,0,11,19,0,35
21,"Seattle, WA",374,55,578,11,414,841,10,3289
21,"Sheridan, WY",1,1,0,0,0,2,0,14
21,"Shreveport, LA",6,2,9,0,10,17,2,78
21,"Sioux City, IA",3,0,2,0,0,2,1,14
21,"Sioux Falls, SD",28,10,21,0,20,48,0,127
21,"Sitka, AK",5,0,9,0,4,11,0,35
21,"South Bend, IN",23,5,23,0,10,44,5,118
21,"Spokane, WA",54,6,40,0,35,83,3,319
21,"Springfield, IL",0,0,0,0,0,0,0,2
21,"Springfield, MO",15,16,50,0,30,61,4,178
21,"St. Cloud, MN",0,0,0,0,0,0,0,2
21,"St. George, UT",5,1,3,0,0,5,0,48
21,"St. Louis, MO",186,17,215,1,197,345,8,1257
21,"St. Petersburg, FL",14,8,10,0,23,31,0,165
21,"State College, PA",1,2,2,0,2,7,2,21
21,"Stillwater, OK",1,2,2,0,1,4,0,14
21,"Stockton, CA",0,0,1,0,1,1,0,10
21,"Sun Valley/Hailey/Ketchum, ID",2,0,1,0,0,2,0,30
21,"Syracuse, NY",46,12,49,0,49,88,1,261
21,"Tallahassee, FL",12,2,14,0,11,18,1,121
21,"Tampa, FL",212,14,118,3,231,335,7,1501
21,"Texarkana, AR",4,0,2,0,3,5,0,14
21,"Toledo, OH",0,0,0,0,0,0,0,6
21,"Traverse City, MI",12,5,16,0,15,26,2,65
21,"Trenton, NJ",5,0,2,0,4,8,0,33
21,"Tucson, AZ",55,10,50,0,52,80,3,355
21,"Tulsa, OK",48,11,47,0,50,95,4,339
21,"Twin Falls, ID",1,0,1,0,0,1,0,14
21,"Tyler, TX",5,0,2,0,1,5,1,21
21,"Valdosta, GA",2,0,2,0,1,3,0,14
21,"Valparaiso, FL",24,6,21,1,25,49,2,214
21,"Victoria, TX",0,0,0,0,0,0,0,12
21,"Waco, TX",4,1,3,0,1,6,2,20
21,"Walla Walla, WA",2,0,1,0,2,5,0,12
21,"Washington, DC",458,74,518,2,447,849,29,3743
21,"West Palm Beach/Palm Beach, FL",72,6,37,0,66,104,1,513
21,"West Yellowstone, MT",2,0,0,0,0,2,0,12
21,"White Plains, NY",27,3,18,1,24,43,2,221
21,"Wichita Falls, TX",2,1,0,0,0,3,0,14
21,"Wichita, KS",29,14,33,0,32,61,5,195
21,"Williston, ND",4,1,0,0,1,6,0,37
21,"Wilmington, NC",19,2,21,1,22,35,1,159
21,"Worcester, MA",1,0,1,0,0,1,2,27
21,"Wrangell, AK",1,0,0,0,2,3,0,14
21,"Yakutat, AK",1,1,1,0,1,2,0,14
21,"Yuma, AZ",3,0,1,0,3,6,0,32
22,"Aberdeen, SD",1,2,2,0,0,3,0,14
22,"Abilene, TX",2,9,8,0,10,14,3,32
22,"Adak Island, AK",0,0,0,0,0,0,0,2
22,"Aguadilla, PR",10,0,11,0,5,17,1,57
22,"Akron, OH",9,1,7,0,8,15,0,75
22,"Albany, GA",3,2,2,0,0,5,0,14
22,"Albany, NY",42,4,19,0,31,58,3,227
22,"Albuquerque, NM",79,16,53,0,83,126,28,471
22,"Alexandria, LA",6,5,9,0,4,12,3,35
22,"Allentown/Bethlehem/Easton, PA",11,1,9,0,12,19,0,93
22,"Alpena, MI",1,0,0,0,0,1,0,12
22,"Amarillo, TX",13,11,18,0,21,35,11,97
22,"Anchorage, AK",55,6,64,1,45,93,3,451
22,"Appleton, WI",11,1,10,0,11,23,2,123
22,"Arcata/Eureka, CA",5,1,2,0,0,5,0,27
22,"Asheville, NC",32,10,27,0,27,58,4,266
22,"Ashland, WV",3,0,3,0,3,5,0,17
22,"Aspen, CO",18,8,14,0,8,36,0,126
22,"Atlanta, GA",691,145,711,3,940,1586,46,6827
22,"Atlantic City, NJ",7,0,7,1,8,11,0,63
22,"Augusta, GA",8,4,8,0,6,13,1,68
22,"Austin, TX",354,60,452,2,332,671,66,1792
22,"Bakersfield, CA",1,5,0,0,6,7,4,46
22,"Baltimore, MD",266,28,180,3,306,449,27,1969
22,"Bangor, ME",11,2,9,0,13,21,1,77
22,"Barrow, AK",1,0,0,0,0,1,0,7
22,"Baton Rouge, LA",14,13,24,0,17,34,5,100
22,"Beaumont/Port Arthur, TX",3,2,2,0,0,5,2,14
22,"Belleville, IL",2,0,3,0,3,4,1,31
22,"Bellingham, WA",7,0,3,0,4,8,0,58
22,"Bemidji, MN",3,0,1,0,0,3,0,14
22,"Bend/Redmond, OR",15,4,11,0,10,25,1,105
22,"Bethel, AK",0,0,1,0,0,1,0,14
22,"Billings, MT",13,7,10,0,15,25,0,84
22,"Binghamton, NY",1,0,0,0,0,1,0,7
22,"Birmingham, AL",51,23,60,0,72,114,13,349
22,"Bismarck/Mandan, ND",10,9,14,0,10,25,0,80
22,"Bloomington/Normal, IL",3,5,4,0,4,9,1,36
22,"Boise, ID",56,10,37,0,45,92,5,475
22,"Boston, MA",376,47,366,2,360,707,40,2887
22,"Bozeman, MT",39,2,11,0,30,50,0,187
22,"Brainerd, MN",0,0,0,0,0,0,0,12
22,"Bristol/Johnson City/Kingsport, TN",3,1,2,0,4,6,2,38
22,"Brownsville, TX",7,10,13,0,11,22,5,48
22,"Brunswick, GA",2,1,3,0,0,5,0,14
22,"Buffalo, NY",67,7,40,0,69,99,12,435
22,"Burbank, CA",77,5,34,0,71,117,10,527
22,"Burlington, VT",22,0,13,0,23,37,4,159
22,"Butte, MT",1,0,0,0,0,1,0,13
22,"Casper, WY",9,1,4,0,3,14,0,48
22,"Cedar City, UT",0,0,0,0,0,0,0,12
22,"Cedar Rapids/Iowa City, IA",21,8,18,0,25,41,5,152
22,"Champaign/Urbana, IL",3,5,6,0,12,15,0,28
22,"Charleston, SC",90,19,51,1,89,148,13,546
22,"Charleston/Dunbar, WV",5,3,4,0,6,15,0,69
22,"Charlotte Amalie, VI",16,1,17,1,10,27,0,125
22,"Charlotte, NC",625,97,450,7,695,1057,74,4306
22,"Charlottesville, VA",2,1,4,0,2,7,2,64
22,"Chattanooga, TN",17,9,9,0,16,33,4,133
22,"Cheyenne, WY",2,0,0,0,0,2,0,13
22,"Chicago, IL",1054,148,813,4,1029,1773,148,7204
22,"Christiansted, VI",3,0,2,0,3,5,0,25
22,"Cincinnati, OH",96,20,83,1,135,201,21,856
22,"Clarksburg/Fairmont, WV",1,0,0,0,1,0,1,7
22,"Cleveland, OH",101,24,74,3,123,197,26,846
22,"Cody, WY",2,0,3,0,3,6,0,22
22,"College Station/Bryan, TX",0,4,4,0,3,6,3,21
22,"Colorado Springs, CO",60,12,37,0,42,91,14,260
22,"Columbia, MO",5,4,10,0,12,16,3,35
22,"Columbia, SC",17,10,17,0,23,38,5,135
22,"Columbus, GA",4,1,2,0,2,7,0,20
22,"Columbus, MS",2,0,1,0,3,4,0,14
22,"Columbus, OH",105,24,80,1,131,184,19,855
22,"Concord, NC",3,0,0,0,2,3,0,14
22,"Cordova, AK",0,0,2,0,2,2,0,14
22,"Corpus Christi, TX",9,9,13,0,21,27,9,74
22,"Dallas, TX",211,44,378,3,316,557,161,1402
22,"Dallas/Fort Worth, TX",1013,555,1637,4,1281,2416,1268,6188
22,"Dayton, OH",20,11,16,1,24,41,5,160
22,"Daytona Beach, FL",6,1,7,0,6,10,0,63
22,"Deadhorse, AK",1,0,0,0,1,2,0,11
22,"Decatur, IL",2,0,2,0,0,2,0,18
22,"Denver, CO",871,145,908,5,841,1638,82,6327
22,"Des Moines, IA",47,8,47,1,51,91,11,279
22,"Detroit, MI",267,61,182,3,254,464,26,2586
22,"Devils Lake, ND",1,1,1,0,1,3,0,13
22,"Dickinson, ND",1,0,0,0,0,1,0,13
22,"Dodge City, KS",0,0,0,0,1,1,0,12
22,"Dothan, AL",1,0,1,0,1,2,0,14
22,"Duluth, MN",7,3,4,0,0,10,0,41
22,"Durango, CO",13,4,10,0,4,20,2,70
22,"Eagle, CO",4,1,4,0,1,6,1,35
22,"El Paso, TX",58,18,46,0,72,107,28,339
22,"Elko, NV",0,0,0,0,0,0,0,7
22,"Elmira/Corning, NY",3,1,3,0,0,4,0,18
22,"Escanaba, MI",1,0,0,0,0,1,0,12
22,"Eugene, OR",16,5,14,0,18,28,4,134
22,"Evansville, IN",3,8,4,0,4,11,0,38
22,"Everett, WA",1,0,2,0,2,2,0,14
22,"Fairbanks, AK",16,2,12,0,11,26,1,77
22,"Fargo, ND",18,8,22,0,19,38,0,122
22,"Fayetteville, AR",45,14,55,0,40,85,9,263
22,"Fayetteville, NC",0,2,0,0,1,3,0,21
22,"Flagstaff, AZ",4,3,3,0,0,7,1,35
22,"Flint, MI",4,0,6,0,4,7,0,36
22,"Fort Dodge, IA",0,0,0,0,2,2,0,12
22,"Fort Lauderdale, FL",256,39,203,3,225,390,22,1766
22,"Fort Myers, FL",66,15,51,0,82,122,12,541
22,"Fort Smith, AR",2,5,5,0,4,9,3,21
22,"Fort Wayne, IN",9,8,10,0,10,22,1,81
22,"Fresno, CA",38,17,32,0,42,68,9,230
22,"Gainesville, FL",5,1,5,0,6,10,2,55
22,"Garden City, KS",0,5,6,0,5,7,2,14
22,"Gillette, WY",1,0,1,0,0,1,0,14
22,"Grand Forks, ND",3,1,1,0,0,4,0,23
22,"Grand Island, NE",1,3,2,0,0,4,3,18
22,"Grand Junction, CO",7,8,12,0,11,21,0,81
22,"Grand Rapids, MI",53,7,32,1,45,84,11,321
22,"Great Falls, MT",5,0,3,0,3,7,0,44
22,"Green Bay, WI",4,0,1,0,3,7,1,76
22,"Greensboro/High Point, NC",21,10,14,0,31,46,12,234
22,"Greer, SC",46,12,35,1,58,91,7,328
22,"Guam, TT",4,0,1,0,0,4,0,14
22,"Gulfport/Biloxi, MS",8,8,11,0,9,21,2,65
22,"Gunnison, CO",1,1,0,0,0,2,0,15
22,"Gustavus, AK",0,0,0,0,0,0,0,2
22,"Hagerstown, MD",2,0,3,0,2,3,0,6
22,"Hancock/Houghton, MI",0,0,1,0,3,4,0,14
22,"Harlingen/San Benito, TX",10,9,15,0,21,30,4,75
22,"Harrisburg, PA",10,6,5,0,14,23,2,103
22,"Hartford, CT",86,11,58,0,65,125,9,431
22,"Hattiesburg/Laurel, MS",1,0,2,0,0,2,0,12
22,"Hayden, CO",1,2,2,0,1,5,0,28
22,"Hays, KS",2,1,4,0,1,5,0,13
22,"Helena, MT",2,1,1,0,0,3,0,28
22,"Hibbing, MN",1,1,1,0,0,2,0,12
22,"Hilo, HI",12,0,1,0,12,14,1,130
22,"Hilton Head, SC",7,0,6,1,5,8,0,53
22,"Hobbs, NM",1,3,3,0,2,6,0,14
22,"Honolulu, HI",154,6,75,0,113,210,14,1207
22,"Houston, TX",632,100,846,1,647,1258,130,3463
22,"Huntsville, AL",23,8,18,0,22,47,9,182
22,"Hyannis, MA",1,0,0,0,1,1,0,7
22,"Idaho Falls, ID",9,4,2,0,0,13,2,81
22,"Indianapolis, IN",149,23,103,1,169,258,26,958
22,"International Falls, MN",0,1,0,0,0,1,0,12
22,"Iron Mountain/Kingsfd, MI",1,0,0,0,0,1,0,14
22,"Islip, NY",10,2,3,0,11,18,0,91
22,"Ithaca/Cortland, NY",1,1,2,0,1,3,2,24
22,"Jackson, WY",15,3,10,0,15,22,3,105
22,"Jackson/Vicksburg, MS",28,11,31,0,36,55,7,151
22,"Jacksonville, FL",99,21,60,1,95,166,20,613
22,"Jacksonville/Camp Lejeune, NC",2,1,1,0,1,2,0,21
22,"Johnstown, PA",0,0,0,0,0,0,0,14
22,"Joplin, MO",1,0,1,0,0,1,0,12
22,"Juneau, AK",8,0,11,0,7,15,1,97
22,"Kahului, HI",32,3,11,0,32,53,7,508
22,"Kalamazoo, MI",1,1,0,0,0,2,0,20
22,"Kalispell, MT",11,3,12,0,5,16,0,80
22,"Kansas City, MO",153,30,117,4,162,257,30,998
22,"Ketchikan, AK",1,0,5,0,4,6,0,49
22,"Key West, FL",20,6,15,0,13,33,0,132
22,"Killeen, TX",6,9,8,0,11,16,4,35
22,"King Salmon, AK",1,0,0,0,0,1,0,7
22,"Knoxville, TN",37,17,36,0,51,76,12,319
22,"Kodiak, AK",2,0,0,0,0,2,0,18
22,"Kona, HI",33,0,8,0,31,41,2,309
22,"Kotzebue, AK",0,0,0,0,0,0,0,7
22,"La Crosse, WI",2,0,3,0,3,4,0,14
22,"Lafayette, LA",8,4,10,0,11,18,7,55
22,"Lake Charles, LA",3,4,5,0,3,8,3,21
22,"Lansing, MI",3,0,1,0,1,3,0,26
22,"Laramie, WY",2,1,0,0,0,3,0,12
22,"Laredo, TX",4,6,7,0,9,12,6,36
22,"Las Vegas, NV",518,66,385,3,575,917,63,3694
22,"Latrobe, PA",1,0,1,0,0,1,0,14
22,"Lawton/Fort Sill, OK",4,4,4,0,1,9,3,21
22,"Lewiston, ID",1,1,1,0,0,2,0,21
22,"Lexington, KY",12,11,16,0,20,39,9,183
22,"Liberal, KS",0,1,1,0,0,1,0,12
22,"Lihue, HI",24,0,4,0,22,32,4,315
22,"Lincoln, NE",5,2,8,0,3,13,0,49
22,"Little Rock, AR",42,17,48,0,45,81,13,253
22,"Long Beach, CA",36,2,12,0,48,58,3,343
22,"Longview, TX",0,5,3,0,4,6,1,14
22,"Los Angeles, CA",585,91,405,8,471,909,65,3829
22,"Louisville, KY",62,17,53,1,49,110,17,507
22,"Lubbock, TX",24,12,20,0,30,46,20,120
22,"Madison, WI",29,9,33,0,32,57,6,227
22,"Manchester, NH",14,2,10,0,20,28,0,110
22,"Manhattan/Ft. Riley, KS",3,5,4,0,7,10,0,14
22,"Marquette, MI",5,0,5,0,5,6,0,20
22,"Martha's Vineyard, MA",2,0,1,0,0,3,1,31
22,"Mason City, IA",0,0,1,0,1,1,0,12
22,"Medford, OR",10,1,9,0,5,17,0,86
22,"Melbourne, FL",9,1,6,0,6,12,0,53
22,"Memphis, TN",88,12,50,0,91,129,25,471
22,"Meridian, MS",4,1,1,0,1,6,0,12
22,"Miami, FL",426,63,308,7,382,651,67,2113
22,"Midland/Odessa, TX",46,19,34,0,38,83,21,192
22,"Milwaukee, WI",77,16,60,0,70,130,18,555
22,"Minneapolis, MN",214,54,181,0,209,404,25,2483
22,"Minot, ND",5,3,4,0,1,8,0,42
22,"Mission/McAllen/Edinburg, TX",11,11,13,0,16,27,18,87
22,"Missoula, MT",16,5,21,0,17,33,0,98
22,"Mobile, AL",4,6,8,0,9,13,3,48
22,"Moline, IL",16,8,14,0,12,28,1,83
22,"Monroe, LA",5,3,5,0,7,10,2,35
22,"Monterey, CA",14,5,14,0,8,25,3,99
22,"Montgomery, AL",3,4,6,0,3,9,4,47
22,"Montrose/Delta, CO",10,0,11,0,4,16,2,49
22,"Mosinee, WI",1,0,0,0,1,1,0,14
22,"Myrtle Beach, SC",45,7,40,2,53,82,5,393
22,"Nantucket, MA",4,2,4,0,1,7,0,59
22,"Nashville, TN",287,48,192,5,327,484,41,1988
22,"New Orleans, LA",173,37,168,4,201,312,31,1039
22,"New York, NY",675,113,689,7,610,1258,180,5594
22,"Newark, NJ",286,38,274,1,272,530,85,2532
22,"Newburgh/Poughkeepsie, NY",1,0,0,0,0,1,0,6
22,"Niagara Falls, NY",0,1,0,0,0,1,0,6
22,"Nome, AK",0,0,0,0,0,0,0,7
22,"Norfolk, VA",68,9,52,1,74,108,18,404
22,"North Bend/Coos Bay, OR",0,0,1,0,1,1,0,9
22,"North Platte, NE",0,0,0,0,0,0,0,12
22,"Oakland, CA",103,4,46,0,131,174,9,825
22,"Oklahoma City, OK",83,26,69,0,82,155,20,457
22,"Omaha, NE",97,18,80,0,91,161,10,473
22,"Ontario, CA",90,17,50,1,85,139,20,529
22,"Orlando, FL",445,65,296,4,490,740,50,3095
22,"Pago Pago, TT",0,0,0,0,0,0,0,3
22,"Palm Springs, CA",27,3,13,0,17,37,9,215
22,"Panama City, FL",35,11,31,2,43,67,5,192
22,"Pasco/Kennewick/Richland, WA",8,5,11,0,3,18,0,92
22,"Pellston, MI",6,0,2,0,0,6,0,23
22,"Pensacola, FL",53,12,59,0,47,97,15,288
22,"Peoria, IL",9,6,10,0,10,23,1,72
22,"Petersburg, AK",0,0,0,0,0,0,0,14
22,"Philadelphia, PA",338,44,212,4,337,535,54,2034
22,"Phoenix, AZ",587,71,371,3,610,945,97,3846
22,"Pittsburgh, PA",132,23,95,0,140,225,28,883
22,"Plattsburgh, NY",0,0,0,0,0,0,0,6
22,"Pocatello, ID",1,0,0,0,0,1,0,14
22,"Ponce, PR",4,0,1,0,3,5,0,20
22,"Portland, ME",22,3,14,0,17,31,12,225
22,"Portland, OR",170,29,147,1,164,301,17,1184
22,"Portsmouth, NH",0,0,0,0,0,0,0,6
22,"Prescott, AZ",0,0,1,0,2,2,0,14
22,"Providence, RI",47,7,29,0,42,74,0,283
22,"Provo, UT",0,0,4,0,4,3,0,37
22,"Punta Gorda, FL",7,3,7,0,5,15,0,106
22,"Raleigh/Durham, NC",213,34,128,1,218,337,31,1256
22,"Rapid City, SD",11,7,13,0,15,28,2,105
22,"Redding, CA",1,0,3,0,2,4,0,27
22,"Reno, NV",63,10,20,0,60,91,14,392
22,"Rhinelander, WI",2,0,0,0,0,2,0,19
22,"Richmond, VA",67,10,40,1,50,101,11,412
22,"Riverton/Lander, WY",0,0,2,0,1,3,0,10
22,"Roanoke, VA",7,1,10,0,4,13,1,58
22,"Rochester, MN",9,3,9,0,1,15,0,34
22,"Rochester, NY",38,1,23,0,28,55,5,236
22,"Rock Springs, WY",0,0,1,0,0,1,0,11
22,"Rockford, IL",2,0,3,0,1,4,0,16
22,"Roswell, NM",1,3,3,0,0,4,5,21
22,"Sacramento, CA",169,24,79,1,159,254,16,1064
22,"Saginaw/Bay City/Midland, MI",1,0,1,0,2,4,0,43
22,"Saipan, TT",0,0,0,0,0,0,0,7
22,"Salina, KS",1,1,3,0,2,4,0,13
22,"Salt Lake City, UT",222,44,140,0,225,399,15,2188
22,"San Angelo, TX",1,4,2,0,2,5,4,21
22,"San Antonio, TX",165,39,134,2,162,272,47,798
22,"San Diego, CA",295,30,205,4,265,451,35,1805
22,"San Francisco, CA",416,58,632,2,320,927,40,2417
22,"San Jose, CA",137,12,68,2,151,220,5,962
22,"San Juan, PR",144,12,126,1,98,205,10,723
22,"San Luis Obispo, CA",10,6,7,0,9,17,1,84
22,"Sanford, FL",34,4,22,0,34,54,0,215
22,"Santa Ana, CA",116,23,66,0,108,191,30,834
22,"Santa Barbara, CA",27,2,12,0,19,33,6,146
22,"Santa Fe, NM",8,11,13,0,5,23,4,70
22,"Santa Maria, CA",0,0,0,0,0,0,0,2
22,"Santa Rosa, CA",4,3,3,0,6,11,0,58
22,"Sarasota/Bradenton, FL",35,4,20,1,29,51,4,287
22,"Sault Ste. Marie, MI",0,0,0,0,0,0,0,14
22,"Savannah, GA",68,8,50,0,64,113,15,416
22,"Scottsbluff, NE",1,1,1,0,0,2,0,12
22,"Scranton/Wilkes-Barre, PA",7,0,5,0,8,12,0,35
22,"Seattle, WA",372,69,576,11,339,828,36,3359
22,"Sheridan, WY",2,0,3,0,1,5,0,14
22,"Shreveport, LA",13,10,18,0,9,32,4,86
22,"Sioux City, IA",0,2,2,0,2,4,0,14
22,"Sioux Falls, SD",22,7,17,0,17,37,2,133
22,"Sitka, AK",6,0,6,0,4,9,0,35
22,"South Bend, IN",10,8,9,1,5,23,2,116
22,"Spokane, WA",50,5,30,0,39,71,4,330
22,"Springfield, IL",0,0,0,0,0,0,0,2
22,"Springfield, MO",20,17,27,0,27,50,9,190
22,"St. Cloud, MN",0,0,0,0,0,0,0,2
22,"St. George, UT",3,1,2,0,1,5,1,48
22,"St. Louis, MO",198,26,110,0,216,316,28,1289
22,"St. Petersburg, FL",22,1,13,0,25,36,1,181
22,"State College, PA",2,0,3,0,1,4,0,21
22,"Stillwater, OK",2,5,5,0,1,7,1,14
22,"Stockton, CA",1,0,1,0,1,2,0,10
22,"Sun Valley/Hailey/Ketchum, ID",0,1,0,0,1,2,0,34
22,"Syracuse, NY",41,6,21,0,37,61,7,267
22,"Tallahassee, FL",19,10,21,0,24,41,1,124
22,"Tampa, FL",232,43,135,3,241,369,30,1511
22,"Texarkana, AR",0,4,3,0,4,5,2,14
22,"Toledo, OH",0,1,0,0,0,1,0,6
22,"Traverse City, MI",8,1,3,0,6,11,1,66
22,"Trenton, NJ",1,1,0,0,2,2,0,32
22,"Tucson, AZ",56,17,45,0,47,96,15,349
22,"Tulsa, OK",69,19,46,0,68,120,20,347
22,"Twin Falls, ID",4,0,0,0,0,4,0,14
22,"Tyler, TX",3,3,2,0,1,6,2,21
22,"Valdosta, GA",2,0,1,0,2,2,0,14
22,"Valparaiso, FL",35,16,47,1,46,77,16,245
22,"Victoria, TX",2,1,4,0,2,7,0,12
22,"Waco, TX",4,4,2,0,2,9,5,21
22,"Walla Walla, WA",0,0,0,0,0,0,0,14
22,"Washington, DC",507,92,503,6,489,909,70,3736
22,"West Palm Beach/Palm Beach, FL",76,10,39,0,64,109,11,501
22,"West Yellowstone, MT",2,0,0,0,0,2,0,14
22,"White Plains, NY",24,5,30,0,30,53,1,218
22,"Wichita Falls, TX",0,3,2,0,1,4,2,14
22,"Wichita, KS",33,16,34,0,35,69,12,203
22,"Williston, ND",3,2,4,0,2,9,0,40
22,"Wilmington, NC",17,10,16,1,20,38,4,161
22,"Worcester, MA",3,1,2,0,1,5,0,27
22,"Wrangell, AK",0,0,1,0,1,2,0,14
22,"Yakutat, AK",0,0,3,0,2,2,0,14
22,"Yuma, AZ",5,2,5,0,3,9,0,32
23,"Aberdeen, SD",2,4,5,0,0,5,1,14
23,"Abilene, TX",7,0,9,0,10,15,0,34
23,"Adak Island, AK",0,0,0,0,0,0,0,2
23,"Aguadilla, PR",15,1,9,0,10,22,1,57
23,"Akron, OH",12,3,16,1,10,24,1,75
23,"Albany, GA",2,1,0,0,0,3,0,14
23,"Albany, NY",36,4,19,0,35,60,0,240
23,"Albuquerque, NM",71,9,56,0,85,120,3,488
23,"Alexandria, LA",6,1,2,0,2,10,0,37
23,"Allentown/Bethlehem/Easton, PA",14,4,12,0,9,24,0,95
23,"Alpena, MI",0,0,0,0,0,0,0,12
23,"Amarillo, TX",14,4,19,0,22,33,0,102
23,"Anchorage, AK",61,3,63,4,50,106,2,466
23,"Appleton, WI",17,4,16,1,13,27,2,122
23,"Arcata/Eureka, CA",1,1,3,0,1,4,0,27
23,"Asheville, NC",38,6,32,2,40,66,5,272
23,"Ashland, WV",2,0,3,0,1,3,0,20
23,"Aspen, CO",15,1,10,0,5,23,37,157
23,"Atlanta, GA",616,67,509,7,591,1036,13,6842
23,"Atlantic City, NJ",5,2,7,0,5,11,1,58
23,"Augusta, GA",10,0,7,0,4,14,1,83
23,"Austin, TX",318,27,286,5,279,521,9,1778
23,"Bakersfield, CA",4,0,4,0,4,6,0,51
23,"Baltimore, MD",254,24,202,4,290,434,22,2050
23,"Bangor, ME",15,3,14,0,17,25,4,111
23,"Barrow, AK",0,1,1,0,0,1,0,7
23,"Baton Rouge, LA",10,6,15,0,16,27,0,101
23,"Beaumont/Port Arthur, TX",4,0,3,0,0,5,0,14
23,"Belleville, IL",7,0,3,0,6,8,0,32
23,"Bellingham, WA",7,0,2,0,6,9,0,60
23,"Bemidji, MN",6,0,2,0,0,5,0,14
23,"Bend/Redmond, OR",7,1,4,0,7,12,0,105
23,"Bethel, AK",4,0,3,0,1,3,0,14
23,"Billings, MT",17,2,15,0,18,27,0,90
23,"Binghamton, NY",3,0,0,0,2,4,0,7
23,"Birmingham, AL",63,7,48,0,64,101,1,343
23,"Bismarck/Mandan, ND",10,5,12,0,11,19,0,78
23,"Bloomington/Normal, IL",7,2,10,0,10,14,0,37
23,"Boise, ID",73,7,56,0,61,111,0,498
23,"Boston, MA",312,39,524,0,371,788,20,2965
23,"Bozeman, MT",42,4,19,0,38,55,0,225
23,"Brainerd, MN",1,0,0,0,0,1,0,12
23,"Bristol/Johnson City/Kingsport, TN",6,2,5,0,5,9,0,43
23,"Brownsville, TX",6,4,4,0,7,11,1,47
23,"Brunswick, GA",4,1,1,0,0,5,0,14
23,"Buffalo, NY",66,8,47,1,67,108,4,441
23,"Burbank, CA",96,4,76,0,107,166,3,611
23,"Burlington, VT",21,3,18,1,19,35,1,172
23,"Butte, MT",2,1,0,0,0,3,0,13
23,"Casper, WY",9,1,2,0,1,11,0,49
23,"Cedar City, UT",2,0,0,0,0,2,0,12
23,"Cedar Rapids/Iowa City, IA",35,5,31,0,26,54,2,157
23,"Champaign/Urbana, IL",6,1,8,0,9,12,0,27
23,"Charleston, SC",61,5,27,1,69,101,8,558
23,"Charleston/Dunbar, WV",9,4,4,0,3,15,2,69
23,"Charlotte Amalie, VI",18,2,23,0,6,30,0,115
23,"Charlotte, NC",526,146,560,12,662,1081,115,4357
23,"Charlottesville, VA",5,1,6,0,3,9,1,61
23,"Chattanooga, TN",19,6,15,0,15,30,0,129
23,"Cheyenne, WY",2,0,0,0,1,3,0,13
23,"Chicago, IL",905,78,784,5,854,1543,40,7438
23,"Christiansted, VI",3,2,4,0,2,7,0,25
23,"Cincinnati, OH",126,13,117,1,143,217,7,849
23,"Clarksburg/Fairmont, WV",1,1,0,0,1,2,0,7
23,"Cleveland, OH",144,12,110,0,138,229,10,875
23,"Cody, WY",4,0,1,0,0,4,0,22
23,"College Station/Bryan, TX",5,1,0,0,3,7,1,21
23,"Colorado Springs, CO",46,3,27,0,37,68,1,273
23,"Columbia, MO",6,1,8,0,12,17,0,36
23,"Columbia, SC",16,2,13,0,13,25,3,131
23,"Columbus, GA",1,1,2,0,0,3,0,20
23,"Columbus, MS",1,0,1,0,0,1,0,14
23,"Columbus, OH",116,9,80,3,117,183,7,878
23,"Concord, NC",0,3,1,0,2,3,0,14
23,"Cordova, AK",1,0,1,0,1,2,0,14
23,"Corpus Christi, TX",13,4,14,0,28,28,0,74
23,"Dallas, TX",254,9,286,2,299,453,10,1469
23,"Dallas/Fort Worth, TX",1096,213,1217,15,1275,2103,123,6434
23,"Dayton, OH",25,6,20,0,24,41,0,150
23,"Daytona Beach, FL",7,1,2,0,4,11,0,60
23,"Deadhorse, AK",2,0,2,0,1,3,0,11
23,"Decatur, IL",1,0,0,0,0,1,0,12
23,"Denver, CO",836,95,851,6,789,1539,49,6451
23,"Des Moines, IA",53,6,51,0,63,92,1,294
23,"Detroit, MI",275,76,218,2,238,511,15,2650
23,"Devils Lake, ND",0,0,1,0,1,1,0,13
23,"Dickinson, ND",1,0,1,0,0,1,0,13
23,"Dodge City, KS",0,1,1,0,0,1,0,12
23,"Dothan, AL",4,0,1,0,2,4,0,14
23,"Duluth, MN",9,1,7,0,2,13,0,44
23,"Durango, CO",10,2,8,0,8,18,0,81
23,"Eagle, CO",5,2,3,0,2,7,1,49
23,"El Paso, TX",51,3,27,1,60,82,1,355
23,"Elko, NV",1,0,1,0,0,1,0,7
23,"Elmira/Corning, NY",0,3,1,0,0,3,0,18
23,"Escanaba, MI",3,0,0,0,0,3,0,12
23,"Eugene, OR",23,1,10,0,14,29,0,133
23,"Evansville, IN",6,1,9,0,6,12,0,44
23,"Everett, WA",1,0,1,0,1,1,0,14
23,"Fairbanks, AK",13,0,11,0,12,24,0,83
23,"Fargo, ND",21,6,30,0,18,42,0,133
23,"Fayetteville, AR",50,6,47,0,39,67,0,279
23,"Fayetteville, NC",3,2,3,0,5,7,0,31
23,"Flagstaff, AZ",5,0,2,0,0,5,0,34
23,"Flint, MI",2,3,3,0,6,6,0,36
23,"Fort Dodge, IA",2,0,1,0,0,2,0,12
23,"Fort Lauderdale, FL",236,18,200,3,202,363,11,1715
23,"Fort Myers, FL",55,8,29,0,50,83,3,497
23,"Fort Smith, AR",12,1,9,0,8,16,0,25
23,"Fort Wayne, IN",11,4,6,0,6,17,0,88
23,"Fresno, CA",37,2,24,0,28,57,1,234
23,"Gainesville, FL",3,0,7,0,6,11,1,65
23,"Garden City, KS",2,0,2,0,5,6,0,14
23,"Gillette, WY",4,0,1,0,1,5,0,14
23,"Grand Forks, ND",7,2,7,0,0,11,0,23
23,"Grand Island, NE",5,0,2,0,3,6,1,18
23,"Grand Junction, CO",7,3,5,0,5,15,0,80
23,"Grand Rapids, MI",71,4,44,0,43,92,6,352
23,"Great Falls, MT",7,0,2,0,1,6,1,45
23,"Green Bay, WI",18,7,16,0,8,30,1,86
23,"Greensboro/High Point, NC",25,6,24,1,29,48,7,239
23,"Greer, SC",42,9,35,0,45,74,3,331
23,"Guam, TT",1,0,1,0,2,2,0,14
23,"Gulfport/Biloxi, MS",5,2,12,0,10,20,1,67
23,"Gunnison, CO",0,1,2,0,0,2,0,15
23,"Gustavus, AK",0,0,0,0,0,0,0,7
23,"Hagerstown, MD",4,0,3,0,4,7,0,8
23,"Hancock/Houghton, MI",1,0,1,0,1,2,0,14
23,"Harlingen/San Benito, TX",18,1,11,0,22,29,0,75
23,"Harrisburg, PA",20,2,18,0,18,33,1,114
23,"Hartford, CT",71,6,57,1,65,116,5,437
23,"Hattiesburg/Laurel, MS",1,0,1,0,0,2,0,12
23,"Hayden, CO",5,1,4,0,1,6,0,28
23,"Hays, KS",2,2,2,0,0,5,0,12
23,"Helena, MT",3,0,1,0,1,3,0,28
23,"Hibbing, MN",1,2,3,0,0,3,0,12
23,"Hilo, HI",15,0,0,0,15,16,0,128
23,"Hilton Head, SC",9,1,7,0,9,15,0,54
23,"Hobbs, NM",1,2,3,0,0,3,1,14
23,"Honolulu, HI",146,9,56,1,120,209,10,1213
23,"Houston, TX",506,40,518,1,506,903,72,3528
23,"Huntsville, AL",27,7,28,0,35,53,2,176
23,"Hyannis, MA",0,0,0,0,1,0,1,12
23,"Idaho Falls, ID",11,2,7,0,3,13,0,78
23,"Indianapolis, IN",136,8,105,0,136,214,8,973
23,"International Falls, MN",2,0,2,0,0,4,0,13
23,"Iron Mountain/Kingsfd, MI",4,0,4,0,0,4,0,14
23,"Islip, NY",7,1,5,0,10,13,1,92
23,"Ithaca/Cortland, NY",1,0,2,0,6,6,1,14
23,"Jackson, WY",19,1,14,0,11,28,1,124
23,"Jackson/Vicksburg, MS",22,4,21,0,24,34,0,139
23,"Jacksonville, FL",104,8,56,0,90,148,9,606
23,"Jacksonville/Camp Lejeune, NC",3,3,5,0,5,7,0,31
23,"Johnstown, PA",2,0,1,0,1,3,0,14
23,"Joplin, MO",3,0,2,0,0,3,0,12
23,"Juneau, AK",15,1,19,1,9,25,0,105
23,"Kahului, HI",41,3,9,0,33,60,5,522
23,"Kalamazoo, MI",2,2,0,0,0,4,0,20
23,"Kalispell, MT",15,0,17,0,10,23,0,96
23,"Kansas City, MO",170,14,137,2,188,266,2,1041
23,"Ketchikan, AK",8,0,8,0,2,10,1,52
23,"Key West, FL",16,1,10,0,14,23,0,121
23,"Killeen, TX",7,3,4,0,9,12,0,34
23,"King Salmon, AK",1,0,1,0,0,1,0,7
23,"Knoxville, TN",60,7,51,0,53,92,2,332
23,"Kodiak, AK",1,2,4,0,1,5,0,18
23,"Kona, HI",35,1,8,0,32,48,2,320
23,"Kotzebue, AK",0,0,0,0,0,0,0,7
23,"La Crosse, WI",0,0,2,0,0,2,0,5
23,"Lafayette, LA",6,2,9,0,11,16,1,60
23,"Lake Charles, LA",6,1,4,0,0,7,0,21
23,"Lansing, MI",5,2,1,0,2,8,0,26
23,"Laramie, WY",0,0,1,0,1,1,0,12
23,"Laredo, TX",7,1,9,0,9,15,0,36
23,"Las Vegas, NV",459,24,446,6,609,912,28,3702
23,"Latrobe, PA",0,0,2,0,1,2,0,14
23,"Lawton/Fort Sill, OK",2,2,2,0,0,5,0,21
23,"Lewiston, ID",5,0,2,0,0,6,0,21
23,"Lexington, KY",24,7,24,0,25,44,2,188
23,"Liberal, KS",1,0,0,0,0,1,0,12
23,"Lihue, HI",47,1,4,0,36,54,2,320
23,"Lincoln, NE",9,2,7,0,3,16,0,49
23,"Little Rock, AR",47,5,48,0,41,77,1,265
23,"Long Beach, CA",46,0,18,0,55,68,0,350
23,"Longview, TX",1,0,0,0,2,2,0,14
23,"Los Angeles, CA",531,43,314,5,411,798,21,3876
23,"Louisville, KY",84,15,72,2,66,126,2,505
23,"Lubbock, TX",26,2,19,0,30,41,1,118
23,"Madison, WI",50,6,51,1,40,78,7,248
23,"Manchester, NH",12,2,8,0,13,18,1,114
23,"Manhattan/Ft. Riley, KS",5,1,7,0,6,9,0,19
23,"Marquette, MI",1,0,2,0,2,4,0,21
23,"Martha's Vineyard, MA",5,0,2,0,1,5,1,31
23,"Mason City, IA",1,0,1,0,1,2,0,12
23,"Medford, OR",13,0,14,1,5,19,1,86
23,"Melbourne, FL",4,1,2,0,2,6,0,53
23,"Memphis, TN",84,6,59,2,79,126,5,488
23,"Meridian, MS",1,0,1,0,1,2,0,12
23,"Miami, FL",301,23,187,6,277,450,11,2015
23,"Midland/Odessa, TX",24,11,31,1,39,58,2,197
23,"Milwaukee, WI",81,7,63,0,71,127,6,562
23,"Minneapolis, MN",350,118,643,3,328,856,14,2584
23,"Minot, ND",6,4,6,0,0,10,0,44
23,"Mission/McAllen/Edinburg, TX",23,5,14,0,18,33,1,92
23,"Missoula, MT",13,1,18,0,17,26,0,112
23,"Mobile, AL",9,0,7,0,5,14,0,49
23,"Moline, IL",10,3,14,0,9,22,0,83
23,"Monroe, LA",3,1,5,0,3,6,0,37
23,"Monterey, CA",6,1,9,0,10,18,0,99
23,"Montgomery, AL",9,4,11,0,8,20,0,52
23,"Montrose/Delta, CO",4,0,2,0,4,6,1,55
23,"Mosinee, WI",3,0,7,0,5,7,0,14
23,"Myrtle Beach, SC",64,5,41,0,51,95,5,447
23,"Nantucket, MA",2,3,3,0,2,6,1,58
23,"Nashville, TN",325,28,229,4,316,493,11,2079
23,"New Orleans, LA",145,16,114,4,151,244,4,1003
23,"New York, NY",592,83,751,3,519,1223,77,5621
23,"Newark, NJ",252,31,383,3,219,566,39,2526
23,"Newburgh/Poughkeepsie, NY",0,0,1,0,0,1,0,7
23,"Niagara Falls, NY",2,0,1,0,0,2,0,6
23,"Nome, AK",0,0,2,0,2,2,0,7
23,"Norfolk, VA",64,5,45,0,59,107,10,428
23,"North Bend/Coos Bay, OR",1,0,0,0,0,1,0,9
23,"North Platte, NE",0,1,0,0,0,1,0,12
23,"Oakland, CA",126,1,68,3,150,190,4,851
23,"Oklahoma City, OK",70,17,59,0,62,119,3,474
23,"Omaha, NE",99,8,70,1,87,145,2,485
23,"Ontario, CA",101,3,40,2,92,135,6,544
23,"Orlando, FL",401,30,319,2,395,652,28,3099
23,"Pago Pago, TT",0,0,0,0,0,0,0,3
23,"Palm Springs, CA",21,6,14,0,21,37,0,165
23,"Panama City, FL",40,4,36,0,40,66,1,231
23,"Pasco/Kennewick/Richland, WA",13,1,6,0,6,17,1,93
23,"Pellston, MI",0,2,1,0,0,2,0,26
23,"Pensacola, FL",48,9,43,0,44,84,2,319
23,"Peoria, IL",9,2,7,0,10,18,1,73
23,"Petersburg, AK",1,0,1,0,1,2,0,14
23,"Philadelphia, PA",268,46,256,1,292,507,31,2171
23,"Phoenix, AZ",534,38,319,9,572,827,16,3731
23,"Pittsburgh, PA",137,10,100,5,154,230,7,914
23,"Plattsburgh, NY",0,0,1,0,0,0,1,6
23,"Pocatello, ID",3,0,2,0,0,3,0,14
23,"Ponce, PR",5,0,2,0,3,5,0,18
23,"Portland, ME",27,4,23,0,29,54,12,283
23,"Portland, OR",216,14,212,4,185,344,6,1252
23,"Portsmouth, NH",0,0,0,0,1,1,1,6
23,"Prescott, AZ",2,3,3,0,1,6,0,14
23,"Providence, RI",46,4,31,0,39,72,2,299
23,"Provo, UT",2,1,2,0,3,3,1,37
23,"Punta Gorda, FL",9,2,5,0,8,14,0,109
23,"Raleigh/Durham, NC",204,22,153,3,197,322,19,1292
23,"Rapid City, SD",24,3,22,0,16,34,0,121
23,"Redding, CA",3,0,6,0,3,7,0,27
23,"Reno, NV",65,4,35,0,65,99,1,418
23,"Rhinelander, WI",5,6,6,0,0,11,0,19
23,"Richmond, VA",61,12,49,2,53,105,5,398
23,"Riverton/Lander, WY",2,0,1,0,1,3,0,14
23,"Roanoke, VA",4,1,11,0,4,12,0,55
23,"Rochester, MN",5,3,6,0,0,10,1,24
23,"Rochester, NY",36,5,22,0,32,57,5,239
23,"Rock Springs, WY",2,0,0,0,0,2,0,14
23,"Rockford, IL",0,0,0,0,1,0,0,16
23,"Roswell, NM",7,1,4,0,1,8,0,21
23,"Sacramento, CA",162,9,104,0,174,256,5,1103
23,"Saginaw/Bay City/Midland, MI",4,1,2,0,0,5,1,44
23,"Saipan, TT",1,0,0,0,0,1,0,7
23,"Salina, KS",1,2,1,0,1,4,0,12
23,"Salt Lake City, UT",239,26,142,1,190,367,7,2231
23,"San Angelo, TX",4,2,5,0,5,7,0,21
23,"San Antonio, TX",154,17,113,1,169,256,6,826
23,"San Diego, CA",255,20,353,4,297,567,12,1891
23,"San Francisco, CA",295,24,632,2,298,857,22,2417
23,"San Jose, CA",120,6,85,0,151,230,3,1019
23,"San Juan, PR",125,13,115,1,107,195,6,777
23,"San Luis Obispo, CA",10,0,4,0,6,13,0,84
23,"Sanford, FL",24,7,21,0,42,57,4,220
23,"Santa Ana, CA",115,6,44,0,110,168,10,830
23,"Santa Barbara, CA",19,0,8,0,14,25,0,153
23,"Santa Fe, NM",10,1,6,0,4,18,0,70
23,"Santa Maria, CA",0,1,1,0,1,1,0,2
23,"Santa Rosa, CA",4,1,10,0,6,12,0,58
23,"Sarasota/Bradenton, FL",31,4,24,0,30,47,1,269
23,"Sault Ste. Marie, MI",1,3,3,0,0,4,0,14
23,"Savannah, GA",65,7,32,0,51,84,2,397
23,"Scottsbluff, NE",0,2,1,0,0,2,0,12
23,"Scranton/Wilkes-Barre, PA",8,3,5,0,11,15,1,34
23,"Seattle, WA",453,53,692,7,395,956,19,3464
23,"Sheridan, WY",2,1,0,0,0,2,0,14
23,"Shreveport, LA",14,7,21,1,15,30,0,93
23,"Sioux City, IA",4,1,3,0,0,5,0,14
23,"Sioux Falls, SD",28,8,17,0,21,45,0,134
23,"Sitka, AK",4,1,5,0,5,10,0,38
23,"South Bend, IN",16,6,13,0,3,25,1,117
23,"Spokane, WA",73,9,66,0,46,106,0,350
23,"Springfield, IL",0,0,0,0,0,0,0,2
23,"Springfield, MO",30,9,43,0,27,63,2,204
23,"St. Cloud, MN",0,0,0,0,0,0,0,2
23,"St. George, UT",5,1,3,0,1,7,0,48
23,"St. Louis, MO",199,11,137,1,217,304,7,1365
23,"St. Petersburg, FL",28,0,29,0,29,44,0,188
23,"State College, PA",3,1,0,0,2,6,0,21
23,"Stillwater, OK",3,0,3,0,0,4,0,14
23,"Stockton, CA",1,0,2,0,2,2,0,10
23,"Sun Valley/Hailey/Ketchum, ID",2,1,1,0,0,3,0,34
23,"Syracuse, NY",38,6,38,2,37,67,6,280
23,"Tallahassee, FL",9,2,10,0,15,26,1,124
23,"Tampa, FL",219,17,139,3,223,342,10,1472
23,"Texarkana, AR",4,0,2,0,5,7,0,14
23,"Toledo, OH",1,0,1,0,0,1,0,6
23,"Traverse City, MI",9,0,11,0,7,18,2,107
23,"Trenton, NJ",0,0,3,0,1,4,2,31
23,"Tucson, AZ",47,3,34,0,42,69,1,325
23,"Tulsa, OK",65,8,39,0,58,103,3,366
23,"Twin Falls, ID",1,0,0,0,0,1,0,14
23,"Tyler, TX",2,2,5,0,1,6,0,21
23,"Valdosta, GA",0,0,0,0,0,0,0,14
23,"Valparaiso, FL",27,3,28,0,39,56,0,259
23,"Victoria, TX",3,0,0,0,2,5,1,12
23,"Waco, TX",6,1,8,0,5,11,0,21
23,"Walla Walla, WA",1,0,1,0,0,1,1,14
23,"Washington, DC",414,54,414,3,413,754,35,3730
23,"West Palm Beach/Palm Beach, FL",58,0,26,1,49,79,6,476
23,"West Yellowstone, MT",2,0,1,0,0,2,1,14
23,"White Plains, NY",23,3,12,1,19,39,4,231
23,"Wichita Falls, TX",2,1,1,0,1,4,0,14
23,"Wichita, KS",52,6,44,0,42,76,2,217
23,"Williston, ND",7,2,6,0,3,12,0,40
23,"Wilmington, NC",19,7,18,0,21,38,1,166
23,"Worcester, MA",2,0,0,0,1,2,0,27
23,"Wrangell, AK",0,0,0,0,3,3,0,14
23,"Yakutat, AK",0,0,1,0,4,3,0,14
23,"Yuma, AZ",2,0,0,0,1,2,0,28
24,"Aberdeen, SD",6,1,5,0,0,7,0,14
24,"Abilene, TX",1,2,6,0,6,7,0,34
24,"Adak Island, AK",0,0,0,0,0,0,0,2
24,"Aguadilla, PR",10,2,13,1,7,17,2,48
24,"Akron, OH",5,3,10,0,12,18,0,76
24,"Albany, GA",1,0,0,0,0,0,0,14
24,"Albany, NY",53,1,26,0,36,68,3,245
24,"Albuquerque, NM",95,4,41,0,71,121,3,489
24,"Alexandria, LA",0,0,0,0,0,0,0,41
24,"Allentown/Bethlehem/Easton, PA",11,1,2,0,5,14,1,98
24,"Alpena, MI",4,0,0,0,0,3,0,12
24,"Amarillo, TX",24,4,13,0,20,32,2,105
24,"Anchorage, AK",56,1,51,3,45,89,3,497
24,"Appleton, WI",17,5,11,0,7,30,1,122
24,"Arcata/Eureka, CA",2,0,1,0,3,5,0,27
24,"Asheville, NC",24,4,40,0,30,64,7,274
24,"Ashland, WV",0,1,4,0,3,4,0,20
24,"Aspen, CO",22,1,9,0,9,31,1,169
24,"Atlanta, GA",607,68,377,4,579,997,61,6933
24,"Atlantic City, NJ",5,1,10,1,5,14,3,56
24,"Augusta, GA",6,0,3,0,2,10,0,89
24,"Austin, TX",273,24,233,2,272,483,18,1776
24,"Bakersfield, CA",9,0,2,0,10,14,0,53
24,"Baltimore, MD",256,20,205,3,287,426,32,2072
24,"Bangor, ME",13,1,7,0,12,19,4,124
24,"Barrow, AK",1,0,2,0,1,2,0,7
24,"Baton Rouge, LA",8,4,8,1,5,21,0,100
24,"Beaumont/Port Arthur, TX",0,0,0,0,0,0,0,14
24,"Belleville, IL",4,2,2,0,2,7,0,34
24,"Bellingham, WA",8,0,8,0,9,13,0,62
24,"Bemidji, MN",7,0,2,0,0,7,0,14
24,"Bend/Redmond, OR",18,1,13,0,13,28,0,109
24,"Bethel, AK",2,0,0,0,0,2,0,14
24,"Billings, MT",8,3,7,0,8,17,1,92
24,"Binghamton, NY",0,0,0,0,0,0,0,7
24,"Birmingham, AL",52,5,36,0,53,87,4,342
24,"Bismarck/Mandan, ND",10,4,5,0,4,15,1,80
24,"Bloomington/Normal, IL",2,2,3,0,7,8,0,37
24,"Boise, ID",82,3,45,1,78,127,1,486
24,"Boston, MA",343,42,315,3,369,656,41,2967
24,"Bozeman, MT",26,2,13,0,28,47,0,248
24,"Brainerd, MN",3,1,4,0,0,4,0,12
24,"Bristol/Johnson City/Kingsport, TN",4,2,0,0,4,8,0,45
24,"Brownsville, TX",7,3,7,0,2,12,0,46
24,"Brunswick, GA",1,0,0,0,1,2,0,14
24,"Buffalo, NY",82,4,45,0,72,109,9,448
24,"Burbank, CA",87,0,74,0,94,144,2,636
24,"Burlington, VT",17,1,17,0,15,29,4,180
24,"Butte, MT",3,0,2,0,0,3,0,13
24,"Casper, WY",6,2,1,0,0,8,0,49
24,"Cedar City, UT",3,0,0,0,0,3,0,12
24,"Cedar Rapids/Iowa City, IA",34,4,14,0,27,48,0,162
24,"Champaign/Urbana, IL",5,2,4,0,5,11,0,27
24,"Charleston, SC",58,4,32,1,67,97,14,564
24,"Charleston/Dunbar, WV",10,1,2,0,5,15,0,69
24,"Charlotte Amalie, VI",14,3,21,0,10,26,1,114
24,"Charlotte, NC",495,66,299,4,607,856,52,4380
24,"Charlottesville, VA",4,0,3,0,2,5,2,59
24,"Chattanooga, TN",14,1,11,0,13,23,0,127
24,"Cheyenne, WY",0,0,0,0,1,1,0,13
24,"Chicago, IL",915,108,791,11,887,1631,105,7490
24,"Christiansted, VI",1,6,4,0,7,9,2,24
24,"Cincinnati, OH",99,14,72,0,119,180,15,853
24,"Clarksburg/Fairmont, WV",0,0,0,0,0,0,0,7
24,"Cleveland, OH",151,8,94,2,153,233,15,883
24,"Cody, WY",4,0,4,0,3,8,0,22
24,"College Station/Bryan, TX",3,2,3,1,4,6,0,21
24,"Colorado Springs, CO",40,6,28,0,35,69,0,279
24,"Columbia, MO",11,2,13,0,14,20,1,40
24,"Columbia, SC",16,0,3,0,10,23,0,128
24,"Columbus, GA",4,0,0,0,1,4,0,20
24,"Columbus, MS",0,0,0,0,0,0,0,14
24,"Columbus, OH",116,11,78,0,100,172,15,892
24,"Concord, NC",3,0,3,0,5,7,1,14
24,"Cordova, AK",1,0,0,0,1,1,0,14
24,"Corpus Christi, TX",10,3,14,0,13,20,2,74
24,"Dallas, TX",190,6,78,5,197,268,6,1481
24,"Dallas/Fort Worth, TX",898,326,679,12,1141,1737,91,6534
24,"Dayton, OH",10,2,11,0,12,19,0,146
24,"Daytona Beach, FL",4,0,2,0,2,6,0,56
24,"Deadhorse, AK",1,0,1,0,0,0,0,11
24,"Decatur, IL",1,0,0,0,2,3,0,12
24,"Denver, CO",770,58,681,4,761,1341,58,6467
24,"Des Moines, IA",49,3,30,1,47,76,2,300
24,"Detroit, MI",333,38,181,3,212,506,18,2700
24,"Devils Lake, ND",0,0,0,0,1,1,4,13
24,"Dickinson, ND",1,0,0,0,0,1,0,13
24,"Dillingham, AK",1,1,0,0,0,2,0,4
24,"Dodge City, KS",1,0,0,0,0,1,0,12
24,"Dothan, AL",1,0,3,0,0,3,0,14
24,"Duluth, MN",8,2,4,0,2,12,0,42
24,"Durango, CO",13,0,7,3,6,20,0,85
24,"Eagle, CO",10,0,3,0,9,14,0,53
24,"El Paso, TX",44,0,25,0,58,80,1,357
24,"Elko, NV",0,0,0,0,0,0,0,7
24,"Elmira/Corning, NY",6,0,0,0,0,6,0,18
24,"Escanaba, MI",5,0,1,0,0,5,0,12
24,"Eugene, OR",19,1,12,0,19,30,0,141
24,"Evansville, IN",5,2,4,0,8,11,0,48
24,"Everett, WA",0,0,0,0,0,0,0,13
24,"Fairbanks, AK",16,0,8,0,12,22,0,89
24,"Fargo, ND",20,6,11,0,10,31,0,135
24,"Fayetteville, AR",32,8,30,0,32,62,1,268
24,"Fayetteville, NC",2,2,2,0,1,5,0,39
24,"Flagstaff, AZ",2,1,3,0,2,5,0,34
24,"Flint, MI",6,3,4,0,3,9,0,36
24,"Fort Dodge, IA",0,0,0,0,2,2,0,12
24,"Fort Lauderdale, FL",238,17,328,5,208,480,247,1681
24,"Fort Myers, FL",69,0,70,0,62,126,27,476
24,"Fort Smith, AR",7,2,5,0,12,13,0,26
24,"Fort Wayne, IN",18,3,12,0,6,25,2,95
24,"Fresno, CA",38,4,24,0,24,50,0,231
24,"Gainesville, FL",4,1,7,2,2,10,2,69
24,"Garden City, KS",3,0,1,0,3,4,0,14
24,"Gillette, WY",1,0,1,0,0,1,0,14
24,"Grand Forks, ND",5,1,1,0,0,6,0,23
24,"Grand Island, NE",2,0,0,0,1,3,0,18
24,"Grand Junction, CO",5,0,4,0,2,7,0,81
24,"Grand Rapids, MI",71,2,35,1,50,93,4,361
24,"Great Falls, MT",7,1,3,0,1,8,0,45
24,"Green Bay, WI",19,4,9,0,7,29,1,90
24,"Greensboro/High Point, NC",28,1,8,0,23,42,4,244
24,"Greer, SC",23,5,19,0,22,45,5,333
24,"Guam, TT",3,0,2,0,3,3,0,14
24,"Gulfport/Biloxi, MS",8,0,4,1,3,10,0,71
24,"Gunnison, CO",2,0,0,0,0,2,0,15
24,"Gustavus, AK",0,0,0,0,0,0,0,7
24,"Hagerstown, MD",1,0,2,0,1,2,0,8
24,"Hancock/Houghton, MI",0,1,0,0,1,2,0,14
24,"Harlingen/San Benito, TX",9,2,7,0,14,18,0,75
24,"Harrisburg, PA",20,2,12,0,20,32,2,121
24,"Hartford, CT",56,5,43,1,61,99,6,445
24,"Hattiesburg/Laurel, MS",1,0,0,0,1,2,0,12
24,"Hayden, CO",2,0,1,0,2,4,0,28
24,"Hays, KS",1,0,1,0,1,2,0,12
24,"Helena, MT",1,1,1,0,1,3,0,28
24,"Hibbing, MN",5,1,5,0,0,6,0,12
24,"Hilo, HI",8,0,0,0,7,8,0,128
24,"Hilton Head, SC",8,0,4,0,6,8,0,54
24,"Hobbs, NM",5,1,4,0,2,7,0,14
24,"Honolulu, HI",112,0,50,2,71,158,4,1217
24,"Houston, TX",441,33,381,5,388,743,46,3542
24,"Huntsville, AL",24,3,10,0,21,38,0,173
24,"Hyannis, MA",1,0,0,0,1,1,0,14
24,"Idaho Falls, ID",4,1,2,0,2,8,0,76
24,"Indianapolis, IN",154,13,80,0,154,233,11,984
24,"International Falls, MN",3,2,2,0,0,5,0,13
24,"Iron Mountain/Kingsfd, MI",2,2,2,0,0,4,0,14
24,"Islip, NY",14,2,10,0,18,25,3,93
24,"Ithaca/Cortland, NY",0,0,0,0,0,0,1,14
24,"Jackson, WY",22,0,12,0,11,26,3,138
24,"Jackson/Vicksburg, MS",26,4,15,0,18,35,0,135
24,"Jacksonville, FL",115,7,44,3,89,162,16,601
24,"Jacksonville/Camp Lejeune, NC",5,0,1,0,1,5,0,37
24,"Jamestown, ND",0,0,1,0,2,2,5,13
24,"Johnstown, PA",4,0,3,0,0,4,0,14
24,"Joplin, MO",1,0,0,0,1,1,0,12
24,"Juneau, AK",10,0,11,1,11,19,1,114
24,"Kahului, HI",25,1,13,0,14,37,2,531
24,"Kalamazoo, MI",6,1,3,0,0,7,1,20
24,"Kalispell, MT",17,1,10,0,8,24,0,113
24,"Kansas City, MO",189,12,88,0,156,251,7,1056
24,"Ketchikan, AK",4,0,2,0,2,6,0,60
24,"Key West, FL",14,2,26,0,10,28,17,116
24,"Killeen, TX",4,2,4,0,4,7,1,34
24,"King Salmon, AK",1,0,0,0,0,0,0,9
24,"Knoxville, TN",36,6,26,0,30,57,5,345
24,"Kodiak, AK",0,0,0,0,1,1,0,17
24,"Kona, HI",22,0,7,0,18,34,1,326
24,"Kotzebue, AK",2,1,0,0,0,3,0,7
24,"La Crosse, WI",0,0,0,0,0,0,0,1
24,"Lafayette, LA",3,1,8,0,4,10,0,62
24,"Lake Charles, LA",1,1,2,0,1,3,0,21
24,"Lansing, MI",12,1,2,0,0,13,0,26
24,"Laramie, WY",2,0,1,0,0,1,0,12
24,"Laredo, TX",4,1,8,0,4,10,2,39
24,"Las Vegas, NV",502,29,351,12,546,809,33,3683
24,"Latrobe, PA",0,0,0,0,0,0,0,14
24,"Lawton/Fort Sill, OK",1,1,1,1,0,3,0,21
24,"Lewiston, ID",3,0,0,0,0,2,0,21
24,"Lexington, KY",21,2,19,0,22,37,2,191
24,"Liberal, KS",1,0,1,0,0,1,0,12
24,"Lihue, HI",30,0,7,1,20,37,0,323
24,"Lincoln, NE",5,0,6,0,5,11,1,49
24,"Little Rock, AR",29,5,20,0,29,48,1,269
24,"Long Beach, CA",41,1,15,3,48,62,1,350
24,"Longview, TX",2,0,0,0,0,2,0,14
24,"Los Angeles, CA",567,46,408,6,449,840,31,3909
24,"Louisville, KY",69,10,39,0,54,101,6,504
24,"Lubbock, TX",16,0,12,0,16,27,0,119
24,"Madison, WI",43,6,36,0,36,61,2,253
24,"Manchester, NH",16,1,9,0,8,18,0,119
24,"Manhattan/Ft. Riley, KS",2,0,2,0,1,3,1,21
24,"Marquette, MI",3,0,2,0,2,5,0,21
24,"Martha's Vineyard, MA",6,0,4,0,5,7,0,44
24,"Mason City, IA",0,0,0,0,2,2,0,12
24,"Medford, OR",10,3,16,0,6,22,0,86
24,"Melbourne, FL",2,0,0,0,0,2,0,53
24,"Memphis, TN",65,4,36,0,61,99,7,491
24,"Meridian, MS",2,1,1,0,0,3,1,12
24,"Miami, FL",308,47,354,3,295,587,340,1983
24,"Midland/Odessa, TX",31,8,23,0,20,52,0,196
24,"Milwaukee, WI",84,6,46,0,64,120,1,574
24,"Minneapolis, MN",366,75,439,2,266,717,4,2673
24,"Minot, ND",7,4,7,0,1,12,0,46
24,"Mission/McAllen/Edinburg, TX",27,5,14,0,22,36,0,95
24,"Missoula, MT",17,0,9,0,14,21,1,121
24,"Mobile, AL",2,2,3,0,3,7,0,49
24,"Moline, IL",17,5,13,0,10,28,0,85
24,"Monroe, LA",2,1,1,0,3,5,0,41
24,"Monterey, CA",10,1,11,0,15,20,0,100
24,"Montgomery, AL",2,3,3,0,5,7,0,54
24,"Montrose/Delta, CO",5,2,1,0,5,10,1,57
24,"Mosinee, WI",2,1,4,0,2,5,0,14
24,"Myrtle Beach, SC",52,5,44,3,49,83,9,459
24,"Nantucket, MA",8,0,4,0,2,11,0,70
24,"Nashville, TN",287,20,174,3,291,450,29,2092
24,"New Orleans, LA",158,8,97,3,147,226,25,984
24,"New York, NY",629,84,657,2,540,1185,149,5664
24,"Newark, NJ",264,34,313,1,228,528,86,2523
24,"Newburgh/Poughkeepsie, NY",1,0,0,0,1,1,0,6
24,"Niagara Falls, NY",0,0,0,0,0,0,1,6
24,"Nome, AK",0,0,0,0,0,0,0,7
24,"Norfolk, VA",64,6,40,1,49,97,7,441
24,"North Bend/Coos Bay, OR",0,0,0,0,0,0,0,9
24,"North Platte, NE",1,0,1,0,0,1,0,12
24,"Oakland, CA",116,0,53,0,129,167,4,855
24,"Oklahoma City, OK",69,5,21,0,57,96,4,482
24,"Omaha, NE",102,5,48,0,63,131,1,486
24,"Ontario, CA",89,4,37,1,83,122,6,542
24,"Orlando, FL",474,40,428,7,467,810,59,3077
24,"Pago Pago, TT",0,0,0,0,0,0,0,3
24,"Palm Springs, CA",21,1,8,0,15,27,0,147
24,"Panama City, FL",41,2,21,0,28,51,0,240
24,"Pasco/Kennewick/Richland, WA",11,2,12,0,2,17,0,96
24,"Pellston, MI",8,0,1,0,0,8,0,26
24,"Pensacola, FL",50,5,44,1,42,86,11,327
24,"Peoria, IL",9,1,9,0,6,14,1,74
24,"Petersburg, AK",2,0,1,0,0,2,0,14
24,"Philadelphia, PA",287,30,257,4,304,513,36,2229
24,"Phoenix, AZ",502,25,265,10,540,772,19,3681
24,"Pittsburgh, PA",131,11,94,4,137,216,14,925
24,"Plattsburgh, NY",1,0,0,0,0,1,1,8
24,"Pocatello, ID",4,0,2,0,0,4,0,14
24,"Ponce, PR",3,1,3,0,2,5,1,19
24,"Portland, ME",31,2,22,0,28,52,3,311
24,"Portland, OR",200,9,155,3,161,302,5,1241
24,"Portsmouth, NH",0,1,0,0,1,1,0,6
24,"Prescott, AZ",0,0,1,0,1,1,0,14
24,"Providence, RI",47,1,14,0,44,64,3,303
24,"Provo, UT",7,1,6,0,10,11,0,37
24,"Punta Gorda, FL",12,1,16,1,20,30,1,111
24,"Raleigh/Durham, NC",188,18,120,3,181,297,29,1300
24,"Rapid City, SD",16,4,12,0,14,24,2,128
24,"Redding, CA",2,0,2,0,6,6,0,28
24,"Reno, NV",76,2,43,1,66,101,2,427
24,"Rhinelander, WI",9,0,3,0,0,9,0,19
24,"Richmond, VA",68,4,28,1,51,92,8,380
24,"Riverton/Lander, WY",0,0,0,0,0,0,0,14
24,"Roanoke, VA",4,0,4,0,3,8,0,53
24,"Rochester, MN",4,1,1,0,2,6,0,22
24,"Rochester, NY",30,2,16,0,25,38,3,238
24,"Rock Springs, WY",0,0,0,0,1,1,0,14
24,"Rockford, IL",1,1,0,0,1,2,0,18
24,"Roswell, NM",5,0,6,0,2,6,0,21
24,"Sacramento, CA",184,9,131,2,197,275,8,1120
24,"Saginaw/Bay City/Midland, MI",13,0,2,0,1,14,1,46
24,"Saipan, TT",1,0,0,0,0,1,0,7
24,"Salina, KS",2,0,0,0,1,3,0,12
24,"Salt Lake City, UT",233,14,113,1,196,348,10,2259
24,"San Angelo, TX",1,1,1,0,2,3,1,21
24,"San Antonio, TX",133,12,85,5,141,214,4,838
24,"San Diego, CA",297,16,379,2,317,587,11,1944
24,"San Francisco, CA",321,17,475,2,262,675,18,2397
24,"San Jose, CA",155,3,113,0,168,245,2,1035
24,"San Juan, PR",162,19,136,5,131,252,34,796
24,"San Luis Obispo, CA",17,0,9,0,10,23,0,97
24,"Sanford, FL",42,1,31,0,49,67,1,220
24,"Santa Ana, CA",123,2,63,0,108,169,6,834
24,"Santa Barbara, CA",18,0,8,0,13,23,2,159
24,"Santa Fe, NM",3,2,3,0,2,6,0,70
24,"Santa Maria, CA",0,0,0,0,0,0,0,2
24,"Santa Rosa, CA",14,0,19,0,8,27,0,69
24,"Sarasota/Bradenton, FL",46,2,26,0,35,64,1,263
24,"Sault Ste. Marie, MI",2,1,1,0,0,3,0,14
24,"Savannah, GA",39,3,23,0,34,56,4,392
24,"Scottsbluff, NE",2,0,1,0,0,2,0,12
24,"Scranton/Wilkes-Barre, PA",6,1,6,0,10,11,0,34
24,"Seattle, WA",384,52,565,6,370,820,19,3564
24,"Sheridan, WY",2,0,1,0,1,2,0,14
24,"Shreveport, LA",14,1,14,0,15,26,1,95
24,"Sioux City, IA",1,0,0,0,1,2,1,14
24,"Sioux Falls, SD",24,6,10,0,15,37,0,134
24,"Sitka, AK",2,2,1,0,3,7,1,42
24,"South Bend, IN",16,4,12,0,6,25,2,118
24,"Spokane, WA",54,2,34,1,43,86,1,357
24,"Springfield, IL",2,0,1,0,1,2,0,2
24,"Springfield, MO",24,7,24,0,25,47,2,211
24,"St. Cloud, MN",0,0,0,0,0,0,0,2
24,"St. George, UT",7,1,8,0,2,8,0,48
24,"St. Louis, MO",205,9,111,1,195,293,6,1377
24,"St. Petersburg, FL",31,6,23,2,34,59,3,192
24,"State College, PA",4,0,3,0,2,5,1,21
24,"Stillwater, OK",1,0,0,0,0,1,0,14
24,"Stockton, CA",1,0,2,0,2,2,0,10
24,"Sun Valley/Hailey/Ketchum, ID",2,0,2,0,2,5,0,34
24,"Syracuse, NY",42,1,26,0,37,59,4,286
24,"Tallahassee, FL",16,3,18,0,16,29,5,124
24,"Tampa, FL",268,13,181,2,239,400,26,1450
24,"Texarkana, AR",3,1,2,1,6,9,0,14
24,"Toledo, OH",0,0,0,0,0,0,0,6
24,"Traverse City, MI",12,4,12,1,9,24,0,127
24,"Trenton, NJ",5,1,5,0,5,9,3,32
24,"Tucson, AZ",49,3,35,0,49,75,2,317
24,"Tulsa, OK",58,2,25,0,60,81,0,371
24,"Twin Falls, ID",1,0,0,0,0,1,0,14
24,"Tyler, TX",1,0,1,0,1,2,0,21
24,"Valdosta, GA",1,0,0,0,0,1,0,14
24,"Valparaiso, FL",21,1,11,0,32,46,1,265
24,"Victoria, TX",1,0,0,0,3,4,0,12
24,"Waco, TX",7,1,6,1,4,11,0,21
24,"Walla Walla, WA",0,0,0,0,1,1,0,14
24,"Washington, DC",330,47,273,0,332,580,53,3745
24,"West Palm Beach/Palm Beach, FL",75,13,79,1,77,152,33,466
24,"West Yellowstone, MT",0,0,0,0,0,0,1,14
24,"White Plains, NY",38,7,25,1,21,57,5,231
24,"Wichita Falls, TX",2,0,0,0,0,2,0,14
24,"Wichita, KS",45,7,31,0,39,75,1,222
24,"Williston, ND",10,1,4,0,0,11,0,40
24,"Wilmington, NC",18,3,13,0,15,31,2,173
24,"Worcester, MA",3,0,1,0,3,4,2,27
24,"Wrangell, AK",0,0,0,0,2,2,0,14
24,"Yakutat, AK",0,0,0,0,1,1,0,14
24,"Yuma, AZ",2,0,1,0,5,5,0,27
25,"Aberdeen, SD",6,3,6,0,0,9,0,14
25,"Abilene, TX",9,0,4,0,4,10,0,34
25,"Adak Island, AK",0,0,0,0,0,0,1,2
25,"Aguadilla, PR",10,1,3,1,2,12,2,44
25,"Akron, OH",11,1,9,0,14,25,0,77
25,"Albany, GA",5,0,4,0,0,4,1,14
25,"Albany, NY",42,0,21,1,36,57,5,249
25,"Albuquerque, NM",85,3,41,0,81,120,1,489
25,"Alexandria, LA",4,0,0,0,0,4,0,41
25,"Allentown/Bethlehem/Easton, PA",8,1,10,0,10,21,1,100
25,"Alpena, MI",4,0,1,0,0,4,2,12
25,"Amarillo, TX",14,1,7,0,15,20,2,105
25,"Anchorage, AK",72,1,72,2,65,120,7,518
25,"Appleton, WI",19,6,15,0,6,32,2,122
25,"Arcata/Eureka, CA",2,1,3,0,4,8,0,27
25,"Asheville, NC",31,2,30,1,31,60,2,283
25,"Ashland, WV",5,1,4,0,3,6,0,21
25,"Aspen, CO",23,8,19,0,16,50,5,169
25,"Atlanta, GA",594,51,335,8,513,932,26,6950
25,"Atlantic City, NJ",8,0,13,1,4,13,0,56
25,"Augusta, GA",6,0,5,0,5,8,0,89
25,"Austin, TX",246,16,175,2,227,394,7,1777
25,"Bakersfield, CA",11,0,9,0,9,18,0,53
25,"Baltimore, MD",260,15,179,0,293,405,9,2070
25,"Bangor, ME",13,4,13,1,15,30,3,124
25,"Barrow, AK",3,0,1,0,1,3,1,7
25,"Baton Rouge, LA",9,0,8,0,8,14,0,100
25,"Beaumont/Port Arthur, TX",1,0,0,0,0,1,0,14
25,"Belleville, IL",5,1,2,0,6,8,0,34
25,"Bellingham, WA",4,1,4,0,8,9,0,63
25,"Bemidji, MN",3,0,1,0,0,3,1,14
25,"Bend/Redmond, OR",17,1,13,0,17,31,0,112
25,"Bethel, AK",0,0,2,0,1,1,0,14
25,"Billings, MT",22,3,10,0,13,33,1,94
25,"Binghamton, NY",2,0,0,0,2,2,0,7
25,"Birmingham, AL",46,2,25,1,43,71,1,342
25,"Bismarck/Mandan, ND",19,1,9,0,14,27,0,80
25,"Bloomington/Normal, IL",2,0,2,0,2,4,0,37
25,"Boise, ID",75,4,53,1,62,123,1,475
25,"Boston, MA",357,43,591,2,410,875,54,2950
25,"Bozeman, MT",53,3,30,0,39,76,1,253
25,"Brainerd, MN",2,1,1,0,0,3,0,12
25,"Bristol/Johnson City/Kingsport, TN",7,1,0,0,7,9,0,45
25,"Brownsville, TX",6,0,4,0,2,7,0,46
25,"Brunswick, GA",4,1,0,0,0,5,0,14
25,"Buffalo, NY",92,4,73,0,83,133,9,455
25,"Burbank, CA",88,1,64,0,108,157,3,639
25,"Burlington, VT",24,3,21,1,25,45,3,180
25,"Butte, MT",4,0,1,0,0,4,0,13
25,"Casper, WY",9,1,2,0,4,12,1,49
25,"Cedar City, UT",3,0,1,0,0,3,0,12
25,"Cedar Rapids/Iowa City, IA",26,10,28,0,21,57,0,163
25,"Champaign/Urbana, IL",3,0,3,0,7,7,0,27
25,"Charleston, SC",67,4,35,0,52,104,10,558
25,"Charleston/Dunbar, WV",12,0,4,0,2,13,0,69
25,"Charlotte Amalie, VI",18,0,11,0,11,21,0,117
25,"Charlotte, NC",408,43,341,3,453,734,20,4379
25,"Charlottesville, VA",3,0,3,0,5,8,1,59
25,"Chattanooga, TN",13,0,4,1,6,16,0,127
25,"Cheyenne, WY",0,1,0,0,1,2,1,13
25,"Chicago, IL",931,88,742,12,909,1600,45,7487
25,"Christiansted, VI",9,0,4,0,4,9,0,24
25,"Cincinnati, OH",103,7,84,0,125,191,8,850
25,"Clarksburg/Fairmont, WV",1,0,0,0,2,2,0,7
25,"Cleveland, OH",144,14,122,1,157,257,10,875
25,"Cody, WY",3,0,3,0,3,7,1,22
25,"College Station/Bryan, TX",6,0,2,0,3,6,0,21
25,"Colorado Springs, CO",39,2,26,0,35,68,5,278
25,"Columbia, MO",9,0,6,0,12,16,1,41
25,"Columbia, SC",12,0,8,0,6,19,1,133
25,"Columbus, GA",2,0,0,0,0,2,0,20
25,"Columbus, MS",1,0,0,0,0,1,0,14
25,"Columbus, OH",113,6,62,2,102,169,9,888
25,"Concord, NC",2,1,3,0,2,4,0,14
25,"Cordova, AK",0,0,1,0,1,1,0,14
25,"Corpus Christi, TX",12,1,5,0,15,20,0,74
25,"Dallas, TX",191,3,46,1,204,250,2,1478
25,"Dallas/Fort Worth, TX",728,54,448,12,812,1215,19,6502
25,"Dayton, OH",12,1,5,0,9,18,1,145
25,"Daytona Beach, FL",2,0,2,0,1,4,0,56
25,"Deadhorse, AK",2,0,0,0,0,2,1,11
25,"Decatur, IL",3,1,1,0,1,5,0,12
25,"Denver, CO",858,85,1117,5,836,1878,81,6473
25,"Des Moines, IA",49,4,45,0,58,87,2,303
25,"Detroit, MI",367,55,277,2,261,607,17,2695
25,"Devils Lake, ND",0,0,0,0,0,0,0,13
25,"Dickinson, ND",2,0,1,0,1,4,0,13
25,"Dillingham, AK",0,0,1,0,0,1,0,7
25,"Dodge City, KS",0,0,1,0,2,2,1,12
25,"Dothan, AL",2,0,0,0,0,2,0,14
25,"Duluth, MN",4,2,7,0,5,12,0,42
25,"Durango, CO",9,0,10,2,6,16,2,85
25,"Eagle, CO",5,0,2,0,9,12,0,53
25,"El Paso, TX",53,1,22,0,52,80,2,357
25,"Elko, NV",3,0,1,0,0,3,0,7
25,"Elmira/Corning, NY",5,0,2,0,0,5,0,19
25,"Escanaba, MI",2,0,0,0,0,2,0,12
25,"Eugene, OR",23,1,16,1,17,34,0,147
25,"Evansville, IN",8,2,3,1,7,11,1,48
25,"Everett, WA",0,0,2,0,2,2,0,13
25,"Fairbanks, AK",15,0,13,0,11,25,0,90
25,"Fargo, ND",21,5,23,0,24,44,1,134
25,"Fayetteville, AR",26,3,17,0,28,49,2,273
25,"Fayetteville, NC",3,0,0,0,1,3,1,35
25,"Flagstaff, AZ",3,1,1,0,0,4,0,34
25,"Flint, MI",9,2,7,0,8,16,0,37
25,"Fort Dodge, IA",3,0,1,0,2,5,0,12
25,"Fort Lauderdale, FL",228,12,190,5,204,337,9,1682
25,"Fort Myers, FL",56,4,24,0,52,80,3,473
25,"Fort Smith, AR",5,0,3,0,5,7,0,26
25,"Fort Wayne, IN",24,7,16,0,13,38,0,95
25,"Fresno, CA",40,2,30,0,24,59,1,227
25,"Gainesville, FL",8,0,7,1,5,9,0,69
25,"Garden City, KS",5,0,0,0,4,6,0,14
25,"Gillette, WY",0,0,1,0,1,2,0,14
25,"Grand Forks, ND",7,4,5,0,0,12,0,23
25,"Grand Island, NE",5,0,2,0,0,5,0,18
25,"Grand Junction, CO",10,1,10,0,8,18,0,81
25,"Grand Rapids, MI",60,6,34,0,37,78,3,363
25,"Great Falls, MT",12,4,7,0,7,16,0,45
25,"Green Bay, WI",15,4,8,0,7,25,1,90
25,"Greensboro/High Point, NC",30,4,19,0,21,45,5,245
25,"Greer, SC",34,1,21,2,19,47,7,335
25,"Guam, TT",0,0,0,0,0,0,0,14
25,"Gulfport/Biloxi, MS",3,0,2,0,4,7,0,71
25,"Gunnison, CO",0,0,3,0,3,4,0,15
25,"Gustavus, AK",0,0,0,0,0,0,0,7
25,"Hagerstown, MD",1,1,2,0,2,4,1,9
25,"Hancock/Houghton, MI",4,1,1,0,3,8,0,14
25,"Harlingen/San Benito, TX",9,0,10,0,13,20,0,75
25,"Harrisburg, PA",19,1,12,0,7,23,0,122
25,"Hartford, CT",86,3,62,0,77,121,3,448
25,"Hattiesburg/Laurel, MS",0,0,0,0,0,0,0,12
25,"Hayden, CO",3,0,2,0,2,5,0,28
25,"Hays, KS",0,0,2,0,3,4,0,12
25,"Helena, MT",4,1,1,0,0,6,0,28
25,"Hibbing, MN",2,1,1,0,0,3,0,12
25,"Hilo, HI",12,0,2,0,10,14,0,128
25,"Hilton Head, SC",3,0,5,0,1,5,2,54
25,"Hobbs, NM",3,0,1,0,0,3,1,14
25,"Honolulu, HI",108,2,30,2,88,142,4,1222
25,"Houston, TX",471,30,444,4,433,811,21,3534
25,"Huntsville, AL",21,0,5,0,24,37,0,173
25,"Hyannis, MA",3,0,2,0,0,3,1,16
25,"Idaho Falls, ID",8,1,4,0,7,14,1,76
25,"Indianapolis, IN",146,12,114,3,127,218,12,982
25,"International Falls, MN",6,0,2,0,0,6,1,13
25,"Iron Mountain/Kingsfd, MI",5,0,3,0,0,5,0,14
25,"Islip, NY",18,1,10,0,10,22,0,93
25,"Ithaca/Cortland, NY",1,0,3,0,3,6,1,14
25,"Jackson, WY",29,1,14,0,19,36,2,141
25,"Jackson/Vicksburg, MS",18,0,3,1,14,25,0,135
25,"Jacksonville, FL",95,8,41,0,88,136,5,597
25,"Jacksonville/Camp Lejeune, NC",2,0,3,0,2,4,0,37
25,"Jamestown, ND",1,0,0,0,1,2,0,13
25,"Johnstown, PA",1,0,0,0,1,2,0,14
25,"Joplin, MO",1,0,3,0,2,3,0,12
25,"Juneau, AK",14,0,16,0,13,27,0,119
25,"Kahului, HI",37,0,8,0,19,45,2,534
25,"Kalamazoo, MI",4,0,0,0,0,4,1,20
25,"Kalispell, MT",18,0,9,0,8,26,0,115
25,"Kansas City, MO",145,3,61,0,140,207,5,1047
25,"Ketchikan, AK",4,0,8,0,7,12,0,63
25,"Key West, FL",13,0,7,0,7,19,0,117
25,"Killeen, TX",8,0,5,0,10,10,1,34
25,"King Salmon, AK",0,0,1,0,0,1,0,9
25,"Knoxville, TN",37,3,30,1,30,62,2,351
25,"Kodiak, AK",0,0,0,0,2,1,0,18
25,"Kona, HI",30,0,10,3,25,38,0,332
25,"Kotzebue, AK",1,0,0,0,0,1,0,7
25,"La Crosse, WI",0,0,0,0,0,0,0,1
25,"Lafayette, LA",8,1,2,0,2,9,0,62
25,"Lake Charles, LA",0,0,0,0,0,0,0,21
25,"Lansing, MI",8,2,3,0,1,11,0,26
25,"Laramie, WY",0,0,0,0,1,1,1,12
25,"Laredo, TX",9,0,5,0,6,10,0,39
25,"Las Vegas, NV",522,18,435,10,578,849,14,3668
25,"Latrobe, PA",1,0,0,0,0,1,0,14
25,"Lawton/Fort Sill, OK",0,0,0,0,0,0,0,21
25,"Lewiston, ID",3,0,0,0,0,3,0,21
25,"Lexington, KY",29,3,18,0,29,45,2,190
25,"Liberal, KS",1,0,0,0,1,2,1,12
25,"Lihue, HI",34,0,5,0,23,38,1,324
25,"Lincoln, NE",6,3,6,0,3,14,1,49
25,"Little Rock, AR",34,3,27,0,28,60,0,269
25,"Long Beach, CA",38,0,18,0,47,61,0,350
25,"Longview, TX",1,0,1,0,0,1,0,14
25,"Los Angeles, CA",566,46,429,3,480,889,19,3918
25,"Louisville, KY",61,11,38,0,53,96,6,509
25,"Lubbock, TX",16,0,8,1,17,24,1,119
25,"Madison, WI",42,3,44,0,37,73,4,249
25,"Manchester, NH",10,1,10,0,12,20,0,119
25,"Manhattan/Ft. Riley, KS",2,0,0,0,5,5,1,21
25,"Marquette, MI",3,0,3,0,3,5,0,21
25,"Martha's Vineyard, MA",5,0,6,0,8,12,3,68
25,"Mason City, IA",0,0,1,0,4,5,0,12
25,"Medford, OR",12,0,9,0,2,19,0,88
25,"Melbourne, FL",4,0,2,0,1,5,0,53
25,"Memphis, TN",65,4,45,1,70,106,6,492
25,"Meridian, MS",2,0,0,0,1,3,0,12
25,"Miami, FL",272,23,156,2,263,409,4,1971
25,"Midland/Odessa, TX",31,4,15,0,22,51,1,197
25,"Milwaukee, WI",98,5,60,0,74,145,5,578
25,"Minneapolis, MN",452,95,716,4,426,1051,15,2684
25,"Minot, ND",10,3,8,0,5,22,0,48
25,"Mission/McAllen/Edinburg, TX",22,3,11,0,14,34,1,98
25,"Missoula, MT",21,0,14,0,23,34,1,122
25,"Mobile, AL",3,0,3,0,4,7,0,53
25,"Moline, IL",16,1,4,0,6,22,0,85
25,"Monroe, LA",4,0,0,0,5,7,0,41
25,"Monterey, CA",18,0,16,0,10,26,2,100
25,"Montgomery, AL",5,0,3,0,3,6,0,54
25,"Montrose/Delta, CO",10,0,6,0,10,15,0,57
25,"Mosinee, WI",2,0,2,0,4,5,0,14
25,"Myrtle Beach, SC",52,8,41,0,47,85,7,464
25,"Nantucket, MA",11,4,10,0,6,18,2,92
25,"Nashville, TN",246,15,124,0,231,380,10,2093
25,"New Orleans, LA",126,7,81,1,128,197,1,966
25,"New York, NY",615,79,785,4,600,1271,170,5668
25,"Newark, NJ",234,36,404,1,240,613,105,2515
25,"Newburgh/Poughkeepsie, NY",0,0,0,0,0,0,1,10
25,"Niagara Falls, NY",2,0,1,0,1,2,0,8
25,"Nome, AK",1,0,1,0,1,2,0,7
25,"Norfolk, VA",57,8,52,1,52,104,8,438
25,"North Bend/Coos Bay, OR",1,0,1,0,0,1,0,9
25,"North Platte, NE",1,0,1,0,1,2,1,12
25,"Oakland, CA",169,1,84,2,176,238,2,851
25,"Oklahoma City, OK",59,7,34,0,59,103,6,480
25,"Omaha, NE",93,11,63,0,80,136,1,484
25,"Ontario, CA",98,1,38,0,97,133,3,543
25,"Orlando, FL",407,31,271,9,418,664,20,3059
25,"Pago Pago, TT",0,0,0,0,0,0,0,3
25,"Palm Springs, CA",27,1,20,0,20,41,0,144
25,"Panama City, FL",27,0,27,0,25,54,0,240
25,"Pasco/Kennewick/Richland, WA",19,1,14,1,5,26,0,98
25,"Pellston, MI",7,0,3,0,0,7,0,26
25,"Pensacola, FL",28,0,25,1,31,49,0,324
25,"Peoria, IL",7,0,8,0,6,15,0,74
25,"Petersburg, AK",1,0,1,0,0,1,0,14
25,"Philadelphia, PA",275,31,283,0,291,502,37,2215
25,"Phoenix, AZ",526,25,340,6,558,825,14,3680
25,"Pittsburgh, PA",149,13,123,3,142,237,15,927
25,"Plattsburgh, NY",0,0,1,0,0,1,0,8
25,"Pocatello, ID",3,0,0,0,0,2,0,14
25,"Ponce, PR",5,0,2,0,5,6,0,19
25,"Portland, ME",39,1,41,0,45,76,8,314
25,"Portland, OR",156,12,163,0,173,300,2,1230
25,"Portsmouth, NH",0,1,1,0,0,1,0,7
25,"Prescott, AZ",2,1,5,0,5,8,0,14
25,"Providence, RI",47,4,41,0,45,73,1,301
25,"Provo, UT",8,1,6,0,10,14,0,37
25,"Punta Gorda, FL",9,1,16,0,20,27,0,115
25,"Raleigh/Durham, NC",159,20,110,2,165,270,16,1297
25,"Rapid City, SD",21,5,24,0,23,39,4,129
25,"Redding, CA",1,0,3,0,4,7,0,28
25,"Reno, NV",84,1,37,0,68,108,1,428
25,"Rhinelander, WI",7,1,2,0,0,9,0,19
25,"Richmond, VA",52,5,31,2,42,74,7,378
25,"Riverton/Lander, WY",1,0,1,0,0,2,0,14
25,"Roanoke, VA",5,0,2,0,3,7,1,53
25,"Rochester, MN",3,2,2,0,2,6,0,20
25,"Rochester, NY",36,1,30,0,28,50,6,238
25,"Rock Springs, WY",1,0,0,0,1,2,0,14
25,"Rockford, IL",2,0,1,0,0,3,0,18
25,"Roswell, NM",1,1,1,0,0,2,0,21
25,"Sacramento, CA",175,7,119,2,199,277,8,1127
25,"Saginaw/Bay City/Midland, MI",11,0,2,0,2,12,0,46
25,"Saipan, TT",0,0,0,0,0,0,0,7
25,"Salina, KS",2,0,0,0,0,2,0,12
25,"Salt Lake City, UT",256,34,167,0,225,432,4,2264
25,"San Angelo, TX",1,0,0,0,1,1,1,21
25,"San Antonio, TX",133,4,80,1,119,198,1,837
25,"San Diego, CA",279,11,274,5,290,482,14,1976
25,"San Francisco, CA",339,23,510,0,303,745,14,2390
25,"San Jose, CA",154,7,93,1,166,237,3,1041
25,"San Juan, PR",157,12,102,1,128,217,2,802
25,"San Luis Obispo, CA",13,1,17,0,15,30,0,105
25,"Sanford, FL",25,4,27,0,41,53,3,227
25,"Santa Ana, CA",101,1,68,1,92,156,4,836
25,"Santa Barbara, CA",20,2,13,0,16,29,2,156
25,"Santa Fe, NM",9,1,6,0,6,16,1,70
25,"Santa Maria, CA",0,0,1,0,1,1,0,2
25,"Santa Rosa, CA",7,0,9,0,8,17,0,73
25,"Sarasota/Bradenton, FL",37,0,4,1,25,45,2,262
25,"Sault Ste. Marie, MI",3,1,3,0,0,4,0,14
25,"Savannah, GA",27,3,23,0,33,54,4,391
25,"Scottsbluff, NE",1,0,2,0,1,2,1,12
25,"Scranton/Wilkes-Barre, PA",6,0,7,0,7,13,0,34
25,"Seattle, WA",425,45,531,8,448,861,23,3614
25,"Sheridan, WY",1,0,1,0,0,2,1,14
25,"Shreveport, LA",10,0,8,0,10,16,0,95
25,"Sioux City, IA",5,0,0,0,0,5,0,14
25,"Sioux Falls, SD",14,7,23,0,18,40,1,135
25,"Sitka, AK",7,2,3,0,4,12,1,42
25,"South Bend, IN",17,2,11,0,3,24,0,119
25,"Spokane, WA",53,5,45,0,51,94,0,357
25,"Springfield, IL",0,0,0,0,0,0,0,2
25,"Springfield, MO",25,0,15,0,26,40,1,210
25,"St. Cloud, MN",0,0,0,0,0,0,0,2
25,"St. George, UT",5,2,5,0,2,10,0,48
25,"St. Louis, MO",172,8,79,2,190,260,6,1378
25,"St. Petersburg, FL",20,6,24,1,31,43,1,208
25,"State College, PA",3,1,2,0,2,6,0,21
25,"Stillwater, OK",0,0,0,0,0,0,0,14
25,"Stockton, CA",0,0,3,0,1,3,0,11
25,"Sun Valley/Hailey/Ketchum, ID",3,0,4,0,1,7,0,34
25,"Syracuse, NY",46,1,35,0,42,68,8,288
25,"Tallahassee, FL",9,1,5,0,7,16,0,124
25,"Tampa, FL",218,15,155,2,198,333,10,1443
25,"Texarkana, AR",4,0,1,0,3,6,1,14
25,"Toledo, OH",0,0,0,0,0,0,0,6
25,"Traverse City, MI",14,2,15,0,9,28,0,128
25,"Trenton, NJ",3,0,2,0,2,3,0,31
25,"Tucson, AZ",40,0,30,0,38,68,1,314
25,"Tulsa, OK",47,4,15,1,50,75,2,363
25,"Twin Falls, ID",2,0,0,0,0,2,0,14
25,"Tyler, TX",3,0,0,0,0,3,0,21
25,"Valdosta, GA",0,0,0,0,0,0,0,14
25,"Valparaiso, FL",21,1,8,0,30,37,1,266
25,"Victoria, TX",0,0,0,0,0,0,0,12
25,"Waco, TX",5,0,4,0,7,8,1,21
25,"Walla Walla, WA",2,0,1,0,3,5,0,14
25,"Washington, DC",406,40,378,4,386,729,32,3773
25,"West Palm Beach/Palm Beach, FL",59,7,18,0,43,77,4,462
25,"West Yellowstone, MT",3,0,0,0,0,3,0,14
25,"White Plains, NY",31,2,27,3,22,45,4,231
25,"Wichita Falls, TX",1,0,0,0,0,1,0,14
25,"Wichita, KS",32,6,21,0,32,54,0,215
25,"Williston, ND",6,3,10,0,3,16,0,40
25,"Wilmington, NC",21,0,11,0,17,31,3,172
25,"Worcester, MA",2,0,2,1,1,3,0,27
25,"Wrangell, AK",2,0,1,0,1,3,0,14
25,"Yakutat, AK",0,0,0,0,1,1,0,14
25,"Yuma, AZ",3,0,1,0,1,4,0,27
26,"Aberdeen, SD",2,2,2,0,0,4,0,14
26,"Abilene, TX",2,0,3,0,6,6,0,34
26,"Adak Island, AK",0,0,0,0,0,0,0,2
26,"Aguadilla, PR",22,4,18,0,20,30,1,43
26,"Akron, OH",11,3,9,0,8,21,4,77
26,"Albany, GA",5,0,3,0,0,6,0,14
26,"Albany, NY",59,10,31,0,53,89,4,245
26,"Albuquerque, NM",109,6,56,0,89,146,3,487
26,"Alexandria, LA",1,0,1,0,0,2,0,40
26,"Allentown/Bethlehem/Easton, PA",16,3,16,0,12,25,2,93
26,"Alpena, MI",2,1,2,0,0,3,0,12
26,"Amarillo, TX",21,1,9,0,25,35,0,107
26,"Anchorage, AK",73,5,97,7,68,137,7,518
26,"Appleton, WI",16,4,14,1,13,28,1,119
26,"Arcata/Eureka, CA",2,0,0,0,1,3,0,25
26,"Asheville, NC",47,7,48,0,43,79,9,282
26,"Ashland, WV",8,2,3,0,4,11,2,21
26,"Aspen, CO",22,2,14,0,12,36,4,165
26,"Atlanta, GA",804,141,693,15,864,1491,33,6785
26,"Atlantic City, NJ",13,4,28,3,16,30,0,56
26,"Augusta, GA",7,2,3,0,7,14,0,88
26,"Austin, TX",317,31,231,3,309,522,10,1763
26,"Bakersfield, CA",7,1,2,0,9,12,0,53
26,"Baltimore, MD",389,34,291,2,410,609,22,2066
26,"Bangor, ME",21,5,20,0,22,39,12,132
26,"Barrow, AK",1,0,2,0,2,2,0,7
26,"Baton Rouge, LA",14,1,4,0,11,20,0,100
26,"Beaumont/Port Arthur, TX",1,0,0,0,0,1,0,14
26,"Belleville, IL",5,1,5,0,5,7,1,35
26,"Bellingham, WA",9,0,7,0,10,18,0,64
26,"Bemidji, MN",2,0,1,0,0,2,0,14
26,"Bend/Redmond, OR",11,1,13,1,8,21,0,115
26,"Bethel, AK",1,0,1,0,3,3,0,14
26,"Billings, MT",19,5,18,0,21,33,0,96
26,"Binghamton, NY",0,0,1,0,1,1,0,7
26,"Birmingham, AL",62,9,42,0,71,109,5,337
26,"Bismarck/Mandan, ND",16,3,8,0,7,21,1,82
26,"Bloomington/Normal, IL",4,0,1,0,6,7,1,37
26,"Boise, ID",75,4,55,1,63,110,3,473
26,"Boston, MA",452,70,335,3,466,750,77,2921
26,"Bozeman, MT",46,2,31,0,43,75,0,258
26,"Brainerd, MN",0,1,1,0,0,1,0,12
26,"Bristol/Johnson City/Kingsport, TN",4,0,6,0,4,7,0,44
26,"Brownsville, TX",3,1,0,0,4,6,0,49
26,"Brunswick, GA",4,0,0,0,0,4,0,14
26,"Buffalo, NY",123,18,71,0,104,163,15,447
26,"Burbank, CA",78,2,59,0,87,128,6,641
26,"Burlington, VT",30,4,22,0,23,46,5,181
26,"Butte, MT",1,0,1,0,0,1,0,13
26,"Casper, WY",12,0,8,0,7,18,1,51
26,"Cedar City, UT",5,0,2,0,0,5,0,12
26,"Cedar Rapids/Iowa City, IA",36,7,22,0,29,58,5,164
26,"Champaign/Urbana, IL",2,1,4,0,3,6,0,27
26,"Charleston, SC",89,10,64,1,92,146,15,557
26,"Charleston/Dunbar, WV",10,3,6,0,5,17,1,67
26,"Charlotte Amalie, VI",23,6,29,0,13,38,0,117
26,"Charlotte, NC",582,136,574,7,769,1140,84,4374
26,"Charlottesville, VA",7,0,11,0,7,16,2,57
26,"Chattanooga, TN",16,4,13,0,13,30,1,128
26,"Cheyenne, WY",1,0,1,0,1,2,0,13
26,"Chicago, IL",1256,210,1330,11,1285,2407,157,7408
26,"Christiansted, VI",8,3,9,0,6,11,0,23
26,"Cincinnati, OH",126,26,121,0,172,254,25,845
26,"Clarksburg/Fairmont, WV",3,0,4,0,3,4,0,8
26,"Cleveland, OH",170,28,144,0,192,297,24,866
26,"Cody, WY",1,0,1,0,1,2,0,25
26,"College Station/Bryan, TX",3,2,3,0,2,6,0,21
26,"Colorado Springs, CO",60,3,34,1,50,85,1,269
26,"Columbia, MO",7,1,11,0,11,17,1,41
26,"Columbia, SC",23,2,10,0,21,32,6,131
26,"Columbus, GA",2,0,1,0,1,2,0,19
26,"Columbus, MS",0,0,1,0,2,3,0,14
26,"Columbus, OH",149,25,112,1,139,242,20,881
26,"Concord, NC",2,1,3,0,4,5,1,14
26,"Cordova, AK",0,0,0,0,1,1,0,14
26,"Corpus Christi, TX",11,1,6,0,13,18,1,75
26,"Dallas, TX",238,18,127,6,297,373,10,1480
26,"Dallas/Fort Worth, TX",943,152,588,17,1118,1589,40,6478
26,"Dayton, OH",23,4,13,0,21,40,7,146
26,"Daytona Beach, FL",7,1,4,0,3,9,0,56
26,"Deadhorse, AK",1,0,1,0,0,1,0,11
26,"Decatur, IL",2,1,3,0,2,5,0,12
26,"Denver, CO",860,75,604,3,893,1438,41,6448
26,"Des Moines, IA",63,9,49,0,73,111,4,308
26,"Detroit, MI",430,99,411,8,381,784,24,2658
26,"Devils Lake, ND",4,0,4,0,2,6,0,13
26,"Dickinson, ND",2,1,1,0,1,4,0,13
26,"Dillingham, AK",0,0,0,0,0,0,1,7
26,"Dodge City, KS",2,0,3,0,1,3,0,12
26,"Dothan, AL",3,0,0,0,0,3,0,14
26,"Duluth, MN",3,0,3,0,1,3,1,42
26,"Durango, CO",7,0,7,0,9,17,0,85
26,"Eagle, CO",12,0,2,0,8,13,1,55
26,"El Paso, TX",81,2,42,1,70,106,3,354
26,"Elko, NV",2,0,0,0,0,2,0,7
26,"Elmira/Corning, NY",6,2,3,0,0,8,0,20
26,"Escanaba, MI",3,0,2,0,0,3,0,12
26,"Eugene, OR",20,0,9,0,11,22,0,149
26,"Evansville, IN",8,1,5,0,5,12,1,47
26,"Everett, WA",0,1,1,0,2,2,0,13
26,"Fairbanks, AK",8,1,10,0,11,15,0,90
26,"Fargo, ND",22,5,14,0,15,36,3,130
26,"Fayetteville, AR",34,9,36,1,36,64,4,277
26,"Fayetteville, NC",1,2,0,0,3,4,0,35
26,"Flagstaff, AZ",3,1,2,0,3,7,0,34
26,"Flint, MI",7,2,7,0,5,13,0,38
26,"Fort Dodge, IA",1,0,1,0,5,6,0,12
26,"Fort Lauderdale, FL",382,36,381,12,348,613,24,1681
26,"Fort Myers, FL",103,9,69,2,93,154,3,468
26,"Fort Smith, AR",5,0,3,1,4,7,0,26
26,"Fort Wayne, IN",19,6,16,0,7,30,2,96
26,"Fresno, CA",39,3,31,0,38,63,0,227
26,"Gainesville, FL",13,2,9,0,11,21,0,68
26,"Garden City, KS",4,1,2,0,4,6,0,14
26,"Gillette, WY",4,0,3,0,1,5,0,14
26,"Grand Forks, ND",6,1,2,0,0,7,0,23
26,"Grand Island, NE",0,0,0,0,0,0,0,18
26,"Grand Junction, CO",7,1,8,0,8,13,0,81
26,"Grand Rapids, MI",72,12,56,0,69,119,8,362
26,"Great Falls, MT",8,0,6,0,4,11,0,44
26,"Green Bay, WI",20,6,9,0,8,32,3,90
26,"Greensboro/High Point, NC",44,4,35,0,45,76,11,241
26,"Greer, SC",51,6,40,0,53,88,11,327
26,"Guam, TT",2,0,2,0,1,3,0,14
26,"Gulfport/Biloxi, MS",5,1,2,0,8,10,1,70
26,"Gunnison, CO",1,0,4,0,4,5,0,15
26,"Gustavus, AK",0,0,0,0,0,0,0,7
26,"Hagerstown, MD",1,0,1,0,1,2,0,10
26,"Hancock/Houghton, MI",1,0,1,0,1,3,1,14
26,"Harlingen/San Benito, TX",10,0,2,0,13,14,0,75
26,"Harrisburg, PA",19,5,13,0,16,35,2,119
26,"Hartford, CT",107,11,60,0,102,155,6,439
26,"Hattiesburg/Laurel, MS",2,0,2,0,1,3,0,12
26,"Hayden, CO",3,0,4,0,5,8,0,30
26,"Hays, KS",0,0,1,0,4,4,0,12
26,"Helena, MT",3,1,2,0,0,4,0,28
26,"Hibbing, MN",2,1,1,0,0,3,0,12
26,"Hilo, HI",18,0,1,0,16,19,0,128
26,"Hilton Head, SC",6,1,6,0,2,10,1,56
26,"Hobbs, NM",7,0,7,0,2,10,0,14
26,"Honolulu, HI",140,2,48,0,128,198,3,1226
26,"Houston, TX",542,66,349,6,547,857,19,3556
26,"Huntsville, AL",15,5,16,0,32,46,2,171
26,"Hyannis, MA",1,0,4,0,5,5,0,21
26,"Idaho Falls, ID",7,1,4,0,6,13,0,77
26,"Indianapolis, IN",173,25,137,1,181,293,26,964
26,"International Falls, MN",1,1,0,0,0,2,0,13
26,"Iron Mountain/Kingsfd, MI",1,1,1,0,0,2,0,14
26,"Islip, NY",30,4,13,0,28,36,1,92
26,"Ithaca/Cortland, NY",0,0,3,0,2,3,3,14
26,"Jackson, WY",24,1,8,0,15,29,2,144
26,"Jackson/Vicksburg, MS",19,5,14,0,20,35,0,133
26,"Jacksonville, FL",122,21,97,2,110,194,10,595
26,"Jacksonville/Camp Lejeune, NC",2,0,1,0,3,4,1,37
26,"Jamestown, ND",1,0,2,0,3,4,0,13
26,"Johnstown, PA",3,1,1,0,3,7,0,14
26,"Joplin, MO",2,0,0,0,2,4,0,12
26,"Juneau, AK",10,0,14,0,6,16,1,119
26,"Kahului, HI",46,0,11,1,36,60,2,537
26,"Kalamazoo, MI",4,0,0,0,0,4,0,19
26,"Kalispell, MT",19,0,13,0,19,31,0,119
26,"Kansas City, MO",228,19,129,2,206,314,11,1037
26,"Ketchikan, AK",6,0,6,0,6,11,0,63
26,"Key West, FL",14,3,17,0,14,28,0,117
26,"Killeen, TX",9,2,4,0,11,15,0,34
26,"King Salmon, AK",2,0,2,0,1,3,0,9
26,"Knoxville, TN",55,18,51,0,65,110,3,354
26,"Kodiak, AK",1,1,1,0,2,3,3,18
26,"Kona, HI",31,0,15,0,28,46,0,331
26,"Kotzebue, AK",0,0,0,0,0,0,0,7
26,"La Crosse, WI",1,0,1,0,0,1,0,1
26,"Lafayette, LA",13,1,4,0,2,16,1,74
26,"Lake Charles, LA",2,1,1,0,0,3,0,21
26,"Lansing, MI",7,6,8,0,0,14,0,25
26,"Laramie, WY",3,0,2,0,3,6,0,12
26,"Laredo, TX",7,0,2,0,4,10,0,40
26,"Las Vegas, NV",584,40,489,6,639,973,33,3652
26,"Latrobe, PA",5,0,3,0,4,7,0,14
26,"Lawton/Fort Sill, OK",3,0,1,0,0,3,0,21
26,"Lewiston, ID",3,1,1,0,0,3,0,21
26,"Lexington, KY",40,12,32,0,34,65,1,196
26,"Liberal, KS",1,0,1,0,1,2,0,12
26,"Lihue, HI",35,0,7,0,27,46,1,327
26,"Lincoln, NE",7,1,9,0,8,16,1,49
26,"Little Rock, AR",49,5,25,0,48,79,4,261
26,"Long Beach, CA",37,4,9,0,46,58,2,350
26,"Longview, TX",1,1,0,0,1,3,0,14
26,"Los Angeles, CA",685,58,500,9,560,1029,16,3919
26,"Louisville, KY",111,12,72,1,91,162,9,507
26,"Lubbock, TX",18,0,5,1,22,30,0,119
26,"Madison, WI",51,6,46,0,49,85,4,240
26,"Manchester, NH",25,4,11,0,26,37,2,119
26,"Manhattan/Ft. Riley, KS",3,0,2,0,3,4,0,21
26,"Marquette, MI",4,1,5,0,5,9,0,20
26,"Martha's Vineyard, MA",8,1,7,0,6,13,6,80
26,"Mason City, IA",2,2,1,0,1,5,0,12
26,"Medford, OR",12,1,4,0,3,14,0,88
26,"Melbourne, FL",6,1,2,0,5,9,0,53
26,"Memphis, TN",85,22,56,1,98,140,10,491
26,"Meridian, MS",0,0,0,0,2,2,0,12
26,"Miami, FL",421,71,370,7,402,698,25,1966
26,"Midland/Odessa, TX",33,2,14,0,20,45,1,195
26,"Milwaukee, WI",115,14,83,1,106,182,11,577
26,"Minneapolis, MN",444,67,414,5,346,762,11,2654
26,"Minot, ND",5,6,6,0,5,14,1,50
26,"Mission/McAllen/Edinburg, TX",25,3,7,0,22,34,0,101
26,"Missoula, MT",12,3,20,0,16,29,0,127
26,"Mobile, AL",10,0,5,0,10,16,0,52
26,"Moline, IL",17,1,9,0,11,27,2,83
26,"Monroe, LA",4,0,3,0,2,6,0,40
26,"Monterey, CA",9,0,7,0,13,17,0,101
26,"Montgomery, AL",9,2,8,0,8,16,0,53
26,"Montrose/Delta, CO",7,1,7,0,9,16,0,57
26,"Mosinee, WI",1,0,2,0,1,3,0,14
26,"Myrtle Beach, SC",87,13,88,3,88,157,10,464
26,"Nantucket, MA",14,2,16,0,10,20,2,108
26,"Nashville, TN",394,41,250,8,405,611,33,2087
26,"New Orleans, LA",203,23,125,2,194,309,4,952
26,"New York, NY",801,150,1056,4,874,1725,411,5669
26,"Newark, NJ",337,60,543,3,343,796,157,2531
26,"Newburgh/Poughkeepsie, NY",2,1,3,0,4,4,0,11
26,"Niagara Falls, NY",1,2,2,0,0,3,0,8
26,"Nome, AK",1,0,1,0,0,1,0,7
26,"Norfolk, VA",99,11,67,1,91,153,20,433
26,"North Bend/Coos Bay, OR",0,0,0,0,1,1,0,9
26,"North Platte, NE",1,0,0,0,1,2,0,12
26,"Oakland, CA",146,3,63,0,152,202,5,851
26,"Oklahoma City, OK",99,10,47,0,81,146,7,476
26,"Omaha, NE",92,17,63,0,82,140,16,479
26,"Ontario, CA",80,4,38,0,88,119,5,536
26,"Orlando, FL",694,53,863,9,718,1304,59,3049
26,"Pago Pago, TT",1,0,0,0,0,1,0,3
26,"Palm Springs, CA",21,0,12,1,19,31,0,141
26,"Panama City, FL",57,0,36,0,39,77,2,239
26,"Pasco/Kennewick/Richland, WA",12,3,11,1,6,23,0,98
26,"Pellston, MI",6,2,3,0,0,8,0,26
26,"Pensacola, FL",64,6,48,2,54,97,0,324
26,"Peoria, IL",10,1,7,0,8,20,2,74
26,"Petersburg, AK",3,0,2,0,1,4,0,14
26,"Philadelphia, PA",364,64,396,3,415,678,121,2196
26,"Phoenix, AZ",628,42,449,6,606,941,17,3677
26,"Pittsburgh, PA",168,22,132,2,190,288,24,924
26,"Plattsburgh, NY",2,1,4,0,3,5,0,9
26,"Pocatello, ID",0,0,0,0,0,0,0,14
26,"Ponce, PR",11,2,7,1,8,13,1,19
26,"Portland, ME",61,4,41,0,47,82,18,317
26,"Portland, OR",193,19,200,2,211,360,10,1226
26,"Portsmouth, NH",0,0,1,0,1,2,0,7
26,"Prescott, AZ",4,0,3,0,2,6,0,14
26,"Providence, RI",65,7,43,1,69,103,7,297
26,"Provo, UT",3,1,10,0,13,15,1,37
26,"Punta Gorda, FL",18,10,24,0,20,41,3,119
26,"Raleigh/Durham, NC",237,36,198,0,268,411,40,1290
26,"Rapid City, SD",21,3,13,0,15,31,1,129
26,"Redding, CA",2,0,3,0,2,5,0,24
26,"Reno, NV",72,4,48,0,77,114,2,428
26,"Rhinelander, WI",3,3,2,0,0,6,0,19
26,"Richmond, VA",84,11,59,1,69,116,10,367
26,"Riverton/Lander, WY",1,0,0,0,1,2,1,14
26,"Roanoke, VA",12,2,12,0,11,21,2,53
26,"Rochester, MN",3,0,2,0,0,3,0,19
26,"Rochester, NY",54,5,31,0,49,76,11,236
26,"Rock Springs, WY",1,1,1,0,0,2,0,14
26,"Rockford, IL",3,2,3,0,3,4,1,18
26,"Roswell, NM",2,0,0,0,0,2,0,21
26,"Sacramento, CA",197,14,104,1,204,283,7,1126
26,"Saginaw/Bay City/Midland, MI",9,2,6,0,3,14,1,43
26,"Saipan, TT",0,0,0,0,0,0,0,7
26,"Salina, KS",1,0,1,0,2,4,0,12
26,"Salt Lake City, UT",288,38,172,0,246,439,6,2255
26,"San Angelo, TX",3,0,0,0,3,4,0,21
26,"San Antonio, TX",157,8,81,1,173,245,3,840
26,"San Diego, CA",344,23,255,2,328,534,7,1981
26,"San Francisco, CA",366,27,270,2,274,539,13,2390
26,"San Jose, CA",136,5,81,2,143,216,6,1030
26,"San Juan, PR",206,35,195,7,180,323,13,806
26,"San Luis Obispo, CA",11,0,8,0,11,19,0,104
26,"Sanford, FL",49,14,56,0,69,97,6,233
26,"Santa Ana, CA",117,4,50,1,115,175,5,829
26,"Santa Barbara, CA",13,1,10,0,13,22,0,156
26,"Santa Fe, NM",7,3,1,0,2,11,0,70
26,"Santa Maria, CA",0,0,1,0,0,1,0,2
26,"Santa Rosa, CA",3,0,6,0,3,7,0,72
26,"Sarasota/Bradenton, FL",43,6,37,0,40,70,2,264
26,"Sault Ste. Marie, MI",3,1,1,0,0,4,0,14
26,"Savannah, GA",69,9,51,0,63,113,10,391
26,"Scottsbluff, NE",3,0,2,0,0,3,0,12
26,"Scranton/Wilkes-Barre, PA",10,3,8,0,9,17,0,34
26,"Seattle, WA",495,59,633,8,461,958,19,3615
26,"Sheridan, WY",1,0,0,0,1,2,1,14
26,"Shreveport, LA",11,2,7,0,13,21,2,94
26,"Sioux City, IA",4,1,1,0,2,7,0,14
26,"Sioux Falls, SD",21,7,15,0,15,42,0,131
26,"Sitka, AK",11,0,9,0,9,16,0,42
26,"South Bend, IN",24,3,15,0,7,35,2,118
26,"Spokane, WA",64,4,50,0,63,104,0,356
26,"Springfield, IL",0,0,0,0,0,0,0,2
26,"Springfield, MO",36,6,30,0,35,59,4,211
26,"St. Cloud, MN",0,0,0,0,0,0,0,2
26,"St. George, UT",2,1,3,0,1,4,0,48
26,"St. Louis, MO",234,28,142,3,271,373,15,1369
26,"St. Petersburg, FL",36,20,46,2,53,83,7,218
26,"State College, PA",6,1,4,0,1,8,0,13
26,"Stillwater, OK",0,1,1,0,0,1,0,14
26,"Stockton, CA",0,0,2,0,1,2,0,11
26,"Sun Valley/Hailey/Ketchum, ID",3,0,2,0,2,5,0,39
26,"Syracuse, NY",66,8,47,0,52,99,15,284
26,"Tallahassee, FL",10,4,12,0,15,27,0,123
26,"Tampa, FL",343,33,256,5,319,528,10,1439
26,"Texarkana, AR",0,1,1,0,2,3,0,14
26,"Toledo, OH",0,0,0,0,0,0,0,6
26,"Traverse City, MI",18,8,17,1,13,34,1,131
26,"Trenton, NJ",5,2,7,0,11,14,1,32
26,"Tucson, AZ",53,2,28,0,44,78,0,310
26,"Tulsa, OK",75,9,47,0,64,109,4,359
26,"Twin Falls, ID",0,0,0,0,0,0,0,14
26,"Tyler, TX",0,0,0,0,0,0,0,21
26,"Valdosta, GA",2,0,1,0,1,4,0,14
26,"Valparaiso, FL",43,4,27,0,40,66,1,265
26,"Victoria, TX",2,0,0,0,0,2,0,12
26,"Waco, TX",3,0,8,0,5,8,0,21
26,"Walla Walla, WA",0,0,2,0,2,3,0,14
26,"Washington, DC",562,110,498,1,529,973,85,3758
26,"West Palm Beach/Palm Beach, FL",123,10,94,1,86,173,10,467
26,"West Yellowstone, MT",2,0,0,0,0,2,0,14
26,"White Plains, NY",49,11,42,3,39,77,6,231
26,"Wichita Falls, TX",0,0,0,0,0,0,0,14
26,"Wichita, KS",45,8,38,1,38,74,3,214
26,"Williston, ND",5,2,4,0,2,9,0,40
26,"Wilmington, NC",20,5,26,0,25,46,10,173
26,"Worcester, MA",6,0,1,0,2,6,0,27
26,"Wrangell, AK",2,0,2,0,3,3,0,14
26,"Yakutat, AK",0,1,0,0,0,1,0,14
26,"Yuma, AZ",2,0,1,0,1,3,0,27
27,"Aberdeen, SD",3,2,2,0,0,5,0,14
27,"Abilene, TX",6,1,12,0,9,13,0,33
27,"Adak Island, AK",0,0,0,0,0,0,0,2
27,"Aguadilla, PR",9,1,12,1,4,15,1,45
27,"Akron, OH",9,5,11,1,14,25,1,73
27,"Albany, GA",3,0,1,0,0,3,1,14
27,"Albany, NY",38,4,10,2,31,52,0,228
27,"Albuquerque, NM",77,2,44,1,63,100,1,449
27,"Alexandria, LA",5,0,2,0,1,7,0,36
27,"Allentown/Bethlehem/Easton, PA",8,4,7,0,10,18,1,84
27,"Alpena, MI",1,0,0,0,0,1,0,12
27,"Amarillo, TX",12,2,10,0,9,20,0,99
27,"Anchorage, AK",61,6,95,4,44,121,3,522
27,"Appleton, WI",14,2,11,0,10,24,1,117
27,"Arcata/Eureka, CA",3,0,1,0,3,6,0,31
27,"Asheville, NC",44,11,52,0,36,83,3,276
27,"Ashland, WV",3,1,1,0,1,4,3,23
27,"Aspen, CO",17,2,14,0,10,35,3,156
27,"Atlanta, GA",568,89,599,3,542,1098,28,6182
27,"Atlantic City, NJ",9,0,10,1,6,13,0,55
27,"Augusta, GA",7,6,5,0,9,18,2,77
27,"Austin, TX",204,20,188,2,182,344,8,1640
27,"Bakersfield, CA",5,0,1,0,8,9,0,60
27,"Baltimore, MD",230,17,158,2,234,350,7,1950
27,"Bangor, ME",14,2,17,0,21,31,3,138
27,"Barrow, AK",3,0,4,0,0,4,0,7
27,"Baton Rouge, LA",9,7,12,0,10,21,0,89
27,"Beaumont/Port Arthur, TX",1,0,0,0,0,1,2,14
27,"Belleville, IL",7,1,4,0,5,10,0,35
27,"Bellingham, WA",6,0,7,0,9,14,0,63
27,"Bemidji, MN",1,3,1,0,0,4,0,14
27,"Bend/Redmond, OR",9,0,10,0,13,21,8,112
27,"Bethel, AK",2,0,0,0,3,4,0,14
27,"Billings, MT",8,2,7,0,10,14,0,86
27,"Binghamton, NY",2,0,1,0,0,2,0,7
27,"Birmingham, AL",53,7,30,0,37,76,5,308
27,"Bishop, CA",0,1,0,0,0,1,0,7
27,"Bismarck/Mandan, ND",7,3,5,0,4,11,0,72
27,"Bloomington/Normal, IL",1,1,3,0,2,6,0,36
27,"Boise, ID",52,3,48,0,47,87,0,449
27,"Boston, MA",322,20,193,1,280,477,12,2740
27,"Bozeman, MT",27,3,18,1,27,42,0,258
27,"Brainerd, MN",3,1,2,0,0,3,0,14
27,"Bristol/Johnson City/Kingsport, TN",3,1,3,0,4,6,3,40
27,"Brownsville, TX",1,1,0,0,3,5,3,42
27,"Brunswick, GA",2,0,2,0,0,2,0,14
27,"Buffalo, NY",60,3,32,0,63,88,3,437
27,"Burbank, CA",69,5,33,0,68,105,4,611
27,"Burlington, VT",22,1,15,0,17,36,4,176
27,"Butte, MT",2,0,2,0,0,2,0,14
27,"Casper, WY",3,0,1,0,1,4,0,54
27,"Cedar City, UT",4,0,3,0,0,4,0,12
27,"Cedar Rapids/Iowa City, IA",27,7,15,0,24,42,1,163
27,"Champaign/Urbana, IL",5,1,3,0,6,9,0,27
27,"Charleston, SC",64,10,56,0,64,111,4,537
27,"Charleston/Dunbar, WV",5,1,4,0,4,10,1,60
27,"Charlotte Amalie, VI",9,1,13,1,4,20,0,112
27,"Charlotte, NC",466,135,495,5,646,963,74,4076
27,"Charlottesville, VA",6,2,5,0,4,11,2,55
27,"Chattanooga, TN",15,7,11,1,10,24,0,111
27,"Cheyenne, WY",0,0,0,0,0,0,0,13
27,"Chicago, IL",669,105,615,7,711,1274,53,7014
27,"Christiansted, VI",4,0,4,0,3,6,0,19
27,"Cincinnati, OH",89,16,83,0,104,178,3,803
27,"Clarksburg/Fairmont, WV",0,0,1,0,1,0,0,8
27,"Cleveland, OH",99,12,64,2,107,161,7,823
27,"Cody, WY",3,0,1,0,2,5,0,25
27,"College Station/Bryan, TX",7,1,2,0,3,9,1,20
27,"Colorado Springs, CO",37,5,31,0,32,57,2,262
27,"Columbia, MO",7,1,6,0,9,14,1,38
27,"Columbia, SC",17,4,10,0,13,29,3,119
27,"Columbus, GA",1,2,1,0,1,3,1,16
27,"Columbus, MS",0,0,3,0,0,2,0,14
27,"Columbus, OH",108,15,79,0,102,179,2,854
27,"Concord, NC",2,4,4,0,2,8,0,14
27,"Cordova, AK",0,0,1,0,2,2,0,14
27,"Corpus Christi, TX",7,2,6,0,6,11,5,73
27,"Dallas, TX",188,11,114,1,188,256,5,1372
27,"Dallas/Fort Worth, TX",736,132,732,15,896,1414,30,6074
27,"Dayton, OH",18,4,12,0,13,29,0,135
27,"Daytona Beach, FL",4,1,5,0,7,11,0,53
27,"Deadhorse, AK",1,0,1,0,0,1,1,11
27,"Decatur, IL",0,0,0,0,1,1,0,12
27,"Denver, CO",633,42,455,2,574,1025,32,6229
27,"Des Moines, IA",38,3,24,0,45,65,5,287
27,"Detroit, MI",219,25,123,1,163,341,16,2428
27,"Devils Lake, ND",1,0,0,0,1,2,0,13
27,"Dickinson, ND",0,0,0,0,0,0,0,13
27,"Dillingham, AK",0,0,0,0,0,0,0,7
27,"Dodge City, KS",0,0,0,0,0,0,0,12
27,"Dothan, AL",4,1,2,0,0,5,0,14
27,"Duluth, MN",3,0,3,0,4,8,0,41
27,"Durango, CO",10,0,4,1,4,13,0,82
27,"Eagle, CO",6,1,7,0,4,9,0,54
27,"El Paso, TX",45,5,21,0,43,64,3,339
27,"Elko, NV",0,0,0,0,0,0,0,7
27,"Elmira/Corning, NY",3,0,1,0,0,3,0,20
27,"Escanaba, MI",1,0,1,0,0,1,0,12
27,"Eugene, OR",19,1,11,0,15,27,1,140
27,"Evansville, IN",5,1,4,0,5,9,0,43
27,"Everett, WA",2,0,2,0,1,3,0,13
27,"Fairbanks, AK",7,1,16,0,11,19,0,87
27,"Fargo, ND",16,4,15,0,13,31,0,125
27,"Fayetteville, AR",42,5,44,0,29,68,0,252
27,"Fayetteville, NC",3,0,4,0,1,5,0,28
27,"Flagstaff, AZ",1,1,1,0,1,3,0,34
27,"Flint, MI",5,1,2,0,6,8,0,37
27,"Fort Dodge, IA",2,1,2,0,0,3,0,12
27,"Fort Lauderdale, FL",244,18,175,5,195,344,11,1635
27,"Fort Myers, FL",63,8,42,0,60,97,2,448
27,"Fort Smith, AR",6,0,4,0,5,8,0,23
27,"Fort Wayne, IN",17,4,10,0,3,23,1,92
27,"Fresno, CA",38,1,20,0,26,51,0,223
27,"Gainesville, FL",5,3,9,0,10,13,0,59
27,"Garden City, KS",4,1,5,0,3,6,0,14
27,"Gillette, WY",1,0,0,0,0,1,0,14
27,"Grand Forks, ND",2,1,1,0,0,4,0,23
27,"Grand Island, NE",3,0,1,0,0,3,1,18
27,"Grand Junction, CO",2,0,3,0,3,7,1,77
27,"Grand Rapids, MI",49,4,26,0,37,71,0,334
27,"Great Falls, MT",4,0,4,0,0,6,0,40
27,"Green Bay, WI",10,1,5,0,4,14,0,64
27,"Greensboro/High Point, NC",30,8,30,0,25,53,5,215
27,"Greer, SC",48,9,36,1,37,75,5,310
27,"Guam, TT",1,0,1,0,0,1,0,14
27,"Gulfport/Biloxi, MS",3,1,6,0,4,10,1,64
27,"Gunnison, CO",0,0,1,0,1,2,0,15
27,"Gustavus, AK",0,0,1,0,1,0,0,7
27,"Hagerstown, MD",2,0,2,0,2,3,0,10
27,"Hancock/Houghton, MI",0,1,0,0,1,2,0,14
27,"Harlingen/San Benito, TX",7,1,4,0,7,11,2,72
27,"Harrisburg, PA",12,4,11,0,14,26,0,107
27,"Hartford, CT",68,2,29,1,66,98,3,412
27,"Hattiesburg/Laurel, MS",2,2,1,0,0,4,1,12
27,"Hayden, CO",1,1,0,0,5,7,0,30
27,"Hays, KS",0,2,0,0,0,2,0,12
27,"Helena, MT",1,0,0,0,0,1,0,28
27,"Hibbing, MN",3,1,3,0,0,4,0,12
27,"Hilo, HI",8,0,2,0,8,10,2,130
27,"Hilton Head, SC",2,0,3,0,3,5,0,55
27,"Hobbs, NM",2,0,4,0,3,4,1,14
27,"Honolulu, HI",89,1,29,0,52,115,14,1244
27,"Houston, TX",347,33,445,4,336,711,157,3370
27,"Huntsville, AL",19,4,16,0,16,36,2,152
27,"Hyannis, MA",2,0,2,0,1,2,2,21
27,"Idaho Falls, ID",3,1,5,0,4,10,0,69
27,"Indianapolis, IN",117,15,73,1,113,190,5,922
27,"International Falls, MN",3,1,1,0,0,4,0,14
27,"Iron Mountain/Kingsfd, MI",0,0,0,0,0,0,0,14
27,"Islip, NY",13,1,8,0,12,18,1,90
27,"Ithaca/Cortland, NY",1,0,2,0,2,3,0,14
27,"Jackson, WY",14,3,10,0,11,23,0,147
27,"Jackson/Vicksburg, MS",12,3,9,0,9,22,2,123
27,"Jacksonville, FL",83,7,52,1,66,121,6,559
27,"Jacksonville/Camp Lejeune, NC",5,4,3,0,6,9,1,39
27,"Jamestown, ND",3,0,3,0,1,4,0,13
27,"Johnstown, PA",0,0,0,0,2,2,0,14
27,"Joplin, MO",0,0,1,0,1,1,0,12
27,"Juneau, AK",17,0,21,1,12,30,0,119
27,"Kahului, HI",25,1,8,0,13,36,9,549
27,"Kalamazoo, MI",0,0,0,0,0,0,0,16
27,"Kalispell, MT",25,2,10,0,2,28,0,122
27,"Kansas City, MO",144,15,86,0,132,214,5,972
27,"Ketchikan, AK",10,0,6,0,3,15,1,62
27,"Key West, FL",12,2,7,0,8,20,0,114
27,"Killeen, TX",10,4,6,0,8,17,0,35
27,"King Salmon, AK",0,0,2,0,2,1,0,9
27,"Knoxville, TN",38,7,37,0,53,78,6,342
27,"Kodiak, AK",0,1,2,0,2,3,0,18
27,"Kona, HI",25,0,5,0,16,33,1,331
27,"Kotzebue, AK",0,0,0,0,0,0,0,7
27,"La Crosse, WI",2,0,2,0,1,4,0,6
27,"Lafayette, LA",12,4,10,1,2,19,3,64
27,"Lake Charles, LA",1,0,0,0,1,2,1,20
27,"Lansing, MI",2,0,1,0,1,2,0,21
27,"Laramie, WY",0,0,0,0,0,0,0,12
27,"Laredo, TX",6,1,9,0,7,10,0,34
27,"Las Vegas, NV",456,30,415,6,460,764,17,3470
27,"Latrobe, PA",0,0,0,0,0,0,0,14
27,"Lawton/Fort Sill, OK",1,0,0,0,1,2,0,20
27,"Lewiston, ID",2,0,1,0,0,2,0,21
27,"Lexington, KY",32,5,23,0,23,46,2,183
27,"Liberal, KS",1,0,0,0,0,1,0,12
27,"Lihue, HI",17,0,5,0,8,21,2,327
27,"Lincoln, NE",5,3,5,0,2,11,0,48
27,"Little Rock, AR",43,7,29,0,35,71,1,247
27,"Long Beach, CA",36,2,14,0,36,47,1,338
27,"Longview, TX",2,2,2,0,2,5,0,14
27,"Los Angeles, CA",524,46,394,6,343,779,16,3777
27,"Louisville, KY",59,12,51,0,54,100,0,467
27,"Lubbock, TX",14,1,17,0,10,24,0,112
27,"Madison, WI",27,2,25,0,27,56,3,219
27,"Manchester, NH",15,0,7,0,13,23,1,111
27,"Manhattan/Ft. Riley, KS",3,0,1,0,1,3,0,21
27,"Marquette, MI",4,0,3,0,4,6,0,20
27,"Martha's Vineyard, MA",8,0,5,0,7,11,2,80
27,"Mason City, IA",1,0,1,0,2,3,0,12
27,"Medford, OR",12,0,3,0,4,11,1,84
27,"Melbourne, FL",3,2,5,0,3,8,0,50
27,"Memphis, TN",64,9,31,0,57,96,5,451
27,"Meridian, MS",1,0,1,0,2,3,3,12
27,"Miami, FL",246,33,136,2,207,358,13,1945
27,"Midland/Odessa, TX",21,5,22,0,24,42,2,165
27,"Milwaukee, WI",65,5,36,0,47,95,4,545
27,"Minneapolis, MN",252,43,301,1,196,516,2,2442
27,"Minot, ND",5,2,3,0,0,7,0,48
27,"Mission/McAllen/Edinburg, TX",17,3,4,0,18,27,1,94
27,"Missoula, MT",12,1,10,0,8,20,1,126
27,"Mobile, AL",6,2,9,0,6,12,0,47
27,"Moline, IL",12,4,10,0,10,25,1,83
27,"Monroe, LA",3,0,4,0,5,7,1,39
27,"Monterey, CA",6,1,5,0,10,16,0,98
27,"Montgomery, AL",5,1,2,0,4,8,1,48
27,"Montrose/Delta, CO",8,0,4,0,4,9,1,56
27,"Mosinee, WI",1,0,1,0,0,2,0,14
27,"Myrtle Beach, SC",46,8,38,2,46,82,4,456
27,"Nantucket, MA",10,2,8,0,5,18,10,109
27,"Nashville, TN",199,29,135,3,233,355,9,1967
27,"New Bern/Morehead/Beaufort, NC",0,1,0,0,1,1,0,1
27,"New Orleans, LA",155,14,106,1,127,219,2,896
27,"New York, NY",596,61,475,7,530,1000,85,5639
27,"Newark, NJ",278,30,336,2,270,550,37,2473
27,"Newburgh/Poughkeepsie, NY",0,2,4,0,2,4,0,12
27,"Niagara Falls, NY",0,1,2,0,2,2,0,8
27,"Nome, AK",0,0,0,0,0,0,0,7
27,"Norfolk, VA",56,8,43,0,51,96,2,411
27,"North Bend/Coos Bay, OR",0,0,0,0,2,2,0,9
27,"North Platte, NE",2,0,0,0,0,2,0,12
27,"Oakland, CA",83,1,31,0,84,118,2,802
27,"Oklahoma City, OK",67,10,52,0,60,99,6,449
27,"Omaha, NE",66,9,49,0,60,107,3,450
27,"Ontario, CA",62,7,30,0,72,100,1,512
27,"Orlando, FL",406,31,245,5,370,613,17,2950
27,"Pago Pago, TT",0,0,0,0,0,0,0,3
27,"Palm Springs, CA",7,0,5,0,13,16,3,133
27,"Panama City, FL",30,5,23,1,24,51,1,228
27,"Pasco/Kennewick/Richland, WA",7,4,7,2,5,19,0,99
27,"Pellston, MI",6,0,0,0,0,6,0,26
27,"Pensacola, FL",37,5,42,0,35,73,1,316
27,"Peoria, IL",9,3,4,1,8,15,1,71
27,"Petersburg, AK",2,0,0,0,3,4,0,14
27,"Philadelphia, PA",288,33,239,1,295,490,63,2121
27,"Phoenix, AZ",393,38,247,2,404,640,19,3535
27,"Pittsburgh, PA",135,10,64,0,121,193,6,890
27,"Plattsburgh, NY",1,0,0,0,0,1,0,10
27,"Pocatello, ID",1,1,0,0,0,2,0,14
27,"Ponce, PR",7,1,6,0,5,8,0,21
27,"Portland, ME",35,3,26,0,36,57,5,309
27,"Portland, OR",160,14,164,2,135,268,4,1188
27,"Portsmouth, NH",1,0,1,0,1,1,0,7
27,"Prescott, AZ",1,0,1,0,1,2,0,14
27,"Providence, RI",40,4,15,2,38,56,2,286
27,"Provo, UT",5,1,3,0,5,7,0,37
27,"Punta Gorda, FL",17,3,15,0,22,32,0,121
27,"Raleigh/Durham, NC",149,21,118,0,155,248,12,1206
27,"Rapid City, SD",20,1,12,0,10,29,0,125
27,"Redding, CA",3,1,1,0,1,5,0,28
27,"Reno, NV",66,2,35,0,63,94,1,410
27,"Rhinelander, WI",6,1,2,0,0,7,0,21
27,"Richmond, VA",50,9,35,1,47,77,2,338
27,"Riverton/Lander, WY",1,1,0,0,1,3,0,14
27,"Roanoke, VA",8,3,8,0,6,15,0,50
27,"Rochester, MN",5,1,4,0,0,6,1,21
27,"Rochester, NY",39,3,18,0,27,52,3,244
27,"Rock Springs, WY",0,0,0,0,1,1,0,14
27,"Rockford, IL",2,0,0,0,1,2,0,18
27,"Roswell, NM",3,2,4,0,0,5,0,20
27,"Sacramento, CA",125,11,82,0,135,198,6,1053
27,"Saginaw/Bay City/Midland, MI",4,0,4,0,2,7,0,39
27,"Saipan, TT",0,0,0,0,0,0,0,7
27,"Salina, KS",2,0,2,0,0,2,0,12
27,"Salt Lake City, UT",178,22,119,0,112,284,6,2107
27,"San Angelo, TX",2,0,2,0,3,3,0,20
27,"San Antonio, TX",116,13,89,0,109,178,4,792
27,"San Diego, CA",263,18,208,0,232,416,8,1882
27,"San Francisco, CA",272,20,191,1,218,429,23,2577
27,"San Jose, CA",90,4,50,0,110,155,3,952
27,"San Juan, PR",159,13,123,0,107,216,2,790
27,"San Luis Obispo, CA",12,0,8,0,10,18,0,105
27,"Sanford, FL",36,9,33,2,52,72,1,234
27,"Santa Ana, CA",73,5,28,1,65,112,10,798
27,"Santa Barbara, CA",11,2,12,0,14,22,7,166
27,"Santa Fe, NM",9,4,6,0,2,17,0,66
27,"Santa Maria, CA",0,0,0,0,0,0,0,2
27,"Santa Rosa, CA",2,0,3,0,6,7,0,71
27,"Sarasota/Bradenton, FL",39,5,24,1,32,53,2,265
27,"Sault Ste. Marie, MI",3,0,0,0,0,3,0,14
27,"Savannah, GA",47,7,42,2,51,85,1,373
27,"Scottsbluff, NE",1,0,0,0,1,2,0,12
27,"Scranton/Wilkes-Barre, PA",3,1,5,0,3,8,1,31
27,"Seattle, WA",348,35,511,7,313,742,15,3524
27,"Sheridan, WY",0,0,0,0,0,0,0,14
27,"Shreveport, LA",10,6,13,0,15,23,2,84
27,"Sioux City, IA",3,0,3,0,3,7,0,14
27,"Sioux Falls, SD",10,0,16,1,12,30,1,121
27,"Sitka, AK",3,2,6,0,3,8,0,42
27,"South Bend, IN",14,4,8,0,8,26,1,115
27,"Spokane, WA",48,4,38,1,39,70,0,336
27,"Springfield, IL",0,0,0,0,0,0,0,2
27,"Springfield, MO",25,2,15,1,17,39,0,190
27,"St. Cloud, MN",0,0,0,0,0,0,0,2
27,"St. George, UT",5,1,3,0,0,7,0,53
27,"St. Louis, MO",162,11,106,0,160,261,4,1286
27,"St. Petersburg, FL",29,5,21,0,40,56,5,226
27,"State College, PA",0,0,0,0,1,1,0,7
27,"Stillwater, OK",2,0,0,0,0,2,0,14
27,"Stockton, CA",1,0,0,0,1,1,0,11
27,"Sun Valley/Hailey/Ketchum, ID",3,0,5,0,4,6,0,44
27,"Syracuse, NY",30,2,29,0,28,51,0,272
27,"Tallahassee, FL",11,2,10,0,13,22,1,105
27,"Tampa, FL",213,21,191,1,211,352,5,1384
27,"Texarkana, AR",4,1,2,0,3,7,0,14
27,"Toledo, OH",0,0,0,0,0,0,0,6
27,"Traverse City, MI",12,2,6,0,8,22,1,142
27,"Trenton, NJ",1,0,1,0,1,1,1,32
27,"Tucson, AZ",33,2,20,0,24,48,3,303
27,"Tulsa, OK",35,2,30,0,33,61,2,336
27,"Twin Falls, ID",1,1,0,0,0,2,0,14
27,"Tyler, TX",2,0,2,0,3,3,1,20
27,"Valdosta, GA",2,1,2,0,1,3,0,14
27,"Valparaiso, FL",26,7,16,0,33,44,1,251
27,"Victoria, TX",2,0,1,0,1,3,1,12
27,"Waco, TX",4,1,3,0,0,5,0,20
27,"Walla Walla, WA",0,0,1,0,1,1,0,14
27,"Washington, DC",369,45,251,2,351,606,18,3685
27,"West Palm Beach/Palm Beach, FL",74,5,39,0,55,95,2,453
27,"West Yellowstone, MT",5,0,1,0,0,5,0,16
27,"White Plains, NY",40,5,28,3,36,58,2,215
27,"Wichita Falls, TX",2,1,3,0,0,5,0,14
27,"Wichita, KS",29,2,26,0,18,46,3,203
27,"Williston, ND",7,2,6,0,1,10,0,34
27,"Wilmington, NC",23,5,15,1,24,38,2,175
27,"Worcester, MA",4,0,2,0,3,6,0,27
27,"Wrangell, AK",1,0,1,0,3,3,0,14
27,"Yakutat, AK",0,0,0,0,2,2,0,14
27,"Yuma, AZ",4,0,2,0,5,5,0,26
28,"Aberdeen, SD",2,2,0,0,0,4,0,14
28,"Abilene, TX",12,0,12,0,13,16,0,34
28,"Adak Island, AK",0,0,0,0,0,0,0,2
28,"Aguadilla, PR",14,1,8,0,12,20,0,45
28,"Akron, OH",17,1,13,0,19,32,0,77
28,"Albany, GA",4,4,3,0,0,8,0,14
28,"Albany, NY",61,5,28,0,60,88,3,243
28,"Albuquerque, NM",95,6,54,2,80,141,5,488
28,"Alexandria, LA",4,0,4,0,2,7,0,41
28,"Allentown/Bethlehem/Easton, PA",16,4,11,0,22,32,0,87
28,"Alpena, MI",1,0,1,0,0,1,0,12
28,"Amarillo, TX",15,1,8,0,19,25,2,107
28,"Anchorage, AK",63,4,85,3,73,131,5,520
28,"Appleton, WI",16,3,13,0,14,26,2,121
28,"Arcata/Eureka, CA",2,1,4,0,5,9,1,32
28,"Asheville, NC",35,9,35,1,46,79,1,288
28,"Ashland, WV",1,2,2,0,2,4,0,21
28,"Aspen, CO",20,2,15,0,9,35,4,162
28,"Atlanta, GA",942,105,748,10,1005,1643,62,6974
28,"Atlantic City, NJ",8,1,12,2,13,17,5,51
28,"Augusta, GA",14,2,6,0,13,23,2,90
28,"Austin, TX",363,35,358,4,336,617,19,1779
28,"Bakersfield, CA",6,1,6,0,9,10,0,60
28,"Baltimore, MD",411,24,393,5,466,675,25,2076
28,"Bangor, ME",20,2,22,1,20,37,6,133
28,"Barrow, AK",0,0,1,0,1,0,0,7
28,"Baton Rouge, LA",25,2,15,2,23,38,0,101
28,"Beaumont/Port Arthur, TX",0,0,2,0,0,2,1,14
28,"Belleville, IL",2,2,2,0,6,7,0,35
28,"Bellingham, WA",3,0,8,0,14,14,0,64
28,"Bemidji, MN",2,0,0,0,0,2,0,14
28,"Bend/Redmond, OR",23,0,15,0,8,31,0,118
28,"Bethel, AK",2,0,0,0,2,3,0,14
28,"Billings, MT",23,1,9,0,15,31,1,98
28,"Binghamton, NY",2,0,0,0,3,3,0,7
28,"Birmingham, AL",78,7,49,1,65,120,8,336
28,"Bishop, CA",1,0,0,0,1,2,1,7
28,"Bismarck/Mandan, ND",11,3,9,1,5,19,0,83
28,"Bloomington/Normal, IL",3,3,4,0,5,9,1,37
28,"Boise, ID",55,9,46,0,69,110,0,493
28,"Boston, MA",466,45,356,3,479,792,36,2971
28,"Bozeman, MT",44,3,21,0,58,73,2,265
28,"Brainerd, MN",0,0,0,0,0,0,0,14
28,"Bristol/Johnson City/Kingsport, TN",3,0,1,0,3,4,0,46
28,"Brownsville, TX",5,1,8,0,2,8,3,46
28,"Brunswick, GA",1,0,0,0,0,1,0,14
28,"Buffalo, NY",102,6,64,0,96,148,16,463
28,"Burbank, CA",89,4,58,0,115,152,8,660
28,"Burlington, VT",32,3,28,0,27,53,6,180
28,"Butte, MT",3,0,1,0,0,3,0,14
28,"Casper, WY",1,0,0,0,3,3,0,56
28,"Cedar City, UT",1,1,0,0,0,2,0,12
28,"Cedar Rapids/Iowa City, IA",36,5,17,0,35,59,2,166
28,"Champaign/Urbana, IL",5,2,5,0,8,11,0,28
28,"Charleston, SC",110,10,85,0,105,193,19,575
28,"Charleston/Dunbar, WV",13,1,5,0,7,19,0,66
28,"Charlotte Amalie, VI",22,0,18,0,12,27,1,113
28,"Charlotte, NC",672,83,662,9,908,1319,73,4371
28,"Charlottesville, VA",4,0,1,0,1,6,2,59
28,"Chattanooga, TN",17,3,16,1,15,33,0,122
28,"Cheyenne, WY",2,0,0,0,0,2,0,13
28,"Chicago, IL",1147,159,1286,13,1162,2179,123,7373
28,"Christiansted, VI",4,0,1,1,5,6,0,20
28,"Cincinnati, OH",147,16,132,2,175,295,16,863
28,"Clarksburg/Fairmont, WV",2,1,3,0,4,5,0,8
28,"Cleveland, OH",139,20,101,0,160,242,23,872
28,"Cody, WY",3,0,2,0,1,3,0,28
28,"College Station/Bryan, TX",5,0,7,1,4,9,1,21
28,"Colorado Springs, CO",60,3,28,0,53,80,3,277
28,"Columbia, MO",10,3,16,0,16,23,0,42
28,"Columbia, SC",29,1,17,0,24,42,2,134
28,"Columbus, GA",4,1,4,0,4,7,0,20
28,"Columbus, MS",1,0,2,0,0,3,0,14
28,"Columbus, OH",126,14,103,6,146,234,14,895
28,"Concord, NC",0,1,3,0,2,3,0,14
28,"Cordova, AK",2,0,3,0,4,5,0,14
28,"Corpus Christi, TX",18,0,10,0,15,22,8,84
28,"Dallas, TX",245,15,191,8,309,400,20,1481
28,"Dallas/Fort Worth, TX",1111,180,1051,21,1310,2024,119,6688
28,"Dayton, OH",24,4,10,0,24,37,2,147
28,"Daytona Beach, FL",10,0,5,0,4,12,0,56
28,"Deadhorse, AK",1,0,1,0,0,1,0,11
28,"Decatur, IL",3,0,3,0,1,4,0,12
28,"Denver, CO",756,57,429,1,799,1229,76,6467
28,"Des Moines, IA",54,6,35,0,58,80,2,311
28,"Detroit, MI",394,60,270,2,314,641,23,2723
28,"Devils Lake, ND",0,0,0,0,0,0,0,13
28,"Dickinson, ND",0,0,1,0,1,2,0,13
28,"Dillingham, AK",0,0,0,0,0,0,0,7
28,"Dodge City, KS",3,0,1,0,0,3,3,12
28,"Dothan, AL",4,1,2,0,0,5,0,14
28,"Duluth, MN",6,0,8,0,7,9,0,48
28,"Durango, CO",6,0,5,2,5,10,0,85
28,"Eagle, CO",8,1,3,0,11,15,1,58
28,"El Paso, TX",87,5,59,0,74,113,7,350
28,"Elko, NV",1,0,1,0,0,1,0,7
28,"Elmira/Corning, NY",7,2,5,0,0,10,0,20
28,"Escanaba, MI",3,0,0,0,0,2,0,12
28,"Eugene, OR",26,1,16,0,25,41,0,146
28,"Evansville, IN",7,0,4,0,6,12,0,48
28,"Everett, WA",1,0,1,0,2,2,0,13
28,"Fairbanks, AK",15,0,13,0,9,24,0,88
28,"Fargo, ND",16,5,9,0,16,33,1,134
28,"Fayetteville, AR",45,6,37,0,46,77,2,281
28,"Fayetteville, NC",5,0,1,0,3,7,0,21
28,"Flagstaff, AZ",1,0,4,0,1,5,0,34
28,"Flint, MI",8,2,2,0,7,13,0,38
28,"Fort Dodge, IA",1,0,2,0,0,3,0,12
28,"Fort Lauderdale, FL",366,22,330,4,338,547,34,1684
28,"Fort Myers, FL",96,7,89,0,87,148,3,459
28,"Fort Smith, AR",2,1,0,0,3,4,2,26
28,"Fort Wayne, IN",21,3,17,0,11,34,1,97
28,"Fresno, CA",45,4,21,0,39,64,1,234
28,"Gainesville, FL",14,2,10,0,7,20,0,69
28,"Garden City, KS",4,0,4,0,3,5,0,14
28,"Gillette, WY",2,0,1,0,1,2,0,14
28,"Grand Forks, ND",5,3,3,0,0,9,0,23
28,"Grand Island, NE",1,0,2,0,1,2,0,18
28,"Grand Junction, CO",7,1,3,0,8,14,0,81
28,"Grand Rapids, MI",67,6,44,0,57,105,6,353
28,"Great Falls, MT",3,1,3,0,2,6,0,45
28,"Green Bay, WI",8,4,5,0,2,16,0,64
28,"Greensboro/High Point, NC",40,4,36,0,43,70,4,246
28,"Greer, SC",61,5,41,1,59,100,9,349
28,"Guam, TT",2,1,0,0,1,3,0,14
28,"Gulfport/Biloxi, MS",12,1,6,0,9,19,0,71
28,"Gunnison, CO",0,0,0,0,1,1,0,15
28,"Gustavus, AK",0,0,2,0,1,1,0,7
28,"Hagerstown, MD",2,2,4,0,4,4,0,10
28,"Hancock/Houghton, MI",1,1,4,0,3,7,0,14
28,"Harlingen/San Benito, TX",16,1,16,0,26,28,2,79
28,"Harrisburg, PA",25,2,13,0,16,35,0,116
28,"Hartford, CT",93,4,75,0,121,167,2,444
28,"Hattiesburg/Laurel, MS",1,0,1,0,1,2,3,12
28,"Hayden, CO",5,1,2,0,1,6,1,30
28,"Hays, KS",1,0,1,0,0,1,0,12
28,"Helena, MT",1,0,1,0,1,2,0,28
28,"Hibbing, MN",2,0,0,0,0,2,0,12
28,"Hilo, HI",21,0,1,0,19,26,0,128
28,"Hilton Head, SC",7,2,10,0,5,15,0,54
28,"Hobbs, NM",0,1,1,0,2,4,2,14
28,"Honolulu, HI",125,4,47,2,125,204,14,1241
28,"Houston, TX",575,54,613,6,545,1029,569,3560
28,"Huntsville, AL",36,7,31,0,32,61,0,176
28,"Hyannis, MA",3,0,2,0,2,6,0,21
28,"Idaho Falls, ID",4,4,4,0,2,9,0,74
28,"Indianapolis, IN",188,23,159,3,190,306,15,970
28,"International Falls, MN",2,2,2,0,0,4,0,14
28,"Iron Mountain/Kingsfd, MI",4,0,1,0,0,4,0,14
28,"Islip, NY",26,0,13,0,25,36,0,93
28,"Ithaca/Cortland, NY",2,0,1,0,1,2,2,14
28,"Jackson, WY",32,4,15,0,21,41,0,151
28,"Jackson/Vicksburg, MS",28,5,24,1,22,44,3,142
28,"Jacksonville, FL",133,11,103,0,130,209,9,601
28,"Jacksonville/Camp Lejeune, NC",10,3,11,0,9,17,0,49
28,"Jamestown, ND",2,0,0,0,0,2,0,13
28,"Johnstown, PA",0,1,0,0,1,2,0,14
28,"Joplin, MO",0,0,0,0,0,0,1,12
28,"Juneau, AK",17,0,20,3,14,34,2,119
28,"Kahului, HI",53,1,12,0,37,72,5,549
28,"Kalamazoo, MI",8,2,2,0,0,10,0,20
28,"Kalispell, MT",15,1,11,0,12,22,0,132
28,"Kansas City, MO",193,12,136,6,226,309,14,1053
28,"Ketchikan, AK",5,1,5,0,6,12,0,63
28,"Key West, FL",22,3,13,0,15,27,0,117
28,"Killeen, TX",8,2,10,0,6,14,0,41
28,"King Salmon, AK",2,0,2,0,1,2,0,9
28,"Knoxville, TN",53,16,45,3,64,101,5,352
28,"Kodiak, AK",0,0,2,0,0,2,0,18
28,"Kona, HI",41,0,12,0,33,54,3,331
28,"Kotzebue, AK",0,0,0,0,0,0,0,7
28,"La Crosse, WI",3,1,3,0,7,7,1,14
28,"Lafayette, LA",10,1,5,0,9,14,4,72
28,"Lake Charles, LA",2,1,2,0,0,4,0,21
28,"Lansing, MI",5,1,3,0,0,6,0,26
28,"Laramie, WY",0,0,0,0,0,0,0,12
28,"Laredo, TX",2,1,10,0,7,10,0,40
28,"Las Vegas, NV",627,47,740,12,722,1216,85,3731
28,"Latrobe, PA",2,1,2,0,1,4,0,14
28,"Lawton/Fort Sill, OK",1,1,1,0,0,3,2,21
28,"Lewiston, ID",2,0,0,0,0,2,0,21
28,"Lexington, KY",38,6,28,1,40,62,0,198
28,"Liberal, KS",2,0,0,0,0,1,3,12
28,"Lihue, HI",38,0,15,1,39,53,4,330
28,"Lincoln, NE",3,1,1,0,8,12,0,49
28,"Little Rock, AR",49,5,47,0,47,83,3,276
28,"Long Beach, CA",41,2,12,2,52,62,2,350
28,"Longview, TX",3,0,2,0,4,6,2,14
28,"Los Angeles, CA",718,69,512,12,518,1068,61,4003
28,"Louisville, KY",109,6,94,1,88,168,5,503
28,"Lubbock, TX",11,1,10,0,20,23,0,119
28,"Madison, WI",33,5,35,1,41,70,4,232
28,"Manchester, NH",26,4,14,0,29,40,1,119
28,"Manhattan/Ft. Riley, KS",2,0,2,0,5,6,0,21
28,"Marquette, MI",0,0,0,0,2,2,0,21
28,"Martha's Vineyard, MA",11,0,11,0,10,15,2,80
28,"Mason City, IA",0,1,3,0,1,3,0,12
28,"Medford, OR",10,2,5,0,6,15,0,88
28,"Melbourne, FL",4,0,4,0,5,8,0,53
28,"Memphis, TN",102,14,89,2,108,171,13,493
28,"Meridian, MS",0,1,1,0,3,4,3,12
28,"Miami, FL",380,38,278,5,343,597,29,1985
28,"Midland/Odessa, TX",33,5,25,1,35,58,5,188
28,"Milwaukee, WI",107,13,74,1,94,174,6,606
28,"Minneapolis, MN",376,80,443,1,378,771,9,2726
28,"Minot, ND",6,4,3,0,1,11,0,54
28,"Mission/McAllen/Edinburg, TX",32,4,15,0,28,45,5,110
28,"Missoula, MT",19,2,12,0,20,35,2,129
28,"Mobile, AL",8,1,5,0,6,13,0,53
28,"Moline, IL",16,3,12,0,17,33,0,88
28,"Monroe, LA",10,0,7,0,9,16,0,48
28,"Monterey, CA",13,2,12,0,20,27,2,100
28,"Montgomery, AL",14,0,5,0,9,16,2,54
28,"Montrose/Delta, CO",7,1,5,0,9,13,2,57
28,"Mosinee, WI",1,0,1,0,2,3,0,14
28,"Myrtle Beach, SC",78,6,88,0,84,144,11,446
28,"Nantucket, MA",13,8,20,0,8,35,0,109
28,"Nashville, TN",342,38,214,5,359,530,28,2100
28,"New Bern/Morehead/Beaufort, NC",2,0,1,0,1,3,0,6
28,"New Orleans, LA",200,20,155,5,217,324,28,963
28,"New York, NY",745,129,1242,6,891,1807,180,5681
28,"Newark, NJ",338,60,559,2,337,791,92,2537
28,"Newburgh/Poughkeepsie, NY",1,1,2,0,1,3,0,11
28,"Niagara Falls, NY",2,1,3,0,1,4,0,8
28,"Nome, AK",1,0,1,0,3,3,0,7
28,"Norfolk, VA",94,15,103,1,92,169,13,449
28,"North Bend/Coos Bay, OR",1,0,1,0,0,2,0,9
28,"North Platte, NE",2,0,0,0,0,2,0,12
28,"Oakland, CA",123,5,60,1,159,209,7,851
28,"Oklahoma City, OK",77,14,60,0,81,138,10,475
28,"Omaha, NE",92,9,59,1,92,145,8,484
28,"Ontario, CA",99,4,29,1,98,135,9,553
28,"Orlando, FL",576,40,586,3,645,1043,67,3043
28,"Pago Pago, TT",1,1,0,0,0,1,0,3
28,"Palm Springs, CA",18,2,7,0,19,30,1,138
28,"Panama City, FL",37,2,31,0,43,69,1,240
28,"Pasco/Kennewick/Richland, WA",10,2,7,0,10,20,0,106
28,"Pellston, MI",3,0,0,0,0,3,0,26
28,"Pensacola, FL",63,4,44,0,70,100,6,325
28,"Peoria, IL",7,3,6,0,4,13,0,73
28,"Petersburg, AK",0,0,2,0,1,2,0,14
28,"Philadelphia, PA",369,60,473,4,481,782,86,2289
28,"Phoenix, AZ",536,52,398,8,614,907,54,3718
28,"Pittsburgh, PA",154,19,108,2,173,266,27,945
28,"Plattsburgh, NY",1,0,3,0,2,3,0,9
28,"Pocatello, ID",1,0,0,0,0,1,0,14
28,"Ponce, PR",8,1,3,0,6,9,1,21
28,"Portland, ME",49,1,41,0,49,82,6,309
28,"Portland, OR",174,13,121,2,174,301,14,1256
28,"Portsmouth, NH",0,2,3,0,0,3,0,7
28,"Prescott, AZ",1,0,0,0,1,2,0,14
28,"Providence, RI",66,5,45,1,84,113,4,302
28,"Provo, UT",4,3,11,0,10,16,0,37
28,"Punta Gorda, FL",14,1,29,0,25,41,1,119
28,"Raleigh/Durham, NC",235,28,200,1,264,422,35,1303
28,"Rapid City, SD",19,6,17,0,16,36,2,129
28,"Redding, CA",2,0,1,0,4,6,0,28
28,"Reno, NV",70,7,40,0,68,114,2,440
28,"Rhinelander, WI",2,1,4,0,0,4,0,21
28,"Richmond, VA",93,4,65,0,88,136,6,374
28,"Riverton/Lander, WY",1,0,1,0,0,1,0,14
28,"Roanoke, VA",4,3,8,0,6,12,1,53
28,"Rochester, MN",3,2,7,0,8,10,0,30
28,"Rochester, NY",47,3,20,0,50,72,8,258
28,"Rock Springs, WY",1,0,0,0,0,1,1,14
28,"Rockford, IL",2,1,4,0,1,5,0,18
28,"Roswell, NM",1,0,2,0,2,3,0,21
28,"Sacramento, CA",188,16,86,2,215,305,14,1151
28,"Saginaw/Bay City/Midland, MI",8,0,3,0,3,11,0,46
28,"Saipan, TT",1,0,0,0,0,1,0,7
28,"Salina, KS",0,0,0,0,1,1,0,12
28,"Salt Lake City, UT",238,29,139,0,234,412,16,2283
28,"San Angelo, TX",6,0,6,0,5,8,0,21
28,"San Antonio, TX",184,13,139,5,193,289,21,861
28,"San Diego, CA",366,34,440,2,369,736,30,1996
28,"San Francisco, CA",345,26,238,1,302,584,39,2694
28,"San Jose, CA",127,14,83,1,166,225,14,1032
28,"San Juan, PR",220,17,176,3,153,289,16,815
28,"San Luis Obispo, CA",11,1,13,0,17,25,1,105
28,"Sanford, FL",36,12,48,0,51,83,0,230
28,"Santa Ana, CA",103,7,59,3,120,173,15,849
28,"Santa Barbara, CA",22,1,17,0,20,41,2,170
28,"Santa Fe, NM",5,3,5,0,6,14,1,70
28,"Santa Maria, CA",0,0,0,0,1,1,0,2
28,"Santa Rosa, CA",8,1,8,0,6,16,1,73
28,"Sarasota/Bradenton, FL",52,5,34,0,49,84,2,264
28,"Sault Ste. Marie, MI",4,0,2,0,0,4,0,14
28,"Savannah, GA",77,6,63,0,81,135,5,398
28,"Scottsbluff, NE",0,0,0,0,0,0,0,12
28,"Scranton/Wilkes-Barre, PA",6,1,1,0,7,11,0,34
28,"Seattle, WA",381,46,403,3,467,810,47,3692
28,"Sheridan, WY",0,0,0,0,0,0,0,14
28,"Shreveport, LA",5,2,6,0,6,14,6,95
28,"Sioux City, IA",1,0,0,0,2,2,1,14
28,"Sioux Falls, SD",18,4,14,0,20,38,1,128
28,"Sitka, AK",4,1,6,1,6,12,1,42
28,"South Bend, IN",19,5,16,0,6,30,3,125
28,"Spokane, WA",72,1,47,0,70,118,1,370
28,"Springfield, IL",0,0,0,0,0,0,0,2
28,"Springfield, MO",33,4,28,0,23,51,1,203
28,"St. Cloud, MN",0,0,0,0,0,0,0,2
28,"St. George, UT",6,7,4,0,1,14,0,53
28,"St. Louis, MO",228,19,140,1,240,360,18,1383
28,"St. Petersburg, FL",20,5,42,0,44,59,1,218
28,"State College, PA",1,0,3,0,0,3,0,8
28,"Stillwater, OK",2,0,0,0,0,2,0,14
28,"Stockton, CA",1,1,2,0,2,3,0,11
28,"Sun Valley/Hailey/Ketchum, ID",5,2,6,0,4,11,0,44
28,"Syracuse, NY",50,8,27,0,52,83,8,287
28,"Tallahassee, FL",19,0,12,0,12,28,2,110
28,"Tampa, FL",314,19,306,3,306,512,21,1449
28,"Texarkana, AR",3,0,3,0,2,3,2,14
28,"Toledo, OH",1,0,0,0,0,1,0,6
28,"Traverse City, MI",21,6,13,0,13,30,0,136
28,"Trenton, NJ",2,1,8,0,4,9,1,32
28,"Tucson, AZ",49,7,39,0,39,76,8,316
28,"Tulsa, OK",65,7,41,1,66,108,3,357
28,"Twin Falls, ID",2,0,1,0,0,2,0,14
28,"Tyler, TX",6,1,8,0,5,9,2,21
28,"Valdosta, GA",1,0,0,0,0,1,0,14
28,"Valparaiso, FL",38,5,31,2,43,69,3,266
28,"Victoria, TX",3,1,1,0,1,5,3,12
28,"Waco, TX",2,0,1,0,1,3,0,21
28,"Walla Walla, WA",1,0,1,0,1,2,0,12
28,"Washington, DC",549,64,466,9,535,934,68,3778
28,"West Palm Beach/Palm Beach, FL",106,10,90,1,96,167,4,472
28,"West Yellowstone, MT",4,0,1,0,0,4,0,16
28,"White Plains, NY",60,9,42,1,48,87,2,238
28,"Wichita Falls, TX",2,2,3,0,0,4,0,14
28,"Wichita, KS",39,5,31,0,39,72,5,215
28,"Williston, ND",5,0,1,0,0,5,0,37
28,"Wilmington, NC",22,1,24,0,30,46,3,200
28,"Worcester, MA",5,0,3,0,5,6,1,27
28,"Wrangell, AK",1,0,0,0,0,1,0,14
28,"Yakutat, AK",3,0,7,0,3,7,0,14
28,"Yuma, AZ",3,0,3,0,2,4,0,27
29,"Aberdeen, SD",3,0,0,0,0,3,0,14
29,"Abilene, TX",7,0,16,0,12,20,0,34
29,"Adak Island, AK",1,0,0,0,0,1,0,2
29,"Aguadilla, PR",13,2,6,0,8,17,1,44
29,"Akron, OH",15,7,13,1,16,30,3,77
29,"Albany, GA",2,1,2,0,0,4,2,14
29,"Albany, NY",76,13,33,2,72,111,22,242
29,"Albuquerque, NM",125,7,70,1,126,183,18,490
29,"Alexandria, LA",3,2,5,0,5,11,5,41
29,"Allentown/Bethlehem/Easton, PA",13,9,19,0,19,33,14,87
29,"Alpena, MI",3,1,1,0,0,4,0,12
29,"Amarillo, TX",22,2,22,0,33,43,0,107
29,"Anchorage, AK",65,5,39,7,62,112,22,519
29,"Appleton, WI",26,5,14,0,12,44,7,121
29,"Arcata/Eureka, CA",4,0,3,0,3,7,0,32
29,"Asheville, NC",65,22,72,0,65,123,30,286
29,"Ashland, WV",3,1,6,0,4,7,2,21
29,"Aspen, CO",34,4,26,0,9,54,1,162
29,"Atlanta, GA",1638,130,1581,7,1385,2640,1236,6980
29,"Atlantic City, NJ",10,4,11,0,11,20,4,48
29,"Augusta, GA",16,12,12,0,25,32,20,89
29,"Austin, TX",441,30,324,4,445,688,94,1781
29,"Bakersfield, CA",8,0,4,0,11,14,1,60
29,"Baltimore, MD",473,38,349,4,473,725,87,2074
29,"Bangor, ME",28,5,15,0,29,45,14,132
29,"Barrow, AK",1,0,2,0,1,3,1,7
29,"Baton Rouge, LA",21,5,23,1,29,41,14,101
29,"Beaumont/Port Arthur, TX",0,1,1,0,0,2,0,14
29,"Belleville, IL",5,5,4,0,4,11,6,35
29,"Bellingham, WA",12,1,3,0,10,15,3,64
29,"Bemidji, MN",4,0,0,0,0,4,0,14
29,"Bend/Redmond, OR",21,0,12,1,15,32,2,118
29,"Bethel, AK",2,0,2,0,1,3,0,14
29,"Billings, MT",14,3,6,0,15,27,8,98
29,"Binghamton, NY",1,0,0,0,1,1,2,7
29,"Birmingham, AL",99,15,73,0,93,155,27,336
29,"Bishop, CA",0,0,0,0,0,0,0,7
29,"Bismarck/Mandan, ND",15,0,6,0,13,25,2,83
29,"Bloomington/Normal, IL",5,0,9,0,12,15,3,37
29,"Boise, ID",95,8,53,1,72,130,27,496
29,"Boston, MA",601,57,441,0,539,977,221,2976
29,"Bozeman, MT",68,3,28,0,57,95,11,265
29,"Brainerd, MN",4,2,3,0,0,6,0,14
29,"Bristol/Johnson City/Kingsport, TN",9,2,7,0,9,16,5,46
29,"Brownsville, TX",10,1,11,0,11,20,1,47
29,"Brunswick, GA",5,4,4,0,0,9,0,14
29,"Buffalo, NY",122,17,72,1,109,181,33,463
29,"Burbank, CA",140,7,70,1,140,200,16,662
29,"Burlington, VT",33,6,18,1,35,53,19,180
29,"Butte, MT",3,0,0,0,0,3,0,14
29,"Casper, WY",11,1,13,0,4,18,0,56
29,"Cedar City, UT",2,0,0,0,0,2,0,12
29,"Cedar Rapids/Iowa City, IA",39,9,31,0,36,60,12,164
29,"Champaign/Urbana, IL",5,1,9,0,11,13,1,28
29,"Charleston, SC",133,18,77,0,120,201,64,574
29,"Charleston/Dunbar, WV",17,13,10,0,19,36,3,66
29,"Charlotte Amalie, VI",26,2,16,0,18,35,3,113
29,"Charlotte, NC",1084,206,1324,10,1298,1976,357,4365
29,"Charlottesville, VA",9,3,6,0,9,18,7,59
29,"Chattanooga, TN",25,8,20,0,22,43,14,122
29,"Cheyenne, WY",3,1,2,0,0,5,0,13
29,"Chicago, IL",1607,136,1034,9,1340,2351,479,7400
29,"Christiansted, VI",3,1,4,0,8,9,1,20
29,"Cincinnati, OH",209,33,152,1,213,336,90,868
29,"Clarksburg/Fairmont, WV",1,2,3,1,3,5,1,8
29,"Cleveland, OH",231,22,114,0,206,329,77,870
29,"Cody, WY",3,0,3,0,1,5,0,28
29,"College Station/Bryan, TX",5,0,8,0,7,11,0,21
29,"Colorado Springs, CO",80,8,47,1,69,124,7,279
29,"Columbia, MO",12,2,10,0,13,20,0,42
29,"Columbia, SC",38,7,16,0,31,50,22,133
29,"Columbus, GA",4,1,6,0,3,8,3,20
29,"Columbus, MS",3,0,0,0,4,5,2,14
29,"Columbus, OH",199,30,119,0,180,300,66,900
29,"Concord, NC",4,1,5,0,1,5,2,14
29,"Cordova, AK",0,0,1,0,0,1,1,14
29,"Corpus Christi, TX",17,1,16,0,23,32,0,85
29,"Dallas, TX",331,11,200,2,386,497,13,1481
29,"Dallas/Fort Worth, TX",1468,329,1342,18,1760,2688,284,6717
29,"Dayton, OH",28,10,22,0,39,54,11,147
29,"Daytona Beach, FL",16,4,7,0,14,27,8,56
29,"Deadhorse, AK",0,0,0,0,0,0,0,11
29,"Decatur, IL",3,0,3,0,2,5,0,12
29,"Denver, CO",1386,95,1060,3,1289,2253,325,6465
29,"Des Moines, IA",73,12,55,1,85,118,33,312
29,"Detroit, MI",708,66,315,4,430,942,329,2721
29,"Devils Lake, ND",2,0,0,0,1,3,0,13
29,"Dickinson, ND",2,1,1,0,0,3,0,13
29,"Dillingham, AK",1,0,0,0,1,2,0,7
29,"Dodge City, KS",0,0,1,0,2,2,1,12
29,"Dothan, AL",3,1,1,0,0,4,2,14
29,"Duluth, MN",10,2,4,0,7,18,1,50
29,"Durango, CO",18,1,14,1,8,23,1,85
29,"Eagle, CO",14,2,8,1,15,21,3,55
29,"El Paso, TX",97,5,59,1,101,135,6,353
29,"Elko, NV",1,1,2,0,0,2,1,7
29,"Elmira/Corning, NY",9,0,6,0,0,10,0,20
29,"Escanaba, MI",3,0,1,0,0,3,0,12
29,"Eugene, OR",30,2,11,0,29,45,3,146
29,"Evansville, IN",10,4,12,0,18,24,5,48
29,"Everett, WA",2,0,2,0,1,4,0,13
29,"Fairbanks, AK",11,1,3,0,13,21,1,85
29,"Fargo, ND",26,2,13,0,24,46,4,134
29,"Fayetteville, AR",67,14,54,0,59,111,17,280
29,"Fayetteville, NC",4,3,5,0,6,10,5,21
29,"Flagstaff, AZ",3,0,3,0,0,6,0,34
29,"Flint, MI",10,3,4,0,7,15,1,38
29,"Fort Dodge, IA",3,0,1,0,3,6,0,12
29,"Fort Lauderdale, FL",455,33,326,10,365,629,127,1687
29,"Fort Myers, FL",129,9,95,1,104,182,39,464
29,"Fort Smith, AR",11,0,4,0,10,14,0,26
29,"Fort Wayne, IN",28,6,17,0,6,40,5,96
29,"Fresno, CA",62,4,41,0,49,86,10,233
29,"Gainesville, FL",19,11,11,0,16,31,5,69
29,"Garden City, KS",4,1,2,0,4,5,0,14
29,"Gillette, WY",3,0,1,0,1,5,0,14
29,"Grand Forks, ND",4,1,2,0,0,6,0,23
29,"Grand Island, NE",3,0,4,0,1,5,0,18
29,"Grand Junction, CO",14,0,10,0,10,25,1,81
29,"Grand Rapids, MI",89,16,41,0,73,124,26,354
29,"Great Falls, MT",5,1,1,0,4,7,2,45
29,"Green Bay, WI",10,6,5,0,3,19,3,62
29,"Greensboro/High Point, NC",65,20,45,2,57,112,25,245
29,"Greer, SC",85,19,65,0,94,138,31,346
29,"Guam, TT",6,0,3,0,2,7,0,14
29,"Gulfport/Biloxi, MS",24,5,12,0,25,36,6,71
29,"Gunnison, CO",3,1,3,0,1,6,0,15
29,"Gustavus, AK",2,0,1,0,1,3,1,7
29,"Hagerstown, MD",4,1,3,0,2,6,1,10
29,"Hancock/Houghton, MI",0,1,1,0,3,4,0,14
29,"Harlingen/San Benito, TX",18,1,13,0,30,34,1,79
29,"Harrisburg, PA",27,17,21,0,29,52,10,116
29,"Hartford, CT",117,12,55,0,101,155,45,445
29,"Hattiesburg/Laurel, MS",4,0,2,0,2,6,0,12
29,"Hayden, CO",7,3,5,0,4,13,0,30
29,"Hays, KS",3,1,0,0,0,4,0,12
29,"Helena, MT",4,0,2,0,4,8,0,28
29,"Hibbing, MN",0,0,0,0,0,0,0,12
29,"Hilo, HI",11,0,1,0,10,13,0,128
29,"Hilton Head, SC",11,1,8,0,10,16,3,54
29,"Hobbs, NM",2,1,4,0,4,8,0,14
29,"Honolulu, HI",134,4,30,0,103,182,15,1242
29,"Houston, TX",953,66,764,8,794,1436,220,3570
29,"Huntsville, AL",32,10,26,0,41,67,18,175
29,"Hyannis, MA",2,0,2,0,3,4,0,21
29,"Idaho Falls, ID",13,1,9,0,12,25,2,74
29,"Indianapolis, IN",259,27,146,2,246,379,62,967
29,"International Falls, MN",6,1,1,0,0,7,0,14
29,"Iron Mountain/Kingsfd, MI",3,1,1,0,0,3,0,14
29,"Islip, NY",19,1,8,1,19,27,3,93
29,"Ithaca/Cortland, NY",3,0,3,0,4,7,1,14
29,"Jackson, WY",43,3,17,0,31,61,11,151
29,"Jackson/Vicksburg, MS",37,6,31,1,37,60,13,142
29,"Jacksonville, FL",170,16,136,1,149,246,63,601
29,"Jacksonville/Camp Lejeune, NC",9,10,14,0,17,22,5,48
29,"Jamestown, ND",1,0,1,0,1,2,0,13
29,"Johnstown, PA",2,0,0,0,0,2,1,14
29,"Joplin, MO",2,0,0,0,1,3,1,12
29,"Juneau, AK",16,1,13,0,14,28,4,119
29,"Kahului, HI",49,0,8,0,44,74,10,547
29,"Kalamazoo, MI",5,1,2,0,0,6,0,20
29,"Kalispell, MT",31,1,14,0,19,43,4,132
29,"Kansas City, MO",288,14,157,3,273,399,61,1056
29,"Ketchikan, AK",5,0,4,0,3,8,0,63
29,"Key West, FL",29,3,17,0,23,42,12,117
29,"Killeen, TX",9,1,9,0,11,16,0,41
29,"King Salmon, AK",0,0,2,0,2,2,0,12
29,"Knoxville, TN",73,22,68,0,89,136,38,356
29,"Kodiak, AK",0,0,0,0,1,1,0,18
29,"Kona, HI",43,1,12,2,31,56,7,331
29,"Kotzebue, AK",0,0,0,0,0,0,0,7
29,"La Crosse, WI",1,2,3,0,6,7,1,14
29,"Lafayette, LA",21,10,19,0,16,39,2,73
29,"Lake Charles, LA",2,0,4,0,3,6,0,21
29,"Lansing, MI",8,0,1,0,5,10,2,26
29,"Laramie, WY",1,1,1,0,1,3,0,12
29,"Laredo, TX",5,3,13,0,13,19,0,40
29,"Las Vegas, NV",873,48,811,8,915,1446,257,3757
29,"Latrobe, PA",3,0,1,0,2,4,1,14
29,"Lawton/Fort Sill, OK",4,0,2,0,0,4,0,21
29,"Lewiston, ID",4,1,1,0,1,6,0,21
29,"Lexington, KY",44,17,37,2,46,78,17,198
29,"Liberal, KS",1,0,1,0,1,2,1,12
29,"Lihue, HI",38,0,7,0,25,51,7,330
29,"Lincoln, NE",12,0,7,0,7,21,0,48
29,"Little Rock, AR",67,6,64,0,72,119,11,275
29,"Long Beach, CA",75,5,21,0,79,106,2,350
29,"Longview, TX",4,0,2,0,3,7,0,14
29,"Los Angeles, CA",914,65,499,4,656,1215,276,4010
29,"Louisville, KY",125,19,87,1,122,193,42,501
29,"Lubbock, TX",31,3,23,0,39,51,0,119
29,"Madison, WI",52,8,34,0,45,80,26,232
29,"Manchester, NH",25,7,12,1,33,47,8,119
29,"Manhattan/Ft. Riley, KS",3,0,5,0,8,10,0,21
29,"Marquette, MI",4,1,2,0,2,7,0,21
29,"Martha's Vineyard, MA",8,0,6,0,7,12,4,80
29,"Mason City, IA",3,0,2,0,2,5,0,12
29,"Medford, OR",18,2,11,0,7,24,5,88
29,"Melbourne, FL",12,2,9,0,5,18,10,53
29,"Memphis, TN",134,19,83,0,143,214,47,491
29,"Meridian, MS",5,0,4,0,2,7,0,12
29,"Miami, FL",480,55,258,8,392,684,108,1984
29,"Midland/Odessa, TX",38,2,43,1,41,69,0,189
29,"Milwaukee, WI",168,14,98,1,136,233,39,603
29,"Minneapolis, MN",689,62,439,4,449,1008,316,2724
29,"Minot, ND",4,2,4,0,1,8,1,54
29,"Mission/McAllen/Edinburg, TX",31,3,16,0,28,44,5,110
29,"Missoula, MT",24,2,18,0,20,41,10,129
29,"Mobile, AL",6,1,9,0,11,16,11,53
29,"Moline, IL",19,5,24,0,30,41,8,87
29,"Monroe, LA",8,2,3,0,11,14,4,48
29,"Monterey, CA",19,3,17,0,12,33,2,100
29,"Montgomery, AL",9,2,7,0,12,19,5,54
29,"Montrose/Delta, CO",17,1,11,0,14,24,1,57
29,"Mosinee, WI",1,0,1,0,3,3,1,14
29,"Myrtle Beach, SC",96,14,92,0,86,159,57,439
29,"Nantucket, MA",13,0,7,0,10,17,6,109
29,"Nashville, TN",505,56,301,5,533,757,99,2097
29,"New Bern/Morehead/Beaufort, NC",1,1,1,0,0,3,2,6
29,"New Orleans, LA",281,11,197,1,254,410,66,960
29,"New York, NY",1140,102,1103,7,967,1966,677,5679
29,"Newark, NJ",558,46,506,2,426,922,308,2536
29,"Newburgh/Poughkeepsie, NY",3,1,2,0,0,3,1,11
29,"Niagara Falls, NY",1,2,3,0,0,5,1,8
29,"Nome, AK",2,0,1,0,1,2,0,7
29,"Norfolk, VA",100,17,91,0,99,160,66,449
29,"North Bend/Coos Bay, OR",0,0,0,0,0,0,0,9
29,"North Platte, NE",5,0,1,0,0,5,0,12
29,"Oakland, CA",166,6,65,1,203,253,17,851
29,"Oklahoma City, OK",120,18,71,0,117,184,13,475
29,"Omaha, NE",135,8,80,3,114,185,32,482
29,"Ontario, CA",129,3,53,0,131,185,28,552
29,"Orlando, FL",766,46,659,3,714,1202,225,3029
29,"Pago Pago, TT",0,0,0,0,0,0,0,3
29,"Palm Springs, CA",25,2,17,0,23,38,0,138
29,"Panama City, FL",64,4,42,0,59,95,15,240
29,"Pasco/Kennewick/Richland, WA",20,0,6,0,10,24,2,106
29,"Pellston, MI",8,0,0,0,0,7,0,26
29,"Pensacola, FL",75,20,80,0,77,141,22,325
29,"Peoria, IL",11,6,12,0,16,25,2,74
29,"Petersburg, AK",1,1,2,0,1,2,0,14
29,"Philadelphia, PA",457,72,344,3,451,772,181,2293
29,"Phoenix, AZ",775,60,529,6,751,1176,150,3722
29,"Pittsburgh, PA",221,22,138,3,218,338,89,942
29,"Plattsburgh, NY",5,0,4,0,3,5,1,11
29,"Pocatello, ID",0,0,0,0,0,0,0,14
29,"Ponce, PR",7,1,6,0,5,7,0,21
29,"Portland, ME",76,6,31,0,60,97,23,308
29,"Portland, OR",238,19,120,0,213,358,83,1257
29,"Portsmouth, NH",1,0,1,0,0,2,0,7
29,"Prescott, AZ",2,0,3,0,3,5,0,14
29,"Providence, RI",74,13,48,0,74,114,15,301
29,"Provo, UT",6,2,8,0,9,11,5,37
29,"Punta Gorda, FL",19,1,27,0,20,33,14,118
29,"Raleigh/Durham, NC",322,28,200,0,304,478,132,1298
29,"Rapid City, SD",32,3,27,0,25,51,9,129
29,"Redding, CA",3,1,1,0,1,5,0,28
29,"Reno, NV",111,6,59,1,114,162,21,441
29,"Rhinelander, WI",11,3,4,0,0,14,1,21
29,"Richmond, VA",122,19,63,1,108,170,39,375
29,"Riverton/Lander, WY",5,0,3,0,1,6,0,14
29,"Roanoke, VA",11,1,6,0,10,18,6,53
29,"Rochester, MN",6,2,5,0,9,13,1,30
29,"Rochester, NY",70,12,39,0,62,106,33,258
29,"Rock Springs, WY",4,0,2,0,0,5,0,14
29,"Rockford, IL",3,2,4,0,0,6,2,18
29,"Roswell, NM",2,0,2,0,0,3,1,21
29,"Sacramento, CA",251,16,107,2,250,372,38,1157
29,"Saginaw/Bay City/Midland, MI",10,2,8,0,2,14,0,46
29,"Saipan, TT",0,0,0,0,0,0,0,7
29,"Salina, KS",3,0,0,0,0,3,0,12
29,"Salt Lake City, UT",518,25,260,1,366,706,216,2287
29,"San Angelo, TX",4,0,4,0,6,9,0,21
29,"San Antonio, TX",247,18,172,2,237,382,69,866
29,"San Diego, CA",473,26,343,2,425,715,80,1994
29,"San Francisco, CA",509,35,335,4,439,808,194,2695
29,"San Jose, CA",206,9,113,1,234,317,22,1033
29,"San Juan, PR",243,11,154,5,194,317,31,810
29,"San Luis Obispo, CA",20,2,14,1,16,33,1,105
29,"Sanford, FL",49,7,63,0,65,91,21,230
29,"Santa Ana, CA",163,5,72,1,159,227,47,849
29,"Santa Barbara, CA",32,2,18,0,24,46,2,170
29,"Santa Fe, NM",10,2,5,0,4,16,0,70
29,"Santa Maria, CA",1,0,0,0,0,1,0,2
29,"Santa Rosa, CA",5,0,6,0,8,12,0,73
29,"Sarasota/Bradenton, FL",63,9,49,0,54,90,20,264
29,"Sault Ste. Marie, MI",2,1,1,0,0,3,0,14
29,"Savannah, GA",114,23,104,1,122,190,36,398
29,"Scottsbluff, NE",1,0,2,0,4,5,0,12
29,"Scranton/Wilkes-Barre, PA",7,7,5,0,10,18,1,34
29,"Seattle, WA",575,63,492,7,534,1007,169,3695
29,"Sheridan, WY",2,0,1,0,2,4,0,14
29,"Shreveport, LA",15,5,18,0,27,41,7,95
29,"Sioux City, IA",4,0,1,0,1,6,1,14
29,"Sioux Falls, SD",31,5,19,0,20,47,12,128
29,"Sitka, AK",5,0,4,0,7,10,0,42
29,"South Bend, IN",23,11,18,0,13,46,5,126
29,"Spokane, WA",70,9,40,0,69,109,23,370
29,"Springfield, IL",0,0,0,0,0,0,1,2
29,"Springfield, MO",36,13,35,0,44,80,12,203
29,"St. Cloud, MN",0,0,0,0,0,0,1,2
29,"St. George, UT",7,0,3,0,3,10,0,53
29,"St. Louis, MO",302,31,164,2,338,485,62,1381
29,"St. Petersburg, FL",32,28,57,1,45,99,24,220
29,"State College, PA",0,0,0,0,1,1,0,8
29,"Stillwater, OK",1,1,2,0,0,3,0,14
29,"Stockton, CA",2,2,3,0,3,6,1,11
29,"Sun Valley/Hailey/Ketchum, ID",5,1,2,0,3,10,0,44
29,"Syracuse, NY",63,14,49,0,64,114,31,287
29,"Tallahassee, FL",18,10,15,0,26,38,13,110
29,"Tampa, FL",394,26,296,6,365,569,111,1448
29,"Texarkana, AR",6,0,3,0,5,9,0,14
29,"Toledo, OH",2,0,0,0,0,2,0,6
29,"Traverse City, MI",22,5,26,0,22,43,10,139
29,"Trenton, NJ",2,2,4,0,4,7,2,31
29,"Tucson, AZ",64,4,33,0,60,96,9,317
29,"Tulsa, OK",88,9,49,0,85,130,15,356
29,"Twin Falls, ID",3,0,0,0,0,3,0,14
29,"Tyler, TX",6,0,6,0,7,10,0,21
29,"Valdosta, GA",5,1,3,0,2,5,4,14
29,"Valparaiso, FL",64,7,67,0,85,119,25,266
29,"Victoria, TX",0,0,1,0,2,2,0,12
29,"Waco, TX",2,0,1,0,0,3,0,21
29,"Walla Walla, WA",0,0,1,0,3,3,0,14
29,"Washington, DC",783,93,549,3,708,1225,246,3762
29,"West Palm Beach/Palm Beach, FL",128,7,68,0,94,177,48,469
29,"West Yellowstone, MT",7,0,3,0,0,7,0,16
29,"White Plains, NY",56,14,48,0,43,86,16,238
29,"Wichita Falls, TX",2,0,2,1,0,4,0,14
29,"Wichita, KS",32,8,43,1,42,79,12,220
29,"Williston, ND",9,2,8,0,2,14,0,38
29,"Wilmington, NC",40,14,32,1,44,76,21,200
29,"Worcester, MA",5,0,3,0,4,9,0,27
29,"Wrangell, AK",1,2,2,0,2,4,0,14
29,"Yakutat, AK",0,0,1,1,0,1,1,14
29,"Yuma, AZ",5,0,4,0,1,5,1,27
30,"Aberdeen, SD",1,0,1,0,0,2,0,14
30,"Abilene, TX",2,1,6,0,3,7,0,34
30,"Adak Island, AK",0,0,0,0,0,0,0,2
30,"Aguadilla, PR",14,1,10,0,7,15,0,44
30,"Akron, OH",16,2,14,0,14,27,1,76
30,"Albany, GA",3,1,1,0,0,4,0,14
30,"Albany, NY",57,7,20,2,54,84,14,242
30,"Albuquerque, NM",102,2,54,0,90,133,3,488
30,"Alexandria, LA",3,0,5,0,2,6,1,41
30,"Allentown/Bethlehem/Easton, PA",14,5,8,0,11,26,1,87
30,"Alpena, MI",2,0,0,0,0,2,0,12
30,"Amarillo, TX",17,0,11,0,13,26,0,107
30,"Anchorage, AK",57,3,118,14,85,163,7,520
30,"Appleton, WI",22,1,12,1,17,35,3,122
30,"Arcata/Eureka, CA",1,0,2,0,1,3,0,32
30,"Asheville, NC",46,11,58,0,55,97,6,287
30,"Ashland, WV",0,3,5,0,2,4,1,21
30,"Aspen, CO",18,3,12,0,10,30,1,162
30,"Atlanta, GA",1397,128,1315,7,1359,2376,482,6971
30,"Atlantic City, NJ",7,2,8,0,5,12,1,52
30,"Augusta, GA",15,3,9,2,17,26,4,89
30,"Austin, TX",446,41,401,2,389,669,29,1780
30,"Bakersfield, CA",14,1,6,0,15,20,0,59
30,"Baltimore, MD",449,29,394,3,472,682,19,2071
30,"Bangor, ME",20,2,18,0,20,42,5,132
30,"Barrow, AK",2,0,2,0,0,2,1,7
30,"Baton Rouge, LA",23,3,19,1,22,36,6,101
30,"Beaumont/Port Arthur, TX",2,0,2,0,0,2,0,14
30,"Belleville, IL",7,4,5,0,7,15,0,35
30,"Bellingham, WA",10,0,6,0,10,14,0,64
30,"Bemidji, MN",0,2,1,0,0,2,0,14
30,"Bend/Redmond, OR",18,0,15,0,10,26,0,118
30,"Bethel, AK",0,0,1,0,2,1,1,14
30,"Billings, MT",20,0,11,0,16,29,1,98
30,"Binghamton, NY",0,0,1,0,1,1,0,7
30,"Birmingham, AL",88,10,84,0,83,144,16,335
30,"Bishop, CA",1,0,0,0,1,2,0,7
30,"Bismarck/Mandan, ND",11,0,7,0,12,17,1,83
30,"Bloomington/Normal, IL",7,2,3,0,7,11,0,37
30,"Boise, ID",91,6,57,1,61,126,6,492
30,"Boston, MA",503,41,479,3,486,903,72,2981
30,"Bozeman, MT",48,2,25,0,37,68,2,265
30,"Brainerd, MN",0,1,0,0,0,1,0,14
30,"Bristol/Johnson City/Kingsport, TN",7,2,3,0,5,9,0,46
30,"Brownsville, TX",5,3,9,0,3,14,1,47
30,"Brunswick, GA",3,1,2,0,0,4,0,14
30,"Buffalo, NY",103,7,77,0,95,159,10,464
30,"Burbank, CA",112,3,66,0,101,155,11,662
30,"Burlington, VT",26,4,29,0,25,49,10,181
30,"Butte, MT",0,0,0,0,0,0,0,14
30,"Casper, WY",10,0,4,0,8,17,0,56
30,"Cedar City, UT",2,0,0,0,0,2,0,12
30,"Cedar Rapids/Iowa City, IA",26,6,24,0,36,54,3,165
30,"Champaign/Urbana, IL",2,1,2,0,4,6,1,28
30,"Charleston, SC",103,8,81,0,111,173,17,573
30,"Charleston/Dunbar, WV",13,6,8,0,9,24,0,66
30,"Charlotte Amalie, VI",27,0,20,1,11,32,1,113
30,"Charlotte, NC",878,120,868,6,1077,1564,188,4352
30,"Charlottesville, VA",12,2,8,0,12,19,1,59
30,"Chattanooga, TN",24,3,19,0,21,41,1,122
30,"Cheyenne, WY",2,0,1,0,1,2,0,13
30,"Chicago, IL",1120,118,1135,7,1116,1994,100,7399
30,"Christiansted, VI",1,1,2,0,2,4,0,20
30,"Cincinnati, OH",151,26,145,0,169,274,26,860
30,"Clarksburg/Fairmont, WV",1,0,1,0,3,3,0,8
30,"Cleveland, OH",165,11,108,2,166,256,21,867
30,"Cody, WY",1,0,3,0,5,5,0,28
30,"College Station/Bryan, TX",2,0,0,0,2,2,1,21
30,"Colorado Springs, CO",64,1,30,0,49,89,3,279
30,"Columbia, MO",7,2,11,0,8,14,0,42
30,"Columbia, SC",33,5,22,0,27,49,9,133
30,"Columbus, GA",5,1,4,0,4,8,1,20
30,"Columbus, MS",1,1,2,0,4,4,0,14
30,"Columbus, OH",171,17,117,1,154,260,19,899
30,"Concord, NC",3,1,3,0,3,4,0,15
30,"Cordova, AK",0,0,2,0,2,2,0,14
30,"Corpus Christi, TX",20,0,18,0,20,33,0,89
30,"Dallas, TX",305,12,189,1,322,427,7,1479
30,"Dallas/Fort Worth, TX",1262,198,1013,16,1341,2069,111,6724
30,"Dayton, OH",35,7,17,0,25,49,6,147
30,"Daytona Beach, FL",9,1,0,0,10,15,3,56
30,"Deadhorse, AK",0,0,0,0,0,0,0,11
30,"Decatur, IL",2,0,2,0,2,4,0,12
30,"Denver, CO",813,54,474,3,800,1275,67,6469
30,"Des Moines, IA",69,2,48,0,79,110,8,311
30,"Detroit, MI",465,43,270,2,370,691,131,2720
30,"Devils Lake, ND",2,0,0,0,1,3,0,13
30,"Dickinson, ND",0,0,0,0,0,0,0,13
30,"Dillingham, AK",1,0,0,0,0,1,0,7
30,"Dodge City, KS",2,1,0,0,0,3,1,12
30,"Dothan, AL",1,4,1,0,0,5,0,14
30,"Duluth, MN",6,0,3,0,6,8,1,48
30,"Durango, CO",12,0,12,0,5,17,0,85
30,"Eagle, CO",9,2,7,0,10,15,0,55
30,"El Paso, TX",78,3,42,0,85,105,0,353
30,"Elko, NV",2,0,1,0,0,2,0,7
30,"Elmira/Corning, NY",4,0,2,0,0,4,0,20
30,"Escanaba, MI",5,0,1,0,0,5,0,12
30,"Eugene, OR",30,0,14,0,28,42,0,146
30,"Evansville, IN",8,2,5,0,11,15,0,48
30,"Everett, WA",0,0,2,0,1,2,0,13
30,"Fairbanks, AK",18,0,17,0,12,28,2,84
30,"Fargo, ND",13,2,15,0,12,25,1,133
30,"Fayetteville, AR",50,9,42,0,49,84,0,281
30,"Fayetteville, NC",4,3,1,0,4,9,2,21
30,"Flagstaff, AZ",0,0,3,0,2,3,0,34
30,"Flint, MI",8,1,8,1,2,11,0,38
30,"Fort Dodge, IA",2,0,1,0,1,2,0,12
30,"Fort Lauderdale, FL",383,22,280,3,312,539,42,1687
30,"Fort Myers, FL",115,8,79,0,88,163,10,464
30,"Fort Smith, AR",4,1,2,0,1,5,0,26
30,"Fort Wayne, IN",14,5,12,0,10,25,1,94
30,"Fresno, CA",41,3,23,0,30,62,2,235
30,"Gainesville, FL",12,2,8,0,8,19,4,69
30,"Garden City, KS",0,0,1,0,1,1,0,14
30,"Gillette, WY",1,0,1,0,1,2,0,14
30,"Grand Forks, ND",2,0,2,0,0,3,0,23
30,"Grand Island, NE",0,0,2,0,1,2,0,18
30,"Grand Junction, CO",11,0,10,1,13,22,0,81
30,"Grand Rapids, MI",70,4,38,0,66,103,13,352
30,"Great Falls, MT",3,2,4,0,0,6,0,45
30,"Green Bay, WI",13,2,7,0,3,15,0,64
30,"Greensboro/High Point, NC",56,8,37,0,56,95,14,245
30,"Greer, SC",69,9,45,2,66,111,10,345
30,"Guam, TT",4,0,3,0,0,3,0,14
30,"Gulfport/Biloxi, MS",12,3,6,0,12,18,4,71
30,"Gunnison, CO",2,0,2,0,1,3,0,15
30,"Gustavus, AK",2,1,2,0,0,3,1,7
30,"Hagerstown, MD",0,2,2,0,1,3,0,10
30,"Hancock/Houghton, MI",1,0,1,0,4,5,1,14
30,"Harlingen/San Benito, TX",15,2,15,1,23,30,0,79
30,"Harrisburg, PA",31,6,10,0,23,41,5,116
30,"Hartford, CT",104,10,52,1,91,146,15,443
30,"Hattiesburg/Laurel, MS",3,1,3,0,1,5,0,12
30,"Hayden, CO",3,0,3,0,2,5,0,30
30,"Hays, KS",1,0,0,0,0,1,0,12
30,"Helena, MT",3,0,2,0,0,2,0,28
30,"Hibbing, MN",2,0,2,0,0,2,0,12
30,"Hilo, HI",11,0,1,2,14,17,0,128
30,"Hilton Head, SC",6,1,8,1,6,11,0,54
30,"Hobbs, NM",2,1,3,0,3,7,1,14
30,"Honolulu, HI",122,1,49,0,109,184,7,1241
30,"Houston, TX",832,52,1074,6,711,1454,82,3576
30,"Huntsville, AL",32,5,15,0,29,52,6,175
30,"Hyannis, MA",3,0,2,0,2,4,0,21
30,"Idaho Falls, ID",12,1,6,0,4,16,0,74
30,"Indianapolis, IN",200,21,156,0,202,326,19,961
30,"International Falls, MN",2,2,0,0,0,4,0,14
30,"Iron Mountain/Kingsfd, MI",6,0,0,0,0,6,0,14
30,"Islip, NY",17,0,7,0,19,25,9,93
30,"Ithaca/Cortland, NY",3,0,4,0,2,5,0,14
30,"Jackson, WY",24,1,12,0,16,29,0,151
30,"Jackson/Vicksburg, MS",35,2,22,0,28,51,5,142
30,"Jacksonville, FL",170,11,131,1,131,238,20,601
30,"Jacksonville/Camp Lejeune, NC",8,2,7,0,8,13,6,48
30,"Jamestown, ND",1,0,1,0,0,1,0,13
30,"Johnstown, PA",0,1,2,0,2,3,0,14
30,"Joplin, MO",2,0,2,0,4,6,0,12
30,"Juneau, AK",20,2,23,0,18,39,1,119
30,"Kahului, HI",44,0,10,6,34,57,1,547
30,"Kalamazoo, MI",5,0,3,0,0,5,0,20
30,"Kalispell, MT",19,1,9,0,14,25,3,132
30,"Kansas City, MO",215,15,127,1,237,324,21,1057
30,"Ketchikan, AK",4,0,9,0,8,12,1,63
30,"Key West, FL",26,2,15,0,18,38,4,117
30,"Killeen, TX",4,0,4,0,6,7,0,41
30,"King Salmon, AK",3,0,1,0,1,4,0,13
30,"Knoxville, TN",58,17,45,0,69,107,10,353
30,"Kodiak, AK",4,0,1,0,4,5,1,18
30,"Kona, HI",37,0,12,4,32,54,0,331
30,"Kotzebue, AK",1,0,1,0,1,2,0,7
30,"La Crosse, WI",2,1,4,0,2,5,0,13
30,"Lafayette, LA",11,3,13,2,7,20,2,73
30,"Lake Charles, LA",1,0,3,0,4,3,0,21
30,"Lansing, MI",7,0,5,0,3,8,0,26
30,"Laramie, WY",1,0,0,0,1,2,4,12
30,"Laredo, TX",9,0,7,0,8,12,0,40
30,"Las Vegas, NV",645,29,571,9,704,1051,70,3757
30,"Latrobe, PA",0,0,0,0,1,1,1,14
30,"Lawton/Fort Sill, OK",3,0,2,0,1,4,0,21
30,"Lewiston, ID",2,0,1,0,0,2,0,21
30,"Lexington, KY",42,5,25,1,46,65,14,198
30,"Liberal, KS",1,0,0,0,0,1,0,12
30,"Lihue, HI",27,0,7,5,21,34,2,330
30,"Lincoln, NE",8,0,4,0,3,12,0,49
30,"Little Rock, AR",58,10,48,0,54,94,5,275
30,"Long Beach, CA",61,0,14,0,56,75,1,350
30,"Longview, TX",2,0,2,0,2,4,0,14
30,"Los Angeles, CA",728,49,494,7,558,1039,73,4009
30,"Louisville, KY",114,10,80,0,106,170,10,502
30,"Lubbock, TX",19,1,12,0,18,29,0,119
30,"Madison, WI",46,4,37,0,53,75,7,234
30,"Manchester, NH",26,4,9,0,28,40,6,119
30,"Manhattan/Ft. Riley, KS",4,0,2,0,4,5,0,21
30,"Marquette, MI",2,1,2,0,3,5,0,21
30,"Martha's Vineyard, MA",6,0,11,0,4,14,0,80
30,"Mason City, IA",1,0,1,0,2,3,0,12
30,"Medford, OR",15,0,10,0,6,20,0,88
30,"Melbourne, FL",4,2,3,0,9,13,0,53
30,"Memphis, TN",123,11,85,2,119,175,14,492
30,"Meridian, MS",1,1,3,0,3,5,1,12
30,"Miami, FL",419,50,282,6,386,636,43,1979
30,"Midland/Odessa, TX",27,0,22,0,23,46,0,188
30,"Milwaukee, WI",121,13,79,0,108,184,18,599
30,"Minneapolis, MN",528,44,460,1,386,850,164,2724
30,"Minot, ND",6,2,4,0,2,11,0,54
30,"Mission/McAllen/Edinburg, TX",36,4,19,0,27,47,2,110
30,"Missoula, MT",15,2,16,0,14,29,2,129
30,"Mobile, AL",12,1,5,0,9,17,2,53
30,"Moline, IL",17,2,11,0,17,33,2,90
30,"Monroe, LA",3,1,6,0,8,12,0,48
30,"Monterey, CA",16,2,16,0,21,30,1,100
30,"Montgomery, AL",10,2,6,0,9,16,1,54
30,"Montrose/Delta, CO",9,0,5,0,4,13,0,57
30,"Mosinee, WI",2,0,3,0,3,4,0,14
30,"Myrtle Beach, SC",86,13,83,0,82,149,16,440
30,"Nantucket, MA",5,1,8,0,5,12,4,109
30,"Nashville, TN",397,32,291,8,393,595,17,2096
30,"New Bern/Morehead/Beaufort, NC",2,0,2,0,3,3,0,6
30,"New Orleans, LA",290,15,242,2,241,410,21,963
30,"New York, NY",828,85,798,7,845,1511,205,5681
30,"Newark, NJ",341,46,515,3,323,775,99,2520
30,"Newburgh/Poughkeepsie, NY",2,1,2,0,2,3,0,11
30,"Niagara Falls, NY",0,0,1,0,0,1,0,8
30,"Nome, AK",1,0,1,0,2,3,0,7
30,"Norfolk, VA",94,13,90,0,84,157,14,449
30,"North Bend/Coos Bay, OR",0,1,0,0,1,2,0,9
30,"North Platte, NE",2,0,3,0,2,4,0,12
30,"Oakland, CA",144,2,58,0,167,201,7,851
30,"Oklahoma City, OK",82,10,55,0,96,140,9,475
30,"Omaha, NE",109,5,69,1,99,153,7,482
30,"Ontario, CA",105,5,57,1,105,157,10,553
30,"Orlando, FL",684,41,600,7,660,1090,72,3041
30,"Pago Pago, TT",2,0,0,1,0,2,0,3
30,"Palm Springs, CA",18,1,14,0,14,29,0,138
30,"Panama City, FL",42,6,32,0,44,69,4,240
30,"Pasco/Kennewick/Richland, WA",15,1,9,1,7,23,0,106
30,"Pellston, MI",4,1,0,0,0,5,0,26
30,"Pensacola, FL",88,5,54,2,73,124,12,324
30,"Peoria, IL",7,3,8,0,10,17,0,74
30,"Petersburg, AK",1,0,0,0,1,1,0,14
30,"Philadelphia, PA",422,64,345,1,478,739,54,2290
30,"Phoenix, AZ",654,45,456,7,681,1009,40,3722
30,"Pittsburgh, PA",185,23,145,0,192,296,24,943
30,"Plattsburgh, NY",1,0,1,0,1,1,0,14
30,"Pocatello, ID",0,0,0,0,0,0,0,14
30,"Ponce, PR",5,0,2,0,2,6,0,21
30,"Portland, ME",50,3,46,0,50,90,7,308
30,"Portland, OR",218,10,136,2,199,323,16,1254
30,"Portsmouth, NH",0,2,2,0,0,2,0,7
30,"Prescott, AZ",3,0,2,0,1,4,0,14
30,"Providence, RI",86,5,35,2,70,109,6,301
30,"Provo, UT",7,1,11,0,14,16,0,37
30,"Punta Gorda, FL",12,1,29,0,20,38,1,118
30,"Raleigh/Durham, NC",295,23,238,1,315,473,42,1300
30,"Rapid City, SD",19,0,12,0,12,24,1,129
30,"Redding, CA",4,1,1,0,1,6,0,28
30,"Reno, NV",100,3,63,1,77,133,4,442
30,"Rhinelander, WI",5,2,1,0,0,6,0,20
30,"Richmond, VA",82,10,51,3,71,122,12,375
30,"Riverton/Lander, WY",1,0,1,0,1,1,0,14
30,"Roanoke, VA",8,2,7,0,8,15,1,53
30,"Rochester, MN",3,1,3,0,2,7,0,29
30,"Rochester, NY",60,6,24,0,61,84,11,258
30,"Rock Springs, WY",1,0,2,0,2,3,0,14
30,"Rockford, IL",3,1,1,0,2,4,0,18
30,"Roswell, NM",3,0,3,0,0,3,0,21
30,"Sacramento, CA",213,8,124,4,200,297,9,1159
30,"Saginaw/Bay City/Midland, MI",4,0,5,0,4,8,1,46
30,"Saipan, TT",0,0,0,0,0,0,0,7
30,"Salina, KS",3,0,3,0,0,3,0,12
30,"Salt Lake City, UT",354,15,133,0,269,465,89,2287
30,"San Angelo, TX",2,0,3,0,3,3,0,21
30,"San Antonio, TX",254,11,192,1,223,361,14,864
30,"San Diego, CA",368,26,284,8,337,555,33,2002
30,"San Francisco, CA",421,30,285,5,350,641,34,2694
30,"San Jose, CA",132,9,87,0,166,235,14,1048
30,"San Juan, PR",190,12,134,4,134,258,7,812
30,"San Luis Obispo, CA",16,1,12,0,23,31,0,105
30,"Sanford, FL",31,11,38,0,60,72,1,232
30,"Santa Ana, CA",141,11,64,1,124,195,14,849
30,"Santa Barbara, CA",22,2,17,0,17,35,1,170
30,"Santa Fe, NM",8,1,5,0,2,12,0,70
30,"Santa Maria, CA",0,0,0,0,0,0,0,2
30,"Santa Rosa, CA",9,1,12,0,7,16,0,73
30,"Sarasota/Bradenton, FL",60,4,41,1,54,84,5,260
30,"Sault Ste. Marie, MI",4,0,1,0,0,3,0,14
30,"Savannah, GA",86,10,61,1,83,136,17,398
30,"Scottsbluff, NE",0,0,2,0,2,2,0,12
30,"Scranton/Wilkes-Barre, PA",7,2,8,0,6,12,1,34
30,"Seattle, WA",512,55,490,7,493,920,57,3698
30,"Sheridan, WY",1,0,0,0,0,1,0,14
30,"Shreveport, LA",23,2,19,0,20,36,1,95
30,"Sioux City, IA",1,0,2,0,2,4,0,14
30,"Sioux Falls, SD",20,3,8,0,20,32,2,128
30,"Sitka, AK",5,3,6,0,6,14,0,42
30,"South Bend, IN",21,7,15,0,10,33,1,126
30,"Spokane, WA",72,4,40,0,61,100,7,370
30,"Springfield, IL",0,0,0,0,0,0,0,2
30,"Springfield, MO",30,5,27,0,27,53,0,203
30,"St. Cloud, MN",0,0,0,0,0,0,0,2
30,"St. George, UT",11,3,7,0,1,16,0,53
30,"St. Louis, MO",244,15,165,3,308,416,20,1382
30,"St. Petersburg, FL",29,19,31,0,42,70,0,218
30,"State College, PA",0,0,0,0,0,0,0,8
30,"Stillwater, OK",0,0,0,0,0,0,0,14
30,"Stockton, CA",0,0,1,0,1,1,0,11
30,"Sun Valley/Hailey/Ketchum, ID",0,0,2,0,5,5,0,44
30,"Syracuse, NY",54,9,43,0,53,91,10,287
30,"Tallahassee, FL",27,4,20,0,28,42,2,110
30,"Tampa, FL",361,20,316,5,332,526,35,1443
30,"Texarkana, AR",3,0,2,0,4,4,0,14
30,"Toledo, OH",0,0,0,0,0,0,0,6
30,"Traverse City, MI",18,3,18,0,11,30,1,138
30,"Trenton, NJ",4,2,6,0,5,8,0,32
30,"Tucson, AZ",53,3,26,0,43,77,6,318
30,"Tulsa, OK",82,5,42,0,92,130,9,357
30,"Twin Falls, ID",1,0,0,0,0,1,0,14
30,"Tyler, TX",1,0,3,0,3,3,0,21
30,"Valdosta, GA",5,1,3,0,3,6,0,14
30,"Valparaiso, FL",51,7,59,0,61,94,5,266
30,"Victoria, TX",2,0,2,0,3,5,0,12
30,"Waco, TX",0,1,1,0,0,2,0,21
30,"Walla Walla, WA",3,0,2,0,2,5,0,14
30,"Washington, DC",602,75,553,6,610,1030,123,3757
30,"West Palm Beach/Palm Beach, FL",136,6,82,0,103,172,14,467
30,"West Yellowstone, MT",2,1,2,0,0,3,0,16
30,"White Plains, NY",53,10,35,1,47,81,2,238
30,"Wichita Falls, TX",0,0,0,0,0,0,0,14
30,"Wichita, KS",40,5,30,1,42,73,1,222
30,"Williston, ND",9,1,2,0,1,11,0,39
30,"Wilmington, NC",34,4,26,0,41,65,8,201
30,"Worcester, MA",4,1,3,0,4,7,1,27
30,"Wrangell, AK",2,0,1,0,2,2,0,14
30,"Yakutat, AK",0,0,1,0,2,2,0,14
30,"Yuma, AZ",3,0,4,0,2,5,1,27
31,"Aberdeen, SD",4,0,1,0,0,4,0,14
31,"Abilene, TX",4,0,5,0,5,6,0,34
31,"Adak Island, AK",0,0,0,0,0,0,0,2
31,"Aguadilla, PR",14,3,11,0,5,17,1,45
31,"Akron, OH",12,4,9,0,17,26,5,76
31,"Albany, GA",2,2,1,0,0,4,0,14
31,"Albany, NY",62,13,43,0,55,90,11,241
31,"Albuquerque, NM",74,5,47,0,77,122,5,488
31,"Alexandria, LA",7,4,2,0,6,11,1,41
31,"Allentown/Bethlehem/Easton, PA",6,11,16,0,19,26,7,86
31,"Alpena, MI",2,0,0,0,0,2,0,12
31,"Amarillo, TX",17,2,9,0,19,25,0,106
31,"Anchorage, AK",64,6,120,4,57,153,4,521
31,"Appleton, WI",16,7,14,0,15,35,2,119
31,"Arcata/Eureka, CA",1,3,2,0,3,6,0,32
31,"Asheville, NC",47,9,69,0,48,102,15,283
31,"Ashland, WV",3,3,4,0,6,9,1,21
31,"Aspen, CO",15,2,15,0,10,29,0,162
31,"Atlanta, GA",971,176,1075,4,1164,1974,135,6955
31,"Atlantic City, NJ",6,3,12,0,9,11,3,56
31,"Augusta, GA",13,5,9,0,17,27,8,89
31,"Austin, TX",302,42,233,1,269,491,32,1775
31,"Bakersfield, CA",10,1,2,0,9,12,1,60
31,"Baltimore, MD",321,46,466,3,418,662,99,2077
31,"Bangor, ME",24,2,25,0,26,46,17,132
31,"Barrow, AK",0,0,1,0,1,1,0,7
31,"Baton Rouge, LA",16,4,17,0,13,29,2,104
31,"Beaumont/Port Arthur, TX",1,0,0,0,0,1,0,14
31,"Belleville, IL",9,2,3,0,10,14,1,35
31,"Bellingham, WA",5,1,5,0,5,11,0,63
31,"Bemidji, MN",0,1,1,0,0,1,0,14
31,"Bend/Redmond, OR",11,2,11,0,12,21,0,118
31,"Bethel, AK",0,0,0,0,2,2,0,14
31,"Billings, MT",15,0,3,0,11,17,2,96
31,"Binghamton, NY",1,0,0,0,1,1,2,7
31,"Birmingham, AL",71,13,67,0,62,117,9,337
31,"Bishop, CA",0,0,0,0,0,0,0,7
31,"Bismarck/Mandan, ND",11,5,7,0,6,20,0,82
31,"Bloomington/Normal, IL",4,3,4,0,7,10,1,37
31,"Boise, ID",65,6,38,0,60,108,3,494
31,"Boston, MA",478,73,799,3,571,1179,189,2990
31,"Bozeman, MT",40,0,22,0,42,64,4,265
31,"Brainerd, MN",0,0,0,0,0,0,0,14
31,"Bristol/Johnson City/Kingsport, TN",4,1,4,0,9,10,1,45
31,"Brownsville, TX",8,0,2,0,5,10,0,47
31,"Brunswick, GA",3,0,1,0,0,3,0,14
31,"Buffalo, NY",100,17,76,2,100,164,36,456
31,"Burbank, CA",73,0,57,0,73,120,14,663
31,"Burlington, VT",37,8,33,1,44,66,10,180
31,"Butte, MT",0,0,0,0,0,0,0,14
31,"Casper, WY",6,0,1,0,2,7,1,56
31,"Cedar City, UT",0,0,0,0,0,0,0,12
31,"Cedar Rapids/Iowa City, IA",37,7,31,0,36,65,7,167
31,"Champaign/Urbana, IL",4,0,3,0,4,6,0,28
31,"Charleston, SC",97,19,88,1,103,177,42,565
31,"Charleston/Dunbar, WV",19,6,14,1,12,34,3,66
31,"Charlotte Amalie, VI",25,1,16,0,10,33,2,112
31,"Charlotte, NC",690,265,886,4,991,1499,270,4352
31,"Charlottesville, VA",6,2,13,0,11,18,5,59
31,"Chattanooga, TN",20,3,22,0,19,38,5,121
31,"Cheyenne, WY",0,0,0,0,0,0,0,13
31,"Chicago, IL",1217,158,1209,7,1163,2090,154,7413
31,"Christiansted, VI",4,2,5,0,5,8,0,20
31,"Cincinnati, OH",132,34,162,0,174,282,47,869
31,"Clarksburg/Fairmont, WV",2,0,2,0,2,3,0,8
31,"Cleveland, OH",159,32,154,1,176,287,45,855
31,"Cody, WY",4,0,5,0,3,8,0,28
31,"College Station/Bryan, TX",6,0,5,0,9,11,0,21
31,"Colorado Springs, CO",49,3,19,0,32,69,2,279
31,"Columbia, MO",3,0,5,0,7,7,0,42
31,"Columbia, SC",28,8,19,0,22,43,5,133
31,"Columbus, GA",6,2,6,0,3,10,1,20
31,"Columbus, MS",2,1,2,0,1,4,0,14
31,"Columbus, OH",149,39,142,1,164,277,51,891
31,"Concord, NC",1,0,2,0,1,2,2,14
31,"Cordova, AK",1,0,0,0,2,2,0,14
31,"Corpus Christi, TX",12,1,9,0,9,19,0,85
31,"Dallas, TX",217,20,114,3,249,333,19,1481
31,"Dallas/Fort Worth, TX",1030,135,754,4,1149,1767,137,6710
31,"Dayton, OH",21,9,26,0,21,46,5,147
31,"Daytona Beach, FL",10,3,9,0,8,18,5,56
31,"Deadhorse, AK",0,0,0,0,1,1,0,11
31,"Decatur, IL",1,1,3,0,6,8,0,12
31,"Denver, CO",739,84,525,2,774,1271,83,6478
31,"Des Moines, IA",72,10,55,1,78,116,12,310
31,"Detroit, MI",420,75,376,1,372,727,85,2714
31,"Devils Lake, ND",1,0,0,0,1,2,0,13
31,"Dickinson, ND",1,0,0,0,0,1,0,13
31,"Dillingham, AK",0,0,0,0,0,0,0,7
31,"Dodge City, KS",1,1,1,0,0,1,0,12
31,"Dothan, AL",2,3,3,0,0,5,1,14
31,"Duluth, MN",12,0,5,0,6,16,0,51
31,"Durango, CO",10,0,7,0,6,16,0,85
31,"Eagle, CO",8,0,2,0,5,9,0,55
31,"El Paso, TX",74,4,28,0,62,93,1,356
31,"Elko, NV",0,0,0,0,0,0,0,7
31,"Elmira/Corning, NY",6,2,5,0,0,8,0,20
31,"Escanaba, MI",0,0,0,0,0,0,0,12
31,"Eugene, OR",15,1,4,0,19,26,0,146
31,"Evansville, IN",12,1,11,0,15,22,1,48
31,"Everett, WA",0,0,0,0,0,0,0,13
31,"Fairbanks, AK",14,0,27,0,11,30,0,88
31,"Fargo, ND",18,3,11,0,13,32,2,133
31,"Fayetteville, AR",39,12,34,0,36,74,5,291
31,"Fayetteville, NC",2,7,5,0,6,10,0,21
31,"Flagstaff, AZ",3,0,1,0,1,3,0,34
31,"Flint, MI",10,2,10,0,6,18,2,41
31,"Fort Dodge, IA",3,0,2,0,3,6,0,12
31,"Fort Lauderdale, FL",324,49,341,5,310,546,95,1683
31,"Fort Myers, FL",91,17,78,0,78,145,25,460
31,"Fort Smith, AR",2,0,1,0,4,3,0,26
31,"Fort Wayne, IN",21,6,18,0,12,36,1,91
31,"Fresno, CA",40,2,26,1,27,60,0,235
31,"Gainesville, FL",9,3,14,0,11,24,6,69
31,"Garden City, KS",3,0,3,0,1,3,0,14
31,"Gillette, WY",2,0,1,0,0,1,0,14
31,"Grand Forks, ND",5,2,3,0,0,7,0,23
31,"Grand Island, NE",1,0,2,0,1,3,0,18
31,"Grand Junction, CO",7,0,7,0,3,11,1,81
31,"Grand Rapids, MI",65,13,63,0,63,116,12,355
31,"Great Falls, MT",9,1,3,0,6,12,0,44
31,"Green Bay, WI",16,5,12,0,9,28,0,73
31,"Greensboro/High Point, NC",38,13,36,0,53,82,14,240
31,"Greer, SC",49,20,53,0,72,116,15,350
31,"Guam, TT",1,0,1,0,2,3,0,14
31,"Gulfport/Biloxi, MS",6,5,4,0,8,12,1,71
31,"Gunnison, CO",0,1,0,0,0,1,0,15
31,"Gustavus, AK",1,0,2,0,2,2,0,7
31,"Hagerstown, MD",0,2,3,0,3,5,0,10
31,"Hancock/Houghton, MI",3,1,3,0,0,6,0,14
31,"Harlingen/San Benito, TX",20,1,4,0,20,25,0,79
31,"Harrisburg, PA",18,11,18,0,25,40,0,114
31,"Hartford, CT",103,17,89,1,112,168,19,443
31,"Hattiesburg/Laurel, MS",1,0,2,0,0,2,0,12
31,"Hayden, CO",2,0,1,0,1,4,0,29
31,"Hays, KS",0,0,0,0,0,0,0,12
31,"Helena, MT",3,0,1,0,1,4,0,28
31,"Hibbing, MN",2,0,2,0,0,2,0,12
31,"Hilo, HI",19,0,3,0,15,17,1,128
31,"Hilton Head, SC",7,1,9,0,4,13,1,54
31,"Hobbs, NM",2,0,3,0,0,3,0,14
31,"Honolulu, HI",129,1,70,1,76,176,6,1235
31,"Houston, TX",531,74,395,1,505,856,78,3615
31,"Huntsville, AL",19,15,27,0,41,56,3,175
31,"Hyannis, MA",3,1,2,0,3,4,3,21
31,"Idaho Falls, ID",6,0,2,0,2,7,0,74
31,"Indianapolis, IN",175,35,176,1,179,311,55,938
31,"International Falls, MN",2,0,1,0,0,2,0,14
31,"Iron Mountain/Kingsfd, MI",1,0,0,0,0,1,0,14
31,"Islip, NY",19,2,7,0,17,26,2,93
31,"Ithaca/Cortland, NY",2,0,3,0,3,5,3,14
31,"Jackson, WY",24,0,5,0,17,30,3,151
31,"Jackson/Vicksburg, MS",22,9,15,0,24,40,1,142
31,"Jacksonville, FL",136,29,118,1,131,222,38,593
31,"Jacksonville/Camp Lejeune, NC",6,6,3,0,12,16,3,48
31,"Jamestown, ND",1,0,1,0,1,2,0,13
31,"Johnstown, PA",2,0,3,0,3,5,0,14
31,"Joplin, MO",7,0,4,0,2,9,0,12
31,"Juneau, AK",16,0,20,0,13,32,0,119
31,"Kahului, HI",48,2,23,0,24,63,3,547
31,"Kalamazoo, MI",4,0,1,0,0,4,1,20
31,"Kalispell, MT",20,0,7,1,10,23,0,132
31,"Kansas City, MO",192,25,127,1,209,308,27,1057
31,"Ketchikan, AK",2,0,4,0,4,8,0,63
31,"Key West, FL",10,3,11,0,12,20,29,117
31,"Killeen, TX",4,0,2,0,4,7,0,41
31,"King Salmon, AK",2,0,1,0,2,3,0,9
31,"Knoxville, TN",63,19,79,0,84,134,11,351
31,"Kodiak, AK",0,0,0,0,1,1,0,18
31,"Kona, HI",40,0,16,0,21,49,1,331
31,"Kotzebue, AK",0,0,0,0,0,0,0,7
31,"La Crosse, WI",3,1,4,0,3,5,0,14
31,"Lafayette, LA",10,6,7,0,12,22,0,77
31,"Lake Charles, LA",2,0,0,0,0,2,0,21
31,"Lansing, MI",7,0,5,0,2,9,0,26
31,"Laramie, WY",1,1,1,0,0,2,0,12
31,"Laredo, TX",3,0,2,0,2,5,0,40
31,"Las Vegas, NV",471,42,389,6,504,842,61,3753
31,"Latrobe, PA",3,1,2,0,3,5,0,14
31,"Lawton/Fort Sill, OK",1,0,0,0,0,1,0,21
31,"Lewiston, ID",0,1,0,0,0,1,0,21
31,"Lexington, KY",34,18,39,0,42,75,8,195
31,"Liberal, KS",1,0,0,0,0,1,0,12
31,"Lihue, HI",28,0,10,0,20,36,2,330
31,"Lincoln, NE",7,0,6,0,3,9,1,49
31,"Little Rock, AR",44,8,38,1,35,75,8,274
31,"Long Beach, CA",36,0,8,0,37,44,1,350
31,"Longview, TX",3,0,1,0,2,3,0,14
31,"Los Angeles, CA",566,82,344,3,448,885,63,4003
31,"Louisville, KY",96,20,106,1,79,168,23,494
31,"Lubbock, TX",16,0,5,0,12,19,0,119
31,"Madison, WI",39,8,39,1,46,80,7,237
31,"Manchester, NH",19,6,19,0,25,39,4,119
31,"Manhattan/Ft. Riley, KS",2,0,1,0,2,3,0,21
31,"Marquette, MI",2,0,2,0,2,3,0,21
31,"Martha's Vineyard, MA",12,0,13,0,13,20,7,80
31,"Mason City, IA",2,0,1,0,4,6,0,12
31,"Medford, OR",12,1,3,0,7,14,0,88
31,"Melbourne, FL",4,5,8,0,9,15,5,53
31,"Memphis, TN",102,18,82,1,117,180,18,493
31,"Meridian, MS",1,0,0,0,1,2,0,12
31,"Miami, FL",353,48,355,6,321,610,172,1970
31,"Midland/Odessa, TX",31,3,16,0,25,43,1,189
31,"Milwaukee, WI",123,14,77,0,96,180,20,596
31,"Minneapolis, MN",402,82,460,1,370,799,48,2722
31,"Minot, ND",6,7,6,0,2,14,0,53
31,"Mission/McAllen/Edinburg, TX",25,7,6,0,16,39,0,110
31,"Missoula, MT",17,0,12,0,12,25,1,128
31,"Mobile, AL",8,2,5,0,8,14,0,53
31,"Moline, IL",12,6,16,0,16,34,1,88
31,"Monroe, LA",5,0,6,0,6,12,0,48
31,"Monterey, CA",14,1,14,0,18,30,0,103
31,"Montgomery, AL",11,2,9,0,9,20,0,54
31,"Montrose/Delta, CO",6,0,6,0,8,14,1,57
31,"Mosinee, WI",2,0,3,0,3,4,1,14
31,"Myrtle Beach, SC",81,20,95,2,79,138,23,440
31,"Nantucket, MA",16,5,25,0,6,31,6,109
31,"Nashville, TN",341,61,299,1,367,610,56,2088
31,"New Bern/Morehead/Beaufort, NC",1,1,2,0,1,2,0,6
31,"New Orleans, LA",192,23,134,2,203,318,24,969
31,"New York, NY",740,159,1430,5,877,1914,668,5676
31,"Newark, NJ",244,76,772,0,329,983,284,2368
31,"Newburgh/Poughkeepsie, NY",1,1,3,0,1,4,1,11
31,"Niagara Falls, NY",0,0,0,0,0,0,0,7
31,"Nome, AK",2,0,3,0,2,4,0,7
31,"Norfolk, VA",94,21,92,0,89,163,38,442
31,"North Bend/Coos Bay, OR",1,1,2,0,3,5,0,9
31,"North Platte, NE",0,0,0,0,0,0,0,12
31,"Oakland, CA",94,3,43,0,110,153,10,851
31,"Oklahoma City, OK",78,11,58,0,71,126,5,472
31,"Omaha, NE",109,13,72,0,94,169,9,482
31,"Ontario, CA",91,9,49,1,92,136,5,560
31,"Orlando, FL",545,74,621,2,597,1054,150,3036
31,"Pago Pago, TT",0,0,0,0,0,0,0,3
31,"Palm Springs, CA",17,1,12,0,14,27,0,138
31,"Panama City, FL",31,6,29,0,34,61,4,240
31,"Pasco/Kennewick/Richland, WA",12,2,13,3,12,29,0,105
31,"Pellston, MI",6,2,2,0,0,8,0,26
31,"Pensacola, FL",59,14,51,1,58,105,7,320
31,"Peoria, IL",12,4,9,0,13,26,2,74
31,"Petersburg, AK",2,1,3,0,1,5,0,14
31,"Philadelphia, PA",363,89,534,0,432,781,204,2286
31,"Phoenix, AZ",519,57,331,2,541,826,60,3691
31,"Pittsburgh, PA",137,37,165,2,177,306,70,930
31,"Plattsburgh, NY",3,0,3,0,2,3,0,13
31,"Pocatello, ID",0,0,0,0,0,0,0,14
31,"Ponce, PR",6,2,5,0,4,9,0,21
31,"Portland, ME",50,5,53,1,56,90,29,312
31,"Portland, OR",167,14,123,1,169,293,15,1267
31,"Portsmouth, NH",1,1,0,0,1,2,0,7
31,"Prescott, AZ",2,0,2,0,0,2,0,14
31,"Providence, RI",71,17,61,1,90,123,6,300
31,"Provo, UT",10,1,6,0,10,14,0,36
31,"Punta Gorda, FL",9,7,32,0,25,43,1,107
31,"Raleigh/Durham, NC",223,59,214,3,269,427,77,1298
31,"Rapid City, SD",22,2,11,0,13,32,0,135
31,"Redding, CA",1,0,1,0,1,2,0,28
31,"Reno, NV",61,5,30,0,62,96,3,438
31,"Rhinelander, WI",3,3,5,0,0,6,0,20
31,"Richmond, VA",79,21,65,0,87,137,23,375
31,"Riverton/Lander, WY",1,0,0,0,0,1,0,14
31,"Roanoke, VA",9,2,8,0,13,21,4,53
31,"Rochester, MN",5,1,8,0,7,12,0,30
31,"Rochester, NY",62,11,40,0,54,94,16,246
31,"Rock Springs, WY",0,0,1,0,1,1,0,14
31,"Rockford, IL",3,2,3,0,2,5,0,18
31,"Roswell, NM",4,0,2,0,0,4,0,21
31,"Sacramento, CA",166,16,90,0,177,254,11,1158
31,"Saginaw/Bay City/Midland, MI",7,1,6,0,9,17,0,46
31,"Saipan, TT",2,0,1,0,0,2,0,7
31,"Salina, KS",1,0,0,0,2,3,0,13
31,"Salt Lake City, UT",248,32,145,0,269,444,22,2283
31,"San Angelo, TX",4,0,2,0,1,3,0,21
31,"San Antonio, TX",169,17,85,0,160,245,19,866
31,"San Diego, CA",310,26,259,5,308,543,28,2004
31,"San Francisco, CA",350,46,392,1,315,709,38,2704
31,"San Jose, CA",119,3,63,1,133,193,6,1049
31,"San Juan, PR",194,33,154,3,156,291,23,810
31,"San Luis Obispo, CA",20,1,11,0,18,28,1,105
31,"Sanford, FL",25,18,48,1,50,77,9,226
31,"Santa Ana, CA",99,7,57,0,99,153,6,849
31,"Santa Barbara, CA",26,2,15,0,15,33,2,170
31,"Santa Fe, NM",6,0,5,0,3,11,0,70
31,"Santa Maria, CA",0,0,0,0,0,0,0,2
31,"Santa Rosa, CA",13,0,10,0,11,20,0,73
31,"Sarasota/Bradenton, FL",41,8,61,0,52,86,23,257
31,"Sault Ste. Marie, MI",1,0,0,0,0,1,0,14
31,"Savannah, GA",81,18,68,0,92,144,22,392
31,"Scottsbluff, NE",0,0,1,0,2,2,0,12
31,"Scranton/Wilkes-Barre, PA",3,4,8,1,10,17,1,34
31,"Seattle, WA",391,66,504,4,437,903,32,3687
31,"Sheridan, WY",1,1,1,0,1,3,1,14
31,"Shreveport, LA",7,4,3,1,14,19,3,95
31,"Sioux City, IA",4,0,5,0,3,7,0,14
31,"Sioux Falls, SD",28,5,14,0,17,42,2,127
31,"Sitka, AK",4,2,2,0,6,11,0,42
31,"South Bend, IN",28,11,28,1,16,54,0,126
31,"Spokane, WA",55,5,30,0,48,94,1,371
31,"Springfield, IL",0,0,0,0,0,0,0,2
31,"Springfield, MO",32,11,30,0,37,66,2,207
31,"St. Cloud, MN",0,0,0,0,0,0,0,2
31,"St. George, UT",7,3,3,0,1,10,0,53
31,"St. Louis, MO",222,29,152,0,252,375,35,1383
31,"St. Petersburg, FL",21,20,48,0,52,85,8,212
31,"State College, PA",1,1,0,0,0,2,0,8
31,"Stillwater, OK",0,0,0,0,0,0,0,14
31,"Stockton, CA",0,0,1,0,0,1,0,11
31,"Sun Valley/Hailey/Ketchum, ID",3,0,2,0,1,4,0,44
31,"Syracuse, NY",51,9,46,0,56,92,29,285
31,"Tallahassee, FL",18,6,19,0,21,38,9,110
31,"Tampa, FL",264,41,312,4,271,501,107,1443
31,"Texarkana, AR",0,0,0,0,2,2,0,14
31,"Toledo, OH",0,0,0,0,0,0,0,6
31,"Traverse City, MI",25,8,23,0,11,45,2,140
31,"Trenton, NJ",7,0,5,0,8,12,1,32
31,"Tucson, AZ",43,9,28,0,31,67,3,314
31,"Tulsa, OK",72,6,26,0,67,106,5,357
31,"Twin Falls, ID",0,0,0,0,0,0,0,14
31,"Tyler, TX",4,0,3,0,0,4,0,21
31,"Valdosta, GA",3,0,2,0,1,3,2,14
31,"Valparaiso, FL",43,15,54,0,60,91,4,266
31,"Victoria, TX",0,0,1,0,1,1,0,12
31,"Waco, TX",2,0,1,0,0,3,0,21
31,"Walla Walla, WA",3,1,4,0,3,7,0,14
31,"Washington, DC",508,122,694,4,574,1102,211,3769
31,"West Palm Beach/Palm Beach, FL",95,10,89,1,78,156,32,458
31,"West Yellowstone, MT",1,0,0,0,0,1,0,16
31,"White Plains, NY",43,14,43,0,45,73,13,238
31,"Wichita Falls, TX",0,0,0,0,0,0,0,14
31,"Wichita, KS",47,4,31,0,34,70,4,218
31,"Williston, ND",3,1,3,1,2,7,0,39
31,"Wilmington, NC",32,13,29,0,37,62,16,201
31,"Worcester, MA",4,1,3,0,4,8,0,27
31,"Wrangell, AK",0,0,1,0,2,3,0,14
31,"Yakutat, AK",2,0,1,0,4,5,0,14
31,"Yuma, AZ",3,0,3,0,3,5,0,27
32,"Aberdeen, SD",2,1,2,0,0,3,0,14
32,"Abilene, TX",3,1,5,0,4,8,0,33
32,"Adak Island, AK",1,0,1,0,0,1,0,2
32,"Aguadilla, PR",18,3,10,0,11,23,2,45
32,"Akron, OH",10,3,9,0,13,21,2,75
32,"Albany, GA",4,1,1,0,0,5,0,14
32,"Albany, NY",64,4,29,0,59,86,7,249
32,"Albuquerque, NM",91,2,56,0,80,131,3,465
32,"Alexandria, LA",5,0,1,0,0,6,0,41
32,"Allentown/Bethlehem/Easton, PA",13,4,12,0,17,25,3,92
32,"Alpena, MI",2,0,0,0,0,2,0,12
32,"Amarillo, TX",14,1,4,0,16,26,1,107
32,"Anchorage, AK",69,3,114,7,88,157,7,521
32,"Appleton, WI",16,2,11,0,7,26,0,118
32,"Arcata/Eureka, CA",5,1,6,0,2,9,0,32
32,"Asheville, NC",42,13,54,0,47,90,7,288
32,"Ashland, WV",6,0,7,0,2,8,1,21
32,"Aspen, CO",26,7,19,0,11,47,0,148
32,"Atlanta, GA",757,88,559,4,769,1266,115,6805
32,"Atlantic City, NJ",10,4,16,1,8,18,4,56
32,"Augusta, GA",7,1,4,2,9,14,3,83
32,"Austin, TX",288,24,184,0,270,433,16,1631
32,"Bakersfield, CA",10,0,6,0,6,14,0,58
32,"Baltimore, MD",307,28,437,4,371,622,64,2017
32,"Bangor, ME",23,4,32,0,16,45,12,149
32,"Barrow, AK",2,1,2,0,3,4,0,7
32,"Baton Rouge, LA",13,2,7,0,10,18,0,93
32,"Beaumont/Port Arthur, TX",1,0,0,0,0,1,0,14
32,"Belleville, IL",4,1,3,0,2,4,3,36
32,"Bellingham, WA",3,0,7,0,8,12,0,42
32,"Bemidji, MN",2,0,1,0,0,2,0,14
32,"Bend/Redmond, OR",20,3,13,0,14,25,1,118
32,"Bethel, AK",5,0,3,0,3,7,0,14
32,"Billings, MT",21,2,7,0,13,27,0,95
32,"Binghamton, NY",1,0,0,0,0,1,1,7
32,"Birmingham, AL",51,8,40,0,36,81,10,332
32,"Bishop, CA",0,0,0,0,0,0,0,7
32,"Bismarck/Mandan, ND",19,2,10,0,10,26,0,81
32,"Bloomington/Normal, IL",3,0,0,0,3,5,0,37
32,"Boise, ID",73,3,68,1,71,126,1,482
32,"Boston, MA",465,60,571,4,571,971,175,3002
32,"Bozeman, MT",49,2,41,0,46,86,3,262
32,"Brainerd, MN",5,0,2,0,0,4,0,14
32,"Bristol/Johnson City/Kingsport, TN",2,1,1,0,1,3,1,45
32,"Brownsville, TX",5,1,4,0,2,7,0,48
32,"Brunswick, GA",3,0,1,0,0,3,0,14
32,"Buffalo, NY",128,12,87,1,120,177,27,467
32,"Burbank, CA",78,4,47,0,80,127,8,622
32,"Burlington, VT",35,5,27,1,34,60,16,197
32,"Butte, MT",0,1,1,0,0,1,0,14
32,"Casper, WY",12,0,12,0,4,21,0,56
32,"Cedar City, UT",2,0,0,0,0,2,0,12
32,"Cedar Rapids/Iowa City, IA",35,4,23,0,28,55,3,182
32,"Champaign/Urbana, IL",6,2,5,0,7,13,0,28
32,"Charleston, SC",101,11,93,1,69,159,63,535
32,"Charleston/Dunbar, WV",14,1,10,1,18,26,0,66
32,"Charlotte Amalie, VI",13,4,16,0,11,19,0,97
32,"Charlotte, NC",716,113,844,9,873,1378,187,4427
32,"Charlottesville, VA",6,0,12,0,10,17,7,59
32,"Chattanooga, TN",18,3,8,0,17,31,1,127
32,"Cheyenne, WY",5,0,2,0,0,5,1,13
32,"Chicago, IL",1166,135,1462,11,1239,2370,158,7356
32,"Christiansted, VI",4,0,3,0,0,5,0,13
32,"Cincinnati, OH",149,18,117,1,183,274,36,874
32,"Clarksburg/Fairmont, WV",1,0,1,0,1,1,1,8
32,"Cleveland, OH",153,8,127,1,169,257,42,851
32,"Cody, WY",4,2,6,0,3,10,0,28
32,"College Station/Bryan, TX",1,0,1,0,4,4,0,21
32,"Colorado Springs, CO",52,3,38,0,49,87,2,261
32,"Columbia, MO",2,2,6,0,6,9,0,41
32,"Columbia, SC",29,1,18,0,18,38,5,135
32,"Columbus, GA",0,0,1,0,1,1,4,20
32,"Columbus, MS",1,0,0,0,1,2,0,14
32,"Columbus, OH",164,17,146,1,139,267,32,877
32,"Concord, NC",1,1,4,0,3,5,0,14
32,"Cordova, AK",0,0,3,0,5,5,0,14
32,"Corpus Christi, TX",4,1,3,0,5,8,0,73
32,"Dallas, TX",181,4,134,7,225,285,17,1314
32,"Dallas/Fort Worth, TX",974,106,686,10,1002,1584,101,6393
32,"Dayton, OH",22,4,19,1,23,45,1,147
32,"Daytona Beach, FL",9,2,9,0,4,17,4,56
32,"Deadhorse, AK",0,1,0,0,0,1,0,11
32,"Decatur, IL",3,0,4,0,3,7,0,12
32,"Denver, CO",936,76,1108,1,906,1816,89,6208
32,"Des Moines, IA",57,6,44,0,66,96,11,313
32,"Detroit, MI",450,65,326,3,336,718,74,2701
32,"Devils Lake, ND",1,0,0,0,1,2,0,13
32,"Dickinson, ND",3,0,1,0,1,5,0,13
32,"Dillingham, AK",0,0,1,0,1,1,1,7
32,"Dodge City, KS",5,0,2,0,1,5,0,12
32,"Dothan, AL",0,0,0,0,0,0,0,14
32,"Duluth, MN",14,1,11,0,5,22,1,54
32,"Durango, CO",15,1,10,0,8,20,0,82
32,"Eagle, CO",11,3,11,0,12,25,1,55
32,"El Paso, TX",49,3,29,0,60,86,6,361
32,"Elko, NV",1,0,0,0,0,1,0,7
32,"Elmira/Corning, NY",3,2,1,0,0,5,0,20
32,"Escanaba, MI",1,1,2,0,0,2,0,12
32,"Eugene, OR",26,1,13,0,22,40,0,132
32,"Evansville, IN",3,0,1,0,5,7,0,41
32,"Everett, WA",0,0,2,0,3,4,0,13
32,"Fairbanks, AK",17,1,13,0,9,22,1,88
32,"Fargo, ND",24,3,12,0,14,37,0,133
32,"Fayetteville, AR",36,4,44,1,43,83,3,290
32,"Fayetteville, NC",2,2,3,0,3,5,1,27
32,"Flagstaff, AZ",2,1,1,0,1,4,0,33
32,"Flint, MI",10,2,7,0,8,16,0,44
32,"Fort Dodge, IA",2,0,3,0,4,7,1,12
32,"Fort Lauderdale, FL",421,14,425,4,321,633,109,1591
32,"Fort Myers, FL",87,6,78,0,67,127,41,433
32,"Fort Smith, AR",2,1,1,0,3,4,0,27
32,"Fort Wayne, IN",18,4,14,0,5,28,1,84
32,"Fresno, CA",42,2,25,0,30,63,1,225
32,"Gainesville, FL",6,1,3,0,3,8,8,68
32,"Garden City, KS",1,0,1,0,2,3,0,14
32,"Gillette, WY",1,0,3,0,2,3,0,15
32,"Grand Forks, ND",4,1,1,0,0,5,0,23
32,"Grand Island, NE",0,1,0,0,0,1,0,18
32,"Grand Junction, CO",6,2,6,0,10,13,1,79
32,"Grand Rapids, MI",70,5,53,0,59,106,9,343
32,"Great Falls, MT",4,3,2,0,3,7,0,44
32,"Green Bay, WI",21,7,18,0,6,36,0,88
32,"Greensboro/High Point, NC",33,8,35,1,41,67,16,257
32,"Greer, SC",62,5,49,1,59,101,14,346
32,"Guam, TT",1,0,0,0,1,1,0,14
32,"Gulfport/Biloxi, MS",9,1,2,0,7,14,0,70
32,"Gunnison, CO",2,0,3,0,1,6,0,15
32,"Gustavus, AK",0,0,0,0,0,0,2,7
32,"Hagerstown, MD",1,1,2,0,3,3,2,10
32,"Hancock/Houghton, MI",1,0,2,0,3,4,0,14
32,"Harlingen/San Benito, TX",11,1,6,0,7,12,0,79
32,"Harrisburg, PA",28,6,15,1,18,42,2,115
32,"Hartford, CT",97,8,69,2,91,144,22,453
32,"Hattiesburg/Laurel, MS",0,0,0,0,0,0,0,12
32,"Hayden, CO",6,0,5,0,0,9,0,30
32,"Hays, KS",2,0,2,0,2,4,0,12
32,"Helena, MT",2,0,4,0,2,6,0,28
32,"Hibbing, MN",3,0,1,0,0,3,0,12
32,"Hilo, HI",12,0,0,0,10,13,0,129
32,"Hilton Head, SC",4,3,13,0,2,12,8,53
32,"Hobbs, NM",3,0,5,0,0,5,0,14
32,"Honolulu, HI",117,2,48,0,86,164,2,1206
32,"Houston, TX",473,43,298,5,424,735,65,3416
32,"Huntsville, AL",30,4,17,0,23,51,2,173
32,"Hyannis, MA",2,0,5,0,3,4,1,21
32,"Idaho Falls, ID",9,1,5,0,5,16,0,74
32,"Indianapolis, IN",151,12,129,0,163,252,37,890
32,"International Falls, MN",1,2,1,0,0,3,0,14
32,"Iron Mountain/Kingsfd, MI",4,0,2,0,0,4,1,14
32,"Islip, NY",27,1,19,0,28,36,5,85
32,"Ithaca/Cortland, NY",2,0,1,0,3,4,2,14
32,"Jackson, WY",29,3,19,0,24,41,0,157
32,"Jackson/Vicksburg, MS",16,1,8,0,12,20,0,122
32,"Jacksonville, FL",120,12,115,0,111,192,52,578
32,"Jacksonville/Camp Lejeune, NC",6,2,10,0,6,12,0,48
32,"Jamestown, ND",2,0,0,0,1,3,0,13
32,"Johnstown, PA",2,1,2,0,0,4,0,14
32,"Joplin, MO",2,0,0,0,3,5,0,12
32,"Juneau, AK",18,2,23,1,19,37,4,119
32,"Kahului, HI",43,3,16,0,15,47,2,521
32,"Kalamazoo, MI",9,1,0,0,0,10,1,20
32,"Kalispell, MT",26,0,17,0,11,31,0,132
32,"Kansas City, MO",198,11,132,0,191,294,19,1005
32,"Ketchikan, AK",7,1,7,0,7,15,1,63
32,"Key West, FL",8,2,18,0,10,23,7,116
32,"Killeen, TX",3,2,5,0,7,8,0,34
32,"King Salmon, AK",1,0,4,0,3,4,0,9
32,"Knoxville, TN",48,8,47,0,64,104,14,357
32,"Kodiak, AK",3,0,3,0,2,4,3,18
32,"Kona, HI",26,0,17,0,16,37,0,319
32,"Kotzebue, AK",0,0,0,0,0,0,0,7
32,"La Crosse, WI",0,1,2,0,1,2,1,8
32,"Lafayette, LA",10,2,3,0,4,15,0,75
32,"Lake Charles, LA",3,1,0,0,0,4,0,21
32,"Lansing, MI",6,1,2,0,1,7,1,26
32,"Laramie, WY",3,0,3,0,1,5,0,12
32,"Laredo, TX",7,1,4,0,4,8,0,39
32,"Las Vegas, NV",570,42,911,7,717,1374,54,3660
32,"Latrobe, PA",0,0,0,0,0,0,4,14
32,"Lawton/Fort Sill, OK",1,0,1,0,0,1,0,21
32,"Lewiston, ID",4,2,1,0,0,6,0,21
32,"Lexington, KY",32,9,25,0,27,59,2,188
32,"Liberal, KS",4,0,1,0,2,6,0,12
32,"Lihue, HI",18,0,11,0,11,25,0,325
32,"Lincoln, NE",17,1,11,0,6,23,0,49
32,"Little Rock, AR",51,6,33,0,37,72,3,255
32,"Long Beach, CA",29,0,8,0,32,45,0,324
32,"Longview, TX",3,2,0,0,1,4,0,14
32,"Los Angeles, CA",620,45,379,5,495,905,54,3950
32,"Louisville, KY",90,11,65,0,73,142,13,470
32,"Lubbock, TX",11,2,10,0,11,23,0,124
32,"Madison, WI",53,3,38,1,55,91,4,256
32,"Manchester, NH",26,4,16,0,26,38,5,134
32,"Manhattan/Ft. Riley, KS",2,0,1,0,1,2,0,21
32,"Marquette, MI",3,0,1,0,8,8,0,21
32,"Martha's Vineyard, MA",18,2,15,0,16,25,4,78
32,"Mason City, IA",3,0,5,0,5,8,1,12
32,"Medford, OR",15,2,13,0,6,21,0,88
32,"Melbourne, FL",5,0,8,0,3,11,5,53
32,"Memphis, TN",95,6,46,0,89,133,17,475
32,"Meridian, MS",3,0,2,0,1,3,0,12
32,"Miami, FL",432,43,395,7,335,656,137,1926
32,"Midland/Odessa, TX",23,2,15,0,29,49,0,190
32,"Milwaukee, WI",112,10,69,0,94,175,16,593
32,"Minneapolis, MN",371,59,412,2,324,714,29,2711
32,"Minot, ND",10,7,8,0,0,17,1,53
32,"Mission/McAllen/Edinburg, TX",14,2,6,0,18,24,3,109
32,"Missoula, MT",24,3,24,0,11,32,2,120
32,"Mobile, AL",4,0,2,0,2,5,0,53
32,"Moline, IL",15,5,12,0,16,32,3,85
32,"Monroe, LA",3,0,0,0,3,5,0,42
32,"Monterey, CA",15,1,15,0,12,30,0,102
32,"Montgomery, AL",5,0,2,0,3,7,1,54
32,"Montrose/Delta, CO",4,2,3,0,6,9,0,56
32,"Mosinee, WI",2,0,2,0,3,4,0,14
32,"Myrtle Beach, SC",59,9,62,0,54,104,51,411
32,"Nantucket, MA",20,0,6,0,13,21,7,107
32,"Nashville, TN",330,25,199,6,349,516,56,2011
32,"New Bern/Morehead/Beaufort, NC",0,1,2,0,1,2,0,6
32,"New Orleans, LA",166,9,111,2,156,246,26,870
32,"New York, NY",850,109,1100,9,941,1766,674,5675
32,"Newark, NJ",331,41,476,0,332,702,255,2368
32,"Newburgh/Poughkeepsie, NY",0,2,1,0,0,2,1,11
32,"Niagara Falls, NY",0,0,0,0,0,0,1,7
32,"Nome, AK",2,0,0,0,0,2,1,7
32,"Norfolk, VA",109,8,87,1,82,159,24,459
32,"North Bend/Coos Bay, OR",2,0,1,0,1,4,0,9
32,"North Platte, NE",0,0,3,0,1,3,0,12
32,"Oakland, CA",116,1,69,2,147,207,5,808
32,"Oklahoma City, OK",84,9,53,1,75,134,6,454
32,"Omaha, NE",84,10,57,0,78,131,7,456
32,"Ontario, CA",68,5,22,1,77,112,8,566
32,"Orlando, FL",607,36,575,2,565,979,187,2746
32,"Pago Pago, TT",1,0,0,0,0,1,0,3
32,"Palm Springs, CA",22,0,13,2,24,41,0,135
32,"Panama City, FL",18,2,15,0,24,36,1,186
32,"Pasco/Kennewick/Richland, WA",21,2,17,2,8,31,0,103
32,"Pellston, MI",10,1,2,0,0,11,0,26
32,"Pensacola, FL",55,2,18,1,40,71,5,276
32,"Peoria, IL",7,6,9,0,10,20,1,72
32,"Petersburg, AK",1,0,4,0,3,4,0,14
32,"Philadelphia, PA",423,56,557,3,512,831,182,2378
32,"Phoenix, AZ",569,28,417,5,595,915,34,3598
32,"Pittsburgh, PA",166,13,156,3,172,291,52,915
32,"Plattsburgh, NY",1,1,1,0,1,2,0,9
32,"Pocatello, ID",0,0,0,0,0,0,0,14
32,"Ponce, PR",9,2,6,0,10,12,2,21
32,"Portland, ME",64,6,50,0,65,104,17,330
32,"Portland, OR",176,16,183,1,187,321,12,1261
32,"Portsmouth, NH",0,1,1,0,0,1,0,7
32,"Prescott, AZ",2,0,5,0,3,6,0,14
32,"Providence, RI",61,4,35,2,62,98,12,312
32,"Provo, UT",2,2,5,0,6,9,0,36
32,"Punta Gorda, FL",9,2,17,0,19,27,9,105
32,"Raleigh/Durham, NC",257,18,230,1,270,439,59,1278
32,"Rapid City, SD",26,4,24,0,18,43,1,134
32,"Redding, CA",1,0,2,0,3,5,0,28
32,"Reno, NV",93,3,40,0,83,124,4,429
32,"Rhinelander, WI",3,1,0,0,0,4,0,20
32,"Richmond, VA",75,8,61,0,72,121,22,365
32,"Riverton/Lander, WY",2,0,2,0,2,4,0,14
32,"Roanoke, VA",5,1,7,0,2,12,5,58
32,"Rochester, MN",3,2,5,0,5,9,0,27
32,"Rochester, NY",53,3,30,1,55,82,19,243
32,"Rock Springs, WY",2,0,1,0,1,4,0,14
32,"Rockford, IL",2,0,3,0,2,4,0,16
32,"Roswell, NM",1,0,0,0,0,1,0,21
32,"Sacramento, CA",192,8,132,1,187,288,11,1143
32,"Saginaw/Bay City/Midland, MI",13,2,6,0,4,18,1,46
32,"Saipan, TT",0,0,0,0,0,0,0,7
32,"Salina, KS",1,1,1,0,0,3,0,14
32,"Salt Lake City, UT",298,26,226,2,269,498,18,2263
32,"San Angelo, TX",1,1,1,0,2,3,0,21
32,"San Antonio, TX",173,7,84,1,156,240,12,828
32,"San Diego, CA",311,16,290,0,307,559,29,1966
32,"San Francisco, CA",431,25,473,2,323,763,21,2714
32,"San Jose, CA",137,4,84,1,140,219,8,1041
32,"San Juan, PR",193,16,117,1,143,258,14,733
32,"San Luis Obispo, CA",14,1,10,0,11,25,0,102
32,"Sanford, FL",36,11,50,3,49,80,11,220
32,"Santa Ana, CA",109,3,46,0,114,165,7,846
32,"Santa Barbara, CA",24,1,10,0,24,33,0,155
32,"Santa Fe, NM",13,1,9,0,4,19,0,70
32,"Santa Maria, CA",0,0,0,0,1,1,0,2
32,"Santa Rosa, CA",6,0,10,0,9,14,0,73
32,"Sarasota/Bradenton, FL",48,4,37,0,38,72,18,234
32,"Sault Ste. Marie, MI",4,0,1,0,0,4,0,14
32,"Savannah, GA",63,7,57,1,49,100,39,376
32,"Scottsbluff, NE",2,0,1,0,0,2,0,12
32,"Scranton/Wilkes-Barre, PA",5,2,4,0,14,14,1,35
32,"Seattle, WA",452,62,666,14,511,1043,37,3675
32,"Sheridan, WY",5,1,4,0,1,7,0,14
32,"Shreveport, LA",8,5,6,0,6,17,1,96
32,"Sioux City, IA",3,0,3,0,3,6,0,14
32,"Sioux Falls, SD",30,4,10,0,16,41,0,127
32,"Sitka, AK",4,2,8,0,5,13,3,42
32,"South Bend, IN",22,6,21,0,12,39,2,132
32,"Spokane, WA",62,3,71,1,64,114,1,376
32,"Springfield, IL",1,0,1,0,0,1,0,2
32,"Springfield, MO",29,7,30,0,25,56,1,211
32,"St. Cloud, MN",0,0,0,0,0,0,0,2
32,"St. George, UT",8,2,7,0,2,12,0,53
32,"St. Louis, MO",215,10,133,3,232,334,21,1306
32,"St. Petersburg, FL",20,4,25,0,29,51,10,210
32,"State College, PA",0,2,2,0,1,5,0,8
32,"Stillwater, OK",1,0,0,0,0,1,0,14
32,"Stockton, CA",1,0,2,0,1,2,0,11
32,"Sun Valley/Hailey/Ketchum, ID",5,0,4,0,4,10,0,44
32,"Syracuse, NY",57,6,44,0,60,95,20,263
32,"Tallahassee, FL",10,1,13,0,13,23,6,128
32,"Tampa, FL",273,15,211,2,241,412,103,1336
32,"Texarkana, AR",3,1,2,0,2,4,0,14
32,"Toledo, OH",0,1,1,0,0,1,0,6
32,"Traverse City, MI",21,9,18,0,13,39,0,143
32,"Trenton, NJ",7,1,5,0,9,12,0,33
32,"Tucson, AZ",44,6,31,1,53,82,0,320
32,"Tulsa, OK",68,2,37,0,69,112,4,350
32,"Twin Falls, ID",1,0,0,0,0,1,0,14
32,"Tyler, TX",2,0,0,0,1,3,0,21
32,"Valdosta, GA",1,1,0,0,0,2,1,14
32,"Valparaiso, FL",41,3,28,0,40,67,3,251
32,"Victoria, TX",0,0,1,0,2,2,0,12
32,"Waco, TX",4,0,1,0,1,4,0,21
32,"Walla Walla, WA",0,0,3,0,4,5,0,14
32,"Washington, DC",563,63,742,3,601,1126,169,3753
32,"West Palm Beach/Palm Beach, FL",139,9,142,1,100,210,35,444
32,"West Yellowstone, MT",1,0,1,0,0,1,0,16
32,"White Plains, NY",58,7,48,1,48,83,12,238
32,"Wichita Falls, TX",0,1,0,0,0,1,0,14
32,"Wichita, KS",37,5,28,0,38,66,2,215
32,"Williston, ND",2,3,4,0,2,9,0,39
32,"Wilmington, NC",35,10,35,0,36,62,14,198
32,"Worcester, MA",8,0,3,0,7,9,4,27
32,"Wrangell, AK",0,0,3,0,4,3,0,14
32,"Yakutat, AK",1,0,2,0,2,3,0,14
32,"Yuma, AZ",3,0,1,0,2,3,0,38
33,"Aberdeen, SD",3,3,2,0,0,6,0,14
33,"Abilene, TX",6,0,5,0,5,7,0,33
33,"Adak Island, AK",0,0,0,0,0,0,0,2
33,"Aguadilla, PR",12,0,15,0,5,15,3,41
33,"Akron, OH",11,0,7,0,9,16,1,67
33,"Albany, GA",3,0,1,0,0,3,1,14
33,"Albany, NY",36,2,22,2,32,59,5,249
33,"Albuquerque, NM",49,1,26,1,52,79,1,466
33,"Alexandria, LA",2,1,0,0,1,4,0,41
33,"Allentown/Bethlehem/Easton, PA",8,4,6,0,6,15,0,84
33,"Alpena, MI",1,0,0,0,0,1,0,12
33,"Amarillo, TX",7,0,4,0,5,10,0,107
33,"Anchorage, AK",47,6,62,6,46,93,4,520
33,"Appleton, WI",19,3,13,0,6,27,0,114
33,"Arcata/Eureka, CA",1,0,2,0,2,5,0,31
33,"Asheville, NC",28,5,28,0,20,58,4,268
33,"Ashland, WV",0,0,0,0,0,0,0,8
33,"Aspen, CO",24,5,19,0,14,47,0,145
33,"Atlanta, GA",515,78,493,1,444,957,30,6714
33,"Atlantic City, NJ",5,1,4,0,3,7,1,65
33,"Augusta, GA",9,2,5,0,13,17,0,82
33,"Austin, TX",193,11,99,1,169,279,6,1613
33,"Bakersfield, CA",7,1,3,0,4,8,0,58
33,"Baltimore, MD",197,24,240,5,206,373,34,2023
33,"Bangor, ME",8,0,16,0,5,21,6,150
33,"Barrow, AK",2,0,2,0,2,3,0,7
33,"Baton Rouge, LA",5,2,11,0,5,16,0,93
33,"Beaumont/Port Arthur, TX",0,0,0,0,0,0,0,14
33,"Belleville, IL",2,2,1,0,0,3,0,18
33,"Bellingham, WA",2,0,3,0,4,6,0,38
33,"Bemidji, MN",2,1,1,0,0,3,0,14
33,"Bend/Redmond, OR",10,2,10,1,9,17,0,118
33,"Bethel, AK",1,0,0,0,0,1,0,14
33,"Billings, MT",12,1,3,0,15,20,1,92
33,"Binghamton, NY",1,0,0,0,0,1,0,7
33,"Birmingham, AL",43,3,35,1,30,65,3,328
33,"Bishop, CA",0,0,0,0,0,0,0,7
33,"Bismarck/Mandan, ND",10,1,4,0,4,14,0,78
33,"Bloomington/Normal, IL",2,1,2,0,2,5,0,33
33,"Boise, ID",47,5,40,0,52,87,0,465
33,"Boston, MA",351,42,578,6,373,820,52,3020
33,"Bozeman, MT",36,4,31,1,30,61,0,259
33,"Brainerd, MN",2,0,1,0,0,1,0,14
33,"Bristol/Johnson City/Kingsport, TN",2,0,2,0,2,5,0,44
33,"Brownsville, TX",2,0,1,0,1,3,0,48
33,"Brunswick, GA",2,0,2,0,0,2,0,14
33,"Buffalo, NY",67,3,50,0,64,104,13,469
33,"Burbank, CA",60,3,43,0,59,102,4,623
33,"Burlington, VT",26,1,30,0,23,44,3,200
33,"Butte, MT",0,1,0,0,0,0,0,14
33,"Casper, WY",9,0,8,0,5,15,1,55
33,"Cedar City, UT",0,1,0,0,0,1,0,12
33,"Cedar Rapids/Iowa City, IA",25,7,15,1,20,43,1,176
33,"Champaign/Urbana, IL",6,0,3,0,5,8,0,28
33,"Charleston, SC",65,3,41,1,51,102,9,526
33,"Charleston/Dunbar, WV",12,1,10,0,8,18,0,66
33,"Charlotte Amalie, VI",15,9,20,1,12,32,4,96
33,"Charlotte, NC",496,61,501,8,604,922,29,4454
33,"Charlottesville, VA",7,0,8,0,3,13,3,59
33,"Chattanooga, TN",14,2,16,0,10,26,0,126
33,"Cheyenne, WY",0,0,0,0,1,1,0,13
33,"Chicago, IL",860,83,1020,6,810,1643,54,7395
33,"Christiansted, VI",4,1,5,0,2,6,1,12
33,"Cincinnati, OH",67,4,78,1,94,142,12,798
33,"Clarksburg/Fairmont, WV",0,0,0,0,0,0,0,4
33,"Cleveland, OH",103,9,74,2,91,160,22,819
33,"Cody, WY",3,0,2,0,2,6,0,28
33,"College Station/Bryan, TX",1,0,0,0,2,2,0,21
33,"Colorado Springs, CO",46,2,26,0,22,66,0,248
33,"Columbia, MO",5,0,2,0,4,7,0,41
33,"Columbia, SC",17,1,4,0,17,24,1,136
33,"Columbus, GA",2,0,3,0,0,4,0,20
33,"Columbus, MS",0,0,1,0,0,1,0,14
33,"Columbus, OH",94,12,78,1,87,155,13,851
33,"Concord, NC",2,0,0,0,1,2,0,11
33,"Cordova, AK",3,0,3,0,3,4,0,14
33,"Corpus Christi, TX",2,0,3,0,6,7,0,73
33,"Dallas, TX",89,10,66,1,102,162,3,1308
33,"Dallas/Fort Worth, TX",735,70,490,3,782,1242,21,6319
33,"Dayton, OH",22,2,21,0,15,32,1,143
33,"Daytona Beach, FL",3,0,2,0,3,5,0,56
33,"Deadhorse, AK",0,0,0,0,0,0,0,11
33,"Decatur, IL",4,0,4,0,1,5,0,12
33,"Denver, CO",539,56,631,3,505,1109,52,6173
33,"Des Moines, IA",50,4,36,0,42,73,2,295
33,"Detroit, MI",300,41,222,4,201,483,18,2705
33,"Devils Lake, ND",1,0,0,0,0,0,3,13
33,"Dickinson, ND",1,0,0,0,0,1,0,13
33,"Dillingham, AK",0,0,0,0,0,0,0,7
33,"Dodge City, KS",5,0,1,0,0,5,0,12
33,"Dothan, AL",2,0,0,0,0,2,1,14
33,"Duluth, MN",4,2,3,0,5,10,0,56
33,"Durango, CO",13,0,6,0,4,15,0,82
33,"Eagle, CO",8,0,4,0,6,10,0,55
33,"El Paso, TX",32,3,16,0,34,53,0,364
33,"Elko, NV",1,0,1,0,0,1,0,7
33,"Elmira/Corning, NY",3,0,1,0,0,3,0,20
33,"Escanaba, MI",2,1,0,0,0,2,0,12
33,"Eugene, OR",18,1,15,0,13,25,0,128
33,"Evansville, IN",3,2,2,0,4,7,0,39
33,"Everett, WA",0,0,1,0,1,1,0,13
33,"Fairbanks, AK",9,2,17,0,7,23,0,88
33,"Fargo, ND",24,1,9,0,14,36,0,131
33,"Fayetteville, AR",28,7,27,0,23,49,1,282
33,"Fayetteville, NC",6,1,0,0,4,7,0,28
33,"Flagstaff, AZ",2,0,1,0,2,4,0,33
33,"Flint, MI",2,0,6,0,5,8,0,36
33,"Fort Dodge, IA",2,0,4,0,3,5,0,12
33,"Fort Lauderdale, FL",216,17,180,4,189,331,23,1546
33,"Fort Myers, FL",59,0,25,0,38,70,3,431
33,"Fort Smith, AR",3,0,2,0,1,4,0,27
33,"Fort Wayne, IN",11,4,14,0,6,25,0,79
33,"Fresno, CA",29,4,24,0,28,52,1,225
33,"Gainesville, FL",8,1,4,0,4,11,0,68
33,"Garden City, KS",0,0,2,0,2,2,0,14
33,"Gillette, WY",1,0,0,0,2,3,0,15
33,"Grand Forks, ND",3,2,2,0,0,6,0,23
33,"Grand Island, NE",2,1,1,0,0,3,0,18
33,"Grand Junction, CO",5,1,1,0,7,10,1,77
33,"Grand Rapids, MI",45,7,32,1,36,73,3,325
33,"Great Falls, MT",7,4,4,0,2,10,0,44
33,"Green Bay, WI",17,3,13,0,12,30,0,85
33,"Greensboro/High Point, NC",44,0,21,2,32,60,3,249
33,"Greer, SC",33,4,20,0,37,63,5,342
33,"Guam, TT",0,0,0,0,0,0,0,14
33,"Gulfport/Biloxi, MS",8,1,5,0,4,12,0,68
33,"Gunnison, CO",1,0,2,0,0,2,0,15
33,"Gustavus, AK",0,0,0,0,0,0,2,7
33,"Hagerstown, MD",0,0,0,0,0,0,0,7
33,"Hancock/Houghton, MI",1,0,2,0,3,5,0,14
33,"Harlingen/San Benito, TX",3,0,1,0,4,5,0,79
33,"Harrisburg, PA",17,2,12,0,13,27,0,109
33,"Hartford, CT",66,9,57,0,68,103,4,464
33,"Hattiesburg/Laurel, MS",1,0,0,0,0,1,0,12
33,"Hayden, CO",2,1,2,0,3,6,0,30
33,"Hays, KS",1,0,0,0,1,2,0,12
33,"Helena, MT",4,0,4,0,2,6,0,28
33,"Hibbing, MN",3,1,1,0,0,4,0,12
33,"Hilo, HI",11,1,2,0,10,18,0,128
33,"Hilton Head, SC",3,1,3,0,3,6,0,53
33,"Hobbs, NM",2,0,3,0,0,4,0,14
33,"Honolulu, HI",135,4,57,1,77,184,14,1206
33,"Houston, TX",317,36,215,2,286,503,29,3437
33,"Huntsville, AL",28,2,15,0,18,37,0,173
33,"Hyannis, MA",0,0,0,0,0,0,0,21
33,"Idaho Falls, ID",10,2,6,0,1,15,0,70
33,"Indianapolis, IN",89,10,68,0,102,155,17,873
33,"International Falls, MN",0,2,0,0,0,2,0,14
33,"Iron Mountain/Kingsfd, MI",3,0,0,0,0,3,0,14
33,"Islip, NY",14,1,12,0,15,23,1,85
33,"Ithaca/Cortland, NY",2,0,3,0,0,3,3,23
33,"Jackson, WY",29,2,17,0,17,40,1,157
33,"Jackson/Vicksburg, MS",9,2,6,0,8,17,0,119
33,"Jacksonville, FL",74,11,48,0,61,117,4,565
33,"Jacksonville/Camp Lejeune, NC",3,1,4,0,5,8,0,48
33,"Jamestown, ND",1,0,0,0,0,1,1,13
33,"Johnstown, PA",4,0,2,0,2,6,0,14
33,"Joplin, MO",1,0,0,0,1,2,0,12
33,"Juneau, AK",9,0,14,0,7,18,4,119
33,"Kahului, HI",50,0,22,0,17,57,2,517
33,"Kalamazoo, MI",9,0,2,0,0,9,0,20
33,"Kalispell, MT",16,0,18,0,14,30,0,127
33,"Kansas City, MO",114,9,92,3,102,179,6,986
33,"Ketchikan, AK",3,1,1,0,5,8,1,63
33,"Key West, FL",10,0,7,0,3,10,0,110
33,"Killeen, TX",5,0,0,0,5,7,0,33
33,"King Salmon, AK",0,0,2,0,1,2,0,9
33,"Knoxville, TN",37,5,29,0,31,63,2,332
33,"Kodiak, AK",1,0,2,0,2,3,0,18
33,"Kona, HI",34,1,25,0,29,54,2,319
33,"Kotzebue, AK",0,0,0,0,0,0,0,7
33,"La Crosse, WI",0,0,0,0,0,0,0,7
33,"Lafayette, LA",6,2,0,0,2,10,0,74
33,"Lake Charles, LA",1,0,0,0,0,1,0,21
33,"Lansing, MI",4,0,5,0,2,6,0,26
33,"Laramie, WY",2,0,2,0,0,3,0,12
33,"Laredo, TX",1,0,0,0,1,2,0,37
33,"Las Vegas, NV",362,16,333,1,353,631,11,3639
33,"Latrobe, PA",0,0,0,0,0,0,0,10
33,"Lawton/Fort Sill, OK",0,0,0,0,1,1,0,21
33,"Lewiston, ID",3,0,1,0,0,3,0,21
33,"Lexington, KY",31,2,29,0,23,48,0,172
33,"Liberal, KS",4,0,2,0,1,5,0,12
33,"Lihue, HI",23,0,15,0,15,36,7,325
33,"Lincoln, NE",8,1,12,0,8,19,1,49
33,"Little Rock, AR",33,1,22,0,32,50,3,248
33,"Long Beach, CA",19,1,7,0,17,30,0,324
33,"Longview, TX",1,0,0,0,1,2,0,14
33,"Los Angeles, CA",425,51,305,3,305,652,25,3936
33,"Louisville, KY",60,3,54,1,51,97,7,467
33,"Lubbock, TX",6,0,2,1,6,10,0,125
33,"Madison, WI",44,4,31,0,41,70,4,270
33,"Manchester, NH",12,1,9,0,13,21,4,135
33,"Manhattan/Ft. Riley, KS",2,0,0,0,0,2,0,21
33,"Marquette, MI",1,1,1,0,1,3,0,21
33,"Martha's Vineyard, MA",11,2,15,0,5,17,1,78
33,"Mason City, IA",1,0,2,0,4,6,0,12
33,"Medford, OR",5,1,7,1,4,12,0,80
33,"Melbourne, FL",7,0,2,0,4,8,0,54
33,"Memphis, TN",51,2,44,0,60,91,5,460
33,"Meridian, MS",2,0,0,0,0,2,0,12
33,"Miami, FL",222,21,171,11,198,357,15,1912
33,"Midland/Odessa, TX",15,1,10,1,8,22,1,190
33,"Milwaukee, WI",69,7,53,0,64,108,8,593
33,"Minneapolis, MN",254,67,425,2,267,663,6,2687
33,"Minot, ND",4,4,4,1,1,12,1,50
33,"Mission/McAllen/Edinburg, TX",16,1,7,0,15,23,0,102
33,"Missoula, MT",10,2,10,0,5,18,1,115
33,"Mobile, AL",3,1,4,0,2,6,0,53
33,"Moline, IL",10,0,10,0,6,18,0,78
33,"Monroe, LA",1,0,0,0,0,1,0,41
33,"Monterey, CA",7,0,8,0,7,14,0,102
33,"Montgomery, AL",3,1,5,0,2,7,0,54
33,"Montrose/Delta, CO",6,0,3,0,6,11,0,56
33,"Mosinee, WI",1,1,2,0,2,3,0,14
33,"Myrtle Beach, SC",44,2,27,1,29,64,5,375
33,"Nantucket, MA",9,0,12,0,10,19,0,107
33,"Nashville, TN",180,12,113,3,176,279,13,1973
33,"New Bern/Morehead/Beaufort, NC",0,0,0,0,0,0,0,7
33,"New Orleans, LA",118,13,85,0,98,186,5,827
33,"New York, NY",513,82,678,6,507,1092,251,5669
33,"Newark, NJ",190,37,281,0,176,442,108,2506
33,"Newburgh/Poughkeepsie, NY",2,0,0,0,0,2,0,7
33,"Niagara Falls, NY",0,0,0,0,0,0,0,5
33,"Nome, AK",1,0,1,0,2,2,0,7
33,"Norfolk, VA",56,4,44,0,39,83,8,450
33,"North Bend/Coos Bay, OR",1,0,0,0,1,2,0,9
33,"North Platte, NE",3,0,1,0,1,4,0,12
33,"Oakland, CA",88,4,65,3,91,130,0,804
33,"Oklahoma City, OK",54,5,30,0,44,84,3,446
33,"Omaha, NE",65,3,47,0,56,100,2,446
33,"Ontario, CA",63,3,35,0,65,105,2,556
33,"Orlando, FL",328,24,222,5,269,489,27,2724
33,"Pago Pago, TT",1,0,0,0,0,1,0,3
33,"Palm Springs, CA",18,0,9,1,14,29,0,137
33,"Panama City, FL",13,1,5,0,14,21,0,183
33,"Pasco/Kennewick/Richland, WA",12,3,18,1,5,23,0,101
33,"Pellston, MI",7,0,2,0,0,8,0,26
33,"Pensacola, FL",32,1,23,1,25,49,0,256
33,"Peoria, IL",5,0,8,0,6,11,0,65
33,"Petersburg, AK",3,0,0,0,0,3,0,14
33,"Philadelphia, PA",299,32,393,3,344,585,34,2350
33,"Phoenix, AZ",356,23,200,9,337,563,6,3577
33,"Pittsburgh, PA",115,9,95,3,110,191,14,903
33,"Plattsburgh, NY",1,0,2,0,0,3,0,7
33,"Pocatello, ID",0,0,0,0,0,0,0,14
33,"Ponce, PR",2,1,1,0,2,3,4,17
33,"Portland, ME",35,0,41,0,30,60,11,328
33,"Portland, OR",129,11,118,0,103,228,6,1243
33,"Portsmouth, NH",1,0,0,0,0,1,0,5
33,"Prescott, AZ",0,1,2,0,5,6,0,14
33,"Providence, RI",37,3,34,0,31,63,3,309
33,"Provo, UT",5,0,4,0,6,8,0,32
33,"Punta Gorda, FL",6,1,7,0,8,14,0,70
33,"Raleigh/Durham, NC",157,14,112,1,153,261,17,1252
33,"Rapid City, SD",11,1,10,0,11,22,0,130
33,"Redding, CA",3,0,3,0,1,5,0,28
33,"Reno, NV",50,4,44,0,40,83,2,424
33,"Rhinelander, WI",3,2,3,0,0,3,0,21
33,"Richmond, VA",51,4,30,0,45,76,5,355
33,"Riverton/Lander, WY",0,0,2,0,1,2,0,14
33,"Roanoke, VA",3,1,7,0,2,10,1,59
33,"Rochester, MN",2,0,2,0,2,4,0,27
33,"Rochester, NY",46,2,21,0,31,55,7,249
33,"Rock Springs, WY",2,0,1,0,1,3,0,14
33,"Rockford, IL",1,0,0,0,0,1,0,13
33,"Roswell, NM",2,1,2,0,1,4,0,21
33,"Sacramento, CA",131,6,102,0,131,203,3,1154
33,"Saginaw/Bay City/Midland, MI",8,0,6,0,0,11,0,46
33,"Saipan, TT",0,0,0,0,0,0,0,7
33,"Salina, KS",0,1,0,0,3,4,0,14
33,"Salt Lake City, UT",220,37,201,1,192,397,9,2215
33,"San Angelo, TX",1,0,0,0,1,1,0,21
33,"San Antonio, TX",92,5,53,2,94,145,6,822
33,"San Diego, CA",218,17,159,0,194,364,6,1975
33,"San Francisco, CA",316,30,399,4,240,605,19,2705
33,"San Jose, CA",97,10,63,0,107,156,5,1054
33,"San Juan, PR",129,22,171,4,99,236,30,661
33,"San Luis Obispo, CA",13,1,6,0,7,18,0,102
33,"Sanford, FL",6,1,5,0,9,13,0,132
33,"Santa Ana, CA",72,4,44,1,61,117,2,838
33,"Santa Barbara, CA",16,0,6,0,13,23,0,155
33,"Santa Fe, NM",5,2,4,0,1,8,0,70
33,"Santa Maria, CA",0,0,1,0,1,1,0,2
33,"Santa Rosa, CA",5,1,8,0,6,12,0,73
33,"Sarasota/Bradenton, FL",20,2,14,0,20,33,0,211
33,"Sault Ste. Marie, MI",2,1,2,0,0,3,0,14
33,"Savannah, GA",41,3,31,0,40,67,4,362
33,"Scottsbluff, NE",0,0,1,0,1,2,0,12
33,"Scranton/Wilkes-Barre, PA",4,0,7,0,8,13,0,34
33,"Seattle, WA",313,53,377,2,343,680,33,3668
33,"Sheridan, WY",5,0,2,0,0,5,0,14
33,"Shreveport, LA",4,1,8,0,8,14,0,93
33,"Sioux City, IA",3,0,1,0,0,3,1,14
33,"Sioux Falls, SD",25,4,13,0,18,37,0,116
33,"Sitka, AK",3,1,4,0,6,8,1,42
33,"South Bend, IN",22,5,17,0,13,38,0,130
33,"Spokane, WA",47,3,34,0,39,72,0,370
33,"Springfield, IL",0,0,0,0,0,0,0,1
33,"Springfield, MO",11,2,24,0,12,33,2,206
33,"St. Cloud, MN",0,0,0,0,0,0,0,1
33,"St. George, UT",4,5,7,0,2,13,0,53
33,"St. Louis, MO",131,4,78,2,125,198,7,1298
33,"St. Petersburg, FL",8,6,8,0,12,22,0,135
33,"State College, PA",1,2,2,0,3,4,0,13
33,"Stillwater, OK",2,0,0,0,0,2,0,14
33,"Stockton, CA",0,0,1,0,2,3,0,9
33,"Sun Valley/Hailey/Ketchum, ID",5,0,1,0,0,5,0,44
33,"Syracuse, NY",39,2,34,0,34,59,6,260
33,"Tallahassee, FL",14,0,8,0,8,18,2,131
33,"Tampa, FL",160,11,126,0,139,260,5,1320
33,"Texarkana, AR",0,0,1,0,0,1,0,14
33,"Toledo, OH",0,0,0,0,0,0,0,3
33,"Traverse City, MI",27,2,18,0,13,38,0,138
33,"Trenton, NJ",6,0,3,0,2,8,0,29
33,"Tucson, AZ",50,5,26,1,30,68,1,321
33,"Tulsa, OK",55,4,35,1,40,86,1,345
33,"Twin Falls, ID",1,0,1,0,0,1,0,14
33,"Tyler, TX",1,1,2,0,0,2,0,21
33,"Valdosta, GA",1,2,2,0,2,3,0,14
33,"Valparaiso, FL",26,1,19,1,29,44,0,205
33,"Victoria, TX",0,0,0,0,0,0,0,12
33,"Waco, TX",4,0,3,0,2,3,0,21
33,"Walla Walla, WA",1,1,3,0,2,4,0,14
33,"Washington, DC",357,33,357,4,384,670,37,3727
33,"West Palm Beach/Palm Beach, FL",65,4,52,1,54,102,2,436
33,"West Yellowstone, MT",1,0,1,0,0,1,0,16
33,"White Plains, NY",24,1,32,0,23,52,10,238
33,"Wichita Falls, TX",1,0,0,0,1,2,0,14
33,"Wichita, KS",37,8,32,1,22,56,2,209
33,"Williston, ND",3,2,1,0,1,6,0,38
33,"Wilmington, NC",25,1,19,0,20,39,5,200
33,"Worcester, MA",2,0,2,0,2,4,0,27
33,"Wrangell, AK",0,0,0,0,3,3,0,14
33,"Yakutat, AK",0,0,0,0,3,3,0,14
33,"Yuma, AZ",4,0,0,0,1,4,0,40
34,"Aberdeen, SD",1,1,1,0,0,1,0,14
34,"Abilene, TX",5,0,2,0,5,6,0,33
34,"Adak Island, AK",0,0,1,0,0,1,0,2
34,"Aguadilla, PR",14,1,10,1,9,18,0,42
34,"Akron, OH",7,0,7,0,7,14,0,66
34,"Albany, GA",3,0,1,0,0,3,0,14
34,"Albany, NY",38,2,20,1,29,54,0,249
34,"Albuquerque, NM",40,2,32,0,46,71,0,477
34,"Alexandria, LA",3,0,0,0,0,3,0,41
34,"Allentown/Bethlehem/Easton, PA",9,2,4,1,7,15,0,77
34,"Alpena, MI",1,1,0,0,0,2,0,12
34,"Amarillo, TX",10,1,7,0,6,18,0,102
34,"Anchorage, AK",45,1,73,2,58,101,4,484
34,"Appleton, WI",9,1,7,0,5,15,0,113
34,"Arcata/Eureka, CA",4,0,6,0,4,8,0,34
34,"Asheville, NC",14,9,19,0,18,38,4,260
34,"Ashland, WV",0,0,0,0,0,0,0,6
34,"Aspen, CO",14,0,12,0,6,23,0,141
34,"Atlanta, GA",458,67,342,5,454,808,31,6665
34,"Atlantic City, NJ",14,5,21,0,12,28,0,70
34,"Augusta, GA",8,3,4,0,7,13,0,82
34,"Austin, TX",160,15,113,2,145,271,6,1603
34,"Bakersfield, CA",7,1,5,0,7,13,0,65
34,"Baltimore, MD",215,17,195,2,225,376,8,2032
34,"Bangor, ME",11,1,13,0,11,21,5,147
34,"Barrow, AK",0,0,0,0,1,1,0,7
34,"Baton Rouge, LA",4,3,3,0,6,10,0,92
34,"Beaumont/Port Arthur, TX",0,0,0,0,0,0,0,14
34,"Belleville, IL",0,0,0,0,0,0,0,14
34,"Bellingham, WA",5,0,7,0,7,11,0,36
34,"Bemidji, MN",1,0,0,0,0,1,0,14
34,"Bend/Redmond, OR",9,4,13,0,7,23,0,128
34,"Bethel, AK",2,0,3,0,3,4,0,14
34,"Billings, MT",8,1,5,0,8,16,0,92
34,"Binghamton, NY",0,0,0,0,0,0,1,7
34,"Birmingham, AL",28,3,17,0,30,53,0,317
34,"Bishop, CA",0,0,0,0,0,0,0,7
34,"Bismarck/Mandan, ND",11,3,5,0,4,16,0,83
34,"Bloomington/Normal, IL",1,0,2,0,4,4,0,32
34,"Boise, ID",46,6,44,0,36,87,1,475
34,"Boston, MA",369,34,323,3,359,659,41,2994
34,"Bozeman, MT",24,0,18,0,31,40,0,244
34,"Brainerd, MN",0,0,0,0,0,0,0,14
34,"Bristol/Johnson City/Kingsport, TN",1,0,1,0,1,3,0,43
34,"Brownsville, TX",1,0,0,0,3,4,0,40
34,"Brunswick, GA",4,0,1,0,0,4,0,14
34,"Buffalo, NY",83,7,57,1,77,126,4,480
34,"Burbank, CA",49,2,41,0,52,87,7,611
34,"Burlington, VT",20,1,26,0,19,39,1,201
34,"Butte, MT",2,0,0,0,0,2,0,14
34,"Casper, WY",8,0,7,0,6,15,0,49
34,"Cedar City, UT",3,1,1,0,0,4,0,12
34,"Cedar Rapids/Iowa City, IA",17,2,18,0,12,31,0,183
34,"Champaign/Urbana, IL",1,1,1,0,1,2,0,28
34,"Charleston, SC",64,4,50,1,55,105,7,516
34,"Charleston/Dunbar, WV",5,1,2,0,7,11,0,68
34,"Charlotte Amalie, VI",12,3,12,0,7,22,1,82
34,"Charlotte, NC",437,62,430,7,575,895,33,4455
34,"Charlottesville, VA",8,0,6,0,1,11,2,59
34,"Chattanooga, TN",8,0,8,0,5,13,0,125
34,"Cheyenne, WY",3,0,1,0,4,7,0,13
34,"Chicago, IL",685,69,733,8,726,1315,45,7564
34,"Christiansted, VI",2,3,1,0,3,5,0,12
34,"Cincinnati, OH",74,10,56,0,76,130,8,781
34,"Clarksburg/Fairmont, WV",0,0,0,0,0,0,0,2
34,"Cleveland, OH",79,8,53,2,78,143,14,801
34,"Cody, WY",1,1,3,0,4,7,0,22
34,"College Station/Bryan, TX",1,0,0,0,1,1,0,21
34,"Colorado Springs, CO",32,0,14,0,23,47,0,252
34,"Columbia, MO",1,0,1,0,4,5,0,41
34,"Columbia, SC",9,0,5,0,15,21,0,136
34,"Columbus, GA",1,0,0,0,0,1,0,20
34,"Columbus, MS",2,0,0,0,1,2,0,14
34,"Columbus, OH",97,13,68,0,86,153,8,862
34,"Concord, NC",1,2,4,0,2,4,0,10
34,"Cordova, AK",1,0,3,0,2,3,0,14
34,"Corpus Christi, TX",3,0,0,0,2,4,0,70
34,"Dallas, TX",74,7,57,5,76,135,4,1308
34,"Dallas/Fort Worth, TX",597,64,383,9,650,1040,27,6312
34,"Dayton, OH",17,3,12,0,14,32,0,143
34,"Daytona Beach, FL",3,1,4,0,3,7,0,56
34,"Deadhorse, AK",0,0,0,0,0,0,0,11
34,"Decatur, IL",1,0,1,0,2,3,0,12
34,"Denver, CO",507,61,677,4,522,1124,14,6098
34,"Des Moines, IA",36,4,25,0,33,57,0,294
34,"Detroit, MI",263,33,183,1,197,424,12,2737
34,"Devils Lake, ND",0,0,0,0,0,0,0,13
34,"Dickinson, ND",0,0,1,0,0,1,0,13
34,"Dillingham, AK",1,0,1,0,0,0,0,7
34,"Dodge City, KS",1,0,1,0,2,3,1,12
34,"Dothan, AL",2,0,0,0,0,2,0,14
34,"Duluth, MN",3,0,2,0,2,5,0,52
34,"Durango, CO",4,0,6,0,3,9,0,82
34,"Eagle, CO",10,0,6,0,7,12,0,53
34,"El Paso, TX",41,3,18,0,38,58,0,364
34,"Elko, NV",1,0,0,0,0,1,0,7
34,"Elmira/Corning, NY",3,0,1,0,1,4,0,18
34,"Escanaba, MI",2,0,0,0,0,2,0,12
34,"Eugene, OR",13,3,9,0,13,24,0,121
34,"Evansville, IN",2,2,1,0,4,6,0,38
34,"Everett, WA",0,0,0,0,0,0,0,14
34,"Fairbanks, AK",12,0,20,0,18,31,2,91
34,"Fargo, ND",17,2,8,0,7,24,0,130
34,"Fayetteville, AR",25,1,10,0,15,35,0,278
34,"Fayetteville, NC",3,0,2,0,1,4,0,28
34,"Flagstaff, AZ",2,1,1,0,0,3,0,33
34,"Flint, MI",3,2,3,0,2,6,0,34
34,"Fort Dodge, IA",0,0,2,0,4,4,0,12
34,"Fort Lauderdale, FL",239,9,313,0,235,455,25,1516
34,"Fort Myers, FL",43,0,60,0,30,88,4,431
34,"Fort Smith, AR",1,0,0,0,2,3,0,27
34,"Fort Wayne, IN",5,1,7,0,4,12,0,82
34,"Fresno, CA",27,0,24,0,25,49,2,232
34,"Gainesville, FL",3,1,4,0,3,7,1,67
34,"Garden City, KS",2,0,3,0,2,4,0,14
34,"Gillette, WY",1,1,1,0,2,4,0,14
34,"Grand Forks, ND",1,1,0,0,0,2,0,23
34,"Grand Island, NE",0,0,0,0,0,0,0,18
34,"Grand Junction, CO",9,1,7,0,4,15,1,77
34,"Grand Rapids, MI",47,1,26,0,38,67,4,335
34,"Great Falls, MT",1,1,2,0,2,4,0,43
34,"Green Bay, WI",11,2,2,0,4,16,0,94
34,"Greensboro/High Point, NC",20,3,17,0,21,38,5,249
34,"Greer, SC",31,1,24,0,35,59,2,332
34,"Guam, TT",1,0,1,0,2,2,0,14
34,"Gulfport/Biloxi, MS",4,1,0,0,2,6,0,68
34,"Gunnison, CO",2,1,0,0,2,5,0,15
34,"Gustavus, AK",0,0,0,0,0,0,0,7
34,"Hagerstown, MD",0,0,1,0,1,1,0,6
34,"Hancock/Houghton, MI",1,0,1,0,3,4,0,14
34,"Harlingen/San Benito, TX",1,0,0,0,3,3,0,79
34,"Harrisburg, PA",14,1,11,2,11,20,0,103
34,"Hartford, CT",81,9,41,0,68,119,1,482
34,"Hattiesburg/Laurel, MS",2,0,0,0,1,3,0,12
34,"Hayden, CO",4,1,3,0,1,6,0,30
34,"Hays, KS",1,0,1,0,0,2,0,12
34,"Helena, MT",0,0,1,0,2,3,0,28
34,"Hibbing, MN",0,0,0,0,0,0,0,12
34,"Hilo, HI",12,1,1,0,9,12,28,132
34,"Hilton Head, SC",7,0,8,0,2,9,1,52
34,"Hobbs, NM",0,0,4,0,3,5,0,14
34,"Honolulu, HI",109,1,35,1,59,141,32,1160
34,"Houston, TX",244,30,207,4,228,446,14,3295
34,"Huntsville, AL",18,1,5,0,12,24,2,172
34,"Hyannis, MA",3,0,3,0,0,4,0,21
34,"Idaho Falls, ID",3,0,3,0,2,7,0,68
34,"Indianapolis, IN",97,8,50,0,97,155,16,884
34,"International Falls, MN",1,0,0,0,0,1,0,14
34,"Iron Mountain/Kingsfd, MI",1,1,0,0,0,2,2,14
34,"Islip, NY",13,3,5,0,14,19,0,84
34,"Ithaca/Cortland, NY",2,0,4,0,1,4,2,28
34,"Jackson, WY",12,0,8,0,6,17,0,140
34,"Jackson/Vicksburg, MS",7,1,3,0,8,12,0,118
34,"Jacksonville, FL",85,10,68,0,82,142,5,556
34,"Jacksonville/Camp Lejeune, NC",5,2,3,0,4,6,1,48
34,"Jamestown, ND",0,0,0,0,0,0,0,13
34,"Johnstown, PA",0,0,0,0,1,1,0,14
34,"Joplin, MO",2,0,2,0,1,3,0,12
34,"Juneau, AK",9,1,10,2,8,21,1,116
34,"Kahului, HI",35,0,9,0,16,39,1,495
34,"Kalamazoo, MI",5,0,0,0,0,5,0,20
34,"Kalispell, MT",12,1,10,0,6,18,0,118
34,"Kansas City, MO",88,7,52,1,90,145,4,981
34,"Ketchikan, AK",2,2,9,0,9,11,0,61
34,"Key West, FL",12,3,17,0,12,30,1,109
34,"Killeen, TX",4,0,1,0,3,5,0,33
34,"King Salmon, AK",1,0,2,0,2,1,0,7
34,"Knoxville, TN",29,3,22,1,30,51,1,323
34,"Kodiak, AK",0,0,1,0,1,1,0,21
34,"Kona, HI",30,0,13,1,18,40,1,311
34,"Kotzebue, AK",0,0,1,0,0,1,0,7
34,"La Crosse, WI",0,0,0,0,0,0,0,7
34,"Lafayette, LA",6,0,3,0,3,7,0,61
34,"Lake Charles, LA",3,0,0,0,0,3,0,21
34,"Lansing, MI",1,0,0,0,0,1,0,26
34,"Laramie, WY",2,0,0,0,0,2,0,12
34,"Laredo, TX",1,0,1,0,1,2,0,36
34,"Las Vegas, NV",312,11,238,3,350,554,20,3642
34,"Latrobe, PA",0,0,0,0,0,0,0,8
34,"Lawton/Fort Sill, OK",2,1,1,0,0,3,0,21
34,"Lewiston, ID",3,1,3,0,0,4,0,21
34,"Lexington, KY",15,4,14,0,12,29,0,176
34,"Liberal, KS",0,0,1,0,3,3,1,12
34,"Lihue, HI",17,0,8,0,9,25,2,299
34,"Lincoln, NE",5,0,5,0,7,14,0,49
34,"Little Rock, AR",20,3,13,0,19,37,0,250
34,"Long Beach, CA",22,1,6,0,19,29,0,324
34,"Longview, TX",2,1,1,0,3,3,0,14
34,"Los Angeles, CA",385,39,245,2,317,595,7,3846
34,"Louisville, KY",39,6,28,1,32,67,3,463
34,"Lubbock, TX",10,1,4,0,10,18,0,125
34,"Madison, WI",36,3,18,0,36,57,1,266
34,"Manchester, NH",14,0,9,0,18,25,0,135
34,"Manhattan/Ft. Riley, KS",4,1,2,0,0,4,0,21
34,"Marquette, MI",5,0,5,0,4,8,0,21
34,"Martha's Vineyard, MA",9,0,6,0,8,12,4,78
34,"Mason City, IA",1,0,1,0,2,3,0,12
34,"Medford, OR",13,1,10,0,6,21,0,84
34,"Melbourne, FL",5,1,8,0,5,10,0,52
34,"Memphis, TN",42,4,31,0,48,78,0,458
34,"Meridian, MS",0,0,0,0,0,0,0,12
34,"Miami, FL",290,37,385,6,300,629,29,1895
34,"Midland/Odessa, TX",7,2,7,0,7,18,0,191
34,"Milwaukee, WI",70,7,53,0,52,109,6,595
34,"Minneapolis, MN",237,33,244,0,162,429,2,2686
34,"Minot, ND",1,1,1,0,0,2,0,44
34,"Mission/McAllen/Edinburg, TX",20,0,9,0,16,25,0,101
34,"Missoula, MT",9,1,10,0,7,15,0,105
34,"Mobile, AL",1,0,1,0,1,2,0,52
34,"Moline, IL",4,2,5,0,4,12,0,76
34,"Monroe, LA",4,0,1,0,0,5,0,40
34,"Monterey, CA",6,3,12,0,7,18,0,97
34,"Montgomery, AL",5,0,1,0,2,5,0,54
34,"Montrose/Delta, CO",5,0,0,0,4,7,0,56
34,"Mosinee, WI",0,0,0,0,0,0,0,14
34,"Myrtle Beach, SC",34,8,37,1,28,70,4,373
34,"Nantucket, MA",9,0,8,0,7,14,5,105
34,"Nashville, TN",175,21,96,0,179,286,8,1973
34,"New Bern/Morehead/Beaufort, NC",0,1,0,0,1,2,0,7
34,"New Orleans, LA",100,12,71,1,97,170,3,827
34,"New York, NY",640,96,540,2,594,1085,177,5655
34,"Newark, NJ",257,50,237,1,211,440,135,2527
34,"Newburgh/Poughkeepsie, NY",0,1,0,0,0,1,0,7
34,"Niagara Falls, NY",0,2,1,0,0,2,0,4
34,"Nome, AK",1,0,2,0,2,2,0,7
34,"Norfolk, VA",51,8,43,2,38,89,9,450
34,"North Bend/Coos Bay, OR",1,0,4,0,0,4,0,9
34,"North Platte, NE",2,1,4,0,3,6,0,12
34,"Oakland, CA",79,2,63,0,79,118,2,795
34,"Oklahoma City, OK",44,6,31,0,44,77,2,440
34,"Omaha, NE",49,5,27,0,43,74,3,448
34,"Ontario, CA",46,5,27,0,58,80,0,542
34,"Orlando, FL",345,37,513,5,369,781,31,2707
34,"Pago Pago, TT",0,0,0,0,0,0,0,3
34,"Palm Springs, CA",16,2,17,0,20,34,0,152
34,"Panama City, FL",13,0,7,0,11,21,0,190
34,"Pasco/Kennewick/Richland, WA",11,2,12,0,4,19,0,89
34,"Pellston, MI",1,1,0,0,0,2,0,26
34,"Pensacola, FL",26,3,15,0,32,48,0,251
34,"Peoria, IL",2,2,6,0,3,7,0,65
34,"Petersburg, AK",0,0,0,0,0,0,1,14
34,"Philadelphia, PA",313,45,343,2,349,581,32,2361
34,"Phoenix, AZ",312,33,329,0,347,613,17,3601
34,"Pittsburgh, PA",97,13,73,1,96,164,14,903
34,"Plattsburgh, NY",2,1,3,0,0,4,0,6
34,"Pocatello, ID",1,0,0,0,0,1,0,14
34,"Ponce, PR",7,0,3,0,5,7,0,16
34,"Portland, ME",42,2,25,0,31,58,6,343
34,"Portland, OR",119,8,115,2,119,221,3,1264
34,"Portsmouth, NH",1,0,0,0,0,1,0,5
34,"Prescott, AZ",4,0,5,0,5,9,0,14
34,"Providence, RI",38,4,20,1,43,64,1,323
34,"Provo, UT",1,2,5,0,5,7,0,29
34,"Punta Gorda, FL",5,1,17,0,8,23,0,63
34,"Raleigh/Durham, NC",167,17,100,1,164,264,13,1249
34,"Rapid City, SD",11,2,11,0,8,21,0,129
34,"Redding, CA",0,0,2,0,2,3,0,35
34,"Reno, NV",64,3,39,0,52,99,0,462
34,"Rhinelander, WI",5,2,3,0,0,7,0,21
34,"Richmond, VA",45,6,25,0,49,76,3,339
34,"Riverton/Lander, WY",1,0,2,0,2,4,0,14
34,"Roanoke, VA",4,0,5,0,4,7,1,59
34,"Rochester, MN",3,0,4,0,2,5,0,27
34,"Rochester, NY",39,1,23,0,23,49,4,243
34,"Rock Springs, WY",0,1,1,0,2,3,0,14
34,"Rockford, IL",0,1,1,0,0,1,0,14
34,"Roswell, NM",0,0,0,0,0,0,0,21
34,"Sacramento, CA",110,8,91,0,134,202,3,1155
34,"Saginaw/Bay City/Midland, MI",4,0,2,0,2,6,0,45
34,"Saipan, TT",2,0,0,0,0,2,0,7
34,"Salina, KS",2,0,0,0,0,2,0,14
34,"Salt Lake City, UT",169,26,103,0,124,285,1,2215
34,"San Angelo, TX",2,0,2,0,1,2,0,21
34,"San Antonio, TX",69,8,46,2,82,126,2,824
34,"San Diego, CA",170,10,178,3,177,345,6,1918
34,"San Francisco, CA",264,23,446,1,254,641,17,2775
34,"San Jose, CA",77,7,57,1,94,152,6,1059
34,"San Juan, PR",120,20,94,0,87,177,7,627
34,"San Luis Obispo, CA",8,0,10,1,12,20,1,113
34,"Sanford, FL",15,3,12,0,14,28,0,110
34,"Santa Ana, CA",69,3,40,0,70,109,6,833
34,"Santa Barbara, CA",18,1,9,0,19,30,2,154
34,"Santa Fe, NM",5,1,4,0,1,7,0,70
34,"Santa Maria, CA",0,0,0,0,0,0,0,2
34,"Santa Rosa, CA",9,0,6,0,10,18,0,79
34,"Sarasota/Bradenton, FL",18,1,20,0,20,37,2,206
34,"Sault Ste. Marie, MI",1,0,0,0,0,1,0,14
34,"Savannah, GA",36,1,23,1,29,56,8,360
34,"Scottsbluff, NE",1,1,2,0,4,6,0,12
34,"Scranton/Wilkes-Barre, PA",10,0,7,0,9,17,0,34
34,"Seattle, WA",309,55,560,9,426,896,26,3572
34,"Sheridan, WY",1,1,1,0,0,2,0,14
34,"Shreveport, LA",6,1,2,0,9,12,0,91
34,"Sioux City, IA",1,0,0,0,1,2,0,14
34,"Sioux Falls, SD",10,3,2,0,8,17,1,122
34,"Sitka, AK",4,3,8,0,2,10,1,35
34,"South Bend, IN",21,2,14,0,8,31,0,134
34,"Spokane, WA",46,6,36,0,29,75,0,375
34,"Springfield, MO",19,4,21,0,17,37,0,213
34,"St. George, UT",14,1,9,0,2,17,0,53
34,"St. Louis, MO",99,8,54,3,111,169,6,1293
34,"St. Petersburg, FL",7,5,12,0,19,28,0,107
34,"State College, PA",0,0,0,0,0,0,0,13
34,"Stillwater, OK",0,0,0,0,0,0,0,14
34,"Stockton, CA",0,0,0,0,1,1,0,8
34,"Sun Valley/Hailey/Ketchum, ID",2,0,4,0,2,6,0,44
34,"Syracuse, NY",32,4,33,1,22,52,4,250
34,"Tallahassee, FL",20,3,18,0,15,33,2,130
34,"Tampa, FL",164,13,136,2,165,289,20,1318
34,"Texarkana, AR",1,0,0,0,0,1,0,14
34,"Toledo, OH",0,1,0,0,0,1,0,2
34,"Traverse City, MI",13,2,13,0,14,26,1,132
34,"Trenton, NJ",3,1,1,0,6,7,1,28
34,"Tucson, AZ",41,7,27,0,28,65,1,335
34,"Tulsa, OK",31,3,15,0,36,55,0,345
34,"Twin Falls, ID",2,0,0,0,0,2,0,14
34,"Tyler, TX",1,0,1,0,0,1,0,21
34,"Valdosta, GA",1,0,0,0,0,1,0,14
34,"Valparaiso, FL",25,0,8,0,22,35,0,195
34,"Victoria, TX",1,0,0,0,0,1,0,12
34,"Waco, TX",2,0,3,0,3,3,0,21
34,"Walla Walla, WA",0,0,4,0,4,5,1,14
34,"Washington, DC",374,60,290,5,375,648,35,3709
34,"West Palm Beach/Palm Beach, FL",89,2,113,0,71,148,4,440
34,"West Yellowstone, MT",1,0,1,0,0,1,0,16
34,"White Plains, NY",46,5,33,0,49,72,0,238
34,"Wichita Falls, TX",1,0,0,0,1,2,0,14
34,"Wichita, KS",28,1,21,0,17,45,0,208
34,"Williston, ND",5,0,4,0,1,8,0,38
34,"Wilmington, NC",28,1,12,0,23,39,3,197
34,"Worcester, MA",5,0,2,0,4,5,2,27
34,"Wrangell, AK",0,0,0,0,1,1,0,14
34,"Yakutat, AK",0,0,2,0,1,2,0,14
34,"Yuma, AZ",6,1,4,0,4,9,0,40
35,"Aberdeen, SD",0,1,1,0,0,1,0,14
35,"Abilene, TX",0,2,8,0,1,8,0,32
35,"Adak Island, AK",0,0,0,0,0,0,0,2
35,"Aguadilla, PR",7,2,7,0,0,10,0,42
35,"Akron, OH",6,7,9,0,11,22,2,63
35,"Albany, GA",3,1,0,0,0,4,0,14
35,"Albany, NY",40,5,25,0,34,62,2,228
35,"Albuquerque, NM",59,3,41,0,49,90,0,447
35,"Alexandria, LA",2,0,1,0,1,3,0,36
35,"Allentown/Bethlehem/Easton, PA",7,5,4,0,8,13,1,73
35,"Alpena, MI",4,1,1,0,0,5,0,12
35,"Amarillo, TX",11,1,9,0,4,14,0,97
35,"Anchorage, AK",40,4,72,3,41,94,1,478
35,"Appleton, WI",12,3,11,0,8,23,0,107
35,"Arcata/Eureka, CA",4,0,3,0,0,5,5,35
35,"Asheville, NC",19,9,24,0,19,43,4,248
35,"Ashland, WV",2,0,0,0,1,2,0,5
35,"Aspen, CO",12,1,11,0,10,23,0,140
35,"Atlanta, GA",437,101,478,0,435,911,25,6084
35,"Atlantic City, NJ",13,4,15,0,8,20,0,62
35,"Augusta, GA",7,5,7,0,7,17,3,75
35,"Austin, TX",163,20,134,0,150,281,6,1490
35,"Bakersfield, CA",3,0,4,0,3,7,0,61
35,"Baltimore, MD",185,26,278,2,216,412,23,1919
35,"Bangor, ME",14,1,25,0,15,32,2,140
35,"Barrow, AK",0,0,1,0,2,2,0,7
35,"Baton Rouge, LA",5,4,8,0,4,13,2,84
35,"Beaumont/Port Arthur, TX",2,0,0,0,0,2,0,14
35,"Belleville, IL",1,1,1,0,3,3,0,15
35,"Bellingham, WA",0,0,1,1,1,2,0,35
35,"Bemidji, MN",3,2,2,0,0,5,0,14
35,"Bend/Redmond, OR",8,0,9,0,6,12,0,121
35,"Bethel, AK",0,2,2,0,0,2,0,14
35,"Billings, MT",7,1,5,0,8,13,0,89
35,"Binghamton, NY",0,0,0,0,1,1,0,7
35,"Birmingham, AL",38,8,35,1,37,71,5,298
35,"Bishop, CA",0,0,0,0,0,0,0,7
35,"Bismarck/Mandan, ND",5,3,5,0,2,11,0,77
35,"Bloomington/Normal, IL",1,0,1,0,0,1,0,32
35,"Boise, ID",30,0,23,1,26,52,0,447
35,"Boston, MA",401,44,428,3,313,709,23,2867
35,"Bozeman, MT",21,0,10,0,13,25,0,226
35,"Brainerd, MN",0,0,0,0,0,0,0,14
35,"Bristol/Johnson City/Kingsport, TN",2,1,1,0,1,3,0,39
35,"Brownsville, TX",5,0,4,0,6,8,0,38
35,"Brunswick, GA",3,0,1,0,0,3,0,14
35,"Buffalo, NY",77,12,58,1,64,120,2,454
35,"Burbank, CA",47,2,26,0,51,84,3,577
35,"Burlington, VT",21,6,27,0,22,47,4,188
35,"Butte, MT",1,0,0,0,0,1,0,14
35,"Casper, WY",3,0,1,0,1,3,0,49
35,"Cedar City, UT",0,0,0,0,0,0,0,12
35,"Cedar Rapids/Iowa City, IA",18,3,14,0,14,33,2,178
35,"Champaign/Urbana, IL",2,1,4,0,6,7,0,30
35,"Charleston, SC",51,11,46,1,45,91,10,485
35,"Charleston/Dunbar, WV",14,2,10,0,7,22,4,63
35,"Charlotte Amalie, VI",4,2,6,0,2,8,0,80
35,"Charlotte, NC",363,128,533,2,462,831,189,3927
35,"Charlottesville, VA",5,0,10,0,4,10,0,57
35,"Chattanooga, TN",7,4,8,0,10,20,3,116
35,"Cheyenne, WY",0,0,0,0,0,0,0,13
35,"Chicago, IL",702,109,963,2,716,1501,56,7153
35,"Christiansted, VI",0,2,2,0,1,3,0,12
35,"Cincinnati, OH",81,17,99,1,97,173,7,738
35,"Clarksburg/Fairmont, WV",0,0,0,0,0,0,0,2
35,"Cleveland, OH",108,14,82,0,94,168,11,759
35,"Cody, WY",0,0,0,0,0,0,0,22
35,"College Station/Bryan, TX",2,0,1,0,3,4,0,24
35,"Colorado Springs, CO",33,2,15,0,26,49,0,246
35,"Columbia, MO",5,0,5,0,6,10,0,37
35,"Columbia, SC",8,8,10,0,12,23,2,131
35,"Columbus, GA",1,1,0,0,0,2,0,16
35,"Columbus, MS",0,0,1,0,0,1,0,14
35,"Columbus, OH",75,9,73,1,69,142,7,802
35,"Concord, NC",0,0,0,0,0,0,0,10
35,"Cordova, AK",1,0,3,0,4,5,0,14
35,"Corpus Christi, TX",6,0,6,0,5,11,1,66
35,"Dallas, TX",110,10,170,3,149,272,4,1268
35,"Dallas/Fort Worth, TX",554,137,610,7,673,1146,15,5902
35,"Dayton, OH",14,7,18,0,16,34,2,136
35,"Daytona Beach, FL",3,2,1,0,1,6,1,49
35,"Deadhorse, AK",1,1,0,0,1,3,0,11
35,"Decatur, IL",2,0,1,0,3,5,0,12
35,"Denver, CO",474,42,353,0,425,804,23,5944
35,"Des Moines, IA",27,5,27,0,29,52,4,272
35,"Detroit, MI",215,71,252,5,153,442,13,2453
35,"Devils Lake, ND",1,0,0,0,0,1,0,13
35,"Dickinson, ND",1,0,0,0,2,3,0,12
35,"Dillingham, AK",0,0,0,0,0,0,0,7
35,"Dodge City, KS",2,0,0,0,1,3,0,12
35,"Dothan, AL",1,1,0,0,0,2,0,14
35,"Duluth, MN",4,0,3,0,4,7,0,50
35,"Durango, CO",11,0,6,0,4,15,0,77
35,"Eagle, CO",3,0,2,0,3,5,0,52
35,"El Paso, TX",37,0,32,0,48,73,1,348
35,"Elko, NV",1,0,1,0,0,1,0,7
35,"Elmira/Corning, NY",1,0,0,0,0,1,0,18
35,"Escanaba, MI",0,0,0,0,0,0,0,12
35,"Eugene, OR",12,0,6,0,10,17,0,111
35,"Evansville, IN",2,1,2,0,2,5,0,34
35,"Everett, WA",1,0,0,0,0,1,0,13
35,"Fairbanks, AK",11,0,10,0,8,21,0,92
35,"Fargo, ND",6,5,8,0,9,19,0,124
35,"Fayetteville, AR",18,4,30,0,21,45,3,255
35,"Fayetteville, NC",1,2,1,0,3,4,0,27
35,"Flagstaff, AZ",6,0,2,0,1,7,0,31
35,"Flint, MI",8,3,5,0,4,11,0,35
35,"Fort Dodge, IA",0,1,1,0,0,1,0,12
35,"Fort Lauderdale, FL",218,13,193,2,185,325,9,1427
35,"Fort Myers, FL",53,2,36,0,35,76,1,407
35,"Fort Smith, AR",1,0,3,0,5,6,0,25
35,"Fort Wayne, IN",7,4,8,1,4,17,1,78
35,"Fresno, CA",29,0,16,0,17,43,0,221
35,"Gainesville, FL",1,3,2,0,5,6,2,64
35,"Garden City, KS",5,0,6,0,3,6,0,14
35,"Gillette, WY",0,0,0,0,0,0,0,14
35,"Grand Forks, ND",3,1,2,0,0,4,0,23
35,"Grand Island, NE",1,0,0,0,1,2,0,18
35,"Grand Junction, CO",10,0,5,0,8,15,0,72
35,"Grand Rapids, MI",36,6,28,0,28,62,4,312
35,"Great Falls, MT",1,0,0,0,0,1,0,42
35,"Green Bay, WI",13,2,9,1,6,22,0,82
35,"Greensboro/High Point, NC",25,8,34,0,20,57,5,237
35,"Greer, SC",33,10,48,1,34,77,4,307
35,"Guam, TT",1,0,0,0,0,1,0,14
35,"Gulfport/Biloxi, MS",8,1,7,1,6,13,1,61
35,"Gunnison, CO",1,0,0,0,0,1,0,15
35,"Gustavus, AK",0,0,0,0,0,0,0,4
35,"Hagerstown, MD",1,0,0,0,0,1,0,6
35,"Hancock/Houghton, MI",1,2,2,0,4,7,0,14
35,"Harlingen/San Benito, TX",3,1,3,0,8,11,0,76
35,"Harrisburg, PA",10,4,6,1,13,20,4,89
35,"Hartford, CT",62,9,50,1,54,105,6,447
35,"Hattiesburg/Laurel, MS",3,0,3,0,3,6,0,12
35,"Hayden, CO",0,0,0,0,2,2,0,30
35,"Hays, KS",2,0,1,0,1,4,0,12
35,"Helena, MT",0,0,0,0,2,2,0,28
35,"Hibbing, MN",3,0,1,0,0,3,0,12
35,"Hilo, HI",9,0,2,0,9,14,0,131
35,"Hilton Head, SC",2,0,0,0,0,2,0,50
35,"Hobbs, NM",2,0,2,0,1,3,0,14
35,"Honolulu, HI",72,4,30,1,42,107,10,1148
35,"Houston, TX",307,67,474,2,294,722,17,3172
35,"Huntsville, AL",18,4,10,0,13,33,3,156
35,"Hyannis, MA",4,0,3,0,3,5,0,21
35,"Idaho Falls, ID",2,1,2,0,2,5,0,66
35,"Indianapolis, IN",88,10,100,0,91,168,8,820
35,"International Falls, MN",1,0,0,0,0,1,0,14
35,"Iron Mountain/Kingsfd, MI",0,3,0,0,0,3,0,14
35,"Islip, NY",15,2,12,0,15,23,1,81
35,"Ithaca/Cortland, NY",0,0,2,0,3,4,0,14
35,"Jackson, WY",18,0,11,1,11,25,0,128
35,"Jackson/Vicksburg, MS",9,4,8,0,15,24,1,107
35,"Jacksonville, FL",75,7,54,0,61,119,7,518
35,"Jacksonville/Camp Lejeune, NC",2,3,0,0,5,5,4,44
35,"Jamestown, ND",1,0,0,0,0,1,0,13
35,"Johnstown, PA",2,0,2,0,2,6,1,14
35,"Joplin, MO",1,0,1,1,0,2,1,12
35,"Juneau, AK",7,0,13,1,16,22,2,113
35,"Kahului, HI",31,0,6,0,10,36,1,488
35,"Kalamazoo, MI",4,1,1,0,0,5,0,14
35,"Kalispell, MT",11,0,5,0,6,15,0,111
35,"Kansas City, MO",94,6,78,0,90,161,5,905
35,"Ketchikan, AK",5,0,8,0,1,12,0,61
35,"Key West, FL",7,1,5,0,4,9,1,108
35,"Killeen, TX",5,0,4,0,5,7,0,31
35,"King Salmon, AK",0,0,0,0,0,0,0,7
35,"Knoxville, TN",28,8,33,0,36,60,2,304
35,"Kodiak, AK",2,1,3,0,1,3,0,21
35,"Kona, HI",19,1,7,0,14,27,3,308
35,"Kotzebue, AK",0,0,0,0,0,0,0,7
35,"La Crosse, WI",0,0,0,0,0,0,0,4
35,"Lafayette, LA",1,3,3,0,1,7,1,54
35,"Lake Charles, LA",0,0,1,0,1,1,0,20
35,"Lansing, MI",8,1,3,0,1,10,0,20
35,"Laramie, WY",3,0,1,0,0,3,0,12
35,"Laredo, TX",5,0,8,0,5,8,0,33
35,"Las Vegas, NV",301,20,392,4,339,680,17,3480
35,"Latrobe, PA",0,0,0,0,0,0,0,8
35,"Lawton/Fort Sill, OK",1,0,0,0,1,2,0,20
35,"Lewiston, ID",1,0,0,0,1,2,0,21
35,"Lexington, KY",18,6,10,1,17,34,6,160
35,"Liberal, KS",3,0,2,0,2,4,0,12
35,"Lihue, HI",26,2,7,0,9,27,5,296
35,"Lincoln, NE",3,0,3,0,3,8,1,49
35,"Little Rock, AR",34,4,30,0,32,57,1,231
35,"Long Beach, CA",31,0,5,0,29,39,0,308
35,"Longview, TX",3,0,2,0,1,3,0,14
35,"Los Angeles, CA",314,32,212,1,261,499,12,3659
35,"Louisville, KY",51,11,46,1,44,91,5,428
35,"Lubbock, TX",7,1,13,0,13,23,0,119
35,"Madison, WI",29,6,36,0,25,61,1,233
35,"Manchester, NH",18,6,17,1,15,34,3,122
35,"Manhattan/Ft. Riley, KS",1,0,1,1,0,3,0,21
35,"Marquette, MI",1,0,4,0,4,6,0,20
35,"Martha's Vineyard, MA",7,1,5,0,7,12,1,78
35,"Mason City, IA",0,0,1,0,1,1,0,12
35,"Medford, OR",6,0,10,0,5,14,1,76
35,"Melbourne, FL",1,2,0,0,2,4,2,47
35,"Memphis, TN",51,8,66,1,58,108,4,418
35,"Meridian, MS",2,1,3,0,4,7,0,12
35,"Miami, FL",276,31,253,1,257,458,14,1857
35,"Midland/Odessa, TX",9,1,25,0,12,33,0,177
35,"Milwaukee, WI",76,8,68,0,60,130,3,555
35,"Minneapolis, MN",205,51,312,0,173,476,9,2426
35,"Minot, ND",1,1,1,0,1,2,0,39
35,"Mission/McAllen/Edinburg, TX",18,2,11,0,13,27,0,93
35,"Missoula, MT",6,0,8,0,8,13,0,100
35,"Mobile, AL",2,0,1,0,1,3,0,46
35,"Moline, IL",7,3,8,0,7,14,0,75
35,"Monroe, LA",2,0,3,0,1,4,0,34
35,"Monterey, CA",5,0,5,0,5,10,0,93
35,"Montgomery, AL",5,0,5,0,4,9,0,49
35,"Montrose/Delta, CO",2,1,2,0,4,6,0,55
35,"Mosinee, WI",1,1,6,0,1,7,0,14
35,"Myrtle Beach, SC",32,8,45,3,32,73,1,351
35,"Nantucket, MA",8,4,6,0,4,14,1,104
35,"Nashville, TN",171,28,188,0,198,353,11,1857
35,"New Bern/Morehead/Beaufort, NC",1,1,0,0,1,2,1,4
35,"New Orleans, LA",83,16,84,1,93,162,9,792
35,"New York, NY",686,113,742,2,535,1205,33,5623
35,"Newark, NJ",231,48,337,2,171,498,20,2457
35,"Newburgh/Poughkeepsie, NY",0,0,1,0,1,1,0,7
35,"Niagara Falls, NY",0,0,1,0,0,1,0,4
35,"Nome, AK",0,0,0,0,3,3,0,7
35,"Norfolk, VA",52,14,62,2,46,105,8,417
35,"North Bend/Coos Bay, OR",5,0,1,0,1,6,0,9
35,"North Platte, NE",2,1,3,0,0,3,0,12
35,"Oakland, CA",54,2,24,0,63,90,4,757
35,"Oklahoma City, OK",50,8,26,0,43,81,1,416
35,"Omaha, NE",59,5,34,0,41,83,2,422
35,"Ontario, CA",48,3,28,0,56,87,3,513
35,"Orlando, FL",271,23,258,3,287,509,13,2572
35,"Pago Pago, TT",0,0,0,0,0,0,0,3
35,"Palm Springs, CA",13,1,15,0,20,29,0,147
35,"Panama City, FL",17,3,10,0,17,26,0,171
35,"Pasco/Kennewick/Richland, WA",8,1,2,0,6,13,0,84
35,"Pellston, MI",2,1,2,0,0,2,0,26
35,"Pensacola, FL",36,10,27,1,30,51,3,231
35,"Peoria, IL",4,1,5,1,3,10,1,65
35,"Petersburg, AK",0,1,1,0,2,3,0,14
35,"Philadelphia, PA",282,66,433,2,281,594,50,2110
35,"Phoenix, AZ",314,25,246,3,306,530,12,3368
35,"Pittsburgh, PA",107,20,120,0,104,205,9,852
35,"Plattsburgh, NY",0,0,1,0,0,1,0,6
35,"Pocatello, ID",0,0,0,0,0,0,0,13
35,"Ponce, PR",4,0,1,0,2,4,0,16
35,"Portland, ME",43,5,46,0,39,70,4,329
35,"Portland, OR",109,13,88,2,110,208,3,1200
35,"Portsmouth, NH",0,0,0,0,0,0,0,5
35,"Prescott, AZ",2,0,0,0,2,3,0,14
35,"Providence, RI",46,6,37,0,39,79,7,299
35,"Provo, UT",3,3,3,0,7,6,0,32
35,"Punta Gorda, FL",2,0,8,0,9,14,0,63
35,"Raleigh/Durham, NC",145,30,198,0,166,317,17,1171
35,"Rapid City, SD",8,0,9,0,8,16,0,126
35,"Redding, CA",4,0,2,0,2,6,0,35
35,"Reno, NV",42,5,26,2,49,86,1,441
35,"Rhinelander, WI",1,2,1,0,0,3,0,21
35,"Richmond, VA",54,10,65,1,42,98,3,314
35,"Riverton/Lander, WY",0,0,0,0,0,0,0,14
35,"Roanoke, VA",1,1,8,0,4,9,0,54
35,"Rochester, MN",1,0,1,0,0,1,0,22
35,"Rochester, NY",45,6,39,0,39,69,4,223
35,"Rock Springs, WY",0,0,0,0,1,1,0,14
35,"Rockford, IL",0,2,1,0,0,2,0,14
35,"Roswell, NM",3,1,4,0,1,6,1,20
35,"Sacramento, CA",86,1,46,1,99,154,5,1090
35,"Saginaw/Bay City/Midland, MI",4,3,5,0,4,10,0,41
35,"Saipan, TT",0,0,0,0,0,0,0,7
35,"Salina, KS",2,0,1,0,0,3,1,14
35,"Salt Lake City, UT",134,16,78,1,92,209,1,2086
35,"San Angelo, TX",4,0,4,0,5,5,0,20
35,"San Antonio, TX",114,11,78,1,110,180,3,770
35,"San Diego, CA",180,12,148,1,164,297,5,1793
35,"San Francisco, CA",191,22,216,0,170,402,19,2670
35,"San Jose, CA",66,3,37,1,81,118,4,982
35,"San Juan, PR",68,13,59,0,52,121,1,608
35,"San Luis Obispo, CA",10,1,9,0,10,18,0,111
35,"Sanford, FL",12,7,10,1,17,29,0,109
35,"Santa Ana, CA",45,2,29,0,51,80,4,801
35,"Santa Barbara, CA",14,0,8,0,12,21,0,147
35,"Santa Fe, NM",4,0,3,0,3,7,0,69
35,"Santa Maria, CA",0,0,0,0,0,0,0,2
35,"Santa Rosa, CA",3,0,2,0,5,7,0,79
35,"Sarasota/Bradenton, FL",15,1,9,0,15,25,2,192
35,"Sault Ste. Marie, MI",1,1,1,0,0,2,0,14
35,"Savannah, GA",38,5,27,0,42,71,4,330
35,"Scottsbluff, NE",0,0,0,0,0,0,0,12
35,"Scranton/Wilkes-Barre, PA",8,2,4,0,7,12,1,28
35,"Seattle, WA",234,39,309,8,247,562,14,3454
35,"Sheridan, WY",0,0,0,0,0,0,0,14
35,"Shreveport, LA",5,1,1,0,5,9,2,86
35,"Sioux City, IA",1,1,3,0,4,6,0,14
35,"Sioux Falls, SD",16,2,7,0,9,22,1,115
35,"Sitka, AK",8,1,4,0,2,10,0,35
35,"South Bend, IN",16,10,14,0,8,34,2,127
35,"Spokane, WA",39,0,15,0,26,48,1,353
35,"Springfield, MO",20,4,25,0,11,35,0,191
35,"St. George, UT",6,0,1,0,0,6,0,53
35,"St. Louis, MO",99,9,90,3,89,172,10,1218
35,"St. Petersburg, FL",14,7,8,0,14,30,0,105
35,"State College, PA",1,1,0,0,0,2,0,7
35,"Stillwater, OK",4,0,1,0,1,5,0,14
35,"Stockton, CA",2,0,0,1,1,2,0,7
35,"Sun Valley/Hailey/Ketchum, ID",2,0,2,0,1,4,0,44
35,"Syracuse, NY",28,7,40,1,25,65,3,235
35,"Tallahassee, FL",11,4,10,0,14,22,1,116
35,"Tampa, FL",166,21,156,1,150,297,5,1241
35,"Texarkana, AR",1,0,1,0,1,3,0,14
35,"Toledo, OH",0,0,0,0,0,0,0,2
35,"Traverse City, MI",11,2,14,0,5,18,1,126
35,"Trenton, NJ",2,1,1,0,3,4,0,27
35,"Tucson, AZ",28,2,14,0,23,45,0,322
35,"Tulsa, OK",44,3,36,0,34,67,2,325
35,"Twin Falls, ID",1,0,0,0,0,1,0,13
35,"Tyler, TX",3,0,1,0,0,3,0,20
35,"Valdosta, GA",1,0,0,0,0,1,0,14
35,"Valparaiso, FL",24,5,8,0,14,32,0,183
35,"Victoria, TX",2,0,0,0,2,4,0,12
35,"Waco, TX",2,0,2,0,5,6,0,20
35,"Walla Walla, WA",2,0,2,0,2,4,0,14
35,"Washington, DC",373,90,515,4,393,798,137,3662
35,"West Palm Beach/Palm Beach, FL",58,2,39,0,35,81,4,419
35,"West Yellowstone, MT",0,0,0,0,0,0,0,16
35,"White Plains, NY",42,7,32,1,32,63,4,221
35,"Wichita Falls, TX",2,0,0,0,0,2,0,14
35,"Wichita, KS",22,1,18,1,16,39,0,198
35,"Williston, ND",2,1,1,0,1,3,0,36
35,"Wilmington, NC",12,3,22,1,15,31,5,179
35,"Worcester, MA",3,0,1,0,2,3,0,27
35,"Wrangell, AK",0,0,0,0,3,3,0,14
35,"Yakutat, AK",0,0,5,0,7,5,0,14
35,"Yuma, AZ",4,0,2,0,0,4,0,38
36,"Aberdeen, SD",1,1,0,0,0,2,0,14
36,"Abilene, TX",5,1,8,0,5,8,0,34
36,"Adak Island, AK",0,0,0,0,0,0,0,2
36,"Aguadilla, PR",8,0,2,0,7,11,0,37
36,"Akron, OH",11,1,2,1,5,16,0,63
36,"Albany, GA",2,0,0,0,0,1,0,14
36,"Albany, NY",23,0,16,0,19,34,0,240
36,"Albuquerque, NM",47,1,28,0,36,66,2,470
36,"Alexandria, LA",2,0,1,0,2,5,0,37
36,"Allentown/Bethlehem/Easton, PA",3,2,5,0,6,8,0,72
36,"Alpena, MI",1,0,0,0,0,1,0,12
36,"Amarillo, TX",9,0,8,0,7,16,0,99
36,"Anchorage, AK",37,2,49,4,38,75,3,423
36,"Appleton, WI",17,3,9,0,10,29,0,111
36,"Arcata/Eureka, CA",4,3,3,0,1,8,1,34
36,"Asheville, NC",18,1,29,1,20,46,0,264
36,"Ashland, WV",1,0,1,0,0,1,0,7
36,"Aspen, CO",8,1,2,0,4,13,0,129
36,"Atlanta, GA",311,22,295,0,207,538,2,6009
36,"Atlantic City, NJ",7,3,13,0,3,14,0,52
36,"Augusta, GA",4,1,2,1,8,10,0,86
36,"Austin, TX",126,4,98,0,107,197,2,1569
36,"Bakersfield, CA",1,2,2,0,2,6,0,54
36,"Baltimore, MD",114,7,93,4,94,198,2,1942
36,"Bangor, ME",8,0,8,0,11,19,1,141
36,"Barrow, AK",2,0,1,0,1,2,0,7
36,"Baton Rouge, LA",11,0,10,0,4,15,0,92
36,"Beaumont/Port Arthur, TX",1,0,0,0,0,1,0,14
36,"Belleville, IL",1,0,0,0,0,1,0,15
36,"Bellingham, WA",2,0,2,1,3,7,1,36
36,"Bemidji, MN",3,1,0,0,0,4,0,14
36,"Bend/Redmond, OR",7,1,10,0,5,16,0,121
36,"Bethel, AK",2,1,1,0,1,3,0,14
36,"Billings, MT",5,1,2,0,5,8,0,86
36,"Binghamton, NY",0,0,0,0,0,0,0,7
36,"Birmingham, AL",21,1,14,0,23,41,0,318
36,"Bishop, CA",0,0,0,0,0,0,0,3
36,"Bismarck/Mandan, ND",5,0,1,0,8,10,0,78
36,"Bloomington/Normal, IL",0,0,1,0,2,1,0,32
36,"Boise, ID",31,10,26,0,29,64,0,464
36,"Boston, MA",219,12,193,0,177,383,4,2837
36,"Bozeman, MT",15,0,4,0,9,18,0,218
36,"Brainerd, MN",1,1,2,0,0,3,0,14
36,"Bristol/Johnson City/Kingsport, TN",1,1,4,0,3,5,0,39
36,"Brownsville, TX",5,0,5,0,4,7,0,36
36,"Brunswick, GA",1,0,0,0,0,1,0,14
36,"Buffalo, NY",37,3,28,0,28,59,0,458
36,"Burbank, CA",49,1,37,1,49,82,3,631
36,"Burlington, VT",11,0,12,0,11,19,0,197
36,"Butte, MT",1,1,1,0,0,2,0,14
36,"Casper, WY",3,1,1,0,1,5,0,49
36,"Cedar City, UT",0,0,0,0,0,0,0,12
36,"Cedar Rapids/Iowa City, IA",24,2,15,0,13,32,0,171
36,"Champaign/Urbana, IL",1,0,1,1,3,3,0,28
36,"Charleston, SC",38,0,45,0,28,69,0,507
36,"Charleston/Dunbar, WV",11,1,3,0,4,16,0,67
36,"Charlotte Amalie, VI",7,0,3,0,4,9,0,60
36,"Charlotte, NC",277,21,341,0,343,592,33,4323
36,"Charlottesville, VA",1,0,2,0,3,5,0,58
36,"Chattanooga, TN",9,0,4,0,7,13,0,128
36,"Cheyenne, WY",2,0,0,0,3,5,0,13
36,"Chicago, IL",535,19,555,5,479,1019,6,7397
36,"Christiansted, VI",3,0,1,0,3,4,0,11
36,"Cincinnati, OH",57,4,60,0,47,109,0,748
36,"Clarksburg/Fairmont, WV",0,0,0,0,0,0,0,2
36,"Cleveland, OH",67,4,57,0,62,117,3,791
36,"Cody, WY",2,0,3,0,3,5,0,22
36,"College Station/Bryan, TX",7,0,3,0,3,7,0,21
36,"Colorado Springs, CO",25,1,15,0,19,36,0,251
36,"Columbia, MO",6,0,7,0,4,9,0,32
36,"Columbia, SC",9,0,2,0,10,14,0,132
36,"Columbus, GA",0,0,0,0,0,0,0,16
36,"Columbus, MS",0,0,0,0,0,0,0,14
36,"Columbus, OH",72,5,56,1,65,124,1,822
36,"Concord, NC",0,0,0,0,0,0,0,11
36,"Cordova, AK",2,0,0,0,4,5,0,14
36,"Corpus Christi, TX",2,2,7,0,4,8,0,72
36,"Dallas, TX",99,5,115,1,116,207,0,1311
36,"Dallas/Fort Worth, TX",616,80,716,9,607,1211,5,6060
36,"Dayton, OH",11,0,9,0,8,18,0,150
36,"Daytona Beach, FL",4,0,1,0,1,5,0,50
36,"Deadhorse, AK",0,0,0,0,0,0,0,11
36,"Decatur, IL",2,0,1,0,1,3,0,12
36,"Denver, CO",401,20,270,1,299,666,11,6094
36,"Des Moines, IA",28,0,14,0,29,48,0,272
36,"Detroit, MI",161,17,123,1,77,249,5,2474
36,"Devils Lake, ND",3,0,0,0,0,3,0,13
36,"Dickinson, ND",2,0,0,0,0,2,0,13
36,"Dillingham, AK",0,1,0,0,0,1,1,7
36,"Dodge City, KS",4,0,0,0,0,4,0,12
36,"Dothan, AL",2,0,0,0,0,2,0,14
36,"Duluth, MN",7,1,6,0,8,15,0,54
36,"Durango, CO",7,0,5,0,5,11,0,80
36,"Eagle, CO",5,1,1,0,2,7,0,46
36,"El Paso, TX",32,0,21,0,33,52,0,350
36,"Elko, NV",1,0,0,0,0,1,0,7
36,"Elmira/Corning, NY",1,0,1,0,0,1,0,18
36,"Escanaba, MI",2,0,0,0,0,2,0,12
36,"Eugene, OR",13,2,4,0,8,16,0,118
36,"Evansville, IN",2,1,3,0,2,5,0,39
36,"Everett, WA",0,1,1,0,0,1,0,14
36,"Fairbanks, AK",5,0,2,0,5,8,1,92
36,"Fargo, ND",13,0,7,0,12,22,0,128
36,"Fayetteville, AR",14,3,13,0,23,34,0,271
36,"Fayetteville, NC",1,0,2,0,1,3,0,38
36,"Flagstaff, AZ",0,0,1,0,2,2,0,32
36,"Flint, MI",7,1,4,0,4,12,0,36
36,"Fort Dodge, IA",6,0,1,0,1,6,0,12
36,"Fort Lauderdale, FL",132,4,113,1,99,209,1,1428
36,"Fort Myers, FL",35,1,27,1,29,52,0,417
36,"Fort Smith, AR",2,0,1,0,2,2,0,23
36,"Fort Wayne, IN",12,1,7,0,5,19,0,91
36,"Fresno, CA",17,2,16,0,19,34,1,232
36,"Gainesville, FL",3,0,2,0,3,7,0,60
36,"Garden City, KS",3,0,0,0,1,3,0,14
36,"Gillette, WY",1,0,0,0,0,1,0,14
36,"Grand Forks, ND",2,0,1,0,0,3,0,23
36,"Grand Island, NE",1,0,0,0,0,1,0,18
36,"Grand Junction, CO",9,0,4,0,3,13,0,81
36,"Grand Rapids, MI",21,1,16,0,17,31,0,327
36,"Great Falls, MT",4,0,1,0,3,4,0,39
36,"Green Bay, WI",9,0,6,0,13,22,0,86
36,"Greensboro/High Point, NC",14,0,12,0,14,23,1,241
36,"Greer, SC",21,1,12,0,11,28,1,312
36,"Guam, TT",0,0,0,0,0,0,0,14
36,"Gulfport/Biloxi, MS",6,0,6,1,8,12,0,64
36,"Gunnison, CO",0,0,0,0,0,0,0,15
36,"Hagerstown, MD",0,0,0,0,0,0,0,4
36,"Hancock/Houghton, MI",4,0,5,0,4,8,0,14
36,"Harlingen/San Benito, TX",4,0,9,0,3,10,0,79
36,"Harrisburg, PA",12,0,4,0,11,18,0,92
36,"Hartford, CT",42,1,19,1,25,50,0,429
36,"Hattiesburg/Laurel, MS",2,0,0,0,0,2,0,12
36,"Hayden, CO",3,0,0,0,1,4,0,30
36,"Hays, KS",0,0,0,0,0,0,0,12
36,"Helena, MT",2,0,0,0,1,3,0,28
36,"Hibbing, MN",1,1,2,0,0,3,0,12
36,"Hilo, HI",7,0,0,0,14,15,0,127
36,"Hilton Head, SC",3,0,6,0,1,6,3,46
36,"Hobbs, NM",2,1,4,0,1,5,0,14
36,"Honolulu, HI",96,2,46,0,50,126,4,1136
36,"Houston, TX",256,12,298,2,192,475,10,3234
36,"Huntsville, AL",7,0,4,0,12,18,0,166
36,"Hyannis, MA",0,0,0,0,0,0,0,6
36,"Idaho Falls, ID",8,1,3,0,0,8,0,70
36,"Indianapolis, IN",70,2,50,0,56,114,1,860
36,"International Falls, MN",3,1,3,0,0,5,0,14
36,"Iron Mountain/Kingsfd, MI",2,1,1,0,0,3,0,14
36,"Islip, NY",4,0,4,0,5,8,0,71
36,"Ithaca/Cortland, NY",0,0,1,0,1,1,0,14
36,"Jackson, WY",16,1,7,0,7,18,0,120
36,"Jackson/Vicksburg, MS",7,2,7,0,7,13,0,116
36,"Jacksonville, FL",53,1,39,0,44,80,0,535
36,"Jacksonville/Camp Lejeune, NC",6,0,2,0,3,8,0,50
36,"Jamestown, ND",1,0,0,0,0,1,0,13
36,"Johnstown, PA",4,1,1,0,1,6,0,14
36,"Joplin, MO",2,0,0,0,3,5,0,12
36,"Juneau, AK",7,0,13,0,9,20,0,106
36,"Kahului, HI",30,0,8,0,14,33,3,487
36,"Kalamazoo, MI",2,0,0,0,0,2,0,15
36,"Kalispell, MT",3,1,4,0,3,6,0,94
36,"Kansas City, MO",65,1,41,0,54,103,1,959
36,"Ketchikan, AK",8,0,3,0,5,12,0,55
36,"Key West, FL",7,0,4,0,5,10,0,112
36,"Killeen, TX",7,0,9,0,10,13,0,34
36,"King Salmon, AK",1,0,1,0,0,1,0,7
36,"Knoxville, TN",28,3,28,0,12,44,0,317
36,"Kodiak, AK",0,0,0,0,1,1,0,21
36,"Kona, HI",25,1,13,0,12,31,0,314
36,"Kotzebue, AK",0,0,0,0,0,0,0,7
36,"La Crosse, WI",0,0,2,0,1,2,0,15
36,"Lafayette, LA",6,0,4,0,5,10,0,53
36,"Lake Charles, LA",5,0,1,0,1,6,0,21
36,"Lansing, MI",3,0,0,0,0,3,0,21
36,"Laramie, WY",2,1,0,0,1,4,0,12
36,"Laredo, TX",3,0,4,0,1,6,0,32
36,"Las Vegas, NV",201,10,226,1,224,423,7,3611
36,"Latrobe, PA",0,0,0,0,0,0,0,13
36,"Lawton/Fort Sill, OK",2,1,1,0,1,4,0,21
36,"Lewiston, ID",4,1,1,0,0,5,0,21
36,"Lexington, KY",24,0,7,0,13,31,0,172
36,"Liberal, KS",0,0,1,0,5,5,0,12
36,"Lihue, HI",15,0,10,0,8,24,1,294
36,"Lincoln, NE",4,0,1,0,0,4,0,49
36,"Little Rock, AR",17,1,25,0,17,37,0,239
36,"Long Beach, CA",14,0,8,0,20,23,0,324
36,"Longview, TX",3,0,3,0,3,7,0,14
36,"Los Angeles, CA",260,17,181,6,192,426,5,3643
36,"Louisville, KY",25,1,30,0,24,47,0,449
36,"Lubbock, TX",13,0,10,0,9,20,0,121
36,"Madison, WI",19,0,9,0,22,33,0,223
36,"Manchester, NH",11,0,8,0,11,18,0,133
36,"Manhattan/Ft. Riley, KS",0,0,0,0,0,0,0,21
36,"Marquette, MI",2,0,3,0,1,4,0,21
36,"Martha's Vineyard, MA",0,0,0,0,0,0,0,26
36,"Mason City, IA",2,0,2,0,5,7,0,12
36,"Medford, OR",11,3,5,0,2,17,0,79
36,"Melbourne, FL",1,0,3,0,3,6,0,48
36,"Memphis, TN",36,1,22,0,27,57,1,417
36,"Meridian, MS",1,0,1,0,1,2,0,12
36,"Miami, FL",124,12,95,1,105,210,1,1784
36,"Midland/Odessa, TX",20,1,14,0,10,29,0,180
36,"Milwaukee, WI",54,1,41,0,31,76,1,546
36,"Minneapolis, MN",167,20,199,1,104,338,1,2407
36,"Minot, ND",2,0,2,0,2,3,0,40
36,"Mission/McAllen/Edinburg, TX",13,1,8,0,7,18,0,99
36,"Missoula, MT",6,0,7,0,4,12,0,92
36,"Mobile, AL",5,1,5,0,3,6,0,49
36,"Moline, IL",7,0,7,0,13,18,0,79
36,"Monroe, LA",2,0,3,0,2,4,0,41
36,"Monterey, CA",5,1,4,0,9,13,1,91
36,"Montgomery, AL",6,1,1,0,4,7,0,50
36,"Montrose/Delta, CO",3,0,0,0,1,3,0,49
36,"Mosinee, WI",0,0,1,0,0,0,0,14
36,"Myrtle Beach, SC",21,0,20,0,18,36,1,336
36,"Nantucket, MA",3,0,0,0,1,3,0,50
36,"Nashville, TN",134,5,90,1,139,222,1,1902
36,"New Bern/Morehead/Beaufort, NC",0,0,0,0,0,0,0,2
36,"New Orleans, LA",69,3,76,0,68,137,0,839
36,"New York, NY",381,16,287,5,227,596,2,5569
36,"Newark, NJ",158,8,195,4,110,306,25,2453
36,"Newburgh/Poughkeepsie, NY",0,0,0,0,1,1,0,6
36,"Niagara Falls, NY",0,0,0,0,0,0,0,4
36,"Nome, AK",2,0,1,0,0,2,0,7
36,"Norfolk, VA",31,0,24,1,26,52,1,425
36,"North Bend/Coos Bay, OR",2,0,1,0,0,2,0,9
36,"North Platte, NE",2,0,0,0,1,3,0,12
36,"Oakland, CA",50,1,36,0,56,78,2,794
36,"Oklahoma City, OK",30,1,18,0,27,50,0,436
36,"Omaha, NE",39,0,16,0,21,54,0,435
36,"Ontario, CA",51,3,25,1,36,76,0,545
36,"Orlando, FL",221,5,256,2,171,413,5,2539
36,"Pago Pago, TT",0,0,0,0,0,0,0,3
36,"Palm Springs, CA",9,1,5,0,9,17,0,158
36,"Panama City, FL",15,0,9,0,9,18,0,167
36,"Pasco/Kennewick/Richland, WA",8,0,4,0,1,9,0,97
36,"Pellston, MI",2,0,0,0,0,2,0,25
36,"Pensacola, FL",14,0,13,0,15,33,0,252
36,"Peoria, IL",10,1,1,0,5,14,0,74
36,"Petersburg, AK",1,0,1,0,2,2,0,14
36,"Philadelphia, PA",171,16,199,0,164,315,5,2124
36,"Phoenix, AZ",237,11,124,2,242,412,7,3559
36,"Pittsburgh, PA",66,5,63,0,64,124,2,869
36,"Plattsburgh, NY",0,1,0,0,0,1,0,4
36,"Pocatello, ID",1,0,0,0,0,1,0,14
36,"Ponce, PR",3,0,4,0,1,5,0,17
36,"Portland, ME",15,0,9,0,11,28,1,331
36,"Portland, OR",74,5,62,1,73,150,5,1216
36,"Portsmouth, NH",0,0,0,0,0,0,0,5
36,"Prescott, AZ",1,0,0,0,0,1,0,14
36,"Presque Isle/Houlton, ME",0,0,0,0,0,0,0,4
36,"Providence, RI",23,1,16,0,21,34,0,309
36,"Provo, UT",3,1,2,0,2,5,0,33
36,"Punta Gorda, FL",4,0,5,0,6,10,0,65
36,"Raleigh/Durham, NC",74,4,70,0,79,135,2,1181
36,"Rapid City, SD",15,1,12,0,7,23,0,127
36,"Redding, CA",1,0,0,0,2,3,0,35
36,"Reno, NV",31,2,27,0,40,67,0,441
36,"Rhinelander, WI",1,1,2,0,0,4,0,21
36,"Richmond, VA",26,3,21,1,20,47,0,315
36,"Riverton/Lander, WY",0,0,0,0,0,0,0,14
36,"Roanoke, VA",1,0,1,0,1,2,0,48
36,"Rochester, MN",2,1,3,0,0,3,0,29
36,"Rochester, NY",17,0,11,0,16,27,0,237
36,"Rock Springs, WY",0,0,0,0,2,2,0,14
36,"Rockford, IL",1,0,0,0,0,1,0,14
36,"Roswell, NM",4,0,1,0,0,5,0,21
36,"Sacramento, CA",87,5,63,0,93,143,5,1124
36,"Saginaw/Bay City/Midland, MI",6,0,1,0,2,7,0,43
36,"Saipan, TT",0,0,0,0,0,0,0,7
36,"Salina, KS",4,0,1,0,2,6,0,14
36,"Salt Lake City, UT",112,9,82,1,68,185,2,2101
36,"San Angelo, TX",1,0,1,0,1,1,0,21
36,"San Antonio, TX",86,3,79,1,60,130,0,785
36,"San Diego, CA",134,8,163,0,139,301,5,1834
36,"San Francisco, CA",176,18,228,2,149,383,13,2700
36,"San Jose, CA",62,3,51,1,76,123,2,1028
36,"San Juan, PR",52,2,43,1,32,85,0,512
36,"San Luis Obispo, CA",7,1,8,1,10,18,1,111
36,"Sanford, FL",13,10,25,0,21,40,0,116
36,"Santa Ana, CA",43,3,27,0,43,80,3,813
36,"Santa Barbara, CA",9,0,6,0,10,15,0,150
36,"Santa Fe, NM",9,1,2,0,2,11,0,75
36,"Santa Maria, CA",0,0,1,0,0,1,0,2
36,"Santa Rosa, CA",3,2,12,0,2,12,0,81
36,"Sarasota/Bradenton, FL",19,0,14,0,11,27,0,198
36,"Sault Ste. Marie, MI",2,0,1,0,0,2,0,14
36,"Savannah, GA",31,1,23,0,25,52,0,342
36,"Scottsbluff, NE",1,0,1,0,1,2,0,12
36,"Scranton/Wilkes-Barre, PA",5,0,3,0,4,6,0,30
36,"Seattle, WA",185,51,340,4,238,560,14,3432
36,"Sheridan, WY",2,0,2,0,1,3,0,14
36,"Shreveport, LA",4,1,3,0,2,6,0,87
36,"Sioux City, IA",2,0,2,0,5,7,0,14
36,"Sioux Falls, SD",11,2,3,0,9,16,0,122
36,"Sitka, AK",2,0,2,0,3,5,0,34
36,"South Bend, IN",19,0,11,0,12,31,0,135
36,"Spokane, WA",30,1,22,0,18,51,0,344
36,"Springfield, MO",15,1,27,0,17,38,0,208
36,"St. George, UT",7,0,3,0,2,9,0,57
36,"St. Louis, MO",99,4,54,1,79,153,0,1270
36,"St. Petersburg, FL",9,4,7,1,3,16,0,111
36,"State College, PA",1,0,0,0,0,1,0,7
36,"Stillwater, OK",2,0,1,0,1,3,0,14
36,"Stockton, CA",1,0,1,0,1,3,0,9
36,"Sun Valley/Hailey/Ketchum, ID",2,0,1,0,0,2,0,34
36,"Syracuse, NY",17,0,12,0,16,29,0,238
36,"Tallahassee, FL",9,2,9,0,5,17,0,123
36,"Tampa, FL",109,2,132,0,94,205,3,1252
36,"Texarkana, AR",3,0,2,0,3,4,0,14
36,"Toledo, OH",0,0,0,0,0,0,0,2
36,"Traverse City, MI",10,0,3,0,5,12,0,112
36,"Trenton, NJ",2,0,1,0,1,2,1,21
36,"Tucson, AZ",31,1,18,0,22,48,0,352
36,"Tulsa, OK",30,2,18,0,20,46,0,337
36,"Twin Falls, ID",1,0,0,0,0,1,0,14
36,"Tyler, TX",1,0,1,0,1,2,0,21
36,"Valdosta, GA",0,0,0,0,0,0,0,14
36,"Valparaiso, FL",17,1,12,0,9,23,0,182
36,"Victoria, TX",0,0,0,0,2,2,0,13
36,"Waco, TX",4,0,3,0,4,8,0,21
36,"Walla Walla, WA",1,1,2,0,3,5,0,14
36,"Washington, DC",202,14,188,1,201,379,8,3680
36,"West Palm Beach/Palm Beach, FL",50,0,43,0,25,73,0,416
36,"West Yellowstone, MT",0,0,0,0,0,0,0,14
36,"White Plains, NY",22,3,23,0,15,38,1,222
36,"Wichita Falls, TX",1,0,0,0,0,1,0,14
36,"Wichita, KS",16,1,9,0,21,32,0,190
36,"Williston, ND",1,0,0,0,0,1,0,40
36,"Wilmington, NC",5,0,9,0,10,14,0,175
36,"Worcester, MA",4,0,0,0,1,2,0,24
36,"Wrangell, AK",0,0,2,0,1,2,0,14
36,"Yakutat, AK",1,0,3,0,3,4,0,14
36,"Yuma, AZ",2,1,2,0,0,3,0,39
37,"Aberdeen, SD",3,0,1,0,0,3,0,14
37,"Abilene, TX",3,1,4,0,3,7,0,34
37,"Adak Island, AK",0,0,0,0,0,0,0,2
37,"Aguadilla, PR",4,2,1,0,2,6,0,33
37,"Akron, OH",10,1,2,0,5,14,0,63
37,"Albany, GA",4,0,0,0,0,4,0,14
37,"Albany, NY",27,2,19,0,28,44,0,247
37,"Albuquerque, NM",54,1,32,0,37,74,0,481
37,"Alexandria, LA",7,0,1,0,3,7,0,41
37,"Allentown/Bethlehem/Easton, PA",6,4,3,0,2,9,0,73
37,"Alpena, MI",1,2,0,0,0,3,0,13
37,"Amarillo, TX",4,0,3,0,4,9,0,99
37,"Anchorage, AK",27,2,61,3,34,76,1,391
37,"Appleton, WI",16,1,2,0,2,19,0,120
37,"Arcata/Eureka, CA",0,0,5,0,4,5,0,34
37,"Asheville, NC",19,2,23,0,24,41,0,266
37,"Ashland, WV",0,0,0,0,0,0,0,6
37,"Aspen, CO",11,3,5,0,4,18,2,127
37,"Atlanta, GA",436,62,510,3,397,853,11,6810
37,"Atlantic City, NJ",5,0,6,0,6,8,0,44
37,"Augusta, GA",4,0,2,0,3,5,0,100
37,"Austin, TX",119,10,91,1,108,202,8,1602
37,"Bakersfield, CA",5,0,2,0,4,8,0,51
37,"Baltimore, MD",121,12,101,3,122,215,5,1936
37,"Bangor, ME",4,1,5,0,3,10,0,136
37,"Barrow, AK",2,0,2,0,2,4,0,7
37,"Baton Rouge, LA",7,1,11,0,3,15,11,95
37,"Beaumont/Port Arthur, TX",2,0,0,0,0,2,0,14
37,"Belleville, IL",1,0,0,0,0,1,0,15
37,"Bellingham, WA",1,0,5,0,5,7,0,35
37,"Bemidji, MN",0,0,0,0,0,0,0,14
37,"Bend/Redmond, OR",15,0,13,0,3,20,0,125
37,"Bethel, AK",0,0,1,0,3,3,0,14
37,"Billings, MT",7,0,3,0,0,6,0,88
37,"Binghamton, NY",1,0,1,0,0,1,0,7
37,"Birmingham, AL",29,2,18,0,23,46,0,344
37,"Bishop, CA",0,0,0,0,0,0,0,2
37,"Bismarck/Mandan, ND",7,1,5,0,3,12,0,83
37,"Bloomington/Normal, IL",2,0,0,0,0,2,0,32
37,"Boise, ID",39,6,45,0,34,74,1,481
37,"Boston, MA",183,9,133,1,145,298,6,2892
37,"Bozeman, MT",13,2,9,0,15,23,0,209
37,"Brainerd, MN",0,0,0,0,0,0,0,13
37,"Bristol/Johnson City/Kingsport, TN",0,0,2,0,2,3,0,43
37,"Brownsville, TX",2,0,0,0,0,1,0,36
37,"Brunswick, GA",1,0,0,0,0,1,0,14
37,"Buffalo, NY",39,2,28,0,28,56,0,464
37,"Burbank, CA",52,0,54,1,58,107,5,638
37,"Burlington, VT",14,1,12,0,9,23,0,201
37,"Butte, MT",1,1,1,0,0,2,0,14
37,"Casper, WY",6,2,2,0,2,10,0,49
37,"Cedar City, UT",0,0,0,0,0,0,0,13
37,"Cedar Rapids/Iowa City, IA",7,0,9,1,7,18,0,174
37,"Champaign/Urbana, IL",3,0,1,0,2,4,0,27
37,"Charleston, SC",46,3,42,1,29,75,0,517
37,"Charleston/Dunbar, WV",8,1,3,1,4,11,0,72
37,"Charlotte Amalie, VI",1,1,1,0,0,3,0,51
37,"Charlotte, NC",298,28,362,3,356,622,14,4355
37,"Charlottesville, VA",1,0,0,0,2,2,0,60
37,"Chattanooga, TN",11,0,4,0,11,16,0,141
37,"Cheyenne, WY",0,0,0,0,2,2,0,13
37,"Chicago, IL",430,33,459,3,346,826,15,7389
37,"Christiansted, VI",1,0,1,0,0,2,0,11
37,"Cincinnati, OH",53,4,46,0,54,96,0,781
37,"Clarksburg/Fairmont, WV",0,0,0,0,0,0,0,2
37,"Cleveland, OH",61,4,46,0,49,100,0,818
37,"Cody, WY",2,1,1,0,0,3,0,22
37,"College Station/Bryan, TX",1,1,1,0,0,2,0,21
37,"Colorado Springs, CO",26,1,11,0,23,41,0,249
37,"Columbia, MO",1,0,0,0,0,1,0,30
37,"Columbia, SC",12,1,8,0,11,20,0,141
37,"Columbus, GA",1,0,1,0,0,2,0,20
37,"Columbus, MS",1,1,1,0,0,2,0,14
37,"Columbus, OH",60,5,52,1,48,98,0,847
37,"Concord, NC",1,0,1,0,1,2,0,10
37,"Cordova, AK",2,0,3,0,4,4,0,14
37,"Corpus Christi, TX",4,0,4,0,7,11,0,73
37,"Dallas, TX",85,3,87,4,90,153,11,1315
37,"Dallas/Fort Worth, TX",474,46,405,5,408,830,21,6136
37,"Dayton, OH",15,0,4,0,8,21,0,158
37,"Daytona Beach, FL",3,0,4,0,3,6,0,54
37,"Deadhorse, AK",0,1,1,0,1,2,0,11
37,"Decatur, IL",2,0,0,0,0,2,0,12
37,"Denver, CO",417,32,349,2,362,782,18,6105
37,"Des Moines, IA",21,1,11,0,18,32,2,287
37,"Detroit, MI",176,32,115,3,105,288,1,2659
37,"Devils Lake, ND",3,0,2,0,0,3,0,13
37,"Dickinson, ND",2,0,1,0,0,2,0,13
37,"Dillingham, AK",0,1,2,0,0,2,0,7
37,"Dodge City, KS",1,0,0,0,1,2,1,12
37,"Dothan, AL",1,0,1,0,0,1,0,14
37,"Duluth, MN",1,2,1,0,1,5,1,54
37,"Durango, CO",7,0,6,0,4,9,0,81
37,"Eagle, CO",1,0,1,0,0,2,0,44
37,"El Paso, TX",26,0,9,0,29,40,2,348
37,"Elko, NV",0,0,0,0,0,0,0,7
37,"Elmira/Corning, NY",2,2,0,0,0,3,0,18
37,"Escanaba, MI",1,0,0,0,0,1,0,14
37,"Eugene, OR",15,0,7,0,7,19,0,124
37,"Evansville, IN",2,0,1,0,2,3,0,45
37,"Everett, WA",0,0,0,0,1,1,0,14
37,"Fairbanks, AK",7,0,12,0,3,13,0,79
37,"Fargo, ND",8,0,3,0,4,12,0,130
37,"Fayetteville, AR",17,0,22,0,21,36,1,297
37,"Fayetteville, NC",1,0,2,0,3,4,0,47
37,"Flagstaff, AZ",6,1,1,0,0,7,0,32
37,"Flint, MI",3,0,4,0,3,7,0,36
37,"Fort Dodge, IA",0,0,0,0,1,1,0,12
37,"Fort Lauderdale, FL",154,2,164,1,113,245,3,1395
37,"Fort Myers, FL",25,0,17,0,19,40,0,421
37,"Fort Smith, AR",1,0,3,0,2,3,0,23
37,"Fort Wayne, IN",10,1,5,0,4,12,0,99
37,"Fresno, CA",19,0,15,0,13,31,0,237
37,"Gainesville, FL",8,0,4,1,5,8,0,66
37,"Garden City, KS",1,0,0,0,0,1,0,14
37,"Gillette, WY",0,0,0,0,2,2,0,14
37,"Grand Forks, ND",1,0,0,0,0,1,0,23
37,"Grand Island, NE",1,0,0,0,0,1,0,18
37,"Grand Junction, CO",5,0,4,0,5,10,0,83
37,"Grand Rapids, MI",28,4,15,0,17,46,0,338
37,"Great Falls, MT",3,0,1,0,2,4,0,43
37,"Green Bay, WI",11,2,2,0,4,17,0,96
37,"Greensboro/High Point, NC",20,0,12,0,15,29,0,250
37,"Greer, SC",20,0,20,0,21,36,0,319
37,"Guam, TT",0,0,1,0,1,2,3,14
37,"Gulfport/Biloxi, MS",2,0,4,0,4,7,6,69
37,"Gunnison, CO",1,0,0,0,0,1,0,15
37,"Hagerstown, MD",0,0,0,0,0,0,0,4
37,"Hancock/Houghton, MI",2,0,0,0,0,2,0,14
37,"Harlingen/San Benito, TX",8,0,4,0,6,13,1,80
37,"Harrisburg, PA",16,0,7,0,12,21,0,99
37,"Hartford, CT",35,3,25,0,18,53,1,431
37,"Hattiesburg/Laurel, MS",1,0,0,0,1,2,0,12
37,"Hayden, CO",3,0,1,0,1,4,0,28
37,"Hays, KS",0,0,1,0,2,2,0,12
37,"Helena, MT",2,1,0,0,0,3,0,28
37,"Hibbing, MN",0,1,0,0,0,1,0,13
37,"Hilo, HI",7,0,1,0,8,8,1,128
37,"Hilton Head, SC",5,0,1,0,4,5,0,44
37,"Hobbs, NM",2,0,1,0,1,3,0,14
37,"Honolulu, HI",98,0,39,0,49,125,6,1127
37,"Houston, TX",210,15,248,5,157,388,30,3243
37,"Huntsville, AL",18,1,6,0,6,25,0,188
37,"Idaho Falls, ID",5,0,1,0,1,6,0,70
37,"Indianapolis, IN",57,7,31,0,44,90,0,898
37,"International Falls, MN",0,1,0,0,0,1,0,13
37,"Iron Mountain/Kingsfd, MI",2,0,0,0,0,2,0,14
37,"Islip, NY",6,0,5,0,6,10,0,66
37,"Ithaca/Cortland, NY",1,0,0,0,0,1,0,14
37,"Jackson, WY",9,0,3,0,6,12,0,124
37,"Jackson/Vicksburg, MS",6,0,1,0,8,9,5,126
37,"Jacksonville, FL",45,4,43,0,25,78,0,558
37,"Jacksonville/Camp Lejeune, NC",3,0,3,0,0,5,0,55
37,"Jamestown, ND",1,0,1,0,1,2,0,13
37,"Johnstown, PA",1,0,0,0,0,1,0,14
37,"Joplin, MO",2,0,0,0,0,1,0,12
37,"Juneau, AK",4,0,6,2,11,15,1,105
37,"Kahului, HI",28,0,10,0,14,36,0,486
37,"Kalamazoo, MI",1,1,1,0,0,3,0,20
37,"Kalispell, MT",7,1,1,0,6,10,0,82
37,"Kansas City, MO",69,3,37,2,64,116,1,975
37,"Ketchikan, AK",5,0,6,0,4,8,0,47
37,"Key West, FL",8,0,7,0,3,10,0,113
37,"Killeen, TX",5,0,3,0,1,6,0,35
37,"King Salmon, AK",2,0,0,0,0,2,0,7
37,"Knoxville, TN",26,1,18,0,19,41,1,320
37,"Kodiak, AK",1,0,1,0,2,3,0,21
37,"Kona, HI",26,0,14,0,15,37,0,311
37,"Kotzebue, AK",1,0,1,0,1,1,0,7
37,"La Crosse, WI",4,0,0,0,2,4,0,18
37,"Lafayette, LA",1,1,1,0,3,4,7,57
37,"Lake Charles, LA",2,0,1,0,0,2,0,21
37,"Lansing, MI",3,0,2,0,1,4,0,26
37,"Laramie, WY",1,0,1,0,1,2,0,12
37,"Laredo, TX",2,0,3,0,2,5,0,33
37,"Las Vegas, NV",254,27,431,0,329,694,18,3657
37,"Latrobe, PA",1,0,1,0,2,3,0,15
37,"Lawton/Fort Sill, OK",1,0,0,0,0,1,0,21
37,"Lewiston, ID",2,0,0,0,0,2,0,21
37,"Lexington, KY",13,0,11,0,10,23,0,188
37,"Liberal, KS",0,1,0,0,0,1,1,12
37,"Lihue, HI",23,1,9,0,13,30,3,294
37,"Lincoln, NE",5,0,3,0,3,9,0,49
37,"Little Rock, AR",19,0,21,0,22,42,0,248
37,"Long Beach, CA",20,0,9,1,31,32,1,324
37,"Longview, TX",0,0,1,0,1,1,0,14
37,"Los Angeles, CA",308,20,182,1,222,442,7,3750
37,"Louisville, KY",34,1,36,1,24,60,1,477
37,"Lubbock, TX",9,0,4,0,7,12,0,120
37,"Madison, WI",23,1,11,0,18,34,0,236
37,"Manchester, NH",5,0,5,0,7,11,0,133
37,"Manhattan/Ft. Riley, KS",0,0,0,0,0,0,0,21
37,"Marquette, MI",1,0,3,0,4,4,0,21
37,"Martha's Vineyard, MA",1,0,1,0,1,1,0,10
37,"Mason City, IA",1,0,0,0,0,1,0,12
37,"Medford, OR",10,1,9,0,3,15,0,84
37,"Melbourne, FL",3,0,1,0,2,4,0,53
37,"Memphis, TN",36,2,36,0,29,65,0,445
37,"Meridian, MS",1,0,1,0,1,2,1,12
37,"Miami, FL",146,7,120,2,126,260,3,1759
37,"Midland/Odessa, TX",8,0,6,0,8,16,0,184
37,"Milwaukee, WI",41,1,21,0,26,58,0,564
37,"Minneapolis, MN",180,17,134,0,77,294,1,2532
37,"Minot, ND",6,2,2,0,0,8,0,45
37,"Mission/McAllen/Edinburg, TX",11,0,6,0,4,13,0,102
37,"Missoula, MT",6,0,5,0,7,11,0,90
37,"Mobile, AL",3,1,2,0,4,7,0,53
37,"Moline, IL",8,0,2,0,2,10,0,79
37,"Monroe, LA",3,0,2,0,1,5,0,48
37,"Monterey, CA",5,0,10,0,6,12,0,90
37,"Montgomery, AL",5,1,7,0,3,9,0,54
37,"Montrose/Delta, CO",5,0,1,0,4,5,0,49
37,"Mosinee, WI",0,0,0,0,1,1,0,14
37,"Myrtle Beach, SC",21,0,22,0,23,33,1,328
37,"Nantucket, MA",1,0,2,0,0,2,0,35
37,"Nashville, TN",131,6,88,1,109,206,5,1940
37,"New Orleans, LA",67,8,61,0,52,117,113,856
37,"New York, NY",357,27,261,5,234,543,5,5580
37,"Newark, NJ",138,16,148,0,93,263,11,2456
37,"Newburgh/Poughkeepsie, NY",0,0,0,0,0,0,0,4
37,"Niagara Falls, NY",1,0,0,0,0,1,0,4
37,"Nome, AK",0,0,1,0,1,1,0,7
37,"Norfolk, VA",42,6,32,1,30,54,0,445
37,"North Bend/Coos Bay, OR",2,0,1,0,0,3,0,9
37,"North Platte, NE",1,0,1,0,2,3,0,12
37,"Oakland, CA",56,1,32,0,76,103,3,795
37,"Oklahoma City, OK",40,0,12,0,27,57,0,447
37,"Omaha, NE",21,0,14,0,21,38,0,447
37,"Ontario, CA",51,3,31,0,38,79,4,540
37,"Orlando, FL",203,14,172,1,173,335,4,2496
37,"Pago Pago, TT",0,0,0,0,0,0,0,2
37,"Palm Springs, CA",19,0,10,1,13,29,0,167
37,"Panama City, FL",11,1,13,0,8,22,0,168
37,"Pasco/Kennewick/Richland, WA",10,2,6,0,0,13,0,101
37,"Pellston, MI",0,2,0,0,0,2,0,14
37,"Pensacola, FL",19,1,15,0,14,31,0,258
37,"Peoria, IL",8,0,3,0,6,11,0,75
37,"Petersburg, AK",2,0,1,0,0,2,0,14
37,"Philadelphia, PA",177,16,230,3,147,337,3,2100
37,"Phoenix, AZ",232,8,107,1,244,380,8,3607
37,"Pittsburgh, PA",53,6,39,1,52,94,0,884
37,"Plattsburgh, NY",0,1,1,0,0,1,0,4
37,"Pocatello, ID",1,0,0,0,0,1,0,13
37,"Ponce, PR",2,0,2,0,1,3,0,10
37,"Portland, ME",30,0,23,0,8,36,0,327
37,"Portland, OR",78,4,73,2,75,151,5,1228
37,"Portsmouth, NH",1,0,1,0,0,1,0,5
37,"Prescott, AZ",2,0,1,0,0,2,0,14
37,"Presque Isle/Houlton, ME",1,0,0,0,0,1,0,7
37,"Providence, RI",31,0,26,0,19,45,0,319
37,"Provo, UT",3,0,2,0,4,4,0,32
37,"Punta Gorda, FL",4,1,4,0,5,9,0,61
37,"Raleigh/Durham, NC",94,4,71,0,69,144,0,1195
37,"Rapid City, SD",12,0,12,0,8,20,0,128
37,"Redding, CA",2,0,3,0,2,4,0,35
37,"Reno, NV",43,1,22,0,36,64,1,433
37,"Rhinelander, WI",2,0,0,0,0,2,0,15
37,"Richmond, VA",27,1,17,0,22,40,0,351
37,"Riverton/Lander, WY",1,1,0,0,2,4,0,14
37,"Roanoke, VA",5,0,3,0,5,8,0,52
37,"Rochester, MN",3,0,0,0,0,3,0,34
37,"Rochester, NY",22,2,15,0,9,33,0,246
37,"Rock Springs, WY",3,0,0,0,0,3,0,14
37,"Rockford, IL",1,0,2,0,0,2,0,14
37,"Roswell, NM",1,0,0,0,0,1,0,21
37,"Sacramento, CA",90,7,51,0,99,141,3,1142
37,"Saginaw/Bay City/Midland, MI",4,1,3,0,2,7,0,46
37,"Saipan, TT",0,0,0,0,0,0,1,7
37,"Salina, KS",1,0,1,0,0,1,0,14
37,"Salt Lake City, UT",106,12,65,1,87,191,2,2196
37,"San Angelo, TX",0,1,0,0,0,1,0,21
37,"San Antonio, TX",79,5,67,1,64,128,0,812
37,"San Diego, CA",133,10,119,0,136,238,3,1860
37,"San Francisco, CA",232,20,312,0,166,475,8,2740
37,"San Jose, CA",67,2,43,1,84,125,3,1048
37,"San Juan, PR",47,5,18,0,28,58,1,463
37,"San Luis Obispo, CA",10,1,12,0,16,24,0,111
37,"Sanford, FL",19,0,10,0,19,26,0,108
37,"Santa Ana, CA",58,0,46,0,49,95,1,825
37,"Santa Barbara, CA",12,0,5,0,13,19,0,149
37,"Santa Fe, NM",8,0,2,0,3,11,0,77
37,"Santa Maria, CA",0,0,2,0,1,2,0,2
37,"Santa Rosa, CA",3,0,4,0,6,10,0,81
37,"Sarasota/Bradenton, FL",13,0,5,0,8,19,0,199
37,"Sault Ste. Marie, MI",2,0,0,0,0,2,0,14
37,"Savannah, GA",29,1,16,0,19,43,0,349
37,"Scottsbluff, NE",1,0,1,0,1,1,1,12
37,"Scranton/Wilkes-Barre, PA",3,0,0,0,1,3,0,29
37,"Seattle, WA",233,23,387,2,273,603,13,3483
37,"Sheridan, WY",2,0,1,0,0,2,0,14
37,"Shreveport, LA",3,1,5,0,6,8,0,92
37,"Sioux City, IA",1,0,0,0,1,2,0,14
37,"Sioux Falls, SD",5,2,7,0,8,15,0,130
37,"Sitka, AK",1,0,2,0,2,2,0,28
37,"South Bend, IN",15,2,10,0,2,22,0,130
37,"Spokane, WA",21,0,23,0,27,44,1,357
37,"Springfield, MO",14,1,9,0,16,27,0,213
37,"St. George, UT",6,1,4,0,2,8,0,60
37,"St. Louis, MO",93,4,40,0,79,133,2,1291
37,"St. Petersburg, FL",12,0,15,0,20,25,0,102
37,"State College, PA",1,0,0,0,0,0,0,7
37,"Stillwater, OK",1,0,0,0,0,0,0,14
37,"Stockton, CA",3,0,2,0,2,4,0,8
37,"Sun Valley/Hailey/Ketchum, ID",0,1,1,0,0,1,0,32
37,"Syracuse, NY",21,0,14,0,10,31,0,241
37,"Tallahassee, FL",5,1,9,0,4,11,0,128
37,"Tampa, FL",127,8,106,0,109,194,3,1278
37,"Texarkana, AR",2,0,2,0,1,4,0,14
37,"Toledo, OH",0,0,0,0,0,0,0,2
37,"Traverse City, MI",7,0,3,0,4,13,0,90
37,"Trenton, NJ",0,1,0,0,0,1,0,13
37,"Tucson, AZ",38,1,18,0,22,51,0,362
37,"Tulsa, OK",26,1,7,0,22,38,0,344
37,"Twin Falls, ID",2,1,1,0,0,3,0,13
37,"Tyler, TX",2,0,2,0,3,5,0,21
37,"Valdosta, GA",1,0,1,0,1,1,0,14
37,"Valparaiso, FL",16,0,10,0,13,28,0,176
37,"Victoria, TX",1,0,0,0,0,1,0,13
37,"Waco, TX",0,0,1,0,2,2,0,21
37,"Walla Walla, WA",2,0,1,0,2,3,0,14
37,"Washington, DC",218,19,210,1,159,371,12,3701
37,"West Palm Beach/Palm Beach, FL",33,1,34,0,14,54,0,414
37,"West Yellowstone, MT",1,1,0,0,0,2,0,15
37,"White Plains, NY",17,2,11,0,13,25,0,236
37,"Wichita Falls, TX",2,0,0,0,0,2,0,14
37,"Wichita, KS",12,0,12,0,12,22,0,191
37,"Williston, ND",4,0,1,0,1,5,0,40
37,"Wilmington, NC",9,0,5,0,11,15,0,165
37,"Worcester, MA",1,0,0,0,0,1,0,22
37,"Wrangell, AK",0,0,0,0,2,2,0,14
37,"Yakutat, AK",2,0,0,0,3,4,0,14
37,"Yuma, AZ",0,0,0,0,0,0,0,39
38,"Aberdeen, SD",1,0,0,0,0,1,0,14
38,"Abilene, TX",2,0,6,0,1,7,0,34
38,"Adak Island, AK",0,0,1,0,0,1,0,2
38,"Aguadilla, PR",7,0,5,0,3,8,0,33
38,"Akron, OH",6,3,7,0,10,15,0,63
38,"Albany, GA",1,0,0,0,0,1,0,14
38,"Albany, NY",30,1,23,0,28,46,0,247
38,"Albuquerque, NM",60,0,38,0,45,92,0,481
38,"Alexandria, LA",7,0,2,0,1,8,0,41
38,"Allentown/Bethlehem/Easton, PA",5,1,3,0,6,8,0,75
38,"Alpena, MI",0,1,0,0,0,1,0,12
38,"Amarillo, TX",6,4,12,0,9,18,0,99
38,"Anchorage, AK",22,0,72,1,25,78,1,373
38,"Appleton, WI",17,4,11,0,8,28,0,121
38,"Arcata/Eureka, CA",3,1,6,0,3,9,1,34
38,"Asheville, NC",16,2,26,0,16,38,0,268
38,"Ashland, WV",1,0,0,0,0,1,0,5
38,"Aspen, CO",31,2,15,0,9,39,1,127
38,"Atlanta, GA",406,35,287,1,399,711,4,6808
38,"Atlantic City, NJ",4,0,3,0,1,4,0,44
38,"Augusta, GA",8,1,4,0,4,11,0,100
38,"Austin, TX",145,4,80,0,122,218,1,1598
38,"Bakersfield, CA",6,0,3,0,2,8,0,51
38,"Baltimore, MD",155,10,157,1,157,266,1,1937
38,"Bangor, ME",9,0,11,0,7,19,0,133
38,"Barrow, AK",1,0,0,0,0,1,0,7
38,"Baton Rouge, LA",6,1,2,0,7,9,0,95
38,"Beaumont/Port Arthur, TX",0,0,0,0,1,1,0,14
38,"Belleville, IL",1,0,1,0,1,2,0,15
38,"Bellingham, WA",1,2,3,0,4,7,0,35
38,"Bemidji, MN",1,0,2,0,0,2,0,14
38,"Bend/Redmond, OR",12,0,16,0,10,24,0,125
38,"Bethel, AK",2,0,2,0,0,2,0,14
38,"Billings, MT",7,1,3,0,7,14,0,88
38,"Binghamton, NY",0,0,0,0,0,0,0,7
38,"Birmingham, AL",29,2,21,0,26,44,0,336
38,"Bishop, CA",2,0,1,0,0,2,0,2
38,"Bismarck/Mandan, ND",6,2,4,0,2,9,0,83
38,"Bloomington/Normal, IL",2,0,0,0,1,2,0,32
38,"Boise, ID",58,5,48,0,53,100,0,481
38,"Boston, MA",238,45,824,0,284,962,1,2901
38,"Bozeman, MT",19,1,7,0,13,29,0,209
38,"Brainerd, MN",1,0,0,0,0,1,0,12
38,"Bristol/Johnson City/Kingsport, TN",2,0,0,0,2,2,0,43
38,"Brownsville, TX",4,0,2,0,2,5,0,36
38,"Brunswick, GA",0,0,0,0,0,0,0,14
38,"Buffalo, NY",38,0,34,0,32,62,0,462
38,"Burbank, CA",63,0,60,1,61,114,6,638
38,"Burlington, VT",12,4,14,0,13,30,1,202
38,"Butte, MT",0,1,0,0,0,1,0,13
38,"Casper, WY",3,0,1,0,2,5,0,49
38,"Cedar City, UT",0,0,0,0,0,0,0,12
38,"Cedar Rapids/Iowa City, IA",16,0,11,0,12,24,0,174
38,"Champaign/Urbana, IL",1,1,2,0,3,5,0,27
38,"Charleston, SC",48,3,55,0,40,85,0,517
38,"Charleston/Dunbar, WV",13,1,6,0,2,15,0,72
38,"Charlotte Amalie, VI",7,0,4,0,0,8,1,50
38,"Charlotte, NC",405,93,512,4,468,847,4,4355
38,"Charlottesville, VA",4,0,3,0,2,5,0,59
38,"Chattanooga, TN",11,3,6,0,8,17,0,141
38,"Cheyenne, WY",2,0,0,0,1,3,0,13
38,"Chicago, IL",630,30,705,0,578,1177,7,7386
38,"Christiansted, VI",2,0,1,0,0,2,0,11
38,"Cincinnati, OH",70,2,57,0,75,118,2,783
38,"Clarksburg/Fairmont, WV",0,0,0,0,0,0,0,2
38,"Cleveland, OH",61,4,55,0,62,110,0,818
38,"Cody, WY",2,0,0,0,1,3,0,22
38,"College Station/Bryan, TX",3,0,0,0,3,5,0,21
38,"Colorado Springs, CO",35,2,21,0,29,57,0,249
38,"Columbia, MO",3,0,2,0,2,4,0,30
38,"Columbia, SC",11,1,4,0,7,15,0,141
38,"Columbus, GA",0,0,0,0,0,0,0,20
38,"Columbus, MS",3,0,1,0,0,3,0,14
38,"Columbus, OH",65,4,51,0,53,107,0,851
38,"Concord, NC",1,0,0,0,0,1,0,10
38,"Cordova, AK",0,0,0,0,2,1,0,14
38,"Corpus Christi, TX",2,0,2,0,3,4,0,72
38,"Dallas, TX",113,3,70,1,122,169,1,1316
38,"Dallas/Fort Worth, TX",494,31,399,7,433,815,2,6138
38,"Dayton, OH",13,1,8,0,9,22,0,158
38,"Daytona Beach, FL",4,1,3,0,3,6,0,54
38,"Deadhorse, AK",0,0,0,0,0,0,0,11
38,"Decatur, IL",1,1,1,0,1,3,0,12
38,"Denver, CO",496,31,505,3,425,932,6,6100
38,"Des Moines, IA",25,3,15,0,25,47,1,285
38,"Detroit, MI",182,13,133,2,120,293,0,2656
38,"Devils Lake, ND",1,0,0,0,0,1,0,13
38,"Dickinson, ND",2,0,1,0,2,4,0,13
38,"Dillingham, AK",0,0,0,0,0,0,0,7
38,"Dodge City, KS",1,0,0,0,1,1,0,12
38,"Dothan, AL",2,0,2,0,1,3,0,14
38,"Duluth, MN",3,1,3,0,3,7,0,54
38,"Durango, CO",8,1,6,0,4,14,0,81
38,"Eagle, CO",5,0,1,0,2,7,0,44
38,"El Paso, TX",39,0,19,0,32,58,0,349
38,"Elko, NV",0,1,0,0,0,1,0,7
38,"Elmira/Corning, NY",3,0,0,0,2,3,0,18
38,"Escanaba, MI",0,1,1,0,0,2,0,14
38,"Eugene, OR",13,0,4,0,11,22,0,124
38,"Evansville, IN",5,0,2,0,0,4,0,45
38,"Everett, WA",0,0,0,0,1,1,0,14
38,"Fairbanks, AK",11,0,18,0,6,25,0,78
38,"Fargo, ND",13,2,11,0,12,25,0,132
38,"Fayetteville, AR",21,4,19,0,21,38,0,296
38,"Fayetteville, NC",3,3,3,0,5,10,0,47
38,"Flagstaff, AZ",4,0,2,0,0,4,0,32
38,"Flint, MI",5,0,4,0,6,11,0,38
38,"Fort Dodge, IA",4,0,1,0,0,4,0,12
38,"Fort Lauderdale, FL",130,2,140,1,86,209,0,1392
38,"Fort Myers, FL",38,0,14,0,25,44,0,421
38,"Fort Smith, AR",3,0,3,0,2,4,0,23
38,"Fort Wayne, IN",14,3,12,0,2,17,0,99
38,"Fresno, CA",22,3,21,0,20,43,0,237
38,"Gainesville, FL",4,0,1,0,2,6,0,66
38,"Garden City, KS",1,0,1,0,0,1,0,14
38,"Gillette, WY",3,0,1,0,2,5,0,14
38,"Grand Forks, ND",2,1,2,0,0,3,0,23
38,"Grand Island, NE",3,0,1,0,0,3,0,18
38,"Grand Junction, CO",7,1,4,0,7,12,0,83
38,"Grand Rapids, MI",32,2,22,0,22,48,0,337
38,"Great Falls, MT",4,1,2,0,2,6,0,43
38,"Green Bay, WI",18,1,8,0,5,23,0,97
38,"Greensboro/High Point, NC",19,2,17,0,16,34,0,250
38,"Greer, SC",30,2,23,1,27,45,0,320
38,"Guam, TT",3,1,1,0,0,4,0,14
38,"Gulfport/Biloxi, MS",2,0,2,0,2,4,0,69
38,"Gunnison, CO",2,0,0,0,0,2,0,15
38,"Hagerstown, MD",0,0,0,0,0,0,0,4
38,"Hancock/Houghton, MI",1,0,2,0,1,2,0,14
38,"Harlingen/San Benito, TX",6,0,0,0,6,9,0,80
38,"Harrisburg, PA",5,0,5,0,6,11,0,100
38,"Hartford, CT",47,3,41,1,38,77,0,431
38,"Hattiesburg/Laurel, MS",0,0,0,0,2,2,0,12
38,"Hayden, CO",1,1,1,0,0,2,0,28
38,"Hays, KS",3,0,0,0,0,3,0,12
38,"Helena, MT",1,0,0,0,2,3,0,28
38,"Hibbing, MN",2,0,0,0,0,2,0,12
38,"Hilo, HI",6,0,1,0,8,8,0,128
38,"Hilton Head, SC",1,0,2,0,1,2,0,44
38,"Hobbs, NM",2,0,1,0,1,3,0,14
38,"Honolulu, HI",66,0,17,1,50,93,2,1127
38,"Houston, TX",229,13,156,2,188,365,3,3240
38,"Huntsville, AL",13,1,10,0,11,23,0,186
38,"Idaho Falls, ID",5,2,4,0,3,9,0,70
38,"Indianapolis, IN",83,2,59,0,72,125,0,899
38,"International Falls, MN",1,0,0,0,0,1,0,12
38,"Iron Mountain/Kingsfd, MI",0,0,0,0,0,0,0,14
38,"Islip, NY",5,0,5,0,3,9,1,66
38,"Ithaca/Cortland, NY",0,0,0,0,0,0,0,14
38,"Jackson, WY",16,1,12,0,8,24,0,124
38,"Jackson/Vicksburg, MS",5,1,4,0,6,9,0,126
38,"Jacksonville, FL",51,2,33,0,40,78,0,557
38,"Jacksonville/Camp Lejeune, NC",3,3,5,0,4,9,0,55
38,"Jamestown, ND",0,0,0,0,0,0,0,13
38,"Johnstown, PA",1,0,1,0,3,4,0,14
38,"Joplin, MO",2,0,1,0,4,6,0,12
38,"Juneau, AK",9,0,9,1,2,13,1,99
38,"Kahului, HI",34,0,7,1,16,40,2,485
38,"Kalamazoo, MI",1,1,1,0,0,2,0,20
38,"Kalispell, MT",5,0,3,0,6,11,0,82
38,"Kansas City, MO",86,2,69,1,78,146,2,975
38,"Ketchikan, AK",2,0,4,0,3,5,0,47
38,"Key West, FL",2,2,6,0,3,6,0,113
38,"Killeen, TX",4,0,1,0,2,4,0,35
38,"King Salmon, AK",0,0,0,0,0,0,0,7
38,"Knoxville, TN",26,6,28,0,25,52,0,326
38,"Kodiak, AK",1,0,0,0,0,1,0,21
38,"Kona, HI",24,0,4,0,13,27,0,311
38,"Kotzebue, AK",0,0,0,0,0,0,0,7
38,"La Crosse, WI",1,0,5,0,4,4,0,18
38,"Lafayette, LA",4,1,2,0,3,6,0,57
38,"Lake Charles, LA",3,0,1,0,0,3,0,21
38,"Lansing, MI",3,0,0,0,0,3,0,26
38,"Laramie, WY",4,0,2,0,0,4,0,12
38,"Laredo, TX",0,0,0,0,0,0,0,34
38,"Las Vegas, NV",322,36,734,3,472,952,9,3658
38,"Latrobe, PA",0,0,0,0,0,0,0,15
38,"Lawton/Fort Sill, OK",1,1,1,0,1,3,0,21
38,"Lewiston, ID",2,0,1,0,0,2,0,21
38,"Lexington, KY",22,1,15,0,17,34,0,188
38,"Liberal, KS",2,0,2,0,3,5,0,12
38,"Lihue, HI",19,1,6,0,7,22,0,294
38,"Lincoln, NE",8,0,4,0,4,12,0,49
38,"Little Rock, AR",12,3,17,0,19,33,0,248
38,"Long Beach, CA",29,0,24,0,25,49,1,324
38,"Longview, TX",0,0,0,0,0,0,0,14
38,"Los Angeles, CA",400,20,407,5,287,663,2,3746
38,"Louisville, KY",43,6,27,1,26,67,1,477
38,"Lubbock, TX",13,0,11,0,7,22,0,120
38,"Madison, WI",24,0,17,0,21,36,0,230
38,"Manchester, NH",10,3,11,0,11,17,0,133
38,"Manhattan/Ft. Riley, KS",3,0,1,0,0,4,0,21
38,"Marquette, MI",1,0,1,0,1,2,0,21
38,"Martha's Vineyard, MA",1,0,1,0,1,1,0,10
38,"Mason City, IA",2,0,1,0,1,3,0,12
38,"Medford, OR",8,3,6,0,1,14,0,84
38,"Melbourne, FL",4,2,5,0,4,7,0,53
38,"Memphis, TN",55,3,23,0,47,79,0,444
38,"Meridian, MS",1,0,1,0,2,3,0,12
38,"Miami, FL",126,12,86,1,100,209,0,1754
38,"Midland/Odessa, TX",13,0,8,1,5,20,0,184
38,"Milwaukee, WI",58,4,33,1,41,83,0,565
38,"Minneapolis, MN",167,28,181,0,119,329,0,2524
38,"Minot, ND",4,2,3,0,0,6,0,45
38,"Mission/McAllen/Edinburg, TX",12,1,6,0,4,15,1,103
38,"Missoula, MT",9,1,7,0,10,17,0,90
38,"Mobile, AL",4,0,1,0,1,4,0,53
38,"Moline, IL",11,1,3,0,5,14,0,79
38,"Monroe, LA",5,1,1,0,1,6,0,48
38,"Monterey, CA",5,0,10,0,5,13,0,90
38,"Montgomery, AL",3,0,1,0,2,3,0,54
38,"Montrose/Delta, CO",4,0,3,0,3,6,0,47
38,"Mosinee, WI",1,1,2,0,0,3,0,14
38,"Myrtle Beach, SC",29,5,26,0,24,48,0,327
38,"Nantucket, MA",1,1,0,0,1,2,0,35
38,"Nashville, TN",157,10,87,1,129,231,0,1948
38,"New Orleans, LA",68,5,39,2,67,112,2,856
38,"New York, NY",403,33,372,3,267,655,2,5576
38,"Newark, NJ",151,14,192,0,110,298,7,2456
38,"Newburgh/Poughkeepsie, NY",0,1,1,0,0,1,0,4
38,"Niagara Falls, NY",0,0,0,0,0,0,0,4
38,"Nome, AK",0,0,0,0,0,0,0,8
38,"Norfolk, VA",37,4,42,3,38,71,0,445
38,"North Bend/Coos Bay, OR",2,1,5,0,3,8,0,9
38,"North Platte, NE",3,0,1,0,1,4,0,12
38,"Oakland, CA",83,1,58,0,95,137,1,795
38,"Oklahoma City, OK",60,3,40,1,45,85,0,455
38,"Omaha, NE",33,2,16,0,32,51,0,448
38,"Ontario, CA",73,1,56,0,57,110,0,540
38,"Orlando, FL",213,9,118,2,176,339,1,2496
38,"Pago Pago, TT",0,0,0,0,0,0,0,2
38,"Palm Springs, CA",22,0,21,0,22,37,0,167
38,"Panama City, FL",11,1,4,0,6,16,0,168
38,"Pasco/Kennewick/Richland, WA",13,2,10,0,5,19,0,101
38,"Pellston, MI",1,0,0,0,0,1,0,12
38,"Pensacola, FL",12,5,10,0,9,22,0,258
38,"Peoria, IL",7,2,6,0,4,12,0,75
38,"Petersburg, AK",0,0,0,0,0,0,0,14
38,"Philadelphia, PA",206,11,281,1,195,402,2,2100
38,"Phoenix, AZ",359,15,311,1,322,561,3,3608
38,"Pittsburgh, PA",70,3,53,1,66,117,0,884
38,"Plattsburgh, NY",0,0,0,0,0,0,0,4
38,"Pocatello, ID",0,0,0,0,0,0,0,13
38,"Ponce, PR",1,0,1,0,1,2,0,9
38,"Portland, ME",34,5,34,0,23,63,1,327
38,"Portland, OR",108,5,104,0,114,207,2,1228
38,"Portsmouth, NH",0,0,0,0,0,0,0,5
38,"Prescott, AZ",0,0,0,0,0,0,0,14
38,"Presque Isle/Houlton, ME",4,0,1,0,3,4,0,7
38,"Providence, RI",26,0,15,0,23,37,0,319
38,"Provo, UT",7,1,6,1,9,11,0,32
38,"Punta Gorda, FL",10,1,3,0,8,15,0,64
38,"Raleigh/Durham, NC",108,15,104,0,99,203,2,1194
38,"Rapid City, SD",9,0,12,0,5,15,0,128
38,"Redding, CA",1,0,1,0,3,4,0,35
38,"Reno, NV",44,2,40,0,47,82,0,433
38,"Rhinelander, WI",0,1,2,0,0,2,0,14
38,"Richmond, VA",35,1,20,0,25,51,0,351
38,"Riverton/Lander, WY",2,1,2,0,1,4,0,14
38,"Roanoke, VA",1,0,2,0,3,4,0,51
38,"Rochester, MN",3,1,3,0,1,7,0,34
38,"Rochester, NY",25,0,27,0,16,39,0,246
38,"Rock Springs, WY",2,0,0,0,0,2,0,14
38,"Rockford, IL",2,0,1,0,0,2,0,15
38,"Roswell, NM",2,0,1,0,1,3,0,21
38,"Sacramento, CA",119,4,86,0,127,193,2,1143
38,"Saginaw/Bay City/Midland, MI",7,1,3,0,0,6,0,46
38,"Saipan, TT",0,0,0,0,0,0,0,7
38,"Salina, KS",1,0,1,0,1,2,0,14
38,"Salt Lake City, UT",182,14,155,0,129,301,2,2191
38,"San Angelo, TX",3,0,3,0,1,4,0,21
38,"San Antonio, TX",79,4,32,0,63,112,1,810
38,"San Diego, CA",232,8,271,3,200,399,3,1861
38,"San Francisco, CA",285,24,487,0,264,698,2,2734
38,"San Jose, CA",82,1,85,0,118,180,6,1048
38,"San Juan, PR",54,6,34,0,31,74,2,464
38,"San Luis Obispo, CA",10,0,9,0,6,15,0,111
38,"Sanford, FL",11,1,5,0,7,14,0,110
38,"Santa Ana, CA",74,1,81,1,77,143,2,819
38,"Santa Barbara, CA",18,1,7,0,13,24,0,149
38,"Santa Fe, NM",17,0,5,0,4,20,0,77
38,"Santa Maria, CA",0,0,0,0,0,0,0,2
38,"Santa Rosa, CA",5,0,11,0,8,16,0,81
38,"Sarasota/Bradenton, FL",18,0,7,0,9,19,0,201
38,"Sault Ste. Marie, MI",1,1,0,0,0,2,0,14
38,"Savannah, GA",17,3,15,1,18,36,0,350
38,"Scottsbluff, NE",2,1,3,0,2,5,0,12
38,"Scranton/Wilkes-Barre, PA",4,2,6,0,5,8,0,29
38,"Seattle, WA",259,21,441,3,257,631,9,3456
38,"Sheridan, WY",1,0,1,0,1,2,0,14
38,"Shreveport, LA",8,1,3,0,6,12,0,92
38,"Sioux City, IA",3,0,1,0,0,2,0,14
38,"Sioux Falls, SD",13,2,1,0,7,19,0,129
38,"Sitka, AK",3,0,8,0,5,9,0,28
38,"South Bend, IN",15,2,15,0,10,25,0,138
38,"Spokane, WA",36,1,38,0,26,53,0,357
38,"Springfield, MO",23,3,12,0,14,32,0,212
38,"St. George, UT",4,1,3,0,1,6,0,60
38,"St. Louis, MO",95,1,39,0,93,142,1,1290
38,"St. Petersburg, FL",14,1,4,0,12,18,0,104
38,"State College, PA",0,0,0,0,0,0,0,7
38,"Stillwater, OK",0,0,0,0,0,0,0,14
38,"Stockton, CA",0,0,1,0,2,2,0,8
38,"Sun Valley/Hailey/Ketchum, ID",1,0,0,0,0,0,0,32
38,"Syracuse, NY",24,3,18,0,19,37,0,242
38,"Tallahassee, FL",7,2,5,0,7,12,0,128
38,"Tampa, FL",114,4,61,0,103,175,0,1278
38,"Texarkana, AR",1,0,1,0,1,1,0,14
38,"Toledo, OH",0,0,0,0,0,0,0,2
38,"Traverse City, MI",7,0,4,0,5,10,0,90
38,"Trenton, NJ",2,0,2,0,0,2,0,13
38,"Tucson, AZ",53,3,38,1,42,76,0,362
38,"Tulsa, OK",30,3,15,0,33,52,0,344
38,"Twin Falls, ID",1,0,1,0,0,1,0,13
38,"Tyler, TX",1,0,0,0,1,1,0,21
38,"Valdosta, GA",0,0,1,0,0,1,0,14
38,"Valparaiso, FL",9,1,7,0,12,19,0,177
38,"Victoria, TX",0,0,0,0,2,2,0,13
38,"Waco, TX",2,0,0,0,0,2,0,21
38,"Walla Walla, WA",1,0,2,0,2,4,0,14
38,"Washington, DC",284,23,300,2,242,520,3,3701
38,"West Palm Beach/Palm Beach, FL",25,1,41,0,15,52,0,414
38,"West Yellowstone, MT",0,0,0,0,0,0,0,14
38,"White Plains, NY",14,1,13,1,12,23,0,236
38,"Wichita Falls, TX",3,1,2,0,0,4,0,14
38,"Wichita, KS",27,0,24,0,17,45,0,191
38,"Williston, ND",2,0,2,0,2,4,0,40
38,"Wilmington, NC",14,4,15,1,14,31,1,164
38,"Worcester, MA",1,0,2,0,1,2,0,22
38,"Wrangell, AK",1,0,1,0,0,2,0,14
38,"Yakutat, AK",1,0,1,0,2,2,0,14
38,"Yuma, AZ",3,0,1,0,2,4,0,39
39,"Aberdeen, SD",0,0,0,0,0,0,0,14
39,"Abilene, TX",5,1,8,0,7,10,0,34
39,"Adak Island, AK",0,0,0,0,0,0,0,2
39,"Aguadilla, PR",2,0,3,0,1,4,0,33
39,"Akron, OH",8,4,6,0,12,21,1,63
39,"Albany, GA",2,3,3,0,0,5,1,14
39,"Albany, NY",34,4,18,0,30,50,3,250
39,"Albuquerque, NM",48,1,32,0,46,77,0,479
39,"Alexandria, LA",0,1,1,0,1,2,0,41
39,"Allentown/Bethlehem/Easton, PA",9,4,6,0,9,20,3,76
39,"Alpena, MI",1,1,2,0,0,2,0,12
39,"Amarillo, TX",8,0,3,0,8,11,0,99
39,"Anchorage, AK",15,0,33,1,22,48,0,361
39,"Appleton, WI",7,0,4,0,5,13,0,123
39,"Arcata/Eureka, CA",2,3,4,0,0,6,3,37
39,"Asheville, NC",15,8,36,0,21,46,129,268
39,"Ashland, WV",0,1,1,0,0,1,0,4
39,"Aspen, CO",14,0,2,0,7,21,0,126
39,"Atlanta, GA",568,167,1008,2,833,1625,226,6814
39,"Atlantic City, NJ",4,0,3,0,2,5,4,44
39,"Augusta, GA",17,3,13,0,9,27,31,100
39,"Austin, TX",176,21,179,0,184,330,12,1614
39,"Bakersfield, CA",2,0,1,0,4,6,0,51
39,"Baltimore, MD",200,20,129,1,200,316,39,1932
39,"Bangor, ME",11,1,6,1,9,19,4,141
39,"Barrow, AK",3,0,0,0,0,3,0,7
39,"Baton Rouge, LA",15,5,18,0,19,34,2,95
39,"Beaumont/Port Arthur, TX",0,0,0,0,1,1,0,14
39,"Belleville, IL",2,1,0,0,0,3,0,15
39,"Bellingham, WA",3,1,5,0,5,8,0,35
39,"Bemidji, MN",1,0,0,0,0,1,0,14
39,"Bend/Redmond, OR",10,1,15,0,7,21,0,125
39,"Bethel, AK",1,0,0,0,0,1,0,14
39,"Billings, MT",4,0,1,0,6,8,0,88
39,"Binghamton, NY",0,0,0,0,0,0,0,7
39,"Birmingham, AL",48,11,56,0,41,81,8,341
39,"Bishop, CA",1,0,1,0,1,2,0,2
39,"Bismarck/Mandan, ND",5,0,3,0,5,9,1,83
39,"Bloomington/Normal, IL",1,1,1,0,1,3,1,32
39,"Boise, ID",41,2,37,1,47,85,0,483
39,"Boston, MA",246,30,402,1,259,633,34,2915
39,"Bozeman, MT",15,1,6,0,10,22,0,202
39,"Brainerd, MN",1,0,0,0,0,1,0,12
39,"Bristol/Johnson City/Kingsport, TN",3,1,2,0,4,6,0,43
39,"Brownsville, TX",1,0,2,0,1,2,0,36
39,"Brunswick, GA",3,1,2,0,0,4,1,14
39,"Buffalo, NY",47,2,47,0,53,83,8,466
39,"Burbank, CA",71,6,101,1,84,181,10,638
39,"Burlington, VT",16,1,18,0,27,34,1,214
39,"Butte, MT",0,0,0,0,0,0,0,13
39,"Casper, WY",1,0,1,0,2,3,0,49
39,"Cedar City, UT",0,1,0,0,0,1,0,12
39,"Cedar Rapids/Iowa City, IA",12,3,8,0,6,19,5,170
39,"Champaign/Urbana, IL",4,1,4,0,4,6,0,27
39,"Charleston, SC",47,8,48,0,41,90,6,516
39,"Charleston/Dunbar, WV",14,9,12,0,13,29,1,73
39,"Charlotte Amalie, VI",7,0,8,0,3,11,0,52
39,"Charlotte, NC",547,189,749,3,751,1252,281,4353
39,"Charlottesville, VA",4,2,5,0,4,8,1,59
39,"Chattanooga, TN",17,6,16,1,20,35,4,141
39,"Cheyenne, WY",3,0,2,0,0,2,0,13
39,"Chicago, IL",636,56,676,7,599,1196,71,7415
39,"Christiansted, VI",0,0,2,0,0,1,0,11
39,"Cincinnati, OH",100,14,123,2,111,210,13,785
39,"Clarksburg/Fairmont, WV",0,0,0,0,0,0,0,2
39,"Cleveland, OH",100,6,84,0,85,154,16,824
39,"Cody, WY",1,0,0,0,0,1,0,17
39,"College Station/Bryan, TX",1,0,1,0,0,1,0,21
39,"Colorado Springs, CO",18,2,8,0,24,36,0,255
39,"Columbia, MO",0,0,2,0,2,3,0,30
39,"Columbia, SC",18,7,21,0,27,40,3,141
39,"Columbus, GA",3,0,0,0,3,4,4,20
39,"Columbus, MS",1,0,1,0,2,3,0,14
39,"Columbus, OH",81,9,82,1,84,146,13,856
39,"Concord, NC",0,2,1,0,0,2,1,10
39,"Cordova, AK",0,0,1,0,2,2,0,14
39,"Corpus Christi, TX",0,1,5,0,6,7,0,68
39,"Dallas, TX",143,5,182,0,179,291,10,1311
39,"Dallas/Fort Worth, TX",670,134,910,8,701,1428,51,6138
39,"Dayton, OH",25,4,19,0,20,44,4,159
39,"Daytona Beach, FL",9,3,5,0,9,16,3,54
39,"Deadhorse, AK",0,0,0,0,0,0,0,11
39,"Decatur, IL",5,0,3,0,1,6,0,12
39,"Denver, CO",417,26,197,0,380,647,30,6122
39,"Des Moines, IA",27,4,18,0,25,46,1,291
39,"Detroit, MI",223,49,165,1,182,393,24,2653
39,"Devils Lake, ND",0,0,0,0,0,0,0,13
39,"Dickinson, ND",3,0,0,0,0,3,0,13
39,"Dillingham, AK",0,0,0,0,0,0,0,7
39,"Dodge City, KS",2,0,2,0,0,2,0,12
39,"Dothan, AL",2,0,2,0,1,3,2,14
39,"Duluth, MN",2,1,0,0,0,3,0,54
39,"Durango, CO",10,0,1,0,2,10,0,85
39,"Eagle, CO",0,0,0,0,3,3,0,38
39,"El Paso, TX",37,1,20,0,45,65,0,348
39,"Elko, NV",1,0,0,0,0,1,0,7
39,"Elmira/Corning, NY",0,0,0,0,0,0,1,18
39,"Escanaba, MI",1,0,0,0,0,1,0,14
39,"Eugene, OR",13,1,2,0,8,19,0,126
39,"Evansville, IN",5,2,3,0,2,8,1,46
39,"Everett, WA",0,0,0,0,0,0,0,14
39,"Fairbanks, AK",4,0,2,0,3,7,0,74
39,"Fargo, ND",14,1,7,0,6,20,0,132
39,"Fayetteville, AR",31,5,33,0,25,55,0,288
39,"Fayetteville, NC",6,2,2,0,13,14,2,47
39,"Flagstaff, AZ",2,0,2,0,0,3,0,32
39,"Flint, MI",8,1,6,0,5,10,2,38
39,"Fort Dodge, IA",0,0,3,0,3,3,0,12
39,"Fort Lauderdale, FL",179,13,228,1,128,313,31,1411
39,"Fort Myers, FL",45,7,48,0,32,75,65,435
39,"Fort Smith, AR",0,0,2,0,2,1,0,23
39,"Fort Wayne, IN",9,5,10,0,10,23,1,99
39,"Fresno, CA",23,0,17,0,25,45,0,237
39,"Gainesville, FL",10,2,7,0,17,21,8,66
39,"Garden City, KS",2,0,1,0,0,2,0,14
39,"Gillette, WY",0,0,0,0,0,0,0,14
39,"Grand Forks, ND",2,0,0,0,0,1,0,23
39,"Grand Island, NE",4,0,0,0,1,5,0,18
39,"Grand Junction, CO",2,1,2,0,1,3,0,87
39,"Grand Rapids, MI",29,5,21,0,28,53,5,341
39,"Great Falls, MT",1,0,0,0,0,1,0,43
39,"Green Bay, WI",9,2,6,0,8,19,0,99
39,"Greensboro/High Point, NC",34,12,35,0,32,63,5,251
39,"Greer, SC",38,17,36,0,47,83,19,316
39,"Guam, TT",0,0,0,0,0,0,1,14
39,"Gulfport/Biloxi, MS",15,3,7,0,9,19,1,69
39,"Gunnison, CO",1,0,0,0,0,1,0,14
39,"Hagerstown, MD",0,0,0,0,0,0,0,4
39,"Hancock/Houghton, MI",2,0,1,0,2,4,0,14
39,"Harlingen/San Benito, TX",4,1,9,0,8,13,0,80
39,"Harrisburg, PA",12,3,7,0,11,20,1,105
39,"Hartford, CT",54,9,30,0,47,86,5,432
39,"Hattiesburg/Laurel, MS",0,1,0,0,0,1,0,12
39,"Hayden, CO",1,0,0,0,1,2,0,26
39,"Hays, KS",1,0,0,0,0,1,0,12
39,"Helena, MT",0,0,0,0,0,0,0,28
39,"Hibbing, MN",1,0,0,0,0,1,0,12
39,"Hilo, HI",7,0,0,0,4,8,3,128
39,"Hilton Head, SC",3,5,10,0,5,13,3,44
39,"Hobbs, NM",3,0,1,0,0,3,0,14
39,"Honolulu, HI",53,2,31,0,38,92,8,1132
39,"Houston, TX",264,19,245,2,245,461,40,3285
39,"Huntsville, AL",20,7,18,0,22,42,1,186
39,"Idaho Falls, ID",6,0,2,0,3,9,0,70
39,"Indianapolis, IN",106,5,90,0,105,174,14,914
39,"International Falls, MN",1,0,0,0,0,1,0,12
39,"Iron Mountain/Kingsfd, MI",1,1,0,0,0,2,0,14
39,"Islip, NY",6,0,2,0,9,9,2,66
39,"Ithaca/Cortland, NY",0,0,2,0,1,2,0,14
39,"Jackson, WY",4,3,5,1,7,14,0,117
39,"Jackson/Vicksburg, MS",14,5,15,0,10,25,0,126
39,"Jacksonville, FL",78,11,60,0,62,123,44,561
39,"Jacksonville/Camp Lejeune, NC",4,6,6,0,9,15,1,55
39,"Jamestown, ND",0,0,0,0,0,0,0,13
39,"Johnstown, PA",2,0,2,0,3,5,0,14
39,"Joplin, MO",3,0,0,0,2,4,0,12
39,"Juneau, AK",7,1,6,0,1,14,0,98
39,"Kahului, HI",27,2,11,0,8,38,1,486
39,"Kalamazoo, MI",0,0,0,0,0,0,0,20
39,"Kalispell, MT",6,0,3,0,4,8,0,74
39,"Kansas City, MO",95,9,62,0,91,147,2,975
39,"Ketchikan, AK",3,0,3,0,2,5,1,47
39,"Key West, FL",10,2,10,0,5,14,27,113
39,"Killeen, TX",3,0,5,0,2,6,0,35
39,"King Salmon, AK",1,0,0,0,1,2,0,7
39,"Knoxville, TN",40,10,56,1,51,93,9,343
39,"Kodiak, AK",0,1,1,0,3,4,0,21
39,"Kona, HI",20,1,6,0,11,26,2,311
39,"Kotzebue, AK",0,0,0,0,0,0,0,7
39,"La Crosse, WI",1,1,0,0,0,2,0,18
39,"Lafayette, LA",7,2,6,0,10,16,1,57
39,"Lake Charles, LA",1,0,1,0,0,2,0,21
39,"Lansing, MI",4,1,1,0,0,5,0,26
39,"Laramie, WY",0,0,0,0,1,1,0,12
39,"Laredo, TX",0,0,3,0,1,3,0,32
39,"Las Vegas, NV",323,24,389,1,401,701,31,3672
39,"Latrobe, PA",0,0,0,0,0,0,0,15
39,"Lawton/Fort Sill, OK",1,0,0,0,1,2,0,21
39,"Lewiston, ID",1,0,0,0,1,2,0,21
39,"Lexington, KY",28,7,21,0,23,47,4,189
39,"Liberal, KS",0,0,0,0,1,1,0,12
39,"Lihue, HI",15,0,5,0,12,21,1,295
39,"Lincoln, NE",4,0,0,0,4,8,0,52
39,"Little Rock, AR",33,9,30,0,37,63,1,255
39,"Long Beach, CA",17,1,5,0,25,33,0,324
39,"Longview, TX",1,0,0,0,0,1,0,14
39,"Los Angeles, CA",304,25,188,2,239,490,20,3773
39,"Louisville, KY",52,10,66,0,41,100,5,487
39,"Lubbock, TX",15,0,5,0,13,19,0,120
39,"Madison, WI",23,3,18,0,26,44,1,228
39,"Manchester, NH",18,3,9,0,21,30,2,133
39,"Manhattan/Ft. Riley, KS",0,0,0,0,0,0,0,21
39,"Marquette, MI",1,0,1,0,0,0,0,21
39,"Martha's Vineyard, MA",2,0,0,0,0,2,0,10
39,"Mason City, IA",0,0,0,0,0,0,0,12
39,"Medford, OR",9,2,8,0,2,13,0,84
39,"Melbourne, FL",7,2,4,0,8,12,3,53
39,"Memphis, TN",67,11,58,0,55,108,0,438
39,"Meridian, MS",1,0,0,0,1,2,0,12
39,"Miami, FL",164,48,232,0,115,332,57,1766
39,"Midland/Odessa, TX",16,1,15,0,15,29,0,180
39,"Milwaukee, WI",63,5,36,0,39,90,4,565
39,"Minneapolis, MN",112,14,56,1,100,197,18,2524
39,"Minot, ND",1,0,1,0,3,4,0,45
39,"Mission/McAllen/Edinburg, TX",14,4,10,1,9,22,0,104
39,"Missoula, MT",3,0,1,0,5,5,0,80
39,"Mobile, AL",5,2,5,0,5,9,0,53
39,"Moline, IL",10,3,4,0,10,21,0,79
39,"Monroe, LA",7,1,5,0,6,14,0,48
39,"Monterey, CA",5,1,13,0,10,16,0,94
39,"Montgomery, AL",10,1,10,0,8,15,2,54
39,"Montrose/Delta, CO",5,0,1,0,5,6,0,38
39,"Mosinee, WI",0,0,1,0,0,1,0,14
39,"Myrtle Beach, SC",16,8,33,0,32,53,7,330
39,"Nantucket, MA",1,0,1,0,1,1,0,35
39,"Nashville, TN",215,21,230,0,223,400,29,1950
39,"New Orleans, LA",108,11,101,0,105,192,9,861
39,"New York, NY",486,45,492,2,388,853,68,5575
39,"Newark, NJ",195,49,339,4,163,504,49,2493
39,"Newburgh/Poughkeepsie, NY",0,0,0,0,0,0,1,4
39,"Niagara Falls, NY",0,0,0,0,0,0,1,4
39,"Nome, AK",0,0,0,0,0,0,0,7
39,"Norfolk, VA",57,10,53,1,57,100,7,447
39,"North Bend/Coos Bay, OR",0,0,0,0,1,1,0,9
39,"North Platte, NE",1,0,1,0,1,2,0,12
39,"Oakland, CA",74,2,45,0,94,132,2,795
39,"Oklahoma City, OK",53,5,27,0,46,80,1,451
39,"Omaha, NE",43,3,20,0,33,64,0,452
39,"Ontario, CA",69,3,26,0,67,104,1,539
39,"Orlando, FL",239,18,286,2,248,467,39,2504
39,"Pago Pago, TT",0,0,0,0,0,0,0,2
39,"Palm Springs, CA",12,0,16,0,18,29,0,179
39,"Panama City, FL",11,5,12,0,24,33,18,168
39,"Pasco/Kennewick/Richland, WA",3,3,4,0,4,10,0,101
39,"Pellston, MI",0,1,0,0,0,1,0,12
39,"Pensacola, FL",29,10,42,0,41,71,4,259
39,"Peoria, IL",7,1,4,0,7,12,3,76
39,"Petersburg, AK",0,0,0,0,0,0,1,14
39,"Philadelphia, PA",240,42,372,3,269,555,36,2099
39,"Phoenix, AZ",285,6,159,1,319,477,14,3623
39,"Pittsburgh, PA",76,5,44,0,71,116,11,881
39,"Plattsburgh, NY",0,0,0,0,0,0,1,4
39,"Pocatello, ID",0,0,0,0,0,0,0,13
39,"Ponce, PR",3,0,2,0,2,3,0,9
39,"Portland, ME",26,1,12,0,15,37,1,319
39,"Portland, OR",92,14,78,0,111,198,1,1231
39,"Portsmouth, NH",1,0,1,0,0,1,0,5
39,"Prescott, AZ",0,0,1,0,2,2,0,14
39,"Presque Isle/Houlton, ME",1,0,1,0,1,2,0,7
39,"Providence, RI",27,6,22,0,39,53,4,318
39,"Provo, UT",5,0,6,0,10,10,0,32
39,"Punta Gorda, FL",8,6,13,0,7,18,5,68
39,"Raleigh/Durham, NC",121,20,143,0,135,256,32,1197
39,"Rapid City, SD",6,1,7,0,5,15,0,128
39,"Redding, CA",4,0,3,0,1,5,0,35
39,"Reno, NV",27,3,19,0,38,61,0,435
39,"Rhinelander, WI",1,0,0,0,0,1,0,14
39,"Richmond, VA",47,5,29,0,47,70,2,355
39,"Riverton/Lander, WY",3,0,0,0,0,2,0,14
39,"Roanoke, VA",3,0,0,0,2,3,2,51
39,"Rochester, MN",3,0,2,0,2,4,0,34
39,"Rochester, NY",27,3,20,0,17,39,2,246
39,"Rock Springs, WY",1,0,0,0,1,2,0,14
39,"Rockford, IL",1,0,0,0,0,0,1,16
39,"Roswell, NM",2,0,1,0,1,3,0,21
39,"Sacramento, CA",100,10,82,0,125,186,5,1146
39,"Saginaw/Bay City/Midland, MI",4,0,5,0,3,7,0,45
39,"Saipan, TT",0,0,0,0,0,0,0,7
39,"Salina, KS",0,0,0,0,0,0,0,14
39,"Salt Lake City, UT",137,9,75,1,121,228,5,2192
39,"San Angelo, TX",2,0,0,0,1,2,0,21
39,"San Antonio, TX",98,5,82,0,104,155,1,814
39,"San Diego, CA",218,14,377,0,223,552,9,1865
39,"San Francisco, CA",246,26,309,1,216,512,17,2811
39,"San Jose, CA",99,5,63,0,124,181,7,1048
39,"San Juan, PR",49,5,38,0,38,75,5,469
39,"San Luis Obispo, CA",3,0,8,0,7,13,1,116
39,"Sanford, FL",21,4,20,0,18,31,4,121
39,"Santa Ana, CA",72,3,50,0,80,122,4,823
39,"Santa Barbara, CA",12,2,5,1,11,21,1,149
39,"Santa Fe, NM",9,2,4,0,2,13,0,77
39,"Santa Maria, CA",0,0,1,0,1,1,0,2
39,"Santa Rosa, CA",2,0,10,0,7,13,0,81
39,"Sarasota/Bradenton, FL",29,6,29,0,19,42,39,203
39,"Sault Ste. Marie, MI",1,0,0,0,0,1,0,14
39,"Savannah, GA",41,8,55,0,47,85,10,355
39,"Scottsbluff, NE",0,0,0,0,2,2,0,12
39,"Scranton/Wilkes-Barre, PA",5,1,5,0,4,9,2,29
39,"Seattle, WA",250,33,370,6,288,608,31,3443
39,"Sheridan, WY",0,0,0,0,0,0,0,14
39,"Shreveport, LA",10,3,12,0,9,20,0,92
39,"Sioux City, IA",2,0,1,0,1,3,0,14
39,"Sioux Falls, SD",14,1,8,0,5,17,0,132
39,"Sitka, AK",2,0,2,0,1,4,0,28
39,"South Bend, IN",23,8,13,0,13,38,2,138
39,"Spokane, WA",26,4,23,1,18,45,1,358
39,"Springfield, MO",17,8,16,0,22,38,1,208
39,"St. George, UT",2,0,2,0,1,3,0,69
39,"St. Louis, MO",131,2,102,1,115,184,14,1294
39,"St. Petersburg, FL",8,3,12,0,17,22,35,116
39,"State College, PA",0,0,0,0,1,1,0,7
39,"Stillwater, OK",0,1,0,0,0,1,0,14
39,"Stockton, CA",2,0,1,0,1,3,0,10
39,"Sun Valley/Hailey/Ketchum, ID",1,0,0,0,0,1,0,27
39,"Syracuse, NY",27,5,21,1,25,50,2,247
39,"Tallahassee, FL",13,5,9,0,13,20,31,128
39,"Tampa, FL",120,23,114,0,100,217,253,1282
39,"Texarkana, AR",0,0,0,0,0,0,0,14
39,"Toledo, OH",0,0,0,0,0,0,1,2
39,"Traverse City, MI",7,2,5,0,3,13,0,82
39,"Trenton, NJ",1,0,1,0,0,2,2,13
39,"Tucson, AZ",25,3,21,0,28,53,0,364
39,"Tulsa, OK",37,10,26,0,39,68,0,347
39,"Twin Falls, ID",1,0,0,0,0,1,0,13
39,"Tyler, TX",1,0,1,0,0,1,0,21
39,"Valdosta, GA",0,1,3,0,1,3,8,14
39,"Valparaiso, FL",25,4,24,0,28,44,7,190
39,"Victoria, TX",1,0,0,0,0,1,0,13
39,"Waco, TX",1,1,1,0,0,2,0,21
39,"Walla Walla, WA",1,0,4,0,5,6,0,14
39,"Washington, DC",344,49,427,3,337,705,78,3709
39,"West Palm Beach/Palm Beach, FL",67,8,76,0,44,112,4,421
39,"West Yellowstone, MT",1,0,1,0,0,1,0,14
39,"White Plains, NY",34,5,27,0,29,52,5,236
39,"Wichita Falls, TX",1,0,0,0,0,1,0,14
39,"Wichita, KS",13,2,8,0,18,27,0,191
39,"Williston, ND",1,0,0,0,1,1,0,42
39,"Wilmington, NC",13,6,19,0,22,36,3,164
39,"Worcester, MA",0,0,0,0,0,0,0,22
39,"Wrangell, AK",0,0,1,0,0,1,1,14
39,"Yakutat, AK",0,0,1,0,2,2,0,14
39,"Yuma, AZ",1,0,0,0,0,0,0,39
40,"Aberdeen, SD",2,0,0,0,0,2,0,14
40,"Abilene, TX",2,0,6,0,3,6,0,34
40,"Adak Island, AK",0,0,0,0,0,0,1,2
40,"Aguadilla, PR",5,0,2,0,1,6,0,33
40,"Akron, OH",11,0,5,0,10,17,0,64
40,"Albany, GA",2,0,0,0,0,2,0,14
40,"Albany, NY",24,2,9,0,21,35,0,252
40,"Albuquerque, NM",48,0,26,0,39,68,0,534
40,"Alexandria, LA",5,0,1,0,3,5,0,41
40,"Allentown/Bethlehem/Easton, PA",9,0,5,0,6,15,0,83
40,"Alpena, MI",3,0,1,0,0,3,0,12
40,"Amarillo, TX",8,0,2,0,7,11,0,105
40,"Anchorage, AK",14,3,18,1,15,32,5,319
40,"Appleton, WI",9,0,3,0,4,13,0,127
40,"Arcata/Eureka, CA",5,0,3,0,0,6,0,40
40,"Asheville, NC",33,18,35,0,30,71,53,283
40,"Ashland, WV",0,0,0,0,0,0,0,4
40,"Aspen, CO",16,2,4,0,6,23,2,126
40,"Atlanta, GA",384,33,250,2,320,641,20,6819
40,"Atlantic City, NJ",1,0,0,0,0,1,0,44
40,"Augusta, GA",16,14,13,0,15,34,8,99
40,"Austin, TX",146,3,109,0,119,218,4,1670
40,"Bakersfield, CA",6,0,2,0,3,8,0,51
40,"Baltimore, MD",155,0,118,2,155,235,1,1910
40,"Bangor, ME",7,0,5,0,3,9,0,147
40,"Barrow, AK",0,0,2,0,1,2,0,7
40,"Baton Rouge, LA",9,0,3,0,5,10,0,95
40,"Beaumont/Port Arthur, TX",2,0,0,0,1,2,0,14
40,"Belleville, IL",0,0,1,1,0,1,0,17
40,"Bellingham, WA",3,0,4,0,5,7,0,39
40,"Bemidji, MN",0,0,0,0,0,0,0,14
40,"Bend/Redmond, OR",4,0,6,0,4,9,0,117
40,"Bethel, AK",0,0,0,0,0,0,0,14
40,"Billings, MT",8,2,5,0,1,9,0,90
40,"Binghamton, NY",0,0,0,0,0,0,0,7
40,"Birmingham, AL",24,1,16,0,28,42,0,351
40,"Bishop, CA",0,0,0,0,0,0,0,2
40,"Bismarck/Mandan, ND",7,0,2,0,3,9,0,85
40,"Bloomington/Normal, IL",1,0,0,0,0,1,0,32
40,"Boise, ID",36,1,25,0,32,64,0,456
40,"Boston, MA",221,3,235,2,165,422,1,2958
40,"Bozeman, MT",16,0,13,0,14,28,0,187
40,"Brainerd, MN",1,1,1,0,0,2,0,12
40,"Bristol/Johnson City/Kingsport, TN",5,0,0,0,2,5,0,45
40,"Brownsville, TX",3,0,3,0,4,6,0,42
40,"Brunswick, GA",4,2,3,0,0,6,0,14
40,"Buffalo, NY",50,0,34,0,52,82,0,467
40,"Burbank, CA",52,1,56,0,73,124,2,644
40,"Burlington, VT",17,3,16,0,14,31,0,223
40,"Butte, MT",1,0,0,0,0,1,0,13
40,"Casper, WY",4,0,1,0,3,7,0,49
40,"Cedar City, UT",1,0,0,0,0,1,0,12
40,"Cedar Rapids/Iowa City, IA",16,0,11,0,12,27,0,170
40,"Champaign/Urbana, IL",1,0,0,0,2,2,0,27
40,"Charleston, SC",39,0,32,0,22,59,0,520
40,"Charleston/Dunbar, WV",8,3,10,0,6,16,1,73
40,"Charlotte Amalie, VI",2,0,1,0,3,5,0,56
40,"Charlotte, NC",397,19,427,5,466,781,27,4354
40,"Charlottesville, VA",3,0,1,0,2,6,0,60
40,"Chattanooga, TN",10,1,6,0,7,15,0,144
40,"Cheyenne, WY",2,0,0,0,1,3,0,13
40,"Chicago, IL",538,17,526,4,402,943,24,7385
40,"Christiansted, VI",0,0,0,0,0,0,0,11
40,"Cincinnati, OH",53,1,44,0,61,99,0,805
40,"Clarksburg/Fairmont, WV",1,0,1,0,1,1,0,2
40,"Cleveland, OH",65,2,32,2,54,93,3,821
40,"Cody, WY",0,0,0,0,0,0,0,14
40,"College Station/Bryan, TX",0,1,0,0,0,1,0,21
40,"Colorado Springs, CO",21,1,8,0,18,29,0,261
40,"Columbia, MO",3,0,1,0,1,4,0,30
40,"Columbia, SC",10,0,7,0,13,19,0,141
40,"Columbus, GA",1,0,0,0,1,2,0,20
40,"Columbus, MS",0,0,0,0,0,0,0,14
40,"Columbus, OH",52,3,46,1,42,86,0,874
40,"Concord, NC",0,1,0,0,0,1,0,11
40,"Cordova, AK",0,0,0,0,3,3,0,14
40,"Corpus Christi, TX",4,0,3,0,5,6,0,72
40,"Dallas, TX",83,0,63,0,90,139,4,1360
40,"Dallas/Fort Worth, TX",458,22,312,4,377,751,3,6125
40,"Dayton, OH",15,0,12,1,10,24,1,162
40,"Daytona Beach, FL",2,0,1,0,3,4,0,54
40,"Deadhorse, AK",0,1,0,0,0,1,1,11
40,"Decatur, IL",1,0,1,0,1,2,0,12
40,"Denver, CO",369,11,191,3,347,617,12,6118
40,"Des Moines, IA",25,1,9,0,22,31,0,301
40,"Detroit, MI",155,18,96,1,93,251,1,2637
40,"Devils Lake, ND",1,0,0,0,0,1,0,13
40,"Dickinson, ND",0,0,0,0,0,0,0,13
40,"Dillingham, AK",0,0,0,0,0,0,0,1
40,"Dodge City, KS",0,0,0,0,0,0,0,12
40,"Dothan, AL",3,1,3,0,0,4,0,14
40,"Duluth, MN",2,1,0,0,0,3,0,54
40,"Durango, CO",7,0,5,0,1,8,0,88
40,"Eagle, CO",3,0,1,0,0,3,0,35
40,"El Paso, TX",28,1,12,1,29,47,0,354
40,"Elko, NV",0,0,0,0,0,0,0,7
40,"Elmira/Corning, NY",7,0,2,0,1,7,0,19
40,"Escanaba, MI",1,0,0,0,0,1,0,14
40,"Eugene, OR",12,0,6,0,9,19,0,144
40,"Evansville, IN",2,1,1,0,1,4,0,46
40,"Everett, WA",0,0,0,0,2,2,0,14
40,"Fairbanks, AK",6,0,6,0,5,9,0,65
40,"Fargo, ND",6,2,4,0,7,12,0,136
40,"Fayetteville, AR",34,0,10,0,14,39,0,291
40,"Fayetteville, NC",4,0,1,0,2,5,0,47
40,"Flagstaff, AZ",3,0,1,0,0,3,0,32
40,"Flint, MI",4,0,1,0,0,3,0,40
40,"Fort Dodge, IA",2,0,4,0,2,4,0,12
40,"Fort Lauderdale, FL",126,4,116,0,101,212,4,1449
40,"Fort Myers, FL",53,0,34,1,20,70,1,477
40,"Fort Smith, AR",1,0,1,0,1,1,0,23
40,"Fort Wayne, IN",14,2,9,0,6,19,0,104
40,"Fresno, CA",20,0,19,0,15,35,2,243
40,"Gainesville, FL",10,1,3,0,5,11,0,66
40,"Garden City, KS",0,0,0,0,0,0,0,14
40,"Gillette, WY",1,1,0,0,0,2,0,14
40,"Grand Forks, ND",1,0,1,0,0,1,0,25
40,"Grand Island, NE",2,0,1,0,0,2,0,18
40,"Grand Junction, CO",8,1,2,0,2,10,0,90
40,"Grand Rapids, MI",26,2,10,0,18,35,0,348
40,"Great Falls, MT",1,0,2,0,0,2,0,45
40,"Green Bay, WI",10,0,2,0,2,12,0,92
40,"Greensboro/High Point, NC",15,0,15,1,17,30,0,250
40,"Greer, SC",33,0,23,0,26,51,0,315
40,"Guam, TT",2,0,1,0,1,3,0,14
40,"Gulfport/Biloxi, MS",9,0,7,0,7,11,0,69
40,"Gunnison, CO",1,0,0,0,0,1,0,14
40,"Hagerstown, MD",1,1,1,0,1,2,0,6
40,"Hancock/Houghton, MI",5,0,3,0,0,5,0,14
40,"Harlingen/San Benito, TX",5,0,6,0,3,9,0,81
40,"Harrisburg, PA",7,1,10,0,8,16,0,111
40,"Hartford, CT",45,0,26,0,33,65,0,436
40,"Hattiesburg/Laurel, MS",0,0,0,0,3,3,0,12
40,"Hayden, CO",2,1,1,0,1,3,0,26
40,"Hays, KS",0,0,0,0,1,1,0,12
40,"Helena, MT",0,0,0,0,0,0,0,32
40,"Hibbing, MN",1,0,0,0,0,1,0,12
40,"Hilo, HI",12,0,2,0,11,16,2,126
40,"Hilton Head, SC",4,0,1,0,1,4,0,44
40,"Hobbs, NM",1,0,0,0,1,2,0,14
40,"Honolulu, HI",87,0,41,0,61,119,13,1137
40,"Houston, TX",203,5,174,5,182,348,5,3400
40,"Huntsville, AL",24,1,11,0,18,36,0,188
40,"Idaho Falls, ID",4,0,1,0,4,8,0,70
40,"Indianapolis, IN",66,6,36,0,59,110,0,976
40,"International Falls, MN",1,0,0,0,0,1,0,12
40,"Iron Mountain/Kingsfd, MI",3,0,1,0,0,3,0,14
40,"Islip, NY",5,0,2,0,5,7,0,58
40,"Ithaca/Cortland, NY",0,0,2,0,0,1,0,14
40,"Jackson, WY",7,0,2,0,5,11,0,113
40,"Jackson/Vicksburg, MS",10,1,4,0,7,15,0,127
40,"Jacksonville, FL",48,0,19,0,35,61,1,567
40,"Jacksonville/Camp Lejeune, NC",9,0,4,0,6,12,0,55
40,"Jamestown, ND",1,0,0,0,0,1,0,13
40,"Johnstown, PA",1,1,3,0,4,5,0,14
40,"Joplin, MO",2,0,0,0,1,3,0,12
40,"Juneau, AK",3,4,3,0,0,8,1,86
40,"Kahului, HI",32,1,10,0,13,45,3,486
40,"Kalamazoo, MI",1,0,0,0,0,1,0,20
40,"Kalispell, MT",7,0,5,0,4,10,0,68
40,"Kansas City, MO",85,0,34,1,81,128,0,981
40,"Ketchikan, AK",2,0,3,0,2,5,0,43
40,"Key West, FL",7,0,9,0,5,14,0,118
40,"Killeen, TX",2,0,3,0,2,4,0,35
40,"King Salmon, AK",0,0,0,0,0,0,0,1
40,"Knoxville, TN",31,5,24,1,24,50,0,355
40,"Kodiak, AK",0,0,0,0,1,1,0,15
40,"Kona, HI",20,0,11,0,15,34,3,311
40,"Kotzebue, AK",0,0,0,0,0,0,0,7
40,"La Crosse, WI",1,0,3,0,3,4,0,18
40,"Lafayette, LA",6,0,2,0,4,7,0,57
40,"Lake Charles, LA",1,1,0,0,0,2,0,21
40,"Lansing, MI",2,0,1,0,1,3,0,26
40,"Laramie, WY",0,0,0,0,0,0,0,12
40,"Laredo, TX",0,0,1,0,2,2,0,32
40,"Las Vegas, NV",245,21,303,0,298,556,13,3818
40,"Latrobe, PA",2,0,1,0,1,2,1,15
40,"Lawton/Fort Sill, OK",2,0,0,0,1,3,0,21
40,"Lewiston, ID",1,0,0,0,0,1,0,21
40,"Lexington, KY",14,1,6,0,5,18,0,191
40,"Liberal, KS",2,0,0,0,0,1,0,12
40,"Lihue, HI",10,0,2,0,10,16,3,296
40,"Lincoln, NE",4,0,1,0,1,5,0,55
40,"Little Rock, AR",27,0,18,0,19,38,1,260
40,"Long Beach, CA",23,0,11,1,26,36,1,325
40,"Longview, TX",0,0,0,0,0,0,0,14
40,"Los Angeles, CA",292,18,173,2,218,451,10,3832
40,"Louisville, KY",41,3,28,0,28,60,0,501
40,"Lubbock, TX",6,0,1,0,6,8,1,120
40,"Madison, WI",25,0,8,0,9,29,0,227
40,"Manchester, NH",23,0,11,0,21,31,0,130
40,"Manhattan/Ft. Riley, KS",1,0,2,0,0,2,0,21
40,"Marquette, MI",0,0,2,0,2,2,0,21
40,"Martha's Vineyard, MA",2,0,1,0,1,2,0,10
40,"Mason City, IA",1,0,0,0,1,2,0,12
40,"Medford, OR",10,1,5,0,4,14,0,88
40,"Melbourne, FL",3,0,0,0,1,3,0,53
40,"Memphis, TN",42,1,21,0,23,54,1,443
40,"Meridian, MS",1,0,0,0,0,1,0,12
40,"Miami, FL",124,3,60,1,81,178,0,1772
40,"Midland/Odessa, TX",8,0,5,0,2,10,0,182
40,"Milwaukee, WI",46,0,22,0,21,54,0,571
40,"Minneapolis, MN",119,3,45,1,80,178,1,2530
40,"Minot, ND",2,0,0,0,0,2,0,47
40,"Mission/McAllen/Edinburg, TX",7,0,3,0,6,8,0,111
40,"Missoula, MT",4,0,5,0,1,7,0,78
40,"Mobile, AL",6,0,0,0,1,6,0,53
40,"Moline, IL",6,0,3,0,8,14,0,86
40,"Monroe, LA",6,0,3,0,2,6,0,48
40,"Monterey, CA",9,0,8,0,6,13,1,98
40,"Montgomery, AL",8,0,2,0,5,9,0,54
40,"Montrose/Delta, CO",1,0,0,0,1,1,0,35
40,"Mosinee, WI",0,0,0,0,0,0,0,14
40,"Myrtle Beach, SC",27,1,14,0,23,40,2,326
40,"Nantucket, MA",2,0,1,0,1,3,0,27
40,"Nashville, TN",147,2,93,2,122,228,2,2023
40,"New Orleans, LA",92,1,45,0,64,117,0,910
40,"New York, NY",340,19,260,0,249,525,3,5588
40,"Newark, NJ",171,3,128,0,112,253,15,2530
40,"Newburgh/Poughkeepsie, NY",1,0,3,0,2,3,0,6
40,"Niagara Falls, NY",0,0,0,0,0,0,0,5
40,"Nome, AK",0,0,0,0,0,0,0,7
40,"Norfolk, VA",37,1,28,0,31,64,2,448
40,"North Bend/Coos Bay, OR",1,0,1,0,0,1,0,9
40,"North Platte, NE",0,0,0,0,0,0,0,12
40,"Oakland, CA",62,0,55,2,83,118,7,786
40,"Oklahoma City, OK",44,2,13,0,35,66,0,460
40,"Omaha, NE",42,0,13,0,24,49,0,464
40,"Ontario, CA",38,1,4,0,35,56,2,540
40,"Orlando, FL",199,1,116,2,201,335,6,2595
40,"Pago Pago, TT",1,0,0,0,0,0,0,2
40,"Palm Springs, CA",18,0,17,0,23,38,0,231
40,"Panama City, FL",10,0,4,0,7,14,0,151
40,"Pasco/Kennewick/Richland, WA",8,4,5,0,3,14,0,113
40,"Pellston, MI",1,0,0,0,0,1,0,12
40,"Pensacola, FL",21,0,18,0,11,27,0,252
40,"Peoria, IL",11,0,7,0,6,16,0,79
40,"Petersburg, AK",0,1,1,0,0,1,0,14
40,"Philadelphia, PA",185,8,148,2,195,325,5,2097
40,"Phoenix, AZ",282,6,144,1,296,446,13,3742
40,"Pittsburgh, PA",76,8,56,0,49,113,0,884
40,"Plattsburgh, NY",1,0,1,0,0,1,0,8
40,"Pocatello, ID",0,0,0,0,0,0,0,13
40,"Ponce, PR",1,0,0,0,1,1,0,9
40,"Portland, ME",26,1,18,0,15,38,0,313
40,"Portland, OR",83,1,76,1,93,169,2,1224
40,"Portsmouth, NH",1,0,0,0,0,1,0,6
40,"Prescott, AZ",1,0,0,0,0,1,0,14
40,"Presque Isle/Houlton, ME",1,0,0,0,1,1,0,7
40,"Providence, RI",27,1,17,2,29,45,0,318
40,"Provo, UT",4,0,3,0,8,9,0,34
40,"Punta Gorda, FL",15,0,24,0,20,33,0,110
40,"Raleigh/Durham, NC",101,0,73,1,87,160,0,1197
40,"Rapid City, SD",6,1,6,0,7,13,0,130
40,"Redding, CA",0,0,0,0,2,2,0,34
40,"Reno, NV",30,0,21,1,41,67,1,427
40,"Rhinelander, WI",3,0,0,0,0,3,0,14
40,"Richmond, VA",32,0,9,0,14,39,0,358
40,"Riverton/Lander, WY",0,0,0,0,0,0,0,14
40,"Roanoke, VA",8,0,5,0,5,11,0,53
40,"Rochester, MN",2,0,2,0,0,3,0,34
40,"Rochester, NY",25,1,17,0,12,34,0,246
40,"Rock Springs, WY",1,0,0,0,0,1,0,14
40,"Rockford, IL",6,0,2,0,1,7,0,17
40,"Roswell, NM",4,0,0,0,2,6,0,21
40,"Sacramento, CA",95,7,62,2,95,164,7,1142
40,"Saginaw/Bay City/Midland, MI",2,0,4,0,3,5,0,46
40,"Saipan, TT",0,0,0,0,0,0,0,7
40,"Salina, KS",0,0,0,0,0,0,0,14
40,"Salt Lake City, UT",121,10,70,0,95,196,2,2174
40,"San Angelo, TX",2,0,1,0,1,3,0,21
40,"San Antonio, TX",74,0,42,1,62,114,0,829
40,"San Diego, CA",199,47,657,2,232,796,43,1892
40,"San Francisco, CA",210,7,247,0,197,427,13,2837
40,"San Jose, CA",101,1,90,0,117,197,5,1048
40,"San Juan, PR",45,4,22,0,31,64,0,491
40,"San Luis Obispo, CA",4,2,8,0,8,16,0,112
40,"Sanford, FL",18,3,24,0,17,36,2,167
40,"Santa Ana, CA",51,3,30,0,59,93,3,836
40,"Santa Barbara, CA",13,7,8,1,12,28,4,150
40,"Santa Fe, NM",9,0,2,0,2,11,0,77
40,"Santa Maria, CA",0,0,0,0,0,0,0,2
40,"Santa Rosa, CA",12,5,16,0,10,31,1,78
40,"Sarasota/Bradenton, FL",16,0,6,0,13,22,0,245
40,"Sault Ste. Marie, MI",2,0,2,0,0,2,0,14
40,"Savannah, GA",30,0,24,0,21,46,1,358
40,"Scottsbluff, NE",0,0,0,0,0,0,0,12
40,"Scranton/Wilkes-Barre, PA",1,0,1,0,2,2,0,29
40,"Seattle, WA",220,16,295,5,188,471,11,3227
40,"Sheridan, WY",1,1,0,0,0,2,0,14
40,"Shreveport, LA",8,0,8,0,7,13,0,92
40,"Sioux City, IA",0,0,0,0,0,0,0,14
40,"Sioux Falls, SD",9,0,6,0,9,18,0,139
40,"Sitka, AK",2,0,1,0,0,2,1,22
40,"South Bend, IN",14,2,13,0,9,24,0,132
40,"Spokane, WA",38,1,17,0,29,52,0,336
40,"Springfield, IL",1,0,0,0,0,1,0,2
40,"Springfield, MO",14,0,14,0,15,27,0,210
40,"St. Cloud, MN",0,0,0,0,0,0,0,2
40,"St. George, UT",5,0,1,0,1,5,0,79
40,"St. Louis, MO",96,1,38,0,88,143,1,1309
40,"St. Petersburg, FL",13,3,16,0,17,29,1,142
40,"State College, PA",2,0,1,0,0,2,0,13
40,"Stillwater, OK",1,0,0,0,2,3,0,14
40,"Stockton, CA",2,0,0,0,3,2,0,11
40,"Sun Valley/Hailey/Ketchum, ID",0,0,0,0,0,0,0,25
40,"Syracuse, NY",25,0,12,0,16,34,1,254
40,"Tallahassee, FL",7,0,2,0,6,11,0,128
40,"Tampa, FL",106,5,110,0,102,193,1,1313
40,"Texarkana, AR",2,0,0,0,0,2,0,14
40,"Toledo, OH",1,0,0,0,0,0,0,5
40,"Traverse City, MI",9,1,5,0,3,12,0,80
40,"Trenton, NJ",0,0,1,0,0,1,0,13
40,"Tucson, AZ",32,0,21,1,30,51,0,380
40,"Tulsa, OK",20,0,4,0,13,26,0,358
40,"Twin Falls, ID",1,0,0,0,0,1,0,13
40,"Tyler, TX",0,0,0,0,0,0,0,21
40,"Valdosta, GA",2,1,0,0,1,3,0,14
40,"Valparaiso, FL",19,0,8,1,9,23,0,199
40,"Victoria, TX",1,0,0,0,1,2,0,12
40,"Waco, TX",4,0,4,0,2,6,0,21
40,"Walla Walla, WA",0,0,0,0,1,1,0,1
40,"Washington, DC",239,7,234,1,220,428,2,3743
40,"West Palm Beach/Palm Beach, FL",43,0,20,1,26,55,0,440
40,"West Yellowstone, MT",1,0,1,0,0,1,0,7
40,"White Plains, NY",26,1,12,0,18,38,0,234
40,"Wichita Falls, TX",1,0,2,0,2,3,0,14
40,"Wichita, KS",17,0,8,0,14,24,0,191
40,"Williston, ND",4,0,1,0,0,3,1,43
40,"Wilmington, NC",11,0,9,0,12,21,0,165
40,"Worcester, MA",1,0,0,0,0,1,0,22
40,"Wrangell, AK",0,0,0,0,1,1,0,14
40,"Yakutat, AK",1,0,2,0,2,3,0,14
40,"Yuma, AZ",3,0,2,0,0,4,0,39
41,"Aberdeen, SD",2,0,0,0,0,2,0,14
41,"Abilene, TX",1,0,2,0,0,1,0,34
41,"Adak Island, AK",0,0,0,0,0,0,0,2
41,"Aguadilla, PR",3,0,2,0,1,3,5,33
41,"Akron, OH",5,0,4,0,8,11,5,65
41,"Albany, GA",1,0,1,0,0,1,0,14
41,"Albany, NY",27,0,10,0,13,30,16,249
41,"Albuquerque, NM",48,0,24,0,44,80,0,577
41,"Alexandria, LA",5,1,0,0,2,7,0,41
41,"Allentown/Bethlehem/Easton, PA",4,1,3,0,2,7,11,85
41,"Alpena, MI",0,0,1,0,0,1,0,12
41,"Amarillo, TX",6,0,2,0,4,8,0,105
41,"Anchorage, AK",14,1,18,3,8,26,0,305
41,"Appleton, WI",13,0,6,0,5,16,4,129
41,"Arcata/Eureka, CA",7,2,5,0,2,11,1,40
41,"Asheville, NC",14,8,12,0,13,31,41,268
41,"Ashland, WV",0,1,1,0,0,1,2,4
41,"Aspen, CO",10,1,5,0,6,17,0,112
41,"Atlanta, GA",397,15,288,5,324,668,220,6964
41,"Atlantic City, NJ",2,0,0,0,0,2,11,48
41,"Augusta, GA",10,9,6,0,13,19,0,75
41,"Austin, TX",128,1,75,0,116,192,30,1694
41,"Bakersfield, CA",4,0,1,0,5,6,0,61
41,"Baltimore, MD",157,0,82,3,139,211,104,1927
41,"Bangor, ME",9,2,6,0,6,14,6,124
41,"Barrow, AK",0,0,0,0,1,1,0,7
41,"Baton Rouge, LA",7,0,2,0,2,7,0,99
41,"Beaumont/Port Arthur, TX",2,0,1,0,0,2,0,14
41,"Belleville, IL",0,0,0,0,1,1,4,19
41,"Bellingham, WA",0,1,6,0,5,7,0,41
41,"Bemidji, MN",2,0,0,0,0,2,0,14
41,"Bend/Redmond, OR",13,0,6,0,7,20,1,114
41,"Bethel, AK",0,0,0,0,1,1,0,14
41,"Billings, MT",5,0,2,0,1,5,0,83
41,"Binghamton, NY",0,0,0,0,0,0,0,7
41,"Birmingham, AL",33,0,13,0,17,35,8,374
41,"Bismarck/Mandan, ND",5,0,0,0,0,5,2,86
41,"Bloomington/Normal, IL",2,0,1,0,0,1,2,32
41,"Boise, ID",36,1,23,0,31,58,0,456
41,"Boston, MA",220,11,251,0,174,418,94,3013
41,"Bozeman, MT",12,0,9,0,13,20,0,166
41,"Brainerd, MN",0,0,0,0,0,0,0,12
41,"Bristol/Johnson City/Kingsport, TN",2,0,0,1,1,3,1,64
41,"Brownsville, TX",4,0,2,0,1,6,0,47
41,"Brunswick, GA",4,0,1,0,0,4,0,21
41,"Buffalo, NY",52,0,35,1,36,70,19,468
41,"Burbank, CA",52,1,77,1,67,134,5,660
41,"Burlington, VT",17,0,20,0,5,31,0,209
41,"Butte, MT",0,0,0,0,0,0,0,13
41,"Casper, WY",3,0,2,0,1,4,0,49
41,"Cedar City, UT",1,0,0,0,0,0,0,12
41,"Cedar Rapids/Iowa City, IA",17,1,10,0,11,27,4,178
41,"Champaign/Urbana, IL",1,0,0,0,1,1,0,27
41,"Charleston, SC",45,0,35,1,28,69,1,524
41,"Charleston/Dunbar, WV",6,0,2,0,1,7,0,76
41,"Charlotte Amalie, VI",5,1,2,0,5,9,2,63
41,"Charlotte, NC",330,20,398,4,330,668,150,4592
41,"Charlottesville, VA",3,0,2,0,1,4,0,86
41,"Chattanooga, TN",9,1,4,0,4,12,3,146
41,"Cheyenne, WY",0,0,0,0,0,0,0,13
41,"Chicago, IL",561,12,507,10,398,927,136,7325
41,"Christiansted, VI",2,0,1,0,1,2,1,11
41,"Cincinnati, OH",55,2,44,0,53,95,42,841
41,"Clarksburg/Fairmont, WV",0,0,0,0,0,0,1,2
41,"Cleveland, OH",58,0,43,0,56,97,36,821
41,"Cody, WY",0,0,0,0,0,0,0,14
41,"College Station/Bryan, TX",3,0,1,0,3,4,0,28
41,"Colorado Springs, CO",20,0,7,0,20,34,0,262
41,"Columbia, MO",4,0,1,0,3,5,0,41
41,"Columbia, SC",13,0,10,0,12,21,0,153
41,"Columbus, GA",0,0,1,0,1,1,0,20
41,"Columbus, MS",0,0,0,0,0,0,0,14
41,"Columbus, OH",74,3,59,1,59,113,34,913
41,"Concord, NC",0,0,0,0,0,0,3,11
41,"Cordova, AK",1,0,0,0,0,1,0,14
41,"Corpus Christi, TX",3,0,1,0,4,5,0,74
41,"Dallas, TX",104,0,66,0,102,156,30,1402
41,"Dallas/Fort Worth, TX",464,13,307,3,404,791,86,6452
41,"Dayton, OH",11,0,10,0,6,16,4,155
41,"Daytona Beach, FL",3,0,2,0,2,4,19,56
41,"Deadhorse, AK",0,0,0,0,0,0,0,11
41,"Decatur, IL",0,0,1,0,1,1,0,12
41,"Denver, CO",372,7,197,3,343,608,88,6137
41,"Des Moines, IA",23,0,8,0,22,31,5,311
41,"Detroit, MI",187,12,139,1,120,300,51,2739
41,"Devils Lake, ND",0,0,0,0,0,0,0,13
41,"Dickinson, ND",0,0,0,0,0,0,0,13
41,"Dodge City, KS",0,0,1,0,0,1,0,12
41,"Dothan, AL",0,0,0,0,0,0,0,14
41,"Duluth, MN",1,0,1,0,2,4,0,54
41,"Durango, CO",8,1,2,0,1,10,0,80
41,"Eagle, CO",2,0,1,0,3,4,0,27
41,"El Paso, TX",26,1,13,0,24,41,1,373
41,"Elko, NV",1,0,0,0,0,1,0,7
41,"Elmira/Corning, NY",2,1,1,0,0,4,3,20
41,"Escanaba, MI",2,0,1,0,0,2,0,14
41,"Eugene, OR",16,1,5,0,11,21,0,153
41,"Evansville, IN",3,0,2,1,1,4,3,54
41,"Everett, WA",0,1,1,0,2,2,0,14
41,"Fairbanks, AK",4,0,2,0,3,7,0,63
41,"Fargo, ND",11,0,4,0,4,14,0,134
41,"Fayetteville, AR",24,0,12,0,12,29,0,297
41,"Fayetteville, NC",6,0,0,0,3,8,0,48
41,"Flagstaff, AZ",7,0,0,0,2,9,0,51
41,"Flint, MI",5,1,4,0,2,9,6,41
41,"Fort Dodge, IA",1,0,0,0,0,1,0,12
41,"Fort Lauderdale, FL",177,9,172,2,109,273,66,1544
41,"Fort Myers, FL",31,0,21,0,24,40,192,552
41,"Fort Smith, AR",3,0,1,0,2,3,0,27
41,"Fort Wayne, IN",10,0,5,0,6,14,9,121
41,"Fresno, CA",24,0,24,0,23,46,1,252
41,"Gainesville, FL",0,0,1,0,0,0,10,68
41,"Garden City, KS",1,0,0,0,0,1,0,14
41,"Gillette, WY",0,0,0,0,0,0,0,14
41,"Grand Forks, ND",1,0,0,0,0,1,0,25
41,"Grand Island, NE",2,0,2,0,0,3,0,18
41,"Grand Junction, CO",6,0,1,0,1,7,0,93
41,"Grand Rapids, MI",34,1,29,1,25,57,13,342
41,"Great Falls, MT",0,0,0,0,0,0,0,45
41,"Green Bay, WI",8,1,4,0,2,9,0,85
41,"Greensboro/High Point, NC",12,0,9,0,15,22,2,250
41,"Greer, SC",19,1,14,0,14,34,3,346
41,"Guam, TT",1,0,0,0,1,1,0,14
41,"Gulfport/Biloxi, MS",2,0,0,0,0,2,0,69
41,"Gunnison, CO",0,0,0,0,0,0,0,14
41,"Hagerstown, MD",1,0,0,0,0,1,2,7
41,"Hancock/Houghton, MI",2,0,1,0,4,6,0,14
41,"Harlingen/San Benito, TX",2,0,1,0,4,4,0,94
41,"Harrisburg, PA",10,0,8,0,7,13,7,114
41,"Hartford, CT",38,0,20,0,25,51,21,467
41,"Hattiesburg/Laurel, MS",4,0,0,0,0,4,0,12
41,"Hayden, CO",1,0,0,0,0,1,0,26
41,"Hays, KS",0,0,0,0,0,0,0,12
41,"Helena, MT",2,0,0,0,0,2,0,33
41,"Hibbing, MN",2,0,0,0,0,2,0,12
41,"Hilo, HI",14,0,0,0,12,16,0,126
41,"Hilton Head, SC",2,0,5,0,3,6,0,42
41,"Hobbs, NM",3,0,0,0,0,3,0,14
41,"Honolulu, HI",120,1,53,1,73,171,3,1130
41,"Houston, TX",219,6,157,2,158,338,80,3452
41,"Huntsville, AL",14,0,7,0,7,21,0,180
41,"Idaho Falls, ID",4,1,1,0,3,8,0,70
41,"Indianapolis, IN",74,1,46,0,68,113,58,1045
41,"International Falls, MN",4,0,0,0,0,4,0,12
41,"Iron Mountain/Kingsfd, MI",1,0,0,0,0,1,0,14
41,"Islip, NY",6,0,1,0,7,8,9,59
41,"Ithaca/Cortland, NY",0,0,0,0,0,0,0,14
41,"Jackson, WY",5,0,2,0,3,7,0,84
41,"Jackson/Vicksburg, MS",7,0,1,0,1,6,0,146
41,"Jacksonville, FL",49,2,37,0,37,79,17,601
41,"Jacksonville/Camp Lejeune, NC",0,0,1,0,1,2,0,48
41,"Jamestown, ND",0,0,0,0,0,0,0,13
41,"Johnstown, PA",1,0,0,0,1,2,0,14
41,"Joplin, MO",2,0,1,0,0,2,0,12
41,"Juneau, AK",5,0,6,0,4,8,1,84
41,"Kahului, HI",42,3,14,0,24,55,1,484
41,"Kalamazoo, MI",1,0,0,0,0,1,0,20
41,"Kalispell, MT",5,0,0,0,1,5,0,60
41,"Kansas City, MO",82,0,28,0,62,104,23,1018
41,"Ketchikan, AK",1,0,1,0,1,2,1,42
41,"Key West, FL",7,1,6,0,4,13,22,126
41,"Killeen, TX",5,0,1,0,2,6,0,41
41,"Knoxville, TN",30,2,26,0,25,44,16,414
41,"Kodiak, AK",0,2,0,0,1,2,0,14
41,"Kona, HI",19,1,11,0,18,30,0,309
41,"Kotzebue, AK",0,0,0,0,0,0,0,7
41,"La Crosse, WI",0,0,0,0,0,0,0,7
41,"Lafayette, LA",6,1,4,1,5,11,0,68
41,"Lake Charles, LA",1,0,1,0,0,1,0,21
41,"Lansing, MI",3,0,2,0,1,4,0,26
41,"Laramie, WY",0,0,0,0,0,0,0,12
41,"Laredo, TX",3,0,2,0,0,3,0,36
41,"Las Vegas, NV",307,20,364,3,337,649,38,3958
41,"Latrobe, PA",0,0,0,0,0,0,2,18
41,"Lawton/Fort Sill, OK",3,0,0,0,0,3,0,21
41,"Lewiston, ID",0,0,0,0,0,0,0,21
41,"Lexington, KY",10,0,9,1,8,16,7,189
41,"Liberal, KS",0,0,0,0,0,0,0,12
41,"Lihue, HI",19,0,12,0,13,27,0,297
41,"Lincoln, NE",2,0,2,0,2,3,0,55
41,"Little Rock, AR",21,0,14,0,17,32,1,274
41,"Long Beach, CA",25,2,29,0,25,52,0,337
41,"Longview, TX",0,1,0,0,0,1,0,14
41,"Los Angeles, CA",318,18,243,2,251,521,34,3869
41,"Louisville, KY",41,2,29,0,24,61,15,502
41,"Lubbock, TX",13,0,2,0,13,20,0,118
41,"Madison, WI",16,0,5,0,14,23,0,240
41,"Manchester, NH",10,0,8,0,10,16,2,135
41,"Manhattan/Ft. Riley, KS",2,0,0,0,1,2,0,21
41,"Marquette, MI",0,0,1,0,0,1,0,14
41,"Martha's Vineyard, MA",0,0,0,0,0,0,0,10
41,"Mason City, IA",1,0,0,0,0,1,0,12
41,"Medford, OR",8,2,4,0,2,10,1,88
41,"Melbourne, FL",0,0,0,0,1,1,15,53
41,"Memphis, TN",31,1,11,0,18,41,8,462
41,"Meridian, MS",4,0,0,0,0,4,0,12
41,"Miami, FL",168,20,205,1,136,340,158,1907
41,"Midland/Odessa, TX",10,0,7,0,6,15,0,187
41,"Milwaukee, WI",66,3,42,0,40,89,19,597
41,"Minneapolis, MN",143,6,67,0,81,206,42,2569
41,"Minot, ND",3,0,1,0,2,5,1,48
41,"Mission/McAllen/Edinburg, TX",9,1,3,0,6,12,0,112
41,"Missoula, MT",5,0,4,0,3,6,0,72
41,"Mobile, AL",0,0,0,0,0,0,0,53
41,"Moline, IL",9,2,1,0,2,11,2,94
41,"Monroe, LA",3,0,0,0,0,3,0,41
41,"Monterey, CA",13,1,11,0,8,20,0,107
41,"Montgomery, AL",1,0,0,0,2,3,0,54
41,"Montrose/Delta, CO",1,0,1,0,0,2,0,28
41,"Mosinee, WI",0,0,0,0,0,0,0,14
41,"Myrtle Beach, SC",26,0,17,0,19,37,4,328
41,"Nantucket, MA",0,0,0,0,0,0,0,27
41,"Nashville, TN",157,4,101,2,126,235,61,2071
41,"New Orleans, LA",85,0,49,0,68,119,36,1040
41,"New York, NY",390,11,256,3,255,575,148,5627
41,"Newark, NJ",148,4,274,2,131,407,100,2550
41,"Newburgh/Poughkeepsie, NY",1,0,1,0,0,2,2,8
41,"Niagara Falls, NY",0,0,1,0,0,1,1,5
41,"Nome, AK",1,0,0,0,0,1,0,7
41,"Norfolk, VA",35,0,22,1,25,46,4,445
41,"North Bend/Coos Bay, OR",0,0,0,0,1,1,0,9
41,"North Platte, NE",1,0,1,0,0,0,0,12
41,"Oakland, CA",54,3,45,0,79,109,4,769
41,"Oklahoma City, OK",40,0,15,0,23,53,3,473
41,"Omaha, NE",40,1,11,0,22,46,5,475
41,"Ontario, CA",34,1,22,0,41,64,0,549
41,"Orlando, FL",186,15,110,1,150,302,901,2834
41,"Pago Pago, TT",0,0,0,0,0,0,0,2
41,"Palm Springs, CA",17,1,16,0,26,40,0,261
41,"Panama City, FL",9,0,6,0,7,13,0,154
41,"Pasco/Kennewick/Richland, WA",16,1,7,0,3,18,0,114
41,"Pellston, MI",1,0,0,0,0,1,0,12
41,"Pensacola, FL",13,1,5,0,15,21,6,249
41,"Peoria, IL",5,0,3,0,4,9,7,76
41,"Petersburg, AK",0,1,1,0,0,1,0,14
41,"Philadelphia, PA",173,7,141,3,151,294,86,2167
41,"Phoenix, AZ",339,7,170,3,307,499,33,4060
41,"Pittsburgh, PA",72,2,43,2,51,109,44,909
41,"Plattsburgh, NY",0,1,1,0,0,1,5,10
41,"Pocatello, ID",1,0,1,0,0,1,0,13
41,"Ponce, PR",3,0,0,0,2,2,4,9
41,"Portland, ME",31,0,22,0,21,44,2,308
41,"Portland, OR",67,7,55,0,72,131,3,1211
41,"Portsmouth, NH",0,0,0,0,0,0,3,6
41,"Prescott, AZ",1,0,1,0,1,2,0,14
41,"Presque Isle/Houlton, ME",2,0,1,0,0,2,0,7
41,"Providence, RI",26,0,15,0,21,37,17,327
41,"Provo, UT",5,0,4,0,2,6,0,55
41,"Punta Gorda, FL",10,0,10,0,12,20,55,131
41,"Raleigh/Durham, NC",101,3,69,0,104,162,41,1234
41,"Rapid City, SD",3,1,3,0,1,7,1,109
41,"Redding, CA",4,0,4,0,4,8,0,34
41,"Reno, NV",39,1,30,0,32,63,1,430
41,"Rhinelander, WI",2,0,0,0,0,2,0,14
41,"Richmond, VA",38,3,25,0,18,50,6,375
41,"Riverton/Lander, WY",0,0,0,0,0,0,0,14
41,"Roanoke, VA",3,0,3,0,2,6,3,69
41,"Rochester, MN",2,0,1,0,2,3,0,31
41,"Rochester, NY",19,1,21,0,13,34,3,244
41,"Rock Springs, WY",0,0,0,0,0,0,0,14
41,"Rockford, IL",1,0,2,0,1,2,6,18
41,"Roswell, NM",1,0,1,0,0,1,0,21
41,"Sacramento, CA",95,9,72,0,106,182,4,1158
41,"Saginaw/Bay City/Midland, MI",6,1,0,0,2,9,0,48
41,"Saipan, TT",0,0,0,0,0,0,0,7
41,"Salina, KS",1,0,0,0,0,1,0,14
41,"Salt Lake City, UT",106,2,55,1,88,174,12,2180
41,"San Angelo, TX",1,0,1,0,2,2,0,21
41,"San Antonio, TX",76,0,33,0,72,113,13,867
41,"San Diego, CA",193,25,372,2,193,512,43,1920
41,"San Francisco, CA",259,22,390,1,221,574,25,2859
41,"San Jose, CA",84,2,77,0,113,169,6,1059
41,"San Juan, PR",63,1,47,0,32,86,56,522
41,"San Luis Obispo, CA",13,1,9,0,8,22,1,118
41,"Sanford, FL",11,1,11,0,17,23,71,191
41,"Santa Ana, CA",73,2,45,0,72,122,7,846
41,"Santa Barbara, CA",22,1,10,1,9,27,1,148
41,"Santa Fe, NM",8,0,3,0,6,14,0,77
41,"Santa Maria, CA",0,0,0,0,0,0,0,2
41,"Santa Rosa, CA",8,0,10,1,11,18,0,76
41,"Sarasota/Bradenton, FL",3,0,0,0,3,4,230,279
41,"Sault Ste. Marie, MI",2,0,2,0,0,2,0,14
41,"Savannah, GA",32,1,26,0,27,52,2,399
41,"Scottsbluff, NE",0,0,0,0,1,1,0,12
41,"Scranton/Wilkes-Barre, PA",2,0,2,0,2,4,0,34
41,"Seattle, WA",169,20,170,1,157,364,25,3159
41,"Sheridan, WY",1,0,0,0,1,2,0,14
41,"Shreveport, LA",5,0,3,0,2,7,0,99
41,"Sioux City, IA",3,0,2,0,1,4,0,14
41,"Sioux Falls, SD",9,0,2,0,4,11,4,144
41,"Sitka, AK",0,0,0,0,1,1,1,21
41,"South Bend, IN",18,0,8,0,6,22,7,153
41,"Spokane, WA",28,1,13,0,14,42,1,335
41,"Springfield, IL",0,0,0,0,0,0,1,2
41,"Springfield, MO",11,1,8,0,14,25,3,210
41,"St. Cloud, MN",0,0,0,0,0,0,0,2
41,"St. George, UT",11,0,3,0,1,12,0,79
41,"St. Louis, MO",83,0,41,0,82,128,45,1323
41,"St. Petersburg, FL",5,1,10,0,15,17,92,156
41,"State College, PA",0,0,0,0,0,0,0,15
41,"Stillwater, OK",1,0,0,0,0,1,0,14
41,"Stockton, CA",1,0,1,0,2,2,0,11
41,"Sun Valley/Hailey/Ketchum, ID",1,0,0,0,0,1,0,25
41,"Syracuse, NY",22,1,13,0,9,30,7,247
41,"Tallahassee, FL",4,0,3,0,6,8,2,130
41,"Tampa, FL",88,6,69,1,92,159,588,1390
41,"Texarkana, AR",1,0,0,0,0,1,0,14
41,"Toledo, OH",1,0,0,0,0,1,3,6
41,"Traverse City, MI",12,0,4,0,5,15,3,66
41,"Trenton, NJ",2,0,0,0,1,3,5,14
41,"Tucson, AZ",37,0,24,0,22,50,0,393
41,"Tulsa, OK",22,2,8,0,13,31,0,374
41,"Twin Falls, ID",0,0,0,0,0,0,0,13
41,"Tyler, TX",0,0,1,0,3,3,0,21
41,"Valdosta, GA",2,0,0,0,1,1,0,20
41,"Valparaiso, FL",11,1,2,0,8,14,0,209
41,"Victoria, TX",1,0,0,0,1,2,0,12
41,"Waco, TX",3,0,0,0,0,3,0,21
41,"Washington, DC",260,8,173,4,199,404,100,3781
41,"West Palm Beach/Palm Beach, FL",56,6,30,1,38,81,78,476
41,"West Yellowstone, MT",0,0,0,0,0,0,0,7
41,"White Plains, NY",16,1,5,0,10,20,24,236
41,"Wichita Falls, TX",0,0,0,0,1,1,0,14
41,"Wichita, KS",20,0,9,0,16,27,0,201
41,"Williston, ND",3,0,0,0,1,4,0,42
41,"Wilmington, NC",10,0,3,0,3,14,0,178
41,"Worcester, MA",2,0,1,0,1,2,1,22
41,"Wrangell, AK",0,0,1,0,1,1,1,14
41,"Yakutat, AK",0,0,0,0,1,1,0,14
41,"Yuma, AZ",2,0,0,0,0,2,0,42
42,"Aberdeen, SD",4,0,0,0,0,4,0,14
42,"Abilene, TX",2,0,3,0,2,4,0,34
42,"Adak Island, AK",0,0,0,0,0,0,0,2
42,"Aguadilla, PR",3,0,4,0,3,6,0,33
42,"Akron, OH",11,1,7,0,8,17,1,65
42,"Albany, GA",3,0,2,0,0,3,0,14
42,"Albany, NY",32,1,27,0,20,50,0,250
42,"Albuquerque, NM",41,0,42,0,39,72,2,552
42,"Alexandria, LA",3,0,0,0,0,3,0,41
42,"Allentown/Bethlehem/Easton, PA",9,1,5,0,4,12,0,84
42,"Alpena, MI",1,0,0,0,0,1,0,12
42,"Amarillo, TX",11,1,5,0,6,15,0,105
42,"Anchorage, AK",15,2,28,2,23,49,3,307
42,"Appleton, WI",15,3,5,0,4,20,1,128
42,"Arcata/Eureka, CA",0,0,0,0,2,2,0,40
42,"Asheville, NC",10,1,7,0,15,25,3,246
42,"Ashland, WV",0,0,1,0,0,1,0,4
42,"Aspen, CO",6,1,3,0,4,10,0,112
42,"Atlanta, GA",469,9,388,1,360,742,22,6980
42,"Atlantic City, NJ",2,0,1,0,1,1,0,51
42,"Augusta, GA",7,1,7,0,5,14,0,75
42,"Austin, TX",166,4,183,1,148,295,0,1711
42,"Bakersfield, CA",8,0,0,0,2,7,0,61
42,"Baltimore, MD",201,0,190,2,195,319,10,1931
42,"Bangor, ME",12,0,16,0,15,25,0,124
42,"Barrow, AK",2,0,3,0,2,3,0,7
42,"Baton Rouge, LA",8,0,6,0,4,11,0,99
42,"Beaumont/Port Arthur, TX",1,0,0,0,0,1,0,14
42,"Belleville, IL",3,0,0,0,2,4,1,19
42,"Bellingham, WA",2,0,5,0,3,6,0,41
42,"Bemidji, MN",3,0,0,0,0,3,0,14
42,"Bend/Redmond, OR",7,0,5,0,4,12,0,114
42,"Bethel, AK",0,1,1,0,0,1,0,14
42,"Billings, MT",4,0,4,0,4,7,0,83
42,"Binghamton, NY",0,0,0,0,0,0,0,7
42,"Birmingham, AL",25,0,21,0,22,39,0,377
42,"Bismarck/Mandan, ND",3,0,3,0,0,5,0,86
42,"Bloomington/Normal, IL",3,0,2,0,2,3,0,32
42,"Boise, ID",39,1,33,0,27,60,0,457
42,"Boston, MA",294,9,415,0,246,582,3,3025
42,"Bozeman, MT",12,1,4,0,13,22,1,165
42,"Brainerd, MN",1,0,0,0,0,1,0,12
42,"Bristol/Johnson City/Kingsport, TN",2,2,4,0,2,6,0,63
42,"Brownsville, TX",5,0,0,0,0,5,0,47
42,"Brunswick, GA",4,1,1,0,0,5,0,21
42,"Buffalo, NY",67,0,44,0,54,91,1,465
42,"Burbank, CA",62,1,58,0,57,112,1,660
42,"Burlington, VT",18,3,25,0,11,33,0,208
42,"Butte, MT",0,0,0,0,0,0,0,13
42,"Casper, WY",1,0,0,0,2,3,0,49
42,"Cedar City, UT",1,0,0,0,0,1,0,12
42,"Cedar Rapids/Iowa City, IA",18,0,4,0,14,26,0,177
42,"Champaign/Urbana, IL",0,0,1,0,1,0,0,27
42,"Charleston, SC",53,0,52,0,32,79,0,518
42,"Charleston/Dunbar, WV",12,0,1,0,5,13,0,76
42,"Charlotte Amalie, VI",3,0,3,0,4,8,0,63
42,"Charlotte, NC",403,5,611,8,448,861,13,4598
42,"Charlottesville, VA",5,1,4,0,14,17,0,86
42,"Chattanooga, TN",9,0,5,0,1,11,0,145
42,"Cheyenne, WY",1,1,0,0,1,3,0,13
42,"Chicago, IL",615,6,592,7,454,1070,10,7315
42,"Christiansted, VI",4,0,2,1,4,5,1,11
42,"Cincinnati, OH",65,1,48,0,72,119,1,830
42,"Clarksburg/Fairmont, WV",0,0,0,0,0,0,0,2
42,"Cleveland, OH",78,4,65,1,73,119,1,823
42,"Cody, WY",2,1,1,0,2,5,0,14
42,"College Station/Bryan, TX",1,1,0,0,0,2,0,28
42,"Colorado Springs, CO",26,4,14,0,19,41,0,262
42,"Columbia, MO",5,0,3,0,1,7,0,41
42,"Columbia, SC",14,0,8,0,9,21,0,155
42,"Columbus, GA",0,0,0,0,1,1,0,20
42,"Columbus, MS",0,0,0,0,0,0,0,14
42,"Columbus, OH",72,1,83,1,55,124,4,904
42,"Concord, NC",1,0,0,0,1,2,0,11
42,"Cordova, AK",2,0,1,0,2,3,0,14
42,"Corpus Christi, TX",6,0,2,0,3,7,0,74
42,"Dallas, TX",99,1,121,0,130,204,1,1403
42,"Dallas/Fort Worth, TX",530,17,324,5,396,809,11,6457
42,"Dayton, OH",17,0,13,0,10,25,0,155
42,"Daytona Beach, FL",2,0,1,0,3,4,0,56
42,"Deadhorse, AK",0,0,0,0,0,0,0,11
42,"Decatur, IL",1,0,1,0,0,1,0,12
42,"Denver, CO",443,37,307,3,388,760,14,6137
42,"Des Moines, IA",33,0,15,0,38,53,0,310
42,"Detroit, MI",259,27,169,2,128,387,1,2741
42,"Devils Lake, ND",2,0,0,0,0,2,0,13
42,"Dickinson, ND",1,0,0,0,4,5,0,13
42,"Dodge City, KS",2,0,1,0,2,4,0,12
42,"Dothan, AL",2,0,1,0,0,2,0,14
42,"Duluth, MN",3,0,1,0,2,5,0,54
42,"Durango, CO",10,1,6,0,5,16,0,80
42,"Eagle, CO",1,0,0,0,2,2,0,27
42,"El Paso, TX",36,0,15,0,35,54,0,373
42,"Elko, NV",0,0,0,0,0,0,0,7
42,"Elmira/Corning, NY",3,1,2,0,0,3,0,20
42,"Escanaba, MI",1,0,0,0,0,1,0,14
42,"Eugene, OR",12,2,8,0,8,16,0,149
42,"Evansville, IN",6,0,1,0,2,7,0,54
42,"Everett, WA",0,0,2,0,3,3,0,14
42,"Fairbanks, AK",4,0,7,0,2,8,1,63
42,"Fargo, ND",11,1,1,0,6,14,0,134
42,"Fayetteville, AR",22,0,13,0,8,29,0,302
42,"Fayetteville, NC",9,0,5,0,2,11,0,48
42,"Flagstaff, AZ",7,0,1,0,2,8,0,51
42,"Flint, MI",6,0,3,0,2,7,0,40
42,"Fort Dodge, IA",4,0,0,0,1,5,0,12
42,"Fort Lauderdale, FL",179,2,137,2,111,229,1,1579
42,"Fort Myers, FL",64,0,33,3,52,91,1,553
42,"Fort Smith, AR",1,1,1,0,0,2,0,27
42,"Fort Wayne, IN",22,4,9,0,6,28,1,125
42,"Fresno, CA",23,2,12,0,13,34,0,252
42,"Gainesville, FL",5,0,2,0,3,6,0,68
42,"Garden City, KS",1,0,1,0,0,1,0,14
42,"Gillette, WY",3,1,1,0,0,4,0,14
42,"Grand Forks, ND",1,0,0,0,0,1,0,25
42,"Grand Island, NE",1,0,1,0,3,4,0,18
42,"Grand Junction, CO",8,1,1,0,5,11,0,93
42,"Grand Rapids, MI",36,1,22,1,28,49,0,343
42,"Great Falls, MT",2,0,0,0,2,4,0,45
42,"Green Bay, WI",12,0,2,0,1,13,0,85
42,"Greensboro/High Point, NC",22,1,23,1,14,33,0,251
42,"Greer, SC",37,0,33,0,31,61,0,347
42,"Guam, TT",1,0,3,0,1,3,0,14
42,"Gulfport/Biloxi, MS",2,1,1,0,3,6,0,69
42,"Gunnison, CO",1,1,0,0,0,2,0,14
42,"Hagerstown, MD",0,1,1,0,0,1,0,7
42,"Hancock/Houghton, MI",2,0,1,0,1,3,0,14
42,"Harlingen/San Benito, TX",7,0,2,0,4,12,0,94
42,"Harrisburg, PA",11,0,10,0,10,16,0,114
42,"Hartford, CT",60,1,63,1,41,87,0,474
42,"Hattiesburg/Laurel, MS",2,0,0,0,1,3,0,12
42,"Hayden, CO",1,0,0,0,0,1,0,26
42,"Hays, KS",0,2,1,0,0,2,0,12
42,"Helena, MT",2,1,0,0,0,2,0,33
42,"Hibbing, MN",2,1,0,0,0,3,0,12
42,"Hilo, HI",15,0,2,0,11,14,0,124
42,"Hilton Head, SC",4,0,3,0,2,5,0,42
42,"Hobbs, NM",2,0,3,0,1,3,0,14
42,"Honolulu, HI",78,0,21,0,71,109,6,1122
42,"Houston, TX",294,0,235,1,219,433,5,3448
42,"Huntsville, AL",9,0,4,0,7,17,0,179
42,"Idaho Falls, ID",5,0,0,0,5,10,0,70
42,"Indianapolis, IN",108,1,83,0,63,154,3,1051
42,"International Falls, MN",4,0,0,0,0,4,0,12
42,"Iron Mountain/Kingsfd, MI",1,0,0,0,0,1,0,14
42,"Islip, NY",6,0,2,0,7,10,0,58
42,"Ithaca/Cortland, NY",0,0,2,0,1,2,0,14
42,"Jackson, WY",6,0,1,0,2,6,0,84
42,"Jackson/Vicksburg, MS",7,0,4,0,4,11,0,146
42,"Jacksonville, FL",68,0,41,0,46,95,0,600
42,"Jacksonville/Camp Lejeune, NC",3,0,3,0,2,4,0,48
42,"Jamestown, ND",0,1,1,0,1,1,0,13
42,"Johnstown, PA",3,0,2,0,1,4,0,14
42,"Joplin, MO",1,0,0,0,1,2,0,12
42,"Juneau, AK",2,0,3,0,2,5,1,84
42,"Kahului, HI",24,0,8,0,15,33,2,482
42,"Kalamazoo, MI",5,1,2,0,0,6,0,20
42,"Kalispell, MT",1,0,0,0,1,1,0,60
42,"Kansas City, MO",74,0,43,1,76,111,1,1020
42,"Ketchikan, AK",1,0,3,0,2,4,0,42
42,"Key West, FL",7,0,4,0,10,11,0,130
42,"Killeen, TX",3,0,3,0,1,3,0,41
42,"Knoxville, TN",45,1,49,0,26,74,0,403
42,"Kodiak, AK",2,0,0,0,0,2,1,14
42,"Kona, HI",22,0,9,0,18,29,1,307
42,"Kotzebue, AK",0,0,0,0,0,0,1,9
42,"La Crosse, WI",0,0,0,0,0,0,0,7
42,"Lafayette, LA",7,0,2,0,5,10,0,68
42,"Lake Charles, LA",6,0,1,0,0,6,0,21
42,"Lansing, MI",6,1,1,0,0,7,0,26
42,"Laramie, WY",3,0,1,0,1,4,0,12
42,"Laredo, TX",6,0,1,0,1,6,0,36
42,"Las Vegas, NV",281,16,442,4,314,689,7,3980
42,"Latrobe, PA",1,0,0,0,0,1,1,18
42,"Lawton/Fort Sill, OK",1,0,0,0,3,4,0,21
42,"Lewiston, ID",2,0,0,0,0,2,0,21
42,"Lexington, KY",16,0,5,1,10,22,0,189
42,"Liberal, KS",3,1,4,0,2,6,0,12
42,"Lihue, HI",17,0,2,0,12,19,2,297
42,"Lincoln, NE",6,4,2,0,1,11,1,55
42,"Little Rock, AR",13,0,10,0,14,20,0,273
42,"Long Beach, CA",31,0,9,0,32,41,0,337
42,"Longview, TX",1,0,0,0,1,2,0,14
42,"Los Angeles, CA",286,7,150,2,218,413,0,3866
42,"Louisville, KY",36,0,30,0,29,57,0,504
42,"Lubbock, TX",17,1,9,0,14,25,0,118
42,"Madison, WI",27,1,9,0,18,39,1,239
42,"Manchester, NH",16,0,18,0,18,27,0,135
42,"Manhattan/Ft. Riley, KS",3,0,1,0,1,3,0,21
42,"Marquette, MI",1,0,0,0,0,1,0,14
42,"Martha's Vineyard, MA",3,0,0,0,2,3,0,8
42,"Mason City, IA",0,0,0,0,0,0,0,12
42,"Medford, OR",7,0,5,0,3,10,0,88
42,"Melbourne, FL",5,0,1,0,2,6,0,53
42,"Memphis, TN",36,0,24,3,34,62,0,461
42,"Meridian, MS",0,0,0,0,0,0,0,12
42,"Miami, FL",177,1,98,1,120,220,0,1898
42,"Midland/Odessa, TX",16,3,10,0,18,35,0,187
42,"Milwaukee, WI",56,2,36,1,39,83,0,597
42,"Minneapolis, MN",170,3,65,0,105,243,3,2572
42,"Minot, ND",1,1,0,0,1,2,0,48
42,"Mission/McAllen/Edinburg, TX",12,0,3,0,5,15,0,112
42,"Missoula, MT",6,2,6,0,4,11,0,72
42,"Mobile, AL",1,0,0,0,1,1,0,53
42,"Moline, IL",5,0,0,0,6,11,0,94
42,"Monroe, LA",1,0,0,0,0,1,0,41
42,"Monterey, CA",9,0,5,0,13,18,0,107
42,"Montgomery, AL",1,0,0,0,1,2,0,54
42,"Montrose/Delta, CO",1,0,0,0,0,1,0,28
42,"Mosinee, WI",0,0,0,0,0,0,0,14
42,"Myrtle Beach, SC",22,0,22,0,22,40,0,322
42,"Nantucket, MA",1,0,0,0,1,1,0,15
42,"Nashville, TN",206,0,144,1,178,295,4,2074
42,"New Orleans, LA",82,0,59,0,69,128,1,1042
42,"New York, NY",487,22,677,3,372,970,9,5627
42,"Newark, NJ",192,7,481,1,191,598,11,2551
42,"Newburgh/Poughkeepsie, NY",1,0,0,0,1,0,0,8
42,"Niagara Falls, NY",0,0,0,0,0,0,0,5
42,"Nome, AK",1,0,1,0,0,1,1,8
42,"Norfolk, VA",43,1,52,1,37,78,1,443
42,"North Bend/Coos Bay, OR",4,0,2,0,1,5,0,9
42,"North Platte, NE",2,0,0,0,1,3,0,12
42,"Oakland, CA",78,0,45,0,78,113,0,772
42,"Oklahoma City, OK",50,1,33,1,36,68,1,476
42,"Omaha, NE",49,1,18,0,29,63,0,474
42,"Ontario, CA",44,1,12,0,46,70,1,549
42,"Orlando, FL",263,1,206,2,214,394,8,2868
42,"Pago Pago, TT",0,0,0,0,0,0,0,2
42,"Palm Springs, CA",23,1,10,0,18,35,0,261
42,"Panama City, FL",8,0,6,0,7,11,0,154
42,"Pasco/Kennewick/Richland, WA",14,0,7,0,4,19,0,114
42,"Pellston, MI",4,0,0,0,0,4,0,12
42,"Pensacola, FL",28,0,18,0,20,40,0,248
42,"Peoria, IL",7,0,6,0,4,11,0,76
42,"Petersburg, AK",1,0,0,0,1,2,0,14
42,"Philadelphia, PA",215,2,268,1,191,387,4,2180
42,"Phoenix, AZ",336,9,251,1,304,544,4,4062
42,"Pittsburgh, PA",88,0,70,2,72,135,2,908
42,"Plattsburgh, NY",0,0,0,0,0,0,1,10
42,"Pocatello, ID",0,1,1,0,0,1,0,13
42,"Ponce, PR",1,0,0,0,1,1,0,9
42,"Portland, ME",45,0,47,0,28,71,0,302
42,"Portland, OR",80,6,61,3,74,136,4,1203
42,"Portsmouth, NH",1,0,0,0,0,1,0,6
42,"Prescott, AZ",2,0,2,0,2,4,0,14
42,"Presque Isle/Houlton, ME",3,0,1,0,1,3,0,7
42,"Providence, RI",39,1,26,0,25,55,0,329
42,"Provo, UT",9,1,7,0,6,12,0,53
42,"Punta Gorda, FL",14,2,11,0,14,21,1,126
42,"Raleigh/Durham, NC",136,2,126,1,121,224,0,1233
42,"Rapid City, SD",12,1,3,0,5,17,0,109
42,"Redding, CA",4,0,1,0,0,4,0,34
42,"Reno, NV",38,3,24,0,28,60,2,431
42,"Rhinelander, WI",2,0,0,0,0,2,0,14
42,"Richmond, VA",46,0,34,1,32,64,0,376
42,"Riverton/Lander, WY",0,0,1,0,1,2,0,14
42,"Roanoke, VA",6,0,6,0,4,12,0,69
42,"Rochester, MN",2,0,1,0,0,2,0,31
42,"Rochester, NY",29,2,24,0,24,47,0,244
42,"Rock Springs, WY",0,0,1,0,1,1,0,14
42,"Rockford, IL",2,1,2,0,0,3,0,16
42,"Roswell, NM",1,1,2,0,1,3,3,21
42,"Sacramento, CA",103,1,58,1,119,178,0,1155
42,"Saginaw/Bay City/Midland, MI",8,0,2,0,0,8,0,48
42,"Saipan, TT",0,0,0,0,0,0,0,7
42,"Salina, KS",1,1,0,0,0,2,0,14
42,"Salt Lake City, UT",118,10,72,0,104,209,2,2179
42,"San Angelo, TX",0,0,0,0,0,0,0,21
42,"San Antonio, TX",80,2,43,1,70,124,0,866
42,"San Diego, CA",169,1,157,1,160,288,2,1924
42,"San Francisco, CA",254,7,228,0,186,438,4,2864
42,"San Jose, CA",66,1,62,0,80,124,1,1064
42,"San Juan, PR",85,1,67,0,46,112,2,528
42,"San Luis Obispo, CA",3,0,5,0,6,8,0,118
42,"Sanford, FL",18,2,13,0,26,32,0,192
42,"Santa Ana, CA",64,0,21,0,57,93,1,847
42,"Santa Barbara, CA",13,0,6,0,7,18,0,148
42,"Santa Fe, NM",14,2,5,0,7,23,0,77
42,"Santa Maria, CA",1,0,1,0,0,1,0,2
42,"Santa Rosa, CA",10,0,7,0,7,14,0,78
42,"Sarasota/Bradenton, FL",18,0,8,0,24,28,69,278
42,"Sault Ste. Marie, MI",1,0,0,0,0,1,0,14
42,"Savannah, GA",35,0,32,1,28,59,0,399
42,"Scottsbluff, NE",2,0,0,0,1,3,0,12
42,"Scranton/Wilkes-Barre, PA",3,0,4,0,3,6,0,32
42,"Seattle, WA",169,11,224,5,158,370,11,3171
42,"Sheridan, WY",2,0,0,0,1,3,0,14
42,"Shreveport, LA",6,0,3,0,4,7,0,99
42,"Sioux City, IA",4,0,2,0,2,6,0,14
42,"Sioux Falls, SD",9,1,6,0,12,18,0,145
42,"Sitka, AK",0,1,1,0,1,2,0,21
42,"South Bend, IN",16,0,8,0,7,20,2,143
42,"Spokane, WA",26,2,17,0,21,42,0,335
42,"Springfield, IL",0,0,0,0,0,0,0,2
42,"Springfield, MO",18,0,10,0,9,21,0,208
42,"St. Cloud, MN",0,0,0,0,0,0,0,2
42,"St. George, UT",11,1,4,0,2,14,0,79
42,"St. Louis, MO",120,1,63,0,107,168,1,1324
42,"St. Petersburg, FL",10,0,7,0,11,19,1,151
42,"State College, PA",1,0,0,0,1,2,0,14
42,"Stillwater, OK",0,1,0,0,2,3,0,14
42,"Stockton, CA",1,0,0,0,1,1,0,11
42,"Sun Valley/Hailey/Ketchum, ID",3,0,0,0,1,4,0,25
42,"Syracuse, NY",31,2,30,0,25,50,0,246
42,"Tallahassee, FL",7,0,4,0,3,10,0,131
42,"Tampa, FL",152,1,87,0,134,224,0,1397
42,"Texarkana, AR",0,1,0,0,0,1,0,14
42,"Toledo, OH",1,0,1,0,0,1,0,6
42,"Traverse City, MI",6,1,3,0,4,10,0,64
42,"Trenton, NJ",0,0,0,0,1,1,0,14
42,"Tucson, AZ",43,2,25,0,29,65,0,393
42,"Tulsa, OK",36,0,11,0,31,51,0,374
42,"Twin Falls, ID",1,1,1,0,0,2,0,13
42,"Tyler, TX",3,0,1,0,2,5,0,21
42,"Valdosta, GA",2,0,2,0,0,3,0,19
42,"Valparaiso, FL",10,0,6,0,18,26,0,201
42,"Victoria, TX",1,0,0,0,0,1,0,12
42,"Waco, TX",2,0,1,0,5,7,0,21
42,"Washington, DC",296,2,305,1,242,508,6,3780
42,"West Palm Beach/Palm Beach, FL",82,1,72,0,44,104,0,482
42,"West Yellowstone, MT",0,0,0,0,0,0,0,2
42,"White Plains, NY",27,0,19,0,16,38,0,237
42,"Wichita Falls, TX",6,0,3,0,1,7,0,14
42,"Wichita, KS",13,0,11,0,9,22,0,201
42,"Williston, ND",5,1,0,0,0,6,0,42
42,"Wilmington, NC",10,0,17,0,12,22,0,180
42,"Worcester, MA",3,0,3,0,3,4,0,22
42,"Wrangell, AK",0,0,0,0,2,2,0,14
42,"Yakutat, AK",0,1,1,0,0,1,0,14
42,"Yuma, AZ",1,0,2,0,1,1,0,42
43,"Aberdeen, SD",1,0,0,0,0,1,0,14
43,"Abilene, TX",2,0,0,0,1,2,0,34
43,"Adak Island, AK",0,0,0,0,0,0,0,2
43,"Aguadilla, PR",3,0,1,0,1,4,0,34
43,"Akron, OH",5,0,7,0,7,12,0,64
43,"Albany, GA",1,0,0,0,0,1,0,14
43,"Albany, NY",17,1,7,1,18,28,0,248
43,"Albuquerque, NM",38,0,15,0,32,60,1,539
43,"Alexandria, LA",3,0,3,0,1,6,0,40
43,"Allentown/Bethlehem/Easton, PA",5,1,8,0,6,11,0,83
43,"Alpena, MI",1,0,1,0,0,1,0,12
43,"Amarillo, TX",13,0,3,1,12,16,0,105
43,"Anchorage, AK",25,1,46,4,27,59,9,296
43,"Appleton, WI",10,1,8,0,7,18,0,129
43,"Arcata/Eureka, CA",5,0,2,0,3,9,0,41
43,"Asheville, NC",8,2,3,0,9,13,0,232
43,"Ashland, WV",0,0,0,0,0,0,0,4
43,"Aspen, CO",7,1,2,0,5,12,0,109
43,"Atlanta, GA",352,10,225,1,287,567,3,6800
43,"Atlantic City, NJ",4,0,5,0,3,6,0,51
43,"Augusta, GA",7,0,5,0,2,10,0,73
43,"Austin, TX",133,5,75,1,109,193,3,1697
43,"Bakersfield, CA",5,0,2,0,6,10,0,61
43,"Baltimore, MD",140,2,84,2,131,201,1,1922
43,"Bangor, ME",5,0,3,0,2,6,0,118
43,"Barrow, AK",2,0,2,0,0,2,1,7
43,"Baton Rouge, LA",8,0,4,0,5,12,0,99
43,"Beaumont/Port Arthur, TX",3,0,1,0,0,3,0,14
43,"Belleville, IL",0,0,0,0,0,0,0,18
43,"Bellingham, WA",4,0,2,0,7,9,0,39
43,"Bemidji, MN",1,0,0,0,0,1,0,14
43,"Bend/Redmond, OR",9,2,9,1,5,17,0,114
43,"Bethel, AK",0,0,0,0,0,0,0,14
43,"Billings, MT",4,0,4,0,3,7,0,82
43,"Binghamton, NY",0,0,0,0,0,0,0,7
43,"Birmingham, AL",35,0,24,0,24,49,0,380
43,"Bismarck/Mandan, ND",3,0,1,0,1,3,0,85
43,"Bloomington/Normal, IL",0,0,0,0,0,0,0,32
43,"Boise, ID",30,4,21,0,25,54,1,455
43,"Boston, MA",207,4,158,1,153,328,2,2977
43,"Bozeman, MT",14,1,7,0,6,18,0,161
43,"Brainerd, MN",1,1,1,0,0,2,0,12
43,"Bristol/Johnson City/Kingsport, TN",4,0,2,0,3,6,0,61
43,"Brownsville, TX",2,0,0,0,1,2,0,47
43,"Brunswick, GA",2,0,0,0,0,1,0,19
43,"Buffalo, NY",31,0,22,0,26,47,0,465
43,"Burbank, CA",50,0,28,0,64,83,3,662
43,"Burlington, VT",9,0,13,0,8,19,0,201
43,"Butte, MT",1,0,0,0,0,1,0,13
43,"Casper, WY",4,0,0,0,0,4,0,49
43,"Cedar City, UT",0,0,0,0,0,0,0,12
43,"Cedar Rapids/Iowa City, IA",24,1,14,0,15,35,0,172
43,"Champaign/Urbana, IL",1,0,1,0,0,2,0,27
43,"Charleston, SC",30,0,29,0,20,51,0,513
43,"Charleston/Dunbar, WV",12,0,1,0,4,14,0,75
43,"Charlotte Amalie, VI",6,0,3,0,1,8,0,65
43,"Charlotte, NC",333,10,443,2,351,710,1,4592
43,"Charlottesville, VA",4,0,4,0,2,5,0,87
43,"Chattanooga, TN",8,0,1,0,7,12,0,143
43,"Cheyenne, WY",0,0,0,0,0,0,0,13
43,"Chicago, IL",502,13,416,4,364,822,8,7267
43,"Christiansted, VI",0,0,1,0,0,1,0,11
43,"Cincinnati, OH",57,1,26,0,57,89,2,815
43,"Clarksburg/Fairmont, WV",1,0,1,0,2,2,0,2
43,"Cleveland, OH",67,1,46,0,55,102,1,816
43,"Cody, WY",0,0,0,0,0,0,0,14
43,"College Station/Bryan, TX",3,1,0,0,0,4,0,28
43,"Colorado Springs, CO",24,2,12,0,10,31,0,261
43,"Columbia, MO",2,0,3,0,4,6,0,42
43,"Columbia, SC",15,1,6,0,15,23,0,151
43,"Columbus, GA",0,0,1,0,0,0,0,19
43,"Columbus, MS",0,0,0,0,0,0,0,14
43,"Columbus, OH",68,2,44,2,52,96,8,900
43,"Concord, NC",0,1,2,0,2,3,0,11
43,"Cordova, AK",0,0,1,0,0,1,0,14
43,"Corpus Christi, TX",1,0,1,0,4,5,0,73
43,"Dallas, TX",90,3,68,0,108,156,2,1403
43,"Dallas/Fort Worth, TX",459,20,242,8,386,754,4,6445
43,"Dayton, OH",9,1,4,0,6,12,0,153
43,"Daytona Beach, FL",1,0,2,0,1,2,0,54
43,"Deadhorse, AK",2,0,1,0,1,3,1,11
43,"Decatur, IL",0,0,0,0,0,0,0,12
43,"Denver, CO",357,13,187,2,303,573,11,6126
43,"Des Moines, IA",22,0,12,0,23,35,0,304
43,"Detroit, MI",181,16,78,2,107,259,0,2683
43,"Devils Lake, ND",3,0,1,0,0,3,0,13
43,"Dickinson, ND",0,0,0,0,0,0,0,13
43,"Dodge City, KS",1,0,0,0,2,3,0,12
43,"Dothan, AL",2,0,2,0,1,2,0,14
43,"Duluth, MN",3,0,3,0,0,3,0,52
43,"Durango, CO",5,1,0,0,4,10,0,80
43,"Eagle, CO",3,0,1,0,0,3,0,27
43,"El Paso, TX",28,0,10,0,24,42,2,372
43,"Elko, NV",0,0,0,0,0,0,0,7
43,"Elmira/Corning, NY",1,0,0,0,0,1,0,20
43,"Escanaba, MI",2,0,0,0,0,2,0,14
43,"Eugene, OR",10,1,5,0,15,22,0,148
43,"Evansville, IN",2,0,1,0,2,4,0,51
43,"Everett, WA",0,0,0,0,1,1,0,14
43,"Fairbanks, AK",4,1,8,0,6,12,1,60
43,"Fargo, ND",12,0,6,0,3,17,0,130
43,"Fayetteville, AR",12,1,4,0,12,24,0,295
43,"Fayetteville, NC",7,0,3,0,4,8,0,45
43,"Flagstaff, AZ",9,0,2,0,5,13,0,51
43,"Flint, MI",6,0,5,0,4,8,0,40
43,"Fort Dodge, IA",1,0,0,0,1,2,0,12
43,"Fort Lauderdale, FL",131,1,79,0,97,176,0,1585
43,"Fort Myers, FL",36,0,7,0,24,43,0,556
43,"Fort Smith, AR",1,0,0,0,0,1,0,27
43,"Fort Wayne, IN",12,1,5,0,6,17,0,117
43,"Fresno, CA",26,2,20,0,23,47,1,252
43,"Gainesville, FL",2,0,1,0,1,3,0,65
43,"Garden City, KS",2,0,0,0,2,4,0,14
43,"Gillette, WY",0,0,0,0,0,0,0,14
43,"Grand Forks, ND",1,0,0,0,0,1,0,25
43,"Grand Island, NE",3,0,3,0,3,6,0,18
43,"Grand Junction, CO",8,0,1,0,5,13,0,93
43,"Grand Rapids, MI",26,3,13,0,17,38,1,337
43,"Great Falls, MT",1,0,0,0,0,1,0,44
43,"Green Bay, WI",7,0,3,0,2,9,0,81
43,"Greensboro/High Point, NC",19,1,9,0,17,28,0,251
43,"Greer, SC",24,1,16,0,22,39,0,337
43,"Guam, TT",3,0,1,0,1,3,0,14
43,"Gulfport/Biloxi, MS",3,0,3,0,2,5,0,68
43,"Gunnison, CO",0,0,0,0,0,0,0,14
43,"Hagerstown, MD",0,0,0,0,0,0,0,7
43,"Hancock/Houghton, MI",0,0,0,0,2,2,0,14
43,"Harlingen/San Benito, TX",6,0,0,0,5,7,0,94
43,"Harrisburg, PA",12,2,11,1,7,18,0,111
43,"Hartford, CT",32,1,24,1,21,47,0,469
43,"Hattiesburg/Laurel, MS",1,0,1,0,0,2,0,12
43,"Hayden, CO",0,0,0,0,1,1,0,26
43,"Hays, KS",2,0,1,0,0,2,0,12
43,"Helena, MT",2,0,0,0,1,2,0,33
43,"Hibbing, MN",1,0,0,0,0,1,0,12
43,"Hilo, HI",9,0,1,0,13,17,3,123
43,"Hilton Head, SC",2,0,4,0,3,4,0,41
43,"Hobbs, NM",1,0,0,0,0,1,0,14
43,"Honolulu, HI",127,4,62,0,82,174,17,1124
43,"Houston, TX",223,4,177,3,165,374,8,3436
43,"Huntsville, AL",12,0,3,0,7,14,0,179
43,"Idaho Falls, ID",7,0,3,0,2,10,0,70
43,"Indianapolis, IN",62,1,31,1,49,93,9,1019
43,"International Falls, MN",0,0,0,0,0,0,0,12
43,"Iron Mountain/Kingsfd, MI",0,0,0,0,0,0,0,14
43,"Islip, NY",7,0,0,0,5,9,0,66
43,"Ithaca/Cortland, NY",0,0,0,0,0,0,0,14
43,"Jackson, WY",2,0,0,0,1,2,0,80
43,"Jackson/Vicksburg, MS",15,0,5,0,13,22,0,144
43,"Jacksonville, FL",50,1,21,0,41,67,0,599
43,"Jacksonville/Camp Lejeune, NC",2,1,2,0,2,4,0,47
43,"Jamestown, ND",1,0,0,0,0,1,0,13
43,"Johnstown, PA",1,1,0,0,3,5,0,14
43,"Joplin, MO",3,0,1,0,0,3,0,12
43,"Juneau, AK",6,1,5,0,5,10,0,84
43,"Kahului, HI",48,3,20,0,26,62,5,480
43,"Kalamazoo, MI",2,0,0,0,0,2,0,20
43,"Kalispell, MT",2,0,1,0,0,3,0,59
43,"Kansas City, MO",80,4,59,0,63,123,3,1018
43,"Ketchikan, AK",3,0,3,0,1,5,0,42
43,"Key West, FL",11,0,1,0,4,11,1,134
43,"Killeen, TX",0,0,1,0,1,1,0,41
43,"Knoxville, TN",27,1,30,0,18,49,0,385
43,"Kodiak, AK",1,0,0,0,1,1,0,14
43,"Kona, HI",35,0,17,0,19,45,4,308
43,"Kotzebue, AK",0,1,0,0,0,1,3,8
43,"La Crosse, WI",0,0,0,0,0,0,0,7
43,"Lafayette, LA",8,1,3,0,3,11,0,67
43,"Lake Charles, LA",7,0,3,0,2,9,0,21
43,"Lansing, MI",5,1,2,0,3,7,0,26
43,"Laramie, WY",0,0,0,0,2,2,0,12
43,"Laredo, TX",3,0,1,0,0,3,0,36
43,"Las Vegas, NV",248,9,178,2,242,424,7,3967
43,"Latrobe, PA",0,0,0,0,0,0,0,18
43,"Lawton/Fort Sill, OK",2,0,0,0,0,2,0,21
43,"Lewiston, ID",1,0,1,0,0,1,0,21
43,"Lexington, KY",14,2,7,0,9,21,0,182
43,"Liberal, KS",1,0,0,0,0,1,0,12
43,"Lihue, HI",27,1,11,0,18,37,5,297
43,"Lincoln, NE",3,1,3,0,4,8,0,54
43,"Little Rock, AR",16,0,8,0,14,24,0,273
43,"Long Beach, CA",27,6,22,0,24,56,5,337
43,"Longview, TX",1,0,0,0,0,1,0,14
43,"Los Angeles, CA",326,12,236,2,211,499,3,3832
43,"Louisville, KY",34,0,21,0,16,48,0,496
43,"Lubbock, TX",12,0,7,0,13,22,0,119
43,"Madison, WI",17,1,10,0,12,26,0,235
43,"Manchester, NH",8,0,12,0,11,20,0,135
43,"Manhattan/Ft. Riley, KS",2,0,0,0,2,3,0,21
43,"Marquette, MI",0,1,2,0,0,2,0,14
43,"Martha's Vineyard, MA",0,0,0,0,0,0,0,6
43,"Mason City, IA",1,0,0,0,0,1,0,12
43,"Medford, OR",5,1,6,0,4,9,0,87
43,"Melbourne, FL",4,0,1,0,3,5,0,51
43,"Memphis, TN",39,2,17,0,31,49,0,460
43,"Meridian, MS",1,0,0,0,0,1,0,12
43,"Miami, FL",126,2,49,0,91,166,0,1924
43,"Midland/Odessa, TX",11,1,4,0,6,15,1,189
43,"Milwaukee, WI",43,1,23,0,28,62,0,587
43,"Minneapolis, MN",145,6,64,2,86,217,0,2518
43,"Minot, ND",4,0,0,0,0,4,0,47
43,"Mission/McAllen/Edinburg, TX",9,1,8,0,1,16,0,110
43,"Missoula, MT",4,0,5,0,3,5,0,70
43,"Mobile, AL",2,0,0,0,2,2,0,50
43,"Moline, IL",9,0,5,1,3,14,0,93
43,"Monroe, LA",2,0,1,0,0,3,0,40
43,"Monterey, CA",8,0,8,0,6,14,0,106
43,"Montgomery, AL",1,0,1,0,1,2,0,53
43,"Montrose/Delta, CO",0,0,0,0,0,0,0,28
43,"Mosinee, WI",3,0,2,0,1,4,0,14
43,"Myrtle Beach, SC",24,1,16,0,17,36,0,314
43,"Nantucket, MA",0,1,0,0,0,1,0,10
43,"Nashville, TN",142,4,71,0,123,202,1,2056
43,"New Orleans, LA",94,0,67,4,66,138,0,1070
43,"New York, NY",364,12,296,2,218,544,0,5618
43,"Newark, NJ",132,0,110,2,87,216,7,2541
43,"Newburgh/Poughkeepsie, NY",2,0,2,0,1,1,0,8
43,"Niagara Falls, NY",0,0,0,0,0,0,0,5
43,"Nome, AK",2,0,1,0,1,3,1,7
43,"Norfolk, VA",36,1,26,1,27,58,0,439
43,"North Bend/Coos Bay, OR",0,0,0,0,0,0,0,8
43,"North Platte, NE",3,0,0,0,1,4,0,12
43,"Oakland, CA",52,0,36,0,57,85,2,773
43,"Oklahoma City, OK",35,2,12,0,30,56,0,475
43,"Omaha, NE",36,0,14,1,21,46,0,472
43,"Ontario, CA",33,2,16,0,38,62,0,548
43,"Orlando, FL",211,3,101,4,166,314,5,2873
43,"Pago Pago, TT",0,0,0,0,0,0,0,2
43,"Palm Springs, CA",19,0,26,1,24,45,0,266
43,"Panama City, FL",13,1,9,0,15,25,0,149
43,"Pasco/Kennewick/Richland, WA",5,1,4,0,3,8,0,114
43,"Pellston, MI",2,0,1,0,0,2,0,12
43,"Pensacola, FL",19,1,10,0,11,27,0,246
43,"Peoria, IL",5,0,3,0,6,7,0,72
43,"Petersburg, AK",0,0,1,0,2,2,0,14
43,"Philadelphia, PA",166,4,200,2,143,328,2,2164
43,"Phoenix, AZ",265,11,167,4,251,459,6,4059
43,"Pittsburgh, PA",61,4,37,0,43,88,3,892
43,"Plattsburgh, NY",1,0,1,0,0,1,0,10
43,"Pocatello, ID",0,0,0,0,0,0,0,12
43,"Ponce, PR",2,0,0,0,1,1,0,9
43,"Portland, ME",15,1,12,0,15,28,0,291
43,"Portland, OR",95,8,69,0,78,170,3,1191
43,"Portsmouth, NH",0,0,0,0,0,0,0,6
43,"Prescott, AZ",0,0,0,0,0,0,0,14
43,"Presque Isle/Houlton, ME",0,0,0,0,0,0,0,7
43,"Providence, RI",35,0,24,0,23,43,0,337
43,"Provo, UT",9,0,4,0,6,13,0,53
43,"Punta Gorda, FL",6,1,8,0,11,13,0,116
43,"Raleigh/Durham, NC",106,1,49,3,79,151,1,1232
43,"Rapid City, SD",4,0,1,0,1,5,0,109
43,"Redding, CA",2,0,2,0,3,5,0,34
43,"Reno, NV",32,1,22,0,26,53,1,424
43,"Rhinelander, WI",2,0,0,0,0,2,0,14
43,"Richmond, VA",35,2,24,0,22,52,0,369
43,"Riverton/Lander, WY",1,0,1,0,1,2,0,14
43,"Roanoke, VA",4,1,2,0,2,6,0,66
43,"Rochester, MN",2,1,3,0,3,7,0,30
43,"Rochester, NY",19,0,11,0,16,25,0,240
43,"Rock Springs, WY",2,0,2,0,2,4,0,14
43,"Rockford, IL",2,0,1,0,0,2,0,16
43,"Roswell, NM",6,1,1,0,1,8,0,21
43,"Sacramento, CA",88,6,73,2,91,156,7,1145
43,"Saginaw/Bay City/Midland, MI",6,0,1,0,1,7,0,47
43,"Saipan, TT",0,0,0,0,0,0,0,7
43,"Salina, KS",0,1,1,0,0,1,0,14
43,"Salt Lake City, UT",108,2,48,2,84,172,1,2146
43,"San Angelo, TX",1,0,0,0,2,3,0,21
43,"San Antonio, TX",53,2,36,0,54,88,0,856
43,"San Diego, CA",164,9,302,2,146,411,9,1919
43,"San Francisco, CA",257,12,343,1,184,500,7,2859
43,"San Jose, CA",86,3,79,1,102,160,2,1052
43,"San Juan, PR",51,2,29,0,31,69,0,541
43,"San Luis Obispo, CA",13,1,9,0,8,23,0,119
43,"Sanford, FL",14,4,9,0,22,26,0,163
43,"Santa Ana, CA",58,4,62,1,55,117,0,845
43,"Santa Barbara, CA",12,3,9,0,8,24,3,147
43,"Santa Fe, NM",15,0,6,0,6,22,0,77
43,"Santa Maria, CA",1,0,0,0,0,1,0,2
43,"Santa Rosa, CA",8,0,11,0,8,15,2,79
43,"Sarasota/Bradenton, FL",18,0,4,0,13,23,16,274
43,"Sault Ste. Marie, MI",4,0,1,0,0,3,0,14
43,"Savannah, GA",33,4,24,0,23,46,0,396
43,"Scottsbluff, NE",1,0,1,0,1,2,1,12
43,"Scranton/Wilkes-Barre, PA",3,0,3,0,3,5,0,32
43,"Seattle, WA",194,18,271,3,183,442,19,3127
43,"Sheridan, WY",1,0,1,0,1,2,0,14
43,"Shreveport, LA",4,1,2,0,4,7,0,96
43,"Sioux City, IA",2,0,0,0,0,2,0,14
43,"Sioux Falls, SD",10,1,7,0,9,16,0,141
43,"Sitka, AK",1,0,0,0,2,2,1,21
43,"South Bend, IN",16,1,12,0,6,22,0,146
43,"Spokane, WA",21,4,16,0,15,35,0,335
43,"Springfield, IL",1,0,0,0,0,0,0,2
43,"Springfield, MO",10,0,6,0,5,12,0,203
43,"St. Cloud, MN",0,0,0,0,0,0,0,2
43,"St. George, UT",6,0,2,0,2,8,0,79
43,"St. Louis, MO",100,1,43,0,106,145,0,1312
43,"St. Petersburg, FL",8,0,4,0,4,10,0,139
43,"State College, PA",3,0,0,0,2,5,0,14
43,"Stillwater, OK",2,0,1,0,0,2,0,14
43,"Stockton, CA",0,1,1,0,1,2,0,11
43,"Sun Valley/Hailey/Ketchum, ID",0,0,0,0,1,1,0,25
43,"Syracuse, NY",18,1,12,0,15,26,0,245
43,"Tallahassee, FL",8,0,6,0,1,9,0,130
43,"Tampa, FL",113,2,63,0,93,161,12,1404
43,"Texarkana, AR",3,0,0,0,0,3,0,14
43,"Toledo, OH",0,0,0,0,0,0,0,6
43,"Traverse City, MI",2,1,1,0,1,4,0,63
43,"Trenton, NJ",0,0,0,0,0,0,0,14
43,"Tucson, AZ",33,0,19,0,31,53,0,395
43,"Tulsa, OK",21,2,6,0,22,35,0,366
43,"Twin Falls, ID",0,0,0,0,0,0,0,12
43,"Tyler, TX",3,0,0,0,2,5,0,21
43,"Valdosta, GA",3,0,1,0,0,3,0,19
43,"Valparaiso, FL",9,0,4,0,9,17,0,187
43,"Victoria, TX",3,1,1,0,0,4,0,12
43,"Waco, TX",4,1,2,0,2,8,0,21
43,"Washington, DC",262,6,198,1,195,407,1,3780
43,"West Palm Beach/Palm Beach, FL",57,0,19,0,26,59,0,496
43,"White Plains, NY",25,1,10,1,8,31,0,236
43,"Wichita Falls, TX",1,0,3,0,2,3,0,14
43,"Wichita, KS",24,1,10,0,13,35,0,203
43,"Williston, ND",4,0,5,0,2,5,0,42
43,"Wilmington, NC",10,2,10,0,7,17,0,180
43,"Worcester, MA",3,0,2,0,1,3,0,23
43,"Wrangell, AK",0,0,2,0,2,2,0,14
43,"Yakutat, AK",0,0,0,0,0,0,0,14
43,"Yuma, AZ",3,0,0,0,4,6,0,42
44,"Aberdeen, SD",2,0,1,0,0,2,0,14
44,"Abilene, TX",3,1,4,0,2,7,0,33
44,"Adak Island, AK",0,0,0,0,0,0,0,2
44,"Aguadilla, PR",3,0,1,0,2,6,0,35
44,"Akron, OH",6,0,2,0,5,11,0,59
44,"Albany, GA",2,1,1,0,0,3,0,14
44,"Albany, NY",18,0,3,0,15,22,0,229
44,"Albuquerque, NM",36,3,34,0,36,66,0,484
44,"Alexandria, LA",4,2,3,0,0,7,0,35
44,"Allentown/Bethlehem/Easton, PA",4,0,0,0,5,7,0,73
44,"Alpena, MI",2,0,1,0,0,2,0,12
44,"Amarillo, TX",7,3,14,0,13,24,0,99
44,"Anchorage, AK",23,4,55,1,33,67,3,279
44,"Appleton, WI",14,2,8,0,5,17,0,119
44,"Arcata/Eureka, CA",10,0,6,0,2,13,0,42
44,"Asheville, NC",11,1,8,0,9,21,0,200
44,"Ashland, WV",0,0,0,0,0,0,0,4
44,"Aspen, CO",8,3,2,0,1,11,0,98
44,"Atlanta, GA",272,15,252,3,231,512,3,5909
44,"Atlantic City, NJ",7,0,8,0,6,12,0,49
44,"Augusta, GA",4,3,4,0,0,8,0,62
44,"Austin, TX",123,8,100,1,122,212,1,1559
44,"Bakersfield, CA",5,1,4,0,3,7,0,59
44,"Baltimore, MD",132,3,73,3,116,191,1,1807
44,"Bangor, ME",4,0,2,0,2,7,0,95
44,"Barrow, AK",0,1,4,0,3,5,0,7
44,"Baton Rouge, LA",5,1,6,0,4,11,0,88
44,"Beaumont/Port Arthur, TX",1,2,1,0,1,4,0,14
44,"Belleville, IL",1,0,0,0,0,1,0,16
44,"Bellingham, WA",4,1,6,0,3,9,0,37
44,"Bemidji, MN",2,0,1,0,0,2,0,14
44,"Bend/Redmond, OR",5,1,5,0,6,9,0,105
44,"Bethel, AK",0,2,5,0,4,5,0,14
44,"Billings, MT",4,2,2,0,5,9,0,73
44,"Binghamton, NY",0,0,0,0,0,0,0,7
44,"Birmingham, AL",24,6,18,0,19,38,0,342
44,"Bismarck/Mandan, ND",8,3,4,0,4,14,0,78
44,"Bloomington/Normal, IL",0,1,0,0,0,0,0,32
44,"Boise, ID",24,2,19,0,24,44,1,436
44,"Boston, MA",133,5,101,0,86,203,1,2637
44,"Bozeman, MT",5,1,1,0,6,10,0,140
44,"Brainerd, MN",1,1,0,0,0,2,0,12
44,"Bristol/Johnson City/Kingsport, TN",2,1,3,0,1,4,0,54
44,"Brownsville, TX",3,1,2,0,4,6,0,30
44,"Brunswick, GA",3,0,1,0,0,2,0,16
44,"Buffalo, NY",39,2,14,0,21,47,0,416
44,"Burbank, CA",48,1,46,0,43,89,4,648
44,"Burlington, VT",9,1,10,0,8,17,0,161
44,"Butte, MT",0,0,0,0,0,0,0,13
44,"Casper, WY",3,0,1,0,1,4,2,49
44,"Cedar City, UT",0,0,0,0,0,0,0,12
44,"Cedar Rapids/Iowa City, IA",8,1,7,0,11,22,0,150
44,"Champaign/Urbana, IL",1,1,1,0,0,2,0,26
44,"Charleston, SC",33,2,16,0,29,49,0,456
44,"Charleston/Dunbar, WV",4,0,1,0,2,5,0,68
44,"Charlotte Amalie, VI",5,0,10,0,4,14,0,72
44,"Charlotte, NC",263,10,336,4,219,528,2,3936
44,"Charlottesville, VA",2,0,2,0,1,4,0,84
44,"Chattanooga, TN",5,0,7,0,3,11,0,124
44,"Cheyenne, WY",0,2,1,0,1,3,0,13
44,"Chicago, IL",383,23,304,6,302,678,8,6716
44,"Christiansted, VI",1,0,2,0,0,2,0,11
44,"Cincinnati, OH",44,2,32,0,39,73,2,740
44,"Clarksburg/Fairmont, WV",0,0,0,0,0,0,0,2
44,"Cleveland, OH",54,3,28,0,47,85,0,756
44,"Cody, WY",1,0,0,0,0,1,0,14
44,"College Station/Bryan, TX",2,1,4,0,5,6,0,27
44,"Colorado Springs, CO",18,2,15,0,12,31,1,241
44,"Columbia, MO",1,1,1,0,2,3,0,33
44,"Columbia, SC",12,1,4,0,10,17,0,133
44,"Columbus, GA",0,0,0,0,0,0,0,15
44,"Columbus, MS",0,0,0,0,0,0,0,14
44,"Columbus, OH",55,0,31,0,40,80,7,815
44,"Concord, NC",0,0,0,0,0,0,0,10
44,"Cordova, AK",0,0,1,0,0,1,0,14
44,"Corpus Christi, TX",3,2,4,0,7,10,1,79
44,"Dallas, TX",100,4,116,2,101,190,1,1352
44,"Dallas/Fort Worth, TX",558,163,944,4,580,1363,23,5814
44,"Dayton, OH",9,0,4,0,9,13,0,138
44,"Daytona Beach, FL",1,0,0,0,0,1,0,47
44,"Deadhorse, AK",0,2,3,0,1,3,0,11
44,"Decatur, IL",2,0,0,0,1,3,0,12
44,"Denver, CO",417,32,387,1,284,726,17,5863
44,"Des Moines, IA",19,2,12,0,16,33,0,268
44,"Detroit, MI",121,11,61,3,80,191,0,2386
44,"Devils Lake, ND",1,0,1,0,2,3,0,13
44,"Dickinson, ND",1,1,0,0,0,2,0,13
44,"Dodge City, KS",2,0,1,0,1,3,0,12
44,"Dothan, AL",0,0,0,0,0,0,0,14
44,"Duluth, MN",4,0,1,0,1,4,0,42
44,"Durango, CO",4,4,4,0,3,11,0,75
44,"Eagle, CO",1,0,2,0,1,2,0,27
44,"El Paso, TX",19,2,12,0,20,34,0,346
44,"Elko, NV",0,1,0,0,0,1,0,7
44,"Elmira/Corning, NY",3,0,0,0,0,3,0,20
44,"Escanaba, MI",0,1,0,0,0,1,0,14
44,"Eugene, OR",15,1,11,0,7,21,1,136
44,"Evansville, IN",1,1,1,0,1,3,0,40
44,"Everett, WA",1,0,4,0,3,4,0,18
44,"Fairbanks, AK",4,0,10,0,4,11,0,46
44,"Fargo, ND",9,1,4,0,7,14,0,121
44,"Fayetteville, AR",17,4,18,0,11,35,0,273
44,"Fayetteville, NC",2,1,1,0,3,4,0,35
44,"Flagstaff, AZ",4,2,2,0,7,13,0,47
44,"Flint, MI",7,0,3,0,5,10,0,40
44,"Fort Dodge, IA",2,0,2,0,2,4,0,12
44,"Fort Lauderdale, FL",119,4,70,0,89,171,0,1553
44,"Fort Myers, FL",44,2,21,0,25,56,1,559
44,"Fort Smith, AR",0,0,0,0,0,0,0,21
44,"Fort Wayne, IN",13,2,4,0,6,21,0,108
44,"Fresno, CA",19,3,17,0,14,35,1,241
44,"Gainesville, FL",2,1,1,0,0,3,0,50
44,"Garden City, KS",3,1,4,0,2,6,0,14
44,"Gillette, WY",1,1,0,0,0,2,1,14
44,"Grand Forks, ND",1,2,1,0,0,3,0,25
44,"Grand Island, NE",1,2,2,0,2,5,0,18
44,"Grand Junction, CO",7,2,4,0,6,14,0,88
44,"Grand Rapids, MI",19,2,11,0,13,27,0,309
44,"Great Falls, MT",0,0,0,0,0,0,0,41
44,"Green Bay, WI",4,1,5,0,2,8,0,76
44,"Greensboro/High Point, NC",9,2,8,0,8,15,0,209
44,"Greer, SC",23,0,8,0,14,33,0,296
44,"Guam, TT",0,0,0,0,0,0,0,14
44,"Gulfport/Biloxi, MS",5,1,6,0,4,11,0,60
44,"Gunnison, CO",0,0,0,0,1,0,0,14
44,"Hagerstown, MD",1,0,0,0,0,1,0,6
44,"Hancock/Houghton, MI",2,2,3,0,1,5,0,14
44,"Harlingen/San Benito, TX",10,1,7,0,10,14,2,87
44,"Harrisburg, PA",9,0,1,0,5,11,1,100
44,"Hartford, CT",34,1,22,0,15,47,1,433
44,"Hattiesburg/Laurel, MS",4,0,3,0,0,5,0,12
44,"Hayden, CO",0,0,0,0,1,1,0,26
44,"Hays, KS",0,0,0,0,1,1,0,12
44,"Helena, MT",1,0,0,0,1,2,0,28
44,"Hibbing, MN",2,0,0,0,0,2,0,12
44,"Hilo, HI",7,0,3,0,5,11,2,125
44,"Hilton Head, SC",1,0,1,0,3,2,0,19
44,"Hobbs, NM",2,0,2,0,2,4,0,14
44,"Honolulu, HI",62,2,40,0,43,95,7,1127
44,"Houston, TX",275,21,294,3,215,508,12,3279
44,"Huntsville, AL",11,1,2,0,2,13,0,160
44,"Idaho Falls, ID",3,1,1,1,0,6,0,69
44,"Indianapolis, IN",56,0,39,0,53,93,10,939
44,"International Falls, MN",3,0,1,0,0,3,0,12
44,"Iron Mountain/Kingsfd, MI",1,0,1,0,0,1,0,14
44,"Islip, NY",4,0,2,0,4,6,0,73
44,"Ithaca/Cortland, NY",0,0,0,0,0,0,0,14
44,"Jackson, WY",3,0,3,0,2,5,0,61
44,"Jackson/Vicksburg, MS",6,3,8,0,6,12,0,123
44,"Jacksonville, FL",44,2,33,0,36,73,0,548
44,"Jacksonville/Camp Lejeune, NC",0,0,1,0,0,1,0,39
44,"Jamestown, ND",1,1,0,0,0,2,0,13
44,"Johnstown, PA",2,0,2,0,0,2,0,14
44,"Joplin, MO",0,0,1,0,1,1,0,12
44,"Juneau, AK",4,2,7,0,6,12,3,83
44,"Kahului, HI",28,0,8,0,9,31,3,474
44,"Kalamazoo, MI",3,0,0,0,0,3,0,19
44,"Kalispell, MT",2,0,2,0,0,3,0,52
44,"Kansas City, MO",64,8,44,0,54,103,7,946
44,"Kearney, NE",1,0,1,0,0,0,0,6
44,"Ketchikan, AK",5,0,5,0,6,10,1,42
44,"Key West, FL",4,1,4,0,6,11,0,126
44,"Killeen, TX",6,1,7,0,3,11,1,40
44,"Knoxville, TN",29,4,29,0,20,43,0,342
44,"Kodiak, AK",3,3,5,0,4,7,3,14
44,"Kona, HI",18,0,4,0,9,22,1,307
44,"Kotzebue, AK",0,1,3,0,1,3,0,7
44,"La Crosse, WI",1,0,2,0,1,3,0,7
44,"Lafayette, LA",4,4,4,0,3,9,0,56
44,"Lake Charles, LA",3,2,1,0,0,5,0,20
44,"Lansing, MI",4,0,0,0,0,4,0,24
44,"Laramie, WY",0,1,0,0,0,1,0,12
44,"Laredo, TX",4,1,1,0,0,5,0,29
44,"Las Vegas, NV",313,14,378,3,312,634,4,3740
44,"Latrobe, PA",0,0,0,0,1,1,0,16
44,"Lawton/Fort Sill, OK",1,0,0,0,0,1,4,20
44,"Lewiston, ID",1,0,0,0,0,1,0,21
44,"Lexington, KY",19,2,6,0,8,21,0,162
44,"Liberal, KS",0,0,0,0,1,1,0,12
44,"Lihue, HI",14,0,5,0,5,19,3,293
44,"Lincoln, NE",3,0,0,0,2,5,0,53
44,"Little Rock, AR",26,4,18,0,21,39,0,240
44,"Long Beach, CA",15,0,12,0,21,30,0,330
44,"Longview, TX",1,2,2,0,0,4,1,14
44,"Los Angeles, CA",248,16,221,2,169,405,5,3612
44,"Louisville, KY",28,3,18,0,16,42,0,451
44,"Lubbock, TX",19,4,15,0,15,34,1,115
44,"Madison, WI",15,2,6,0,14,26,0,212
44,"Manchester, NH",11,0,3,0,8,14,0,123
44,"Manhattan/Ft. Riley, KS",0,3,4,0,4,5,0,20
44,"Marquette, MI",2,0,1,0,0,2,0,14
44,"Mason City, IA",2,0,1,0,2,4,0,12
44,"Medford, OR",1,1,2,0,1,4,0,78
44,"Melbourne, FL",2,0,0,0,1,2,0,44
44,"Memphis, TN",33,1,24,0,27,50,0,411
44,"Meridian, MS",3,0,4,0,3,6,0,12
44,"Miami, FL",165,8,93,0,106,228,1,1918
44,"Midland/Odessa, TX",7,6,14,0,13,28,1,190
44,"Milwaukee, WI",47,3,20,0,25,63,0,519
44,"Minneapolis, MN",104,15,65,3,61,164,0,2214
44,"Minot, ND",4,0,3,0,1,5,0,41
44,"Mission/McAllen/Edinburg, TX",9,3,8,0,8,15,0,92
44,"Missoula, MT",4,1,5,0,5,6,0,69
44,"Mobile, AL",0,1,2,0,2,3,0,41
44,"Moline, IL",5,3,4,0,3,8,0,90
44,"Monroe, LA",1,0,2,0,0,2,0,34
44,"Monterey, CA",8,0,8,0,6,17,0,103
44,"Montgomery, AL",1,0,3,0,1,3,0,46
44,"Montrose/Delta, CO",3,0,3,0,2,7,0,28
44,"Mosinee, WI",0,0,1,0,0,1,0,14
44,"Myrtle Beach, SC",23,0,7,0,18,29,2,276
44,"Nashville, TN",135,6,82,1,108,200,0,1890
44,"New Orleans, LA",66,5,65,0,57,115,1,976
44,"New York, NY",278,20,175,3,147,416,1,5471
44,"Newark, NJ",150,9,156,0,85,275,4,2511
44,"Newburgh/Poughkeepsie, NY",1,0,0,0,0,1,0,8
44,"Niagara Falls, NY",1,0,0,0,0,1,0,5
44,"Nome, AK",0,1,2,0,0,2,0,7
44,"Norfolk, VA",38,1,20,0,25,52,1,399
44,"North Bend/Coos Bay, OR",1,0,1,0,1,2,0,4
44,"North Platte, NE",0,1,0,0,0,1,0,12
44,"Oakland, CA",55,1,27,1,56,80,2,735
44,"Oklahoma City, OK",42,6,40,0,31,70,2,437
44,"Omaha, NE",29,2,26,0,20,49,0,429
44,"Ontario, CA",34,2,26,0,38,58,0,518
44,"Orlando, FL",192,8,125,0,145,292,6,2794
44,"Pago Pago, TT",0,0,0,0,0,0,0,2
44,"Palm Springs, CA",18,1,12,0,7,25,0,278
44,"Panama City, FL",8,1,9,0,8,15,0,124
44,"Pasco/Kennewick/Richland, WA",7,0,4,0,4,9,0,109
44,"Pellston, MI",1,0,0,0,0,1,0,12
44,"Pensacola, FL",10,1,11,0,8,19,0,220
44,"Peoria, IL",4,1,1,0,3,6,0,56
44,"Petersburg, AK",1,0,2,0,2,3,0,14
44,"Philadelphia, PA",146,4,133,0,119,267,4,1935
44,"Phoenix, AZ",309,12,259,3,271,529,5,3779
44,"Pittsburgh, PA",45,0,19,1,41,72,3,823
44,"Plattsburgh, NY",0,0,1,0,0,1,0,10
44,"Pocatello, ID",1,0,0,0,0,1,0,7
44,"Ponce, PR",1,0,0,0,1,1,0,6
44,"Portland, ME",13,1,14,0,11,26,0,239
44,"Portland, OR",63,5,81,0,63,129,5,1102
44,"Portsmouth, NH",0,0,0,0,0,0,0,6
44,"Prescott, AZ",2,0,0,0,0,2,0,14
44,"Presque Isle/Houlton, ME",2,0,0,0,2,2,0,7
44,"Providence, RI",23,0,11,0,20,34,0,329
44,"Provo, UT",11,0,12,0,13,23,0,52
44,"Punta Gorda, FL",7,1,5,0,11,14,0,107
44,"Raleigh/Durham, NC",93,2,68,0,70,144,1,1144
44,"Rapid City, SD",4,5,5,0,4,11,0,107
44,"Redding, CA",4,0,4,0,2,8,0,34
44,"Reno, NV",24,2,20,1,24,46,0,384
44,"Rhinelander, WI",1,0,0,0,0,1,0,14
44,"Richmond, VA",23,1,16,0,11,32,0,318
44,"Riverton/Lander, WY",1,0,0,0,0,1,0,14
44,"Roanoke, VA",3,0,3,0,2,5,0,55
44,"Rochester, MN",4,0,1,0,2,5,0,26
44,"Rochester, NY",12,0,3,1,11,17,0,206
44,"Rock Springs, WY",0,0,0,0,0,0,0,14
44,"Rockford, IL",1,0,0,0,0,1,0,14
44,"Roswell, NM",3,2,5,0,3,7,0,20
44,"Sacramento, CA",85,3,76,1,79,153,0,1062
44,"Saginaw/Bay City/Midland, MI",3,0,0,0,2,5,0,41
44,"Saipan, TT",0,0,0,0,0,0,0,7
44,"Salina, KS",0,0,1,0,1,1,0,14
44,"Salt Lake City, UT",104,11,83,0,72,184,3,1948
44,"San Angelo, TX",1,1,0,0,1,2,0,20
44,"San Antonio, TX",54,7,62,1,53,105,0,764
44,"San Diego, CA",160,5,174,0,148,297,2,1803
44,"San Francisco, CA",225,11,338,4,177,488,6,2767
44,"San Jose, CA",73,3,56,0,77,124,4,964
44,"San Juan, PR",66,1,54,1,32,89,3,592
44,"San Luis Obispo, CA",12,0,6,1,14,26,0,122
44,"Sanford, FL",12,1,4,1,16,22,0,144
44,"Santa Ana, CA",60,3,33,0,42,85,1,787
44,"Santa Barbara, CA",11,1,7,0,10,20,0,146
44,"Santa Fe, NM",6,4,9,0,6,16,0,76
44,"Santa Maria, CA",0,1,1,0,0,1,0,2
44,"Santa Rosa, CA",9,1,10,0,12,18,0,83
44,"Sarasota/Bradenton, FL",17,1,7,0,11,26,17,266
44,"Sault Ste. Marie, MI",1,0,0,0,0,1,0,14
44,"Savannah, GA",25,1,14,0,20,37,0,359
44,"Scottsbluff, NE",2,0,0,0,2,3,0,12
44,"Scranton/Wilkes-Barre, PA",5,0,2,0,0,5,0,29
44,"Seattle, WA",163,22,195,3,118,323,12,2807
44,"Sheridan, WY",2,1,0,0,1,3,0,14
44,"Shreveport, LA",6,1,3,0,3,7,0,83
44,"Sioux City, IA",3,0,1,0,0,3,0,14
44,"Sioux Falls, SD",12,2,11,1,9,23,0,129
44,"Sitka, AK",1,0,3,0,5,6,2,21
44,"South Bend, IN",16,4,8,0,5,24,0,138
44,"Spokane, WA",27,1,23,1,22,42,0,334
44,"Springfield, IL",0,0,0,0,0,0,0,2
44,"Springfield, MO",22,1,16,0,8,27,0,170
44,"St. Cloud, MN",0,0,0,0,0,0,0,2
44,"St. George, UT",8,3,5,0,0,10,0,79
44,"St. Louis, MO",79,4,48,1,85,130,0,1211
44,"St. Petersburg, FL",7,0,3,0,7,13,0,127
44,"State College, PA",3,0,2,0,1,4,0,9
44,"Stillwater, OK",0,3,3,0,1,4,0,14
44,"Stockton, CA",2,0,2,0,2,3,0,9
44,"Sun Valley/Hailey/Ketchum, ID",0,0,0,0,0,0,0,21
44,"Syracuse, NY",17,0,5,0,10,23,0,223
44,"Tallahassee, FL",4,1,7,0,11,15,0,119
44,"Tampa, FL",97,1,60,0,83,152,15,1360
44,"Texarkana, AR",0,2,2,0,0,2,0,14
44,"Toledo, OH",0,0,0,0,0,0,0,6
44,"Traverse City, MI",3,0,0,0,0,3,0,55
44,"Trenton, NJ",2,0,0,0,1,2,0,12
44,"Tucson, AZ",35,0,21,0,27,55,0,381
44,"Tulsa, OK",30,7,29,0,20,48,2,320
44,"Twin Falls, ID",0,0,0,0,0,0,0,7
44,"Tyler, TX",2,2,2,0,1,5,0,20
44,"Valdosta, GA",0,0,0,0,0,0,0,14
44,"Valparaiso, FL",13,1,9,0,9,19,0,156
44,"Victoria, TX",1,1,0,0,2,4,0,12
44,"Waco, TX",0,2,3,0,3,5,0,20
44,"Washington, DC",204,12,195,1,151,354,0,3711
44,"West Palm Beach/Palm Beach, FL",29,0,23,0,21,47,0,529
44,"White Plains, NY",14,1,12,0,7,20,0,224
44,"Wichita Falls, TX",2,2,1,0,0,4,1,13
44,"Wichita, KS",31,0,26,0,18,46,1,206
44,"Williston, ND",1,0,0,0,1,2,0,39
44,"Wilmington, NC",8,1,7,0,7,13,0,172
44,"Worcester, MA",2,0,1,0,0,2,0,27
44,"Wrangell, AK",0,0,3,0,4,4,0,14
44,"Yakutat, AK",0,0,2,0,1,2,1,14
44,"Yuma, AZ",6,0,2,0,2,7,0,38
45,"Aberdeen, SD",3,0,0,0,0,3,0,14
45,"Abilene, TX",2,2,8,0,4,9,1,33
45,"Adak Island, AK",0,0,1,0,0,1,0,2
45,"Aguadilla, PR",7,0,3,1,5,7,0,35
45,"Akron, OH",4,0,1,0,3,6,0,62
45,"Albany, GA",0,0,0,0,0,0,0,14
45,"Albany, NY",15,2,8,0,15,25,1,211
45,"Albuquerque, NM",49,11,55,0,48,97,11,443
45,"Alexandria, LA",7,1,2,0,3,10,4,39
45,"Allentown/Bethlehem/Easton, PA",4,0,4,0,4,6,0,71
45,"Alpena, MI",1,0,1,0,0,1,0,12
45,"Amarillo, TX",7,3,11,0,11,18,7,92
45,"Anchorage, AK",16,4,30,0,17,43,2,279
45,"Appleton, WI",6,2,5,0,5,11,1,124
45,"Arcata/Eureka, CA",7,0,7,0,9,16,0,42
45,"Asheville, NC",4,1,5,0,6,9,0,187
45,"Ashland, WV",3,0,0,0,1,3,0,4
45,"Aspen, CO",12,7,19,0,7,26,12,97
45,"Atlanta, GA",412,41,539,4,349,848,10,5994
45,"Atlantic City, NJ",1,0,3,0,3,4,0,61
45,"Augusta, GA",6,1,3,0,3,9,1,68
45,"Austin, TX",143,12,220,2,157,314,18,1529
45,"Bakersfield, CA",7,1,7,0,1,9,2,59
45,"Baltimore, MD",131,5,49,1,139,198,7,1746
45,"Bangor, ME",8,0,9,0,8,13,0,75
45,"Barrow, AK",1,0,1,0,1,2,0,7
45,"Baton Rouge, LA",7,1,2,0,5,11,3,94
45,"Beaumont/Port Arthur, TX",3,0,2,0,0,4,1,14
45,"Belleville, IL",1,0,0,0,2,2,0,16
45,"Bellingham, WA",1,0,0,0,0,1,0,38
45,"Bemidji, MN",4,0,1,0,0,3,0,14
45,"Bend/Redmond, OR",6,3,9,0,6,11,0,106
45,"Bethel, AK",0,0,1,0,1,1,0,14
45,"Billings, MT",12,1,9,0,8,17,3,79
45,"Binghamton, NY",0,0,0,0,0,0,0,7
45,"Birmingham, AL",33,3,30,0,29,58,6,340
45,"Bismarck/Mandan, ND",10,4,12,0,7,20,5,78
45,"Bloomington/Normal, IL",0,2,2,0,3,3,1,32
45,"Boise, ID",52,4,38,0,37,78,3,435
45,"Boston, MA",165,10,92,0,131,257,4,2599
45,"Bozeman, MT",17,2,20,0,9,31,0,135
45,"Brainerd, MN",2,0,0,0,0,2,0,12
45,"Bristol/Johnson City/Kingsport, TN",3,1,2,0,2,4,0,40
45,"Brownsville, TX",5,2,3,0,1,5,3,28
45,"Brunswick, GA",3,1,3,0,0,4,0,20
45,"Buffalo, NY",28,0,15,0,31,48,0,399
45,"Burbank, CA",53,5,32,0,65,92,6,629
45,"Burlington, VT",10,0,12,0,10,20,0,147
45,"Butte, MT",0,0,0,0,0,0,0,13
45,"Casper, WY",14,2,9,0,6,21,6,49
45,"Cedar City, UT",1,0,1,0,0,1,0,12
45,"Cedar Rapids/Iowa City, IA",16,2,10,0,8,22,3,150
45,"Champaign/Urbana, IL",0,1,3,0,3,3,0,20
45,"Charleston, SC",35,2,16,0,26,45,3,435
45,"Charleston/Dunbar, WV",11,1,4,0,5,17,1,68
45,"Charlotte Amalie, VI",7,0,9,0,2,13,0,83
45,"Charlotte, NC",282,18,325,3,266,526,4,3897
45,"Charlottesville, VA",9,0,2,0,3,10,0,69
45,"Chattanooga, TN",5,3,10,0,6,18,1,149
45,"Cheyenne, WY",3,0,1,0,1,4,2,13
45,"Chicago, IL",564,37,505,2,407,943,24,6455
45,"Christiansted, VI",2,0,1,0,2,4,0,17
45,"Cincinnati, OH",42,6,44,1,50,80,2,722
45,"Clarksburg/Fairmont, WV",0,0,0,0,0,0,0,2
45,"Cleveland, OH",48,7,35,0,44,86,2,726
45,"Cody, WY",3,0,4,0,2,5,2,14
45,"College Station/Bryan, TX",5,2,6,0,2,9,2,21
45,"Colorado Springs, CO",35,7,38,0,26,64,31,240
45,"Columbia, MO",2,2,3,0,4,7,3,29
45,"Columbia, SC",10,1,12,0,9,19,2,136
45,"Columbus, GA",1,1,1,0,0,2,0,19
45,"Columbus, MS",0,0,0,0,0,0,0,14
45,"Columbus, OH",57,2,43,1,55,95,5,830
45,"Concord, NC",1,0,0,0,0,1,0,10
45,"Cordova, AK",0,0,0,0,0,0,0,14
45,"Corpus Christi, TX",4,4,5,1,9,16,5,75
45,"Dallas, TX",153,16,238,0,188,338,47,1362
45,"Dallas/Fort Worth, TX",587,265,940,5,526,1353,362,5628
45,"Dayton, OH",15,3,7,0,10,21,2,139
45,"Daytona Beach, FL",2,0,0,0,1,3,0,47
45,"Deadhorse, AK",1,0,1,0,0,1,0,11
45,"Decatur, IL",1,0,1,0,0,1,0,12
45,"Denver, CO",679,93,897,2,750,1540,325,5802
45,"Des Moines, IA",19,3,23,0,23,42,1,284
45,"Detroit, MI",119,14,67,1,85,197,5,2384
45,"Devils Lake, ND",2,1,5,0,2,5,2,13
45,"Dickinson, ND",0,1,4,0,4,5,2,13
45,"Dodge City, KS",3,3,7,0,1,8,1,12
45,"Dothan, AL",1,2,1,0,1,3,0,14
45,"Duluth, MN",3,0,0,0,2,4,0,42
45,"Durango, CO",17,5,21,0,13,33,8,76
45,"Eagle, CO",5,1,4,0,1,6,3,26
45,"El Paso, TX",41,7,42,0,46,84,4,341
45,"Elko, NV",0,0,0,0,0,0,0,7
45,"Elmira/Corning, NY",1,1,1,0,0,2,0,20
45,"Escanaba, MI",1,0,0,0,0,1,0,14
45,"Eugene, OR",12,4,15,0,14,27,0,139
45,"Evansville, IN",5,1,1,0,2,7,3,44
45,"Everett, WA",0,0,4,0,2,4,0,18
45,"Fairbanks, AK",1,0,6,0,1,6,0,47
45,"Fargo, ND",14,4,8,0,8,22,4,127
45,"Fayetteville, AR",27,8,36,0,23,56,4,273
45,"Fayetteville, NC",1,0,1,0,0,2,0,21
45,"Flagstaff, AZ",9,3,5,0,3,14,0,45
45,"Flint, MI",6,1,4,0,1,8,0,40
45,"Fort Dodge, IA",1,0,1,0,1,2,0,12
45,"Fort Lauderdale, FL",137,4,101,0,105,203,8,1611
45,"Fort Myers, FL",68,0,45,0,53,94,2,610
45,"Fort Smith, AR",3,0,2,0,0,3,3,20
45,"Fort Wayne, IN",10,1,4,0,4,14,1,108
45,"Fresno, CA",29,3,18,0,17,46,3,239
45,"Gainesville, FL",1,0,1,0,2,2,0,49
45,"Garden City, KS",1,0,1,0,1,2,2,14
45,"Gillette, WY",2,0,3,0,5,7,2,14
45,"Grand Forks, ND",1,0,1,0,0,1,0,25
45,"Grand Island, NE",2,1,2,0,2,5,2,18
45,"Grand Junction, CO",19,2,15,0,7,30,7,80
45,"Grand Rapids, MI",22,2,24,0,16,37,2,309
45,"Great Falls, MT",7,1,5,0,0,9,1,43
45,"Green Bay, WI",4,1,4,0,2,6,2,67
45,"Greensboro/High Point, NC",14,2,10,0,11,26,2,209
45,"Greer, SC",24,4,21,0,24,41,1,296
45,"Guam, TT",0,0,0,0,1,1,0,14
45,"Gulfport/Biloxi, MS",7,3,6,0,3,11,3,61
45,"Gunnison, CO",1,0,2,0,1,3,3,14
45,"Hagerstown, MD",0,1,1,0,0,1,0,6
45,"Hancock/Houghton, MI",2,0,0,0,1,3,0,14
45,"Harlingen/San Benito, TX",5,1,5,0,11,14,3,94
45,"Harrisburg, PA",17,0,9,0,6,19,0,108
45,"Hartford, CT",29,3,28,0,33,56,1,404
45,"Hattiesburg/Laurel, MS",1,0,0,0,1,2,0,12
45,"Hayden, CO",8,1,10,0,5,16,4,28
45,"Hays, KS",3,1,1,0,0,4,2,12
45,"Helena, MT",3,2,7,0,1,7,3,28
45,"Hibbing, MN",0,0,0,0,0,0,0,12
45,"Hilo, HI",8,1,3,0,3,10,0,128
45,"Hilton Head, SC",2,0,1,0,0,2,0,20
45,"Hobbs, NM",4,1,4,0,0,5,1,14
45,"Honolulu, HI",65,2,23,0,60,90,2,1148
45,"Houston, TX",380,34,433,1,273,684,37,3234
45,"Huntsville, AL",24,4,19,0,17,39,4,152
45,"Idaho Falls, ID",15,1,11,0,2,18,4,69
45,"Indianapolis, IN",72,3,63,0,66,116,2,876
45,"International Falls, MN",0,0,0,0,0,0,0,12
45,"Iron Mountain/Kingsfd, MI",0,0,0,0,0,0,0,14
45,"Islip, NY",10,0,2,1,5,12,0,76
45,"Ithaca/Cortland, NY",1,0,1,0,0,1,0,14
45,"Jackson, WY",9,4,9,0,4,15,2,49
45,"Jackson/Vicksburg, MS",10,1,7,0,8,16,1,125
45,"Jacksonville, FL",63,5,49,0,45,93,1,544
45,"Jacksonville/Camp Lejeune, NC",2,0,1,0,1,3,0,30
45,"Jamestown, ND",1,1,1,0,1,4,2,13
45,"Johnstown, PA",3,0,0,0,1,4,0,14
45,"Joplin, MO",1,2,0,0,1,4,1,12
45,"Juneau, AK",1,0,4,0,3,5,1,78
45,"Kahului, HI",32,1,8,0,15,38,0,488
45,"Kalamazoo, MI",2,0,0,0,0,1,0,19
45,"Kalispell, MT",6,2,6,0,4,8,0,46
45,"Kansas City, MO",97,6,68,1,76,148,7,900
45,"Kearney, NE",0,0,0,0,0,0,2,12
45,"Ketchikan, AK",2,0,2,0,3,3,0,42
45,"Key West, FL",11,2,11,0,7,18,0,160
45,"Killeen, TX",5,2,4,0,5,12,4,41
45,"Knoxville, TN",31,5,36,0,23,57,2,314
45,"Kodiak, AK",0,0,0,0,1,1,3,14
45,"Kona, HI",21,1,2,1,12,26,0,297
45,"Kotzebue, AK",0,0,0,0,0,0,0,7
45,"La Crosse, WI",1,0,0,0,0,1,0,12
45,"Lafayette, LA",11,3,12,0,6,16,2,66
45,"Lake Charles, LA",4,0,1,0,0,4,4,20
45,"Lansing, MI",1,0,0,0,0,1,0,25
45,"Laramie, WY",4,1,2,0,1,6,2,12
45,"Laredo, TX",1,2,4,0,3,4,1,35
45,"Las Vegas, NV",314,40,441,4,348,707,25,3656
45,"Latrobe, PA",0,0,0,0,0,0,0,10
45,"Lawton/Fort Sill, OK",2,1,1,0,1,4,2,20
45,"Lewiston, ID",3,0,0,0,0,3,0,21
45,"Lexington, KY",13,3,5,0,5,18,1,168
45,"Liberal, KS",4,1,4,0,1,6,3,12
45,"Lihue, HI",18,2,3,1,14,24,3,298
45,"Lincoln, NE",8,2,11,0,8,18,4,54
45,"Little Rock, AR",30,4,30,0,19,48,8,231
45,"Long Beach, CA",16,1,7,0,24,36,3,335
45,"Longview, TX",3,1,6,0,2,7,2,14
45,"Los Angeles, CA",288,30,204,2,189,438,20,3560
45,"Louisville, KY",33,4,42,1,27,58,2,431
45,"Lubbock, TX",19,3,16,0,16,28,8,115
45,"Madison, WI",28,2,21,1,26,46,2,214
45,"Manchester, NH",6,0,0,0,3,6,0,96
45,"Manhattan/Ft. Riley, KS",1,1,2,0,2,3,2,20
45,"Marquette, MI",1,0,0,0,0,1,0,14
45,"Mason City, IA",4,0,2,0,0,4,0,12
45,"Medford, OR",7,2,7,0,7,13,0,80
45,"Melbourne, FL",2,0,0,0,0,2,0,50
45,"Memphis, TN",58,7,44,1,43,90,1,401
45,"Meridian, MS",3,1,1,0,1,5,0,12
45,"Miami, FL",179,16,139,2,123,274,5,2036
45,"Midland/Odessa, TX",20,7,25,0,20,48,14,193
45,"Milwaukee, WI",55,6,35,0,36,78,5,491
45,"Minneapolis, MN",134,15,107,0,69,220,4,2245
45,"Minot, ND",4,1,5,0,3,8,1,41
45,"Mission/McAllen/Edinburg, TX",11,5,11,0,5,19,3,88
45,"Missoula, MT",6,3,6,0,4,12,1,68
45,"Mobile, AL",0,2,2,0,5,5,1,41
45,"Moline, IL",8,2,3,0,8,15,2,85
45,"Monroe, LA",2,3,3,0,2,6,1,34
45,"Monterey, CA",9,0,7,0,4,15,1,97
45,"Montgomery, AL",3,3,3,0,3,8,1,46
45,"Montrose/Delta, CO",5,3,9,0,6,11,1,28
45,"Mosinee, WI",0,0,0,0,0,0,0,14
45,"Myrtle Beach, SC",12,2,6,0,11,18,0,230
45,"Nashville, TN",194,15,134,1,198,305,10,1821
45,"New Orleans, LA",115,4,70,1,86,159,10,952
45,"New York, NY",321,30,401,1,260,672,11,5559
45,"Newark, NJ",150,19,450,0,191,565,7,2508
45,"Newburgh/Poughkeepsie, NY",0,0,0,0,0,0,0,7
45,"Niagara Falls, NY",0,0,0,0,0,0,0,5
45,"Nome, AK",0,0,0,0,0,0,0,7
45,"Norfolk, VA",40,1,25,1,25,55,3,405
45,"North Bend/Coos Bay, OR",0,0,0,0,0,0,0,4
45,"North Platte, NE",1,3,3,0,0,4,2,12
45,"Oakland, CA",65,1,26,1,61,97,2,713
45,"Oklahoma City, OK",67,10,53,0,49,107,11,412
45,"Omaha, NE",43,5,40,0,37,72,5,430
45,"Ontario, CA",60,8,40,0,54,99,5,506
45,"Orlando, FL",236,9,170,3,195,366,13,2824
45,"Pago Pago, TT",0,0,0,0,0,0,0,2
45,"Palm Springs, CA",29,4,25,0,24,49,4,290
45,"Panama City, FL",10,2,12,0,8,16,0,102
45,"Pasco/Kennewick/Richland, WA",10,1,6,0,2,13,1,108
45,"Pellston, MI",0,0,0,0,0,0,0,12
45,"Pensacola, FL",19,2,12,0,10,26,1,212
45,"Peoria, IL",7,0,4,0,5,10,2,68
45,"Petersburg, AK",0,0,0,0,0,0,0,14
45,"Philadelphia, PA",135,9,114,1,111,231,6,1707
45,"Phoenix, AZ",366,29,263,1,295,576,28,3810
45,"Pittsburgh, PA",59,3,31,0,61,100,3,779
45,"Plattsburgh, NY",1,0,1,0,0,1,0,10
45,"Pocatello, ID",0,0,0,0,0,0,0,7
45,"Ponce, PR",1,0,0,0,1,1,0,6
45,"Portland, ME",16,0,13,0,9,21,0,187
45,"Portland, OR",76,5,76,0,86,149,6,1100
45,"Portsmouth, NH",0,0,0,0,0,0,0,5
45,"Prescott, AZ",1,0,3,0,5,6,1,14
45,"Presque Isle/Houlton, ME",0,0,0,0,0,0,0,7
45,"Providence, RI",28,0,16,0,25,43,0,300
45,"Provo, UT",19,2,15,0,13,28,2,57
45,"Punta Gorda, FL",10,2,6,0,7,13,0,103
45,"Raleigh/Durham, NC",87,5,64,0,94,146,2,1131
45,"Rapid City, SD",10,5,17,0,14,28,4,102
45,"Redding, CA",2,1,1,0,0,3,0,34
45,"Reno, NV",30,5,23,0,30,57,2,386
45,"Rhinelander, WI",1,0,0,0,0,1,0,14
45,"Richmond, VA",23,2,18,0,9,31,1,314
45,"Riverton/Lander, WY",5,0,0,0,2,7,2,14
45,"Roanoke, VA",4,1,2,0,1,6,0,65
45,"Rochester, MN",0,0,0,0,0,0,0,20
45,"Rochester, NY",22,0,8,0,16,30,0,207
45,"Rock Springs, WY",2,2,4,0,3,7,2,14
45,"Rockford, IL",1,0,0,0,1,1,0,12
45,"Roswell, NM",3,0,4,0,5,7,4,20
45,"Sacramento, CA",101,6,47,1,96,150,6,1039
45,"Saginaw/Bay City/Midland, MI",7,0,3,0,1,8,0,41
45,"Saipan, TT",1,0,0,0,0,1,0,7
45,"Salina, KS",3,0,2,0,0,3,1,14
45,"Salt Lake City, UT",119,24,90,0,94,215,13,1941
45,"San Angelo, TX",4,0,2,0,2,5,1,20
45,"San Antonio, TX",87,9,82,1,73,145,15,743
45,"San Diego, CA",168,10,185,1,155,307,11,1785
45,"San Francisco, CA",244,10,214,0,204,437,13,2782
45,"San Jose, CA",67,4,44,0,93,130,5,949
45,"San Juan, PR",85,4,67,1,41,110,0,627
45,"San Luis Obispo, CA",9,1,8,0,12,23,0,117
45,"Sanford, FL",14,2,19,0,23,28,0,146
45,"Santa Ana, CA",74,9,43,0,58,110,5,817
45,"Santa Barbara, CA",6,2,9,0,9,16,0,147
45,"Santa Fe, NM",6,7,12,0,3,18,15,66
45,"Santa Maria, CA",1,0,1,0,0,1,0,2
45,"Santa Rosa, CA",6,0,8,0,7,12,0,87
45,"Sarasota/Bradenton, FL",12,2,16,0,16,29,1,278
45,"Sault Ste. Marie, MI",0,0,0,0,0,0,0,14
45,"Savannah, GA",22,1,27,0,20,44,2,358
45,"Scottsbluff, NE",1,1,1,0,2,4,3,12
45,"Scranton/Wilkes-Barre, PA",5,1,4,0,1,7,0,33
45,"Seattle, WA",134,24,175,3,113,287,10,2808
45,"Sheridan, WY",3,1,3,0,1,5,3,14
45,"Shreveport, LA",4,2,8,0,3,10,4,88
45,"Sioux City, IA",3,0,3,0,1,5,1,14
45,"Sioux Falls, SD",17,1,11,0,14,27,3,137
45,"Sitka, AK",0,0,1,0,2,2,0,21
45,"South Bend, IN",13,1,13,0,9,23,0,147
45,"Spokane, WA",33,6,28,0,19,52,2,333
45,"Springfield, IL",0,0,0,0,0,0,0,2
45,"Springfield, MO",29,4,26,0,12,41,9,171
45,"St. Cloud, MN",0,0,0,0,0,0,0,2
45,"St. George, UT",8,6,7,0,4,18,4,71
45,"St. Louis, MO",112,10,75,1,121,181,6,1180
45,"St. Petersburg, FL",5,2,4,0,5,9,0,128
45,"State College, PA",0,0,0,0,0,0,0,12
45,"Stillwater, OK",2,2,2,0,3,7,1,14
45,"Stockton, CA",0,0,0,0,0,0,0,8
45,"Sun Valley/Hailey/Ketchum, ID",0,1,1,0,0,2,1,21
45,"Syracuse, NY",20,1,10,1,19,37,0,228
45,"Tallahassee, FL",4,1,3,0,6,9,2,102
45,"Tampa, FL",128,8,98,0,129,214,6,1388
45,"Texarkana, AR",2,1,3,0,2,5,1,14
45,"Toledo, OH",1,0,1,0,1,1,0,6
45,"Traverse City, MI",2,0,1,0,0,2,0,47
45,"Trenton, NJ",1,0,1,0,1,1,0,13
45,"Tucson, AZ",43,9,44,0,37,83,9,395
45,"Tulsa, OK",42,3,36,0,24,65,10,311
45,"Twin Falls, ID",1,0,0,0,0,1,0,7
45,"Tyler, TX",5,1,3,0,1,6,5,20
45,"Valdosta, GA",0,0,1,0,1,1,0,14
45,"Valparaiso, FL",11,1,4,0,8,15,1,144
45,"Victoria, TX",2,0,2,0,2,4,0,12
45,"Waco, TX",1,1,1,0,1,4,1,19
45,"Washington, DC",281,16,271,1,223,502,10,3839
45,"West Palm Beach/Palm Beach, FL",52,0,27,1,40,71,2,563
45,"White Plains, NY",26,2,15,1,15,36,0,225
45,"Wichita Falls, TX",0,2,2,0,0,2,1,14
45,"Wichita, KS",35,7,33,0,24,58,4,221
45,"Williston, ND",9,1,6,0,3,13,4,40
45,"Wilmington, NC",13,2,9,0,19,22,1,147
45,"Worcester, MA",1,0,2,0,2,2,0,27
45,"Wrangell, AK",0,0,0,0,0,0,0,14
45,"Yakutat, AK",0,0,0,0,0,0,0,14
45,"Yuma, AZ",3,1,1,1,1,6,1,40
46,"Aberdeen, SD",0,0,0,0,0,0,0,14
46,"Abilene, TX",1,0,2,0,1,3,0,34
46,"Adak Island, AK",0,0,0,0,0,0,1,2
46,"Aguadilla, PR",3,0,2,0,0,4,0,35
46,"Akron, OH",3,1,3,0,7,9,0,64
46,"Albany, GA",1,1,0,0,0,2,0,20
46,"Albany, NY",15,1,17,0,7,27,0,221
46,"Albuquerque, NM",31,2,20,0,23,46,0,468
46,"Alexandria, LA",1,0,0,0,1,2,0,41
46,"Allentown/Bethlehem/Easton, PA",7,0,11,0,8,13,0,73
46,"Alpena, MI",2,0,0,0,0,2,0,12
46,"Amarillo, TX",7,1,3,0,6,9,0,97
46,"Anchorage, AK",18,2,32,1,15,44,3,277
46,"Appleton, WI",8,1,6,0,4,13,0,124
46,"Arcata/Eureka, CA",5,1,4,0,3,10,0,42
46,"Asheville, NC",7,0,6,0,11,16,0,188
46,"Ashland, WV",2,0,1,0,2,2,0,4
46,"Aspen, CO",4,2,3,0,4,10,2,97
46,"Atlanta, GA",301,19,246,2,280,565,4,6749
46,"Atlantic City, NJ",4,0,6,0,3,9,0,67
46,"Augusta, GA",6,0,2,0,2,6,0,78
46,"Austin, TX",117,3,71,0,89,171,3,1619
46,"Bakersfield, CA",5,0,4,0,2,7,0,63
46,"Baltimore, MD",105,2,74,1,84,163,1,1808
46,"Bangor, ME",1,0,4,0,5,5,1,72
46,"Barrow, AK",1,0,1,0,0,1,0,7
46,"Baton Rouge, LA",5,1,0,0,3,6,0,104
46,"Beaumont/Port Arthur, TX",2,0,0,0,0,2,0,14
46,"Belleville, IL",1,0,1,0,1,1,0,16
46,"Bellingham, WA",3,0,2,0,1,3,0,38
46,"Bemidji, MN",2,0,1,0,0,2,0,14
46,"Bend/Redmond, OR",4,0,4,1,2,7,0,114
46,"Bethel, AK",0,0,2,0,0,2,0,14
46,"Billings, MT",4,0,1,0,2,6,0,81
46,"Binghamton, NY",0,0,0,0,0,0,0,7
46,"Birmingham, AL",23,0,11,0,13,32,0,360
46,"Bismarck/Mandan, ND",5,0,3,0,3,8,0,85
46,"Bloomington/Normal, IL",0,0,0,0,0,0,0,32
46,"Boise, ID",18,0,19,0,24,39,0,466
46,"Boston, MA",169,1,128,0,106,257,0,2758
46,"Bozeman, MT",7,0,1,0,2,8,0,135
46,"Brainerd, MN",0,1,0,0,0,1,0,12
46,"Bristol/Johnson City/Kingsport, TN",4,1,3,0,2,8,0,50
46,"Brownsville, TX",2,0,0,0,0,2,0,32
46,"Brunswick, GA",2,0,0,0,0,2,0,21
46,"Buffalo, NY",34,0,18,0,27,46,0,414
46,"Burbank, CA",36,0,34,1,41,71,4,645
46,"Burlington, VT",8,0,10,0,10,14,1,153
46,"Butte, MT",3,1,0,0,0,4,0,13
46,"Casper, WY",2,0,0,0,2,4,0,49
46,"Cedar City, UT",0,0,0,0,0,0,0,12
46,"Cedar Rapids/Iowa City, IA",12,0,8,0,8,16,0,155
46,"Champaign/Urbana, IL",1,0,1,0,1,1,0,20
46,"Charleston, SC",33,0,14,0,17,41,0,456
46,"Charleston/Dunbar, WV",9,1,3,0,0,10,0,74
46,"Charlotte Amalie, VI",6,1,5,0,0,7,0,88
46,"Charlotte, NC",241,14,285,2,242,459,2,4191
46,"Charlottesville, VA",3,0,3,0,1,5,0,66
46,"Chattanooga, TN",12,3,12,0,7,19,0,178
46,"Cheyenne, WY",1,0,0,0,0,1,0,13
46,"Chicago, IL",412,2,338,3,258,655,5,6687
46,"Christiansted, VI",1,0,0,0,1,1,0,18
46,"Cincinnati, OH",40,3,31,1,33,73,0,758
46,"Clarksburg/Fairmont, WV",0,0,0,0,0,0,0,2
46,"Cleveland, OH",43,1,27,0,32,61,0,749
46,"Cody, WY",0,0,0,0,0,0,0,15
46,"College Station/Bryan, TX",0,0,0,0,1,1,0,21
46,"Colorado Springs, CO",14,0,6,0,8,20,0,246
46,"Columbia, MO",2,0,3,0,1,3,0,32
46,"Columbia, SC",11,0,10,1,8,19,0,147
46,"Columbus, GA",2,0,2,0,0,3,0,20
46,"Columbus, MS",2,0,1,0,2,3,0,14
46,"Columbus, OH",48,1,32,0,35,69,0,864
46,"Concord, NC",0,0,2,0,0,2,0,10
46,"Cordova, AK",0,0,1,0,0,1,0,14
46,"Corpus Christi, TX",4,0,3,0,2,6,0,79
46,"Dallas, TX",74,5,65,1,70,134,1,1399
46,"Dallas/Fort Worth, TX",364,13,288,4,292,622,1,6036
46,"Dayton, OH",10,1,9,0,10,18,0,149
46,"Daytona Beach, FL",2,0,3,0,1,4,0,55
46,"Deadhorse, AK",0,0,1,0,0,1,0,11
46,"Decatur, IL",2,0,1,0,0,2,0,12
46,"Denver, CO",308,12,179,0,224,484,8,5940
46,"Des Moines, IA",17,0,7,0,6,20,0,306
46,"Detroit, MI",135,11,49,0,62,185,1,2652
46,"Devils Lake, ND",0,0,0,0,0,0,0,13
46,"Dickinson, ND",2,0,0,0,1,3,0,13
46,"Dodge City, KS",1,0,0,0,0,1,0,12
46,"Dothan, AL",1,0,0,0,2,2,0,21
46,"Duluth, MN",1,0,0,0,0,1,0,48
46,"Durango, CO",3,0,2,0,3,6,0,81
46,"Eagle, CO",0,0,0,0,0,0,0,26
46,"El Paso, TX",29,0,22,0,31,49,0,354
46,"Elko, NV",1,0,0,0,0,1,0,7
46,"Elmira/Corning, NY",1,0,1,0,0,1,0,20
46,"Escanaba, MI",0,0,0,0,0,0,0,14
46,"Eugene, OR",7,1,8,0,11,14,0,148
46,"Evansville, IN",1,0,2,0,1,2,0,44
46,"Everett, WA",1,0,0,0,0,1,0,18
46,"Fairbanks, AK",2,0,5,0,3,8,0,47
46,"Fargo, ND",7,0,6,0,7,15,0,139
46,"Fayetteville, AR",11,1,7,0,7,16,0,314
46,"Fayetteville, NC",0,0,1,0,2,2,0,32
46,"Flagstaff, AZ",2,0,0,0,1,3,0,48
46,"Flint, MI",4,1,2,0,1,6,0,41
46,"Fort Dodge, IA",1,0,0,0,0,1,0,12
46,"Fort Lauderdale, FL",84,1,48,1,59,126,1,1633
46,"Fort Myers, FL",35,0,14,0,32,53,0,645
46,"Fort Smith, AR",1,0,1,0,0,2,0,21
46,"Fort Wayne, IN",10,0,7,0,1,11,0,111
46,"Fresno, CA",20,2,25,0,15,39,0,244
46,"Gainesville, FL",5,0,1,0,1,7,0,56
46,"Garden City, KS",2,0,2,0,0,3,0,14
46,"Gillette, WY",0,0,0,0,0,0,0,14
46,"Grand Forks, ND",0,0,0,0,0,0,0,25
46,"Grand Island, NE",1,0,1,0,1,2,0,18
46,"Grand Junction, CO",6,0,4,0,3,8,0,83
46,"Grand Rapids, MI",29,1,17,0,18,41,0,340
46,"Great Falls, MT",4,1,1,0,0,4,0,45
46,"Green Bay, WI",5,0,3,0,2,7,0,68
46,"Greensboro/High Point, NC",11,0,8,0,7,17,0,229
46,"Greer, SC",15,1,17,0,12,27,1,323
46,"Guam, TT",0,0,1,0,1,2,1,14
46,"Gulfport/Biloxi, MS",4,0,2,0,0,3,0,68
46,"Gunnison, CO",0,0,0,0,1,1,0,14
46,"Hagerstown, MD",0,0,0,0,0,0,0,5
46,"Hancock/Houghton, MI",0,0,0,0,0,0,0,14
46,"Harlingen/San Benito, TX",0,1,2,0,2,4,0,96
46,"Harrisburg, PA",16,1,11,0,7,20,0,108
46,"Hartford, CT",32,0,38,1,27,54,0,423
46,"Hattiesburg/Laurel, MS",2,0,2,0,1,3,0,12
46,"Hayden, CO",2,0,0,0,1,3,0,28
46,"Hays, KS",1,0,0,0,1,2,0,12
46,"Helena, MT",2,1,1,0,1,4,0,28
46,"Hibbing, MN",0,1,0,0,0,1,0,12
46,"Hilo, HI",9,0,0,0,3,8,0,128
46,"Hilton Head, SC",0,0,4,0,0,4,0,21
46,"Hobbs, NM",3,0,2,0,1,4,0,14
46,"Honolulu, HI",53,1,12,2,47,84,1,1150
46,"Houston, TX",187,3,119,0,116,277,7,3304
46,"Huntsville, AL",16,0,6,0,4,18,0,166
46,"Idaho Falls, ID",5,0,3,0,3,8,0,70
46,"Indianapolis, IN",47,0,31,0,33,62,0,916
46,"International Falls, MN",0,0,0,0,0,0,0,12
46,"Iron Mountain/Kingsfd, MI",2,0,0,0,0,2,0,14
46,"Islip, NY",6,0,6,0,1,7,0,79
46,"Ithaca/Cortland, NY",0,0,0,0,0,0,0,14
46,"Jackson, WY",4,0,0,0,1,4,0,54
46,"Jackson/Vicksburg, MS",7,0,6,0,4,13,0,141
46,"Jacksonville, FL",27,0,26,0,22,48,0,592
46,"Jacksonville/Camp Lejeune, NC",2,1,1,0,2,4,0,41
46,"Jamestown, ND",1,1,0,0,0,2,0,13
46,"Johnstown, PA",2,0,1,0,0,2,0,14
46,"Joplin, MO",0,0,0,0,1,1,0,12
46,"Juneau, AK",4,0,6,0,3,9,1,77
46,"Kahului, HI",19,0,3,0,12,25,1,495
46,"Kalamazoo, MI",1,0,0,0,0,1,0,20
46,"Kalispell, MT",2,0,3,0,0,5,0,46
46,"Kansas City, MO",58,1,21,0,48,80,0,947
46,"Kearney, NE",0,0,0,0,0,0,0,12
46,"Ketchikan, AK",4,0,5,0,2,7,0,42
46,"Key West, FL",8,1,8,0,5,15,0,167
46,"Killeen, TX",3,0,2,0,0,4,0,42
46,"Knoxville, TN",18,0,20,0,11,31,0,327
46,"Kodiak, AK",0,0,1,0,1,1,1,14
46,"Kona, HI",18,0,2,0,11,20,0,297
46,"Kotzebue, AK",0,0,1,0,1,1,0,7
46,"La Crosse, WI",2,0,2,0,1,3,0,14
46,"Lafayette, LA",10,0,2,0,5,13,0,69
46,"Lake Charles, LA",1,0,0,0,1,2,0,21
46,"Lansing, MI",1,2,0,0,0,3,0,26
46,"Laramie, WY",2,0,2,0,0,2,0,12
46,"Laredo, TX",1,0,1,0,0,1,0,37
46,"Las Vegas, NV",233,1,216,2,226,415,6,3722
46,"Latrobe, PA",1,0,1,0,0,1,0,7
46,"Lawton/Fort Sill, OK",3,1,3,0,1,5,0,21
46,"Lewiston, ID",2,0,1,0,0,1,0,21
46,"Lexington, KY",7,1,7,0,5,11,0,184
46,"Liberal, KS",0,0,0,0,1,1,0,12
46,"Lihue, HI",18,0,1,0,12,22,0,298
46,"Lincoln, NE",5,0,2,0,3,8,0,54
46,"Little Rock, AR",9,2,8,0,8,19,0,246
46,"Long Beach, CA",19,0,9,0,17,28,0,343
46,"Longview, TX",2,0,1,0,2,3,0,14
46,"Los Angeles, CA",264,6,212,4,143,395,3,3703
46,"Louisville, KY",28,1,17,0,10,34,1,454
46,"Lubbock, TX",12,3,5,0,14,22,1,119
46,"Madison, WI",15,0,12,0,12,26,0,235
46,"Manchester, NH",6,0,4,0,8,10,0,96
46,"Manhattan/Ft. Riley, KS",0,0,1,0,0,1,0,21
46,"Marquette, MI",2,0,0,0,1,2,0,14
46,"Mason City, IA",0,0,0,0,0,0,0,12
46,"Medford, OR",6,1,2,0,2,9,0,87
46,"Melbourne, FL",3,1,0,0,2,5,0,59
46,"Memphis, TN",21,0,9,1,20,34,0,423
46,"Meridian, MS",1,0,1,0,0,1,0,12
46,"Miami, FL",98,1,46,1,73,140,2,2114
46,"Midland/Odessa, TX",5,3,7,1,3,14,0,201
46,"Milwaukee, WI",40,0,22,0,19,55,0,524
46,"Minneapolis, MN",122,8,40,0,50,163,0,2434
46,"Minot, ND",1,0,0,0,0,1,0,47
46,"Mission/McAllen/Edinburg, TX",12,0,7,0,9,16,0,96
46,"Missoula, MT",2,2,4,0,1,6,0,68
46,"Mobile, AL",3,0,0,0,1,2,0,50
46,"Moline, IL",11,0,5,0,4,14,0,85
46,"Monroe, LA",1,0,1,0,0,1,0,41
46,"Monterey, CA",9,0,10,0,1,14,0,101
46,"Montgomery, AL",2,2,3,0,1,6,0,61
46,"Montrose/Delta, CO",0,0,1,0,0,1,0,28
46,"Mosinee, WI",0,0,0,0,0,0,0,14
46,"Myrtle Beach, SC",12,0,15,0,6,21,0,224
46,"Nashville, TN",95,1,48,0,84,143,0,1928
46,"New Orleans, LA",62,1,33,0,50,97,0,999
46,"New York, NY",310,8,264,1,178,480,2,5621
46,"Newark, NJ",145,8,649,0,155,749,19,2526
46,"Newburgh/Poughkeepsie, NY",0,0,0,0,0,0,0,7
46,"Niagara Falls, NY",0,0,0,0,0,0,0,5
46,"Nome, AK",0,0,1,0,1,1,0,7
46,"Norfolk, VA",27,0,21,0,26,43,1,429
46,"North Bend/Coos Bay, OR",0,0,0,0,1,1,0,4
46,"North Platte, NE",1,0,2,0,2,3,0,12
46,"Oakland, CA",49,0,28,0,44,75,2,728
46,"Oklahoma City, OK",25,0,20,0,18,42,0,446
46,"Omaha, NE",16,1,9,0,8,21,0,466
46,"Ontario, CA",46,1,29,0,34,63,0,531
46,"Orlando, FL",150,1,61,0,122,227,7,2927
46,"Pago Pago, TT",0,0,0,0,0,0,0,2
46,"Palm Springs, CA",18,0,18,0,11,34,0,309
46,"Panama City, FL",3,0,2,0,1,5,0,116
46,"Pasco/Kennewick/Richland, WA",8,0,1,0,5,13,0,116
46,"Pellston, MI",1,0,0,0,0,1,0,12
46,"Pensacola, FL",13,0,10,0,9,20,0,227
46,"Peoria, IL",4,0,6,0,2,6,0,75
46,"Petersburg, AK",0,0,1,0,1,2,0,14
46,"Philadelphia, PA",127,2,104,0,101,205,2,1749
46,"Phoenix, AZ",283,5,264,0,199,474,4,4079
46,"Pittsburgh, PA",49,0,34,1,37,79,2,784
46,"Plattsburgh, NY",1,0,1,0,0,1,0,10
46,"Pocatello, ID",1,0,0,0,0,1,0,13
46,"Ponce, PR",0,0,0,0,0,0,0,6
46,"Portland, ME",19,0,13,0,13,24,0,190
46,"Portland, OR",71,4,73,1,79,148,2,1131
46,"Portsmouth, NH",0,0,0,0,0,0,0,5
46,"Prescott, AZ",0,0,0,0,2,2,0,14
46,"Presque Isle/Houlton, ME",0,0,0,0,0,0,0,7
46,"Providence, RI",31,0,18,0,13,38,0,319
46,"Provo, UT",4,0,3,0,5,8,0,61
46,"Punta Gorda, FL",6,0,2,0,7,9,0,107
46,"Raleigh/Durham, NC",74,1,52,0,72,126,0,1201
46,"Rapid City, SD",5,0,5,0,3,9,0,102
46,"Redding, CA",2,0,4,0,4,9,0,34
46,"Reno, NV",21,2,23,0,17,40,0,403
46,"Rhinelander, WI",2,0,0,0,0,2,0,14
46,"Richmond, VA",25,1,12,0,14,34,0,345
46,"Riverton/Lander, WY",1,0,0,0,0,1,0,14
46,"Roanoke, VA",7,1,8,1,1,10,0,73
46,"Rochester, MN",2,1,1,0,0,3,0,20
46,"Rochester, NY",19,0,13,0,15,30,0,220
46,"Rock Springs, WY",1,1,0,0,0,2,0,14
46,"Rockford, IL",3,0,2,0,1,3,0,12
46,"Roswell, NM",0,0,0,0,0,0,0,21
46,"Sacramento, CA",78,0,55,0,65,120,3,1112
46,"Saginaw/Bay City/Midland, MI",2,1,3,0,1,4,0,48
46,"Saipan, TT",0,0,0,0,0,0,1,7
46,"Salina, KS",1,0,0,0,0,1,0,14
46,"Salt Lake City, UT",84,6,49,0,67,151,2,2110
46,"San Angelo, TX",0,0,1,0,1,1,0,21
46,"San Antonio, TX",43,0,23,0,37,69,0,791
46,"San Diego, CA",160,0,170,1,144,286,4,1855
46,"San Francisco, CA",286,11,522,0,177,694,5,2855
46,"San Jose, CA",66,2,48,0,59,108,2,996
46,"San Juan, PR",44,1,33,0,22,60,2,642
46,"San Luis Obispo, CA",11,1,11,0,5,19,0,120
46,"Sanford, FL",18,1,4,0,17,22,0,143
46,"Santa Ana, CA",49,1,39,0,40,83,2,847
46,"Santa Barbara, CA",8,0,9,0,10,16,0,151
46,"Santa Fe, NM",10,0,4,0,2,12,0,67
46,"Santa Maria, CA",0,0,0,0,0,0,0,2
46,"Santa Rosa, CA",9,0,10,0,13,22,0,90
46,"Sarasota/Bradenton, FL",18,0,8,0,12,25,0,304
46,"Sault Ste. Marie, MI",1,0,0,0,0,1,0,14
46,"Savannah, GA",19,0,17,0,21,35,0,382
46,"Scottsbluff, NE",2,0,0,0,0,2,0,12
46,"Scranton/Wilkes-Barre, PA",2,0,2,0,2,3,0,35
46,"Seattle, WA",173,7,205,3,136,349,7,2965
46,"Sheridan, WY",0,0,1,0,1,1,0,14
46,"Shreveport, LA",4,0,2,0,1,6,0,106
46,"Sioux City, IA",0,0,0,0,0,0,0,14
46,"Sioux Falls, SD",7,4,6,0,4,14,1,148
46,"Sitka, AK",1,1,2,0,2,5,1,21
46,"South Bend, IN",12,1,13,0,8,20,0,146
46,"Spokane, WA",32,2,19,0,21,47,0,353
46,"Springfield, IL",0,0,0,0,0,0,0,2
46,"Springfield, MO",10,2,6,0,4,15,0,187
46,"St. Cloud, MN",0,0,0,0,0,0,0,2
46,"St. George, UT",3,0,2,0,2,6,0,71
46,"St. Louis, MO",69,1,37,0,49,96,1,1233
46,"St. Petersburg, FL",6,1,5,0,8,12,0,129
46,"State College, PA",2,0,1,0,0,2,0,9
46,"Stillwater, OK",2,0,0,0,0,2,0,14
46,"Stockton, CA",1,0,0,0,1,1,0,8
46,"Sun Valley/Hailey/Ketchum, ID",1,0,0,0,0,1,0,21
46,"Syracuse, NY",18,2,14,0,8,26,0,237
46,"Tallahassee, FL",5,0,1,0,3,6,0,105
46,"Tampa, FL",89,1,40,0,75,138,1,1454
46,"Texarkana, AR",2,0,1,0,1,3,0,14
46,"Toledo, OH",1,0,1,0,1,1,0,6
46,"Traverse City, MI",4,0,3,0,1,5,0,48
46,"Trenton, NJ",0,0,0,0,0,0,0,12
46,"Tucson, AZ",36,0,29,0,24,58,0,411
46,"Tulsa, OK",21,1,8,0,11,27,0,336
46,"Twin Falls, ID",1,0,0,0,0,1,0,13
46,"Tyler, TX",2,1,1,0,1,4,0,21
46,"Valdosta, GA",1,0,1,0,1,2,0,20
46,"Valparaiso, FL",6,0,1,0,1,7,0,153
46,"Victoria, TX",0,0,0,0,0,0,0,12
46,"Waco, TX",0,0,0,0,0,0,0,21
46,"Washington, DC",216,2,253,1,172,400,5,3893
46,"West Palm Beach/Palm Beach, FL",44,0,27,0,25,63,0,601
46,"White Plains, NY",14,0,10,0,8,20,0,233
46,"Wichita Falls, TX",2,0,1,0,0,2,0,14
46,"Wichita, KS",26,1,16,1,10,37,0,232
46,"Williston, ND",1,0,1,0,0,1,0,40
46,"Wilmington, NC",14,0,9,0,10,20,1,156
46,"Worcester, MA",0,0,1,0,0,1,0,27
46,"Wrangell, AK",1,0,1,0,3,3,0,14
46,"Yakutat, AK",0,0,0,0,0,0,2,14
46,"Yuma, AZ",6,0,2,0,1,8,0,42
47,"Aberdeen, SD",0,0,0,0,0,0,0,14
47,"Abilene, TX",0,0,2,0,3,3,1,34
47,"Adak Island, AK",0,0,0,0,0,0,0,2
47,"Aguadilla, PR",16,0,11,0,15,18,0,41
47,"Akron, OH",17,4,13,0,11,24,0,66
47,"Albany, GA",2,1,0,0,0,3,0,21
47,"Albany, NY",35,2,32,0,26,48,0,235
47,"Albuquerque, NM",19,1,18,0,23,41,2,480
47,"Alexandria, LA",2,1,0,0,0,3,0,42
47,"Allentown/Bethlehem/Easton, PA",6,0,12,0,4,14,0,73
47,"Alpena, MI",5,0,2,0,0,5,0,12
47,"Amarillo, TX",4,0,2,0,2,5,1,98
47,"Anchorage, AK",15,3,24,0,17,38,6,277
47,"Appleton, WI",22,10,14,0,11,37,4,135
47,"Arcata/Eureka, CA",5,1,5,0,3,9,6,42
47,"Asheville, NC",22,1,18,0,18,35,2,203
47,"Ashland, WV",1,0,1,0,0,2,0,5
47,"Aspen, CO",8,4,9,0,2,13,5,97
47,"Atlanta, GA",431,35,462,3,450,889,9,7053
47,"Atlantic City, NJ",2,0,0,0,1,3,0,54
47,"Augusta, GA",8,2,7,0,4,14,0,85
47,"Austin, TX",104,10,100,0,108,206,3,1693
47,"Bakersfield, CA",5,0,3,0,1,7,2,65
47,"Baltimore, MD",145,4,128,1,153,247,4,1893
47,"Bangor, ME",8,1,11,0,11,15,0,69
47,"Barrow, AK",1,0,1,0,0,1,2,7
47,"Baton Rouge, LA",7,1,3,0,4,10,0,109
47,"Beaumont/Port Arthur, TX",0,0,0,0,1,1,0,14
47,"Belleville, IL",1,0,3,0,4,4,0,15
47,"Bellingham, WA",1,0,1,0,1,2,1,38
47,"Bemidji, MN",1,0,1,0,0,1,0,14
47,"Bend/Redmond, OR",8,0,7,0,9,17,4,116
47,"Bethel, AK",0,0,0,0,0,0,2,14
47,"Billings, MT",6,0,0,0,4,8,0,83
47,"Binghamton, NY",1,0,2,0,1,2,0,7
47,"Birmingham, AL",26,2,17,0,23,41,0,377
47,"Bismarck/Mandan, ND",6,3,6,0,0,9,0,86
47,"Bloomington/Normal, IL",2,0,3,0,0,4,0,32
47,"Boise, ID",35,3,29,0,34,68,5,479
47,"Boston, MA",260,21,573,1,259,715,1,2913
47,"Bozeman, MT",10,0,2,0,4,13,0,138
47,"Brainerd, MN",2,0,1,0,0,2,0,12
47,"Bristol/Johnson City/Kingsport, TN",3,0,2,0,5,8,0,51
47,"Brownsville, TX",2,0,2,0,2,5,0,33
47,"Brunswick, GA",0,0,0,0,0,0,0,21
47,"Buffalo, NY",60,3,36,0,36,82,0,429
47,"Burbank, CA",53,2,50,0,63,107,8,667
47,"Burlington, VT",15,1,18,0,16,27,0,155
47,"Butte, MT",2,1,0,0,0,3,0,13
47,"Casper, WY",4,0,1,0,0,4,0,49
47,"Cedar City, UT",4,1,2,0,0,5,0,12
47,"Cedar Rapids/Iowa City, IA",18,6,19,0,15,31,1,160
47,"Champaign/Urbana, IL",1,1,2,0,1,4,0,20
47,"Charleston, SC",51,0,36,0,39,72,0,478
47,"Charleston/Dunbar, WV",10,3,10,0,5,19,0,75
47,"Charlotte Amalie, VI",10,0,9,0,5,13,0,89
47,"Charlotte, NC",318,13,315,5,309,579,2,4293
47,"Charlottesville, VA",4,0,4,0,3,9,0,67
47,"Chattanooga, TN",11,1,12,0,9,20,2,178
47,"Cheyenne, WY",4,0,0,0,1,5,0,13
47,"Chicago, IL",619,86,916,1,561,1332,51,6800
47,"Christiansted, VI",2,0,5,0,2,7,0,18
47,"Cincinnati, OH",89,7,81,0,84,144,1,776
47,"Clarksburg/Fairmont, WV",0,0,0,0,0,0,0,2
47,"Cleveland, OH",81,4,75,0,73,137,3,765
47,"Cody, WY",1,0,1,0,1,2,0,14
47,"College Station/Bryan, TX",1,0,1,0,1,2,1,21
47,"Colorado Springs, CO",21,1,10,0,13,30,0,249
47,"Columbia, MO",7,0,5,0,4,7,0,33
47,"Columbia, SC",17,0,7,0,9,23,0,152
47,"Columbus, GA",0,1,0,0,1,1,2,20
47,"Columbus, MS",0,0,0,0,1,1,0,14
47,"Columbus, OH",103,15,86,0,67,156,1,889
47,"Concord, NC",2,1,2,0,2,4,0,14
47,"Cordova, AK",1,0,0,0,1,2,0,14
47,"Corpus Christi, TX",2,1,3,0,3,7,0,80
47,"Dallas, TX",81,4,63,0,89,158,4,1462
47,"Dallas/Fort Worth, TX",470,112,436,1,473,958,45,6149
47,"Dayton, OH",13,3,13,0,6,20,0,151
47,"Daytona Beach, FL",2,0,3,0,2,5,0,55
47,"Deadhorse, AK",0,0,1,0,0,1,0,11
47,"Decatur, IL",2,2,2,0,1,5,0,12
47,"Denver, CO",385,26,222,2,325,639,21,6061
47,"Des Moines, IA",19,4,15,0,20,39,0,307
47,"Detroit, MI",270,59,199,1,167,458,6,2746
47,"Devils Lake, ND",2,0,1,0,0,2,3,13
47,"Dickinson, ND",1,1,1,0,0,2,0,13
47,"Dodge City, KS",0,0,0,0,1,0,0,12
47,"Dothan, AL",2,1,1,0,0,3,0,21
47,"Duluth, MN",4,4,6,0,2,9,0,48
47,"Durango, CO",7,1,2,0,6,14,0,82
47,"Eagle, CO",1,1,0,0,1,2,0,26
47,"El Paso, TX",26,1,6,0,24,39,2,366
47,"Elko, NV",1,0,0,0,0,1,0,7
47,"Elmira/Corning, NY",5,1,3,0,0,6,0,20
47,"Escanaba, MI",6,0,1,0,0,5,0,14
47,"Eugene, OR",17,1,11,0,15,29,3,151
47,"Evansville, IN",5,0,3,0,0,7,0,47
47,"Everett, WA",1,0,0,0,2,3,0,19
47,"Fairbanks, AK",7,1,9,0,6,12,1,52
47,"Fargo, ND",19,4,16,0,7,31,2,142
47,"Fayetteville, AR",15,4,18,0,13,31,3,315
47,"Fayetteville, NC",3,0,3,0,1,4,0,34
47,"Flagstaff, AZ",2,1,1,0,5,8,0,49
47,"Flint, MI",4,3,7,0,7,13,1,47
47,"Fort Dodge, IA",1,0,3,0,3,4,1,12
47,"Fort Lauderdale, FL",171,7,150,0,144,278,1,1799
47,"Fort Myers, FL",63,3,45,0,53,96,0,719
47,"Fort Smith, AR",0,0,1,0,0,1,1,21
47,"Fort Wayne, IN",9,4,10,0,2,17,2,111
47,"Fresno, CA",22,1,23,0,24,45,6,252
47,"Gainesville, FL",4,0,4,0,2,6,0,64
47,"Garden City, KS",0,0,0,0,0,0,0,14
47,"Gillette, WY",2,0,0,0,0,2,0,14
47,"Grand Forks, ND",2,1,1,0,0,3,0,24
47,"Grand Island, NE",1,1,0,0,1,3,0,18
47,"Grand Junction, CO",5,0,5,0,4,10,0,84
47,"Grand Rapids, MI",47,8,46,0,25,72,0,349
47,"Great Falls, MT",3,1,1,0,0,4,0,46
47,"Green Bay, WI",14,6,8,0,2,22,2,71
47,"Greensboro/High Point, NC",17,2,19,0,14,30,1,237
47,"Greer, SC",25,1,26,1,27,49,1,336
47,"Guam, TT",1,0,0,0,2,3,0,14
47,"Gulfport/Biloxi, MS",5,0,1,0,6,7,0,68
47,"Gunnison, CO",1,0,0,0,1,2,0,14
47,"Hagerstown, MD",2,0,2,0,1,2,0,4
47,"Hancock/Houghton, MI",3,0,4,0,2,5,1,14
47,"Harlingen/San Benito, TX",2,0,0,0,3,5,1,97
47,"Harrisburg, PA",12,1,13,0,9,22,0,112
47,"Hartford, CT",51,2,51,0,48,88,0,451
47,"Hattiesburg/Laurel, MS",0,0,0,0,1,1,0,12
47,"Hayden, CO",1,1,1,0,0,3,0,28
47,"Hays, KS",0,1,0,0,1,2,0,12
47,"Helena, MT",1,0,0,0,2,3,0,28
47,"Hibbing, MN",2,0,0,0,0,2,0,12
47,"Hilo, HI",15,0,0,0,9,16,0,125
47,"Hilton Head, SC",1,0,2,0,2,3,0,21
47,"Hobbs, NM",3,1,2,0,1,5,0,14
47,"Honolulu, HI",127,3,70,0,62,177,5,1155
47,"Houston, TX",181,9,159,1,171,333,7,3395
47,"Huntsville, AL",26,2,15,0,10,33,0,171
47,"Idaho Falls, ID",2,0,2,0,2,4,0,73
47,"Indianapolis, IN",89,6,89,1,80,152,1,954
47,"International Falls, MN",0,1,0,0,0,1,0,12
47,"Iron Mountain/Kingsfd, MI",2,0,1,0,0,3,0,14
47,"Islip, NY",5,1,7,0,6,11,0,86
47,"Ithaca/Cortland, NY",0,0,0,0,2,2,0,14
47,"Jackson, WY",3,3,1,0,3,9,0,54
47,"Jackson/Vicksburg, MS",14,0,10,0,8,21,0,147
47,"Jacksonville, FL",75,3,43,0,55,101,1,627
47,"Jacksonville/Camp Lejeune, NC",7,0,2,0,2,7,0,42
47,"Jamestown, ND",0,0,0,0,1,1,3,13
47,"Johnstown, PA",3,2,2,0,0,5,1,14
47,"Joplin, MO",0,1,0,0,0,1,0,12
47,"Juneau, AK",4,0,3,0,5,8,0,77
47,"Kahului, HI",49,2,38,0,23,79,3,502
47,"Kalamazoo, MI",3,3,1,0,0,6,0,21
47,"Kalispell, MT",3,1,1,0,0,4,0,47
47,"Kansas City, MO",69,6,48,1,59,117,2,990
47,"Kearney, NE",1,0,0,0,0,1,0,12
47,"Ketchikan, AK",1,0,1,0,3,5,1,42
47,"Key West, FL",12,2,19,0,15,27,0,171
47,"Killeen, TX",4,0,1,0,0,3,2,42
47,"Knoxville, TN",28,2,30,1,24,48,0,335
47,"Kodiak, AK",0,0,0,0,1,1,0,14
47,"Kona, HI",17,0,19,1,14,32,1,302
47,"Kotzebue, AK",0,0,0,0,0,0,2,7
47,"La Crosse, WI",0,2,2,0,0,3,0,14
47,"Lafayette, LA",3,0,3,0,3,5,0,69
47,"Lake Charles, LA",0,0,0,0,0,0,0,21
47,"Lansing, MI",10,0,3,0,0,10,1,27
47,"Laramie, WY",0,0,0,0,0,0,0,12
47,"Laredo, TX",4,0,3,0,2,5,1,37
47,"Las Vegas, NV",221,14,231,2,249,462,12,3708
47,"Latrobe, PA",0,0,0,0,0,0,0,7
47,"Lawton/Fort Sill, OK",0,1,1,0,1,2,0,21
47,"Lewiston, ID",2,0,1,0,0,1,0,21
47,"Lexington, KY",15,2,16,0,8,24,0,193
47,"Liberal, KS",1,0,0,0,3,4,0,12
47,"Lihue, HI",21,0,9,0,6,28,2,300
47,"Lincoln, NE",8,0,2,0,3,11,1,54
47,"Little Rock, AR",12,2,11,0,14,28,2,257
47,"Long Beach, CA",27,0,10,0,27,39,0,349
47,"Longview, TX",3,1,3,0,2,5,0,14
47,"Los Angeles, CA",336,24,311,3,255,599,18,3812
47,"Louisville, KY",48,2,52,0,41,83,0,462
47,"Lubbock, TX",8,0,4,0,12,17,1,121
47,"Madison, WI",31,6,27,0,23,51,2,239
47,"Manchester, NH",16,1,12,0,12,23,0,102
47,"Manhattan/Ft. Riley, KS",0,0,0,0,0,0,0,21
47,"Marquette, MI",1,2,2,0,1,4,1,14
47,"Mason City, IA",1,0,1,0,2,2,1,12
47,"Medford, OR",10,3,5,0,1,14,3,88
47,"Melbourne, FL",3,0,3,0,3,4,0,61
47,"Memphis, TN",45,2,28,0,32,66,2,437
47,"Meridian, MS",1,0,1,0,0,1,0,12
47,"Miami, FL",188,2,165,0,149,313,2,2190
47,"Midland/Odessa, TX",7,3,3,0,8,16,1,202
47,"Milwaukee, WI",58,13,51,0,47,103,2,545
47,"Minneapolis, MN",169,57,153,0,128,334,3,2534
47,"Minot, ND",8,1,1,0,0,9,1,49
47,"Mission/McAllen/Edinburg, TX",13,1,4,1,12,21,0,102
47,"Missoula, MT",2,0,4,0,4,8,0,69
47,"Mobile, AL",1,0,1,0,1,3,0,53
47,"Moline, IL",13,1,11,0,7,19,2,88
47,"Monroe, LA",9,2,3,0,2,11,1,42
47,"Monterey, CA",8,0,13,0,12,22,2,103
47,"Montgomery, AL",3,2,3,0,4,8,1,62
47,"Montrose/Delta, CO",2,0,0,0,2,3,0,28
47,"Mosinee, WI",0,0,2,0,1,2,0,14
47,"Myrtle Beach, SC",18,0,16,0,11,32,0,232
47,"Nashville, TN",123,11,88,0,134,231,6,1989
47,"New Orleans, LA",81,4,53,1,69,131,2,1032
47,"New York, NY",486,43,747,5,387,1003,6,5730
47,"Newark, NJ",213,20,679,1,232,814,9,2576
47,"Newburgh/Poughkeepsie, NY",0,1,1,0,0,1,0,8
47,"Niagara Falls, NY",1,0,0,0,0,1,0,5
47,"Nome, AK",0,0,1,0,1,1,0,7
47,"Norfolk, VA",54,1,40,0,43,76,0,442
47,"North Bend/Coos Bay, OR",0,1,1,0,1,2,1,4
47,"North Platte, NE",1,0,1,0,0,1,0,12
47,"Oakland, CA",43,0,48,1,50,85,4,757
47,"Oklahoma City, OK",51,5,20,0,32,72,2,475
47,"Omaha, NE",43,7,26,0,36,74,2,474
47,"Ontario, CA",44,6,27,0,40,75,7,523
47,"Orlando, FL",229,12,197,2,246,425,6,3049
47,"Pago Pago, TT",0,0,0,0,0,0,0,2
47,"Palm Springs, CA",21,5,33,0,18,50,8,318
47,"Panama City, FL",8,0,8,0,5,16,0,120
47,"Pasco/Kennewick/Richland, WA",7,3,6,0,3,14,1,123
47,"Pellston, MI",2,0,2,0,0,3,0,12
47,"Pensacola, FL",21,4,13,0,18,32,0,232
47,"Peoria, IL",8,1,7,0,6,11,2,77
47,"Petersburg, AK",0,0,0,0,0,0,0,14
47,"Philadelphia, PA",186,15,250,0,168,366,0,1812
47,"Phoenix, AZ",309,26,190,1,290,524,5,4257
47,"Pittsburgh, PA",64,6,67,0,68,124,1,806
47,"Plattsburgh, NY",0,0,0,0,0,0,0,10
47,"Pocatello, ID",0,0,0,0,0,0,0,13
47,"Ponce, PR",1,0,1,0,1,1,0,8
47,"Portland, ME",35,4,25,0,21,48,1,194
47,"Portland, OR",97,7,116,0,118,209,8,1177
47,"Portsmouth, NH",2,0,2,0,0,2,0,7
47,"Prescott, AZ",1,0,1,0,0,1,0,14
47,"Presque Isle/Houlton, ME",2,0,1,0,2,3,0,7
47,"Providence, RI",44,8,42,0,27,62,1,328
47,"Provo, UT",9,0,9,0,7,15,0,66
47,"Punta Gorda, FL",9,1,8,0,13,20,0,124
47,"Raleigh/Durham, NC",118,7,87,1,117,192,1,1243
47,"Rapid City, SD",8,0,8,0,4,11,0,106
47,"Redding, CA",1,0,6,0,3,7,4,35
47,"Reno, NV",37,5,26,0,28,67,5,416
47,"Rhinelander, WI",3,0,1,0,0,3,0,14
47,"Richmond, VA",42,2,33,0,36,68,0,375
47,"Riverton/Lander, WY",2,0,1,0,1,3,0,14
47,"Roanoke, VA",9,1,9,0,5,14,0,74
47,"Rochester, MN",1,2,2,1,0,4,0,21
47,"Rochester, NY",22,4,22,0,29,43,0,227
47,"Rock Springs, WY",0,0,0,0,0,0,0,14
47,"Rockford, IL",0,0,1,0,0,1,0,13
47,"Roswell, NM",3,0,0,0,1,4,0,21
47,"Sacramento, CA",107,1,94,0,101,171,10,1129
47,"Saginaw/Bay City/Midland, MI",12,3,4,0,1,14,1,48
47,"Saipan, TT",0,0,0,0,0,0,0,7
47,"Salina, KS",2,1,3,0,1,4,0,14
47,"Salt Lake City, UT",142,23,91,0,122,253,4,2161
47,"San Angelo, TX",1,0,1,0,2,3,0,21
47,"San Antonio, TX",60,3,25,0,52,87,3,834
47,"San Diego, CA",191,17,242,0,173,399,8,1913
47,"San Francisco, CA",311,67,1012,0,304,1187,109,2923
47,"San Jose, CA",66,4,102,2,77,150,3,1020
47,"San Juan, PR",92,1,99,0,66,143,0,697
47,"San Luis Obispo, CA",12,4,14,0,11,26,5,126
47,"Sanford, FL",22,2,19,0,25,38,0,151
47,"Santa Ana, CA",76,6,69,0,72,147,10,869
47,"Santa Barbara, CA",13,2,11,0,15,25,0,154
47,"Santa Fe, NM",5,1,2,0,2,7,0,68
47,"Santa Maria, CA",0,0,0,0,0,0,0,2
47,"Santa Rosa, CA",18,2,30,0,19,46,2,100
47,"Sarasota/Bradenton, FL",32,0,16,0,18,44,0,326
47,"Sault Ste. Marie, MI",3,0,0,0,0,3,0,14
47,"Savannah, GA",45,0,24,0,35,65,0,393
47,"Scottsbluff, NE",2,0,1,0,1,3,0,12
47,"Scranton/Wilkes-Barre, PA",4,3,6,0,3,9,1,35
47,"Seattle, WA",210,30,242,5,186,451,28,3027
47,"Sheridan, WY",2,0,0,0,2,4,0,14
47,"Shreveport, LA",3,0,6,1,5,9,0,106
47,"Sioux City, IA",3,0,0,0,2,5,0,14
47,"Sioux Falls, SD",10,6,11,0,7,24,0,148
47,"Sitka, AK",0,1,1,0,1,2,0,21
47,"South Bend, IN",17,4,16,0,5,26,2,143
47,"Spokane, WA",24,7,18,0,20,44,3,361
47,"Springfield, IL",0,0,0,0,0,0,0,2
47,"Springfield, MO",17,2,12,0,5,25,1,197
47,"St. Cloud, MN",0,0,0,0,0,0,0,4
47,"St. George, UT",5,0,3,0,5,10,0,72
47,"St. Louis, MO",103,6,72,0,93,164,0,1290
47,"St. Petersburg, FL",7,3,6,0,7,17,0,143
47,"State College, PA",0,1,1,0,0,1,0,9
47,"Stillwater, OK",0,0,0,0,1,1,0,14
47,"Stockton, CA",0,0,3,0,1,3,0,9
47,"Sun Valley/Hailey/Ketchum, ID",0,0,0,0,0,0,0,21
47,"Syracuse, NY",36,6,27,0,23,53,0,243
47,"Tallahassee, FL",8,0,4,0,3,9,0,111
47,"Tampa, FL",129,2,99,0,111,205,2,1574
47,"Texarkana, AR",0,0,0,0,0,0,0,14
47,"Toledo, OH",0,0,0,0,0,0,0,6
47,"Traverse City, MI",7,1,6,0,4,9,0,47
47,"Trenton, NJ",2,0,1,0,1,2,0,19
47,"Tucson, AZ",29,5,16,0,17,50,1,424
47,"Tulsa, OK",19,8,14,0,23,42,1,346
47,"Twin Falls, ID",0,0,0,0,0,0,0,13
47,"Tyler, TX",3,0,0,0,2,5,1,21
47,"Valdosta, GA",0,0,0,0,0,0,0,21
47,"Valparaiso, FL",9,1,4,0,6,15,0,155
47,"Victoria, TX",1,0,2,0,1,2,0,12
47,"Waco, TX",4,0,2,0,2,6,1,21
47,"Washington, DC",298,27,379,3,306,623,12,3927
47,"West Palm Beach/Palm Beach, FL",64,0,53,0,48,97,2,628
47,"White Plains, NY",36,4,33,0,22,50,1,236
47,"Wichita Falls, TX",0,0,0,0,0,0,0,14
47,"Wichita, KS",23,6,28,0,19,49,1,234
47,"Williston, ND",3,2,3,0,1,6,1,41
47,"Wilmington, NC",12,0,8,0,13,22,0,161
47,"Worcester, MA",3,1,4,0,3,6,0,27
47,"Wrangell, AK",1,0,0,0,1,2,0,14
47,"Yakutat, AK",0,1,1,0,1,2,0,14
47,"Yuma, AZ",2,0,3,0,4,6,0,42
48,"Aberdeen, SD",6,0,4,0,0,6,0,13
48,"Abilene, TX",1,0,1,0,3,3,0,32
48,"Adak Island, AK",1,0,0,0,0,1,0,2
48,"Aguadilla, PR",19,0,16,0,9,22,0,48
48,"Akron, OH",9,0,9,0,8,19,0,66
48,"Albany, GA",1,1,0,0,1,3,0,19
48,"Albany, NY",29,1,19,0,21,42,0,222
48,"Albuquerque, NM",37,2,28,0,35,63,1,456
48,"Alexandria, LA",1,0,1,0,1,2,0,37
48,"Allentown/Bethlehem/Easton, PA",6,0,4,0,4,8,0,79
48,"Alpena, MI",6,1,3,0,0,7,0,13
48,"Amarillo, TX",7,1,1,0,6,11,0,93
48,"Anchorage, AK",34,5,47,4,21,61,0,251
48,"Appleton, WI",23,4,13,0,11,32,0,145
48,"Arcata/Eureka, CA",6,0,7,0,1,9,0,39
48,"Asheville, NC",20,2,13,0,22,36,1,224
48,"Ashland, WV",1,0,0,0,0,1,0,6
48,"Aspen, CO",15,2,9,0,5,25,12,91
48,"Atlanta, GA",526,23,398,3,488,917,2,6691
48,"Atlantic City, NJ",3,0,5,0,2,7,0,43
48,"Augusta, GA",5,1,6,0,8,14,0,81
48,"Austin, TX",133,3,64,1,102,187,2,1597
48,"Bakersfield, CA",9,1,3,0,7,16,0,62
48,"Baltimore, MD",119,1,75,1,128,183,2,1851
48,"Bangor, ME",5,0,6,0,9,10,0,62
48,"Barrow, AK",2,0,1,0,2,2,0,6
48,"Baton Rouge, LA",10,0,5,0,10,15,0,99
48,"Beaumont/Port Arthur, TX",2,0,1,0,0,2,0,13
48,"Belleville, IL",3,2,3,0,4,7,0,20
48,"Bellingham, WA",3,0,2,1,3,6,1,39
48,"Bemidji, MN",3,0,1,0,0,3,0,13
48,"Bend/Redmond, OR",7,3,6,0,5,16,8,111
48,"Bethel, AK",0,0,0,0,0,0,0,12
48,"Billings, MT",6,1,11,0,5,14,0,81
48,"Binghamton, NY",1,0,2,0,1,2,0,7
48,"Birmingham, AL",48,0,20,0,23,55,0,365
48,"Bismarck/Mandan, ND",14,1,5,0,4,18,0,85
48,"Bloomington/Normal, IL",2,0,3,0,3,5,0,31
48,"Boise, ID",53,6,42,0,40,93,1,461
48,"Boston, MA",255,10,240,1,228,468,1,2811
48,"Bozeman, MT",19,2,11,0,10,27,0,139
48,"Brainerd, MN",5,0,3,0,0,5,0,13
48,"Bristol/Johnson City/Kingsport, TN",2,0,1,0,1,2,0,46
48,"Brownsville, TX",1,0,1,0,0,2,0,30
48,"Brunswick, GA",3,0,1,0,0,3,0,19
48,"Buffalo, NY",46,2,29,0,35,66,0,401
48,"Burbank, CA",61,2,69,1,63,117,0,644
48,"Burlington, VT",12,0,9,0,14,24,0,149
48,"Butte, MT",2,0,0,0,0,2,0,13
48,"Casper, WY",5,2,4,0,2,9,0,46
48,"Cedar City, UT",1,0,0,0,0,1,0,13
48,"Cedar Rapids/Iowa City, IA",27,1,17,0,7,28,0,168
48,"Champaign/Urbana, IL",1,0,2,0,4,5,0,20
48,"Charleston, SC",42,0,41,0,34,68,0,464
48,"Charleston/Dunbar, WV",9,1,4,0,1,11,1,69
48,"Charlotte Amalie, VI",7,0,6,0,2,10,0,88
48,"Charlotte, NC",307,11,284,7,295,538,4,4149
48,"Charlottesville, VA",1,0,1,0,6,7,0,60
48,"Chattanooga, TN",13,0,11,0,4,21,0,168
48,"Cheyenne, WY",2,0,2,0,0,2,0,13
48,"Chicago, IL",615,27,532,4,436,995,7,6558
48,"Christiansted, VI",5,0,5,0,1,7,0,19
48,"Cincinnati, OH",79,3,72,0,80,144,0,758
48,"Clarksburg/Fairmont, WV",1,0,1,0,0,1,0,2
48,"Cleveland, OH",67,5,53,0,70,123,0,748
48,"Cody, WY",1,0,2,0,2,3,0,13
48,"College Station/Bryan, TX",3,0,0,0,0,3,0,19
48,"Colorado Springs, CO",31,2,21,0,25,54,0,244
48,"Columbia, MO",5,0,1,0,5,10,0,32
48,"Columbia, SC",16,0,10,0,11,25,0,143
48,"Columbus, GA",4,1,1,0,1,5,0,19
48,"Columbus, MS",0,0,0,0,1,1,0,14
48,"Columbus, OH",90,2,62,1,71,134,0,862
48,"Concord, NC",4,0,0,0,2,4,0,20
48,"Cordova, AK",0,0,1,0,3,3,0,12
48,"Corpus Christi, TX",4,0,2,0,1,6,0,82
48,"Dallas, TX",109,2,46,1,102,144,0,1379
48,"Dallas/Fort Worth, TX",502,50,379,13,441,863,5,5771
48,"Dayton, OH",9,0,5,1,6,14,0,140
48,"Daytona Beach, FL",2,0,1,0,0,2,0,50
48,"Deadhorse, AK",1,0,1,0,0,1,0,11
48,"Decatur, IL",6,0,4,0,0,6,0,13
48,"Denver, CO",582,35,506,6,446,995,13,5836
48,"Des Moines, IA",31,1,26,0,33,59,0,295
48,"Detroit, MI",331,69,232,2,239,542,1,2561
48,"Devils Lake, ND",3,0,1,0,0,3,0,13
48,"Dickinson, ND",0,1,1,0,0,1,0,13
48,"Dodge City, KS",1,1,0,0,0,2,0,13
48,"Dothan, AL",0,0,0,0,0,0,0,19
48,"Duluth, MN",7,1,1,0,1,9,0,44
48,"Durango, CO",11,2,9,0,7,20,0,78
48,"Eagle, CO",6,0,3,0,1,6,0,27
48,"El Paso, TX",40,0,9,0,30,48,1,363
48,"Elko, NV",1,0,0,0,0,1,0,7
48,"Elmira/Corning, NY",7,2,6,0,0,9,0,22
48,"Escanaba, MI",3,2,2,0,0,5,0,13
48,"Eugene, OR",14,1,11,0,16,21,1,153
48,"Evansville, IN",3,1,2,0,1,4,0,40
48,"Everett, WA",0,0,3,0,5,5,1,18
48,"Fairbanks, AK",8,0,10,0,5,16,0,53
48,"Fargo, ND",23,2,23,0,13,33,0,137
48,"Fayetteville, AR",26,3,29,0,17,45,0,293
48,"Fayetteville, NC",1,0,0,0,0,1,0,31
48,"Flagstaff, AZ",6,2,5,0,5,13,0,47
48,"Flint, MI",12,0,11,0,11,14,0,54
48,"Fort Dodge, IA",3,0,2,0,2,5,0,13
48,"Fort Lauderdale, FL",226,1,171,2,170,314,0,1848
48,"Fort Myers, FL",81,1,66,0,57,118,1,739
48,"Fort Smith, AR",5,0,3,0,3,7,0,19
48,"Fort Wayne, IN",14,4,15,0,3,23,0,107
48,"Fresno, CA",37,6,33,0,35,70,0,248
48,"Gainesville, FL",6,0,2,0,5,8,0,57
48,"Garden City, KS",2,0,0,0,2,2,0,13
48,"Gillette, WY",0,1,0,0,1,2,0,13
48,"Grand Forks, ND",5,0,2,0,0,5,0,24
48,"Grand Island, NE",3,0,0,0,1,4,0,19
48,"Grand Junction, CO",10,3,12,0,13,24,0,81
48,"Grand Rapids, MI",55,2,47,0,40,82,1,364
48,"Great Falls, MT",4,1,2,0,0,5,0,44
48,"Green Bay, WI",17,1,9,0,1,19,0,66
48,"Greensboro/High Point, NC",19,3,14,0,15,31,0,222
48,"Greer, SC",24,0,18,0,28,43,0,315
48,"Guam, TT",1,0,0,0,0,1,0,14
48,"Gulfport/Biloxi, MS",2,0,1,0,3,5,0,61
48,"Gunnison, CO",1,2,1,0,0,3,1,13
48,"Hagerstown, MD",3,0,1,0,2,3,0,5
48,"Hancock/Houghton, MI",1,0,0,0,1,2,0,13
48,"Harlingen/San Benito, TX",4,0,1,0,4,6,0,90
48,"Harrisburg, PA",14,3,7,1,5,21,0,103
48,"Hartford, CT",61,1,36,1,44,81,0,440
48,"Hattiesburg/Laurel, MS",1,0,0,0,1,2,0,13
48,"Hayden, CO",1,0,1,0,2,3,0,26
48,"Hays, KS",1,0,0,0,1,2,0,13
48,"Helena, MT",1,0,2,0,2,3,0,26
48,"Hibbing, MN",1,1,1,0,0,2,0,13
48,"Hilo, HI",4,0,0,0,4,4,1,122
48,"Hilton Head, SC",3,0,4,0,2,5,0,19
48,"Hobbs, NM",2,0,0,0,0,2,0,14
48,"Honolulu, HI",81,1,42,0,41,106,5,1139
48,"Houston, TX",247,2,166,2,151,356,3,3283
48,"Huntsville, AL",16,1,7,0,16,26,0,160
48,"Idaho Falls, ID",13,0,9,0,5,18,0,74
48,"Indianapolis, IN",70,5,63,0,79,126,0,929
48,"International Falls, MN",4,0,1,0,0,4,0,13
48,"Iron Mountain/Kingsfd, MI",2,0,2,0,0,2,0,13
48,"Islip, NY",11,0,3,0,11,12,0,90
48,"Ithaca/Cortland, NY",0,0,1,0,1,0,0,12
48,"Jackson, WY",6,2,6,0,1,9,0,51
48,"Jackson/Vicksburg, MS",12,0,3,0,9,15,0,139
48,"Jacksonville, FL",50,0,38,0,42,77,0,616
48,"Jacksonville/Camp Lejeune, NC",2,1,0,0,3,4,0,37
48,"Jamestown, ND",2,0,1,0,2,4,0,13
48,"Johnstown, PA",2,0,2,0,1,3,0,13
48,"Joplin, MO",2,0,1,0,1,3,0,13
48,"Juneau, AK",6,0,8,0,6,12,3,69
48,"Kahului, HI",23,0,20,0,6,34,0,496
48,"Kalamazoo, MI",2,4,5,0,0,6,0,19
48,"Kalispell, MT",4,0,6,0,2,9,0,46
48,"Kansas City, MO",85,0,67,1,68,125,0,956
48,"Kearney, NE",0,0,0,0,1,1,0,13
48,"Ketchikan, AK",4,0,6,0,1,7,1,38
48,"Key West, FL",14,1,20,0,9,32,0,163
48,"Killeen, TX",3,0,2,0,5,8,0,40
48,"Knoxville, TN",36,0,32,0,30,57,0,334
48,"Kodiak, AK",1,0,1,0,0,1,0,12
48,"Kona, HI",22,1,11,0,15,34,1,303
48,"Kotzebue, AK",3,0,1,0,1,3,0,6
48,"La Crosse, WI",1,0,1,0,1,1,1,11
48,"Lafayette, LA",4,0,3,0,2,5,0,65
48,"Lake Charles, LA",1,2,1,0,1,4,0,19
48,"Lansing, MI",8,2,3,0,1,11,0,24
48,"Laramie, WY",0,0,1,0,3,3,0,13
48,"Laredo, TX",5,0,0,0,2,5,0,34
48,"Las Vegas, NV",332,13,363,4,317,604,6,3516
48,"Latrobe, PA",0,0,0,0,0,0,0,6
48,"Lawton/Fort Sill, OK",2,0,1,0,0,2,0,19
48,"Lewiston, ID",0,0,0,0,0,0,0,21
48,"Lexington, KY",17,1,11,0,10,23,0,172
48,"Liberal, KS",2,1,1,0,3,6,0,13
48,"Lihue, HI",14,0,6,0,6,17,1,295
48,"Lincoln, NE",7,1,1,0,2,9,0,49
48,"Little Rock, AR",18,1,20,0,12,29,0,242
48,"Long Beach, CA",21,2,18,0,26,37,0,341
48,"Longview, TX",3,0,1,0,1,4,0,13
48,"Los Angeles, CA",400,18,388,3,217,627,11,3681
48,"Louisville, KY",45,1,28,0,28,53,0,427
48,"Lubbock, TX",12,1,8,0,9,17,0,121
48,"Madison, WI",31,2,14,0,21,46,0,218
48,"Manchester, NH",6,0,0,0,5,8,0,99
48,"Manhattan/Ft. Riley, KS",1,0,1,0,3,3,0,19
48,"Marquette, MI",4,2,3,0,2,6,0,14
48,"Mason City, IA",2,0,2,0,2,4,0,13
48,"Medford, OR",9,12,12,0,3,23,8,83
48,"Melbourne, FL",9,0,2,0,2,9,0,58
48,"Memphis, TN",44,0,36,4,38,74,0,420
48,"Meridian, MS",0,0,0,0,0,0,0,13
48,"Miami, FL",235,5,166,5,151,317,0,2125
48,"Midland/Odessa, TX",12,0,7,0,13,24,0,179
48,"Milwaukee, WI",62,5,38,0,37,84,0,512
48,"Minneapolis, MN",233,44,167,1,127,358,2,2375
48,"Minot, ND",11,0,7,0,1,12,0,52
48,"Mission/McAllen/Edinburg, TX",13,0,2,0,9,13,0,99
48,"Missoula, MT",7,1,9,0,4,15,0,65
48,"Mobile, AL",2,0,1,0,5,4,0,52
48,"Moline, IL",7,0,2,0,5,11,0,88
48,"Monroe, LA",2,0,1,0,2,2,0,38
48,"Monterey, CA",12,1,15,0,13,26,1,100
48,"Montgomery, AL",5,0,3,0,2,7,0,55
48,"Montrose/Delta, CO",2,0,2,0,3,3,0,26
48,"Mosinee, WI",1,0,3,0,0,3,0,13
48,"Myrtle Beach, SC",16,0,14,0,14,28,0,238
48,"Nashville, TN",151,1,89,4,122,220,0,1847
48,"New Orleans, LA",95,0,51,2,72,132,0,981
48,"New York, NY",474,17,335,7,337,706,1,5248
48,"Newark, NJ",165,10,666,0,196,780,3,2408
48,"Newburgh/Poughkeepsie, NY",3,0,1,0,1,3,0,14
48,"Niagara Falls, NY",0,0,0,0,0,0,0,6
48,"Nome, AK",0,0,0,0,0,0,0,5
48,"Norfolk, VA",37,1,22,0,29,53,0,415
48,"North Bend/Coos Bay, OR",0,0,1,0,1,1,0,4
48,"North Platte, NE",2,0,0,0,1,3,0,13
48,"Oakland, CA",70,1,47,0,71,108,0,750
48,"Oklahoma City, OK",51,2,28,1,34,79,0,444
48,"Omaha, NE",52,3,36,0,39,83,1,455
48,"Ontario, CA",52,4,43,0,62,97,0,499
48,"Orlando, FL",276,3,185,1,233,409,2,3049
48,"Pago Pago, TT",0,0,0,0,0,0,0,2
48,"Palm Springs, CA",30,1,29,0,26,54,0,309
48,"Panama City, FL",7,0,1,0,5,9,0,117
48,"Pasco/Kennewick/Richland, WA",9,4,8,0,5,19,1,128
48,"Pellston, MI",6,0,1,0,0,6,0,13
48,"Pensacola, FL",24,0,12,0,18,35,0,230
48,"Peoria, IL",4,3,8,0,10,15,0,85
48,"Petersburg, AK",0,2,3,0,2,3,0,12
48,"Philadelphia, PA",159,5,146,0,161,283,1,1758
48,"Phoenix, AZ",389,23,394,5,329,705,8,4156
48,"Pittsburgh, PA",76,2,58,1,55,113,0,794
48,"Plattsburgh, NY",1,0,1,0,0,1,0,12
48,"Pocatello, ID",2,0,0,0,0,2,0,12
48,"Ponce, PR",0,0,0,0,1,1,0,11
48,"Portland, ME",18,1,13,1,16,34,0,183
48,"Portland, OR",97,5,109,2,105,199,6,1166
48,"Portsmouth, NH",0,0,0,0,0,0,1,12
48,"Prescott, AZ",1,2,2,0,1,4,0,13
48,"Presque Isle/Houlton, ME",0,0,1,0,1,1,0,7
48,"Providence, RI",27,1,14,0,19,37,0,307
48,"Provo, UT",10,1,10,0,11,22,0,72
48,"Punta Gorda, FL",7,8,12,0,20,27,1,184
48,"Raleigh/Durham, NC",94,2,56,1,86,143,0,1189
48,"Rapid City, SD",9,0,9,0,6,17,0,104
48,"Redding, CA",3,0,0,0,3,6,1,33
48,"Reno, NV",45,1,33,0,41,70,0,410
48,"Rhinelander, WI",4,2,2,0,0,5,1,13
48,"Richmond, VA",42,3,27,0,18,59,0,359
48,"Riverton/Lander, WY",3,0,0,0,0,3,0,13
48,"Roanoke, VA",8,1,7,0,7,14,0,72
48,"Rochester, MN",7,1,4,0,0,8,0,19
48,"Rochester, NY",23,1,18,0,17,37,0,210
48,"Rock Springs, WY",1,2,1,0,1,4,0,13
48,"Rockford, IL",4,0,1,0,2,4,0,17
48,"Roswell, NM",2,0,0,0,0,2,0,19
48,"Sacramento, CA",111,3,95,1,113,189,0,1089
48,"Saginaw/Bay City/Midland, MI",12,2,8,0,0,14,0,43
48,"Saipan, TT",0,0,0,0,0,0,0,7
48,"Salina, KS",2,0,1,0,0,2,0,13
48,"Salt Lake City, UT",181,14,144,0,127,289,0,2064
48,"San Angelo, TX",1,1,2,0,0,2,0,19
48,"San Antonio, TX",72,2,38,1,66,115,0,796
48,"San Diego, CA",201,18,388,3,204,506,4,1868
48,"San Francisco, CA",299,20,530,2,233,737,19,2873
48,"San Jose, CA",75,5,85,0,95,149,0,1004
48,"San Juan, PR",113,1,123,1,60,168,3,717
48,"San Luis Obispo, CA",10,0,15,0,14,24,1,124
48,"Sanford, FL",38,3,29,0,49,62,0,223
48,"Santa Ana, CA",66,1,60,1,62,118,2,823
48,"Santa Barbara, CA",14,3,16,0,13,27,1,152
48,"Santa Fe, NM",16,0,9,0,7,21,0,62
48,"Santa Maria, CA",0,0,0,0,0,0,0,2
48,"Santa Rosa, CA",9,1,16,0,14,28,1,100
48,"Sarasota/Bradenton, FL",32,1,32,0,27,50,0,341
48,"Sault Ste. Marie, MI",7,0,2,0,0,7,0,13
48,"Savannah, GA",55,0,27,1,34,69,0,377
48,"Scottsbluff, NE",2,0,1,0,1,2,0,13
48,"Scranton/Wilkes-Barre, PA",3,0,1,0,1,3,0,32
48,"Seattle, WA",202,27,230,3,155,415,9,2887
48,"Sheridan, WY",2,0,1,0,0,2,0,13
48,"Shreveport, LA",9,1,7,0,7,14,0,100
48,"Sioux City, IA",2,1,3,0,2,5,0,13
48,"Sioux Falls, SD",13,0,15,0,11,28,0,143
48,"Sitka, AK",1,1,8,0,3,8,1,20
48,"South Bend, IN",25,0,20,1,7,34,0,134
48,"Spokane, WA",33,7,40,0,25,63,0,335
48,"Springfield, IL",1,0,1,0,1,1,0,2
48,"Springfield, MO",16,0,13,0,13,28,0,190
48,"St. Cloud, MN",0,0,0,0,0,0,0,4
48,"St. George, UT",9,2,4,0,5,15,0,72
48,"St. Louis, MO",101,0,75,0,82,143,0,1250
48,"St. Petersburg, FL",24,4,24,2,34,56,0,203
48,"State College, PA",4,0,4,0,0,4,0,8
48,"Stillwater, OK",1,0,0,0,0,1,0,13
48,"Stockton, CA",2,0,4,0,1,4,0,14
48,"Sun Valley/Hailey/Ketchum, ID",2,0,1,0,0,2,0,20
48,"Syracuse, NY",43,0,20,1,15,50,1,232
48,"Tallahassee, FL",9,0,4,0,13,16,0,103
48,"Tampa, FL",161,1,119,3,108,234,0,1574
48,"Texarkana, AR",3,0,1,0,2,5,0,13
48,"Toledo, OH",0,1,1,0,1,1,0,8
48,"Traverse City, MI",7,4,7,0,4,13,0,48
48,"Trenton, NJ",1,0,0,0,1,2,0,30
48,"Tucson, AZ",58,0,31,0,30,72,0,405
48,"Tulsa, OK",25,1,20,0,20,39,0,329
48,"Twin Falls, ID",2,0,0,0,0,1,0,12
48,"Tyler, TX",3,1,0,0,1,5,0,19
48,"Valdosta, GA",0,0,0,0,2,2,0,19
48,"Valparaiso, FL",17,0,5,0,25,30,0,153
48,"Victoria, TX",0,0,0,0,0,0,0,13
48,"Waco, TX",1,0,0,0,2,3,0,19
48,"Washington, DC",313,12,269,3,228,504,2,3588
48,"West Palm Beach/Palm Beach, FL",102,0,103,0,59,152,0,604
48,"White Plains, NY",28,1,23,0,17,38,0,219
48,"Wichita Falls, TX",0,0,0,0,1,1,0,13
48,"Wichita, KS",34,1,24,0,18,52,0,224
48,"Williston, ND",6,3,4,0,3,13,0,38
48,"Wilmington, NC",11,0,6,0,9,15,0,147
48,"Worcester, MA",1,0,0,0,0,0,0,27
48,"Wrangell, AK",0,1,1,0,1,2,0,12
48,"Yakutat, AK",0,1,3,0,2,4,0,12
48,"Yuma, AZ",6,0,8,0,7,13,0,38
49,"Aberdeen, SD",3,1,2,0,0,4,0,14
49,"Abilene, TX",3,0,3,0,2,5,0,35
49,"Adak Island, AK",0,0,0,0,0,0,0,2
49,"Aguadilla, PR",10,0,14,0,10,18,0,48
49,"Akron, OH",9,1,8,0,6,16,0,67
49,"Albany, GA",3,0,1,0,0,3,0,20
49,"Albany, NY",28,1,23,1,20,38,1,215
49,"Albuquerque, NM",38,3,23,1,29,57,0,441
49,"Alexandria, LA",2,0,0,0,2,4,0,41
49,"Allentown/Bethlehem/Easton, PA",7,0,7,0,3,8,0,70
49,"Alpena, MI",2,2,1,0,0,4,0,12
49,"Amarillo, TX",5,0,2,0,8,9,0,91
49,"Anchorage, AK",26,7,36,5,34,63,3,261
49,"Appleton, WI",23,5,21,0,11,37,0,136
49,"Arcata/Eureka, CA",1,1,0,0,1,3,0,36
49,"Asheville, NC",15,0,11,1,18,24,0,170
49,"Ashland, WV",2,0,3,0,3,4,0,5
49,"Aspen, CO",11,1,3,0,6,18,0,114
49,"Atlanta, GA",505,34,376,2,417,824,2,6548
49,"Atlantic City, NJ",2,0,2,0,2,3,0,40
49,"Augusta, GA",8,1,7,0,3,13,0,71
49,"Austin, TX",184,9,193,2,134,334,0,1555
49,"Bakersfield, CA",8,1,3,0,4,10,0,62
49,"Baltimore, MD",143,1,114,1,138,223,1,1737
49,"Bangor, ME",10,1,10,0,12,17,2,63
49,"Barrow, AK",0,0,0,0,2,2,0,7
49,"Baton Rouge, LA",3,1,8,0,8,11,0,88
49,"Beaumont/Port Arthur, TX",0,1,0,0,0,1,0,14
49,"Belleville, IL",3,0,3,0,0,3,0,13
49,"Bellingham, WA",1,3,3,0,2,6,4,35
49,"Bemidji, MN",4,0,3,0,0,4,2,14
49,"Bend/Redmond, OR",11,9,13,0,4,25,21,113
49,"Bethel, AK",6,1,2,0,0,7,0,14
49,"Billings, MT",5,1,3,0,3,8,0,84
49,"Binghamton, NY",1,0,1,0,0,1,0,7
49,"Birmingham, AL",32,2,24,0,27,50,0,332
49,"Bismarck/Mandan, ND",14,3,6,0,2,19,1,87
49,"Bloomington/Normal, IL",0,0,1,0,1,2,0,33
49,"Boise, ID",48,22,53,0,34,104,11,450
49,"Boston, MA",295,13,348,2,259,553,2,2738
49,"Bozeman, MT",3,2,4,0,7,13,0,136
49,"Brainerd, MN",2,0,1,0,0,2,0,12
49,"Bristol/Johnson City/Kingsport, TN",2,0,2,0,3,5,0,46
49,"Brownsville, TX",1,0,2,0,2,3,0,29
49,"Brunswick, GA",5,0,1,0,0,5,0,21
49,"Buffalo, NY",71,7,58,0,39,100,2,410
49,"Burbank, CA",49,3,42,0,57,103,1,600
49,"Burlington, VT",24,1,21,0,14,36,0,151
49,"Butte, MT",0,0,0,0,0,0,0,14
49,"Casper, WY",1,0,0,0,1,2,0,44
49,"Cedar City, UT",1,0,1,0,0,1,0,12
49,"Cedar Rapids/Iowa City, IA",17,3,14,0,10,28,0,148
49,"Champaign/Urbana, IL",5,0,1,0,4,5,0,20
49,"Charleston, SC",41,1,34,0,40,63,0,447
49,"Charleston/Dunbar, WV",12,2,11,0,7,19,0,69
49,"Charlotte Amalie, VI",4,0,6,0,2,9,0,92
49,"Charlotte, NC",349,29,299,5,352,600,3,4027
49,"Charlottesville, VA",7,0,4,0,4,11,0,66
49,"Chattanooga, TN",15,0,20,0,15,32,0,158
49,"Cheyenne, WY",0,0,0,0,0,0,0,13
49,"Chicago, IL",676,38,749,1,452,1179,10,6339
49,"Christiansted, VI",2,0,3,0,2,4,0,19
49,"Cincinnati, OH",79,2,71,0,93,145,1,728
49,"Clarksburg/Fairmont, WV",1,0,1,0,0,1,1,3
49,"Cleveland, OH",84,4,93,0,84,147,0,728
49,"Cody, WY",1,0,0,0,1,1,0,14
49,"College Station/Bryan, TX",4,0,3,0,1,5,0,21
49,"Colorado Springs, CO",20,0,4,0,13,27,0,232
49,"Columbia, MO",3,0,3,0,3,5,0,33
49,"Columbia, SC",13,0,6,0,14,21,0,145
49,"Columbus, GA",2,0,1,0,0,2,0,20
49,"Columbus, MS",3,0,1,0,0,3,0,14
49,"Columbus, OH",90,4,81,0,71,138,2,823
49,"Concord, NC",3,0,4,0,4,4,0,10
49,"Cordova, AK",1,1,5,0,5,6,0,14
49,"Corpus Christi, TX",9,1,10,0,6,14,0,62
49,"Dallas, TX",131,2,92,1,124,197,0,1356
49,"Dallas/Fort Worth, TX",645,90,690,6,481,1127,7,5757
49,"Dayton, OH",20,0,16,0,16,26,0,139
49,"Daytona Beach, FL",7,0,1,0,7,8,0,50
49,"Deadhorse, AK",0,0,0,0,1,1,0,11
49,"Decatur, IL",1,0,0,0,0,1,0,12
49,"Denver, CO",424,35,244,3,329,652,8,5633
49,"Des Moines, IA",33,3,29,0,32,55,0,301
49,"Detroit, MI",323,64,325,1,174,548,10,2577
49,"Devils Lake, ND",0,0,0,0,0,0,0,13
49,"Dickinson, ND",0,0,0,0,1,1,0,13
49,"Dodge City, KS",0,0,0,0,1,1,0,12
49,"Dothan, AL",1,0,0,0,0,1,0,20
49,"Duluth, MN",10,3,9,0,2,15,0,42
49,"Durango, CO",7,0,0,0,1,8,0,82
49,"Eagle, CO",0,0,0,0,0,0,0,43
49,"El Paso, TX",31,0,18,0,36,53,1,340
49,"Elko, NV",1,0,0,0,0,1,0,7
49,"Elmira/Corning, NY",5,2,3,0,1,7,0,19
49,"Escanaba, MI",3,0,0,0,0,3,0,12
49,"Eugene, OR",16,10,15,0,10,31,4,155
49,"Evansville, IN",5,0,2,0,2,6,0,41
49,"Everett, WA",1,0,1,0,1,2,0,21
49,"Fairbanks, AK",9,1,7,0,1,10,0,44
49,"Fargo, ND",17,2,19,0,14,32,2,132
49,"Fayetteville, AR",38,0,31,0,25,61,0,305
49,"Fayetteville, NC",0,0,2,0,1,2,0,34
49,"Flagstaff, AZ",3,1,1,0,2,6,1,48
49,"Flint, MI",8,0,7,0,6,10,0,42
49,"Fort Dodge, IA",1,0,1,0,2,3,0,12
49,"Fort Lauderdale, FL",168,9,115,5,129,246,2,1734
49,"Fort Myers, FL",90,2,51,0,64,113,1,690
49,"Fort Smith, AR",0,0,0,0,0,0,0,21
49,"Fort Wayne, IN",24,4,14,0,8,32,0,108
49,"Fresno, CA",36,11,37,0,15,57,1,231
49,"Gainesville, FL",2,0,0,0,1,3,0,54
49,"Garden City, KS",2,0,1,0,0,2,0,14
49,"Gillette, WY",0,0,0,0,0,0,0,14
49,"Grand Forks, ND",5,2,4,0,0,7,0,24
49,"Grand Island, NE",2,1,1,0,1,5,0,20
49,"Grand Junction, CO",6,0,3,0,4,10,0,90
49,"Grand Rapids, MI",53,3,44,0,25,76,1,340
49,"Great Falls, MT",7,1,2,0,1,8,0,47
49,"Green Bay, WI",16,6,8,0,1,21,0,69
49,"Greensboro/High Point, NC",18,1,11,0,16,32,0,219
49,"Greer, SC",25,0,30,0,35,48,2,317
49,"Guam, TT",0,0,0,0,2,1,0,14
49,"Gulfport/Biloxi, MS",7,0,4,0,4,9,0,62
49,"Gunnison, CO",1,1,1,0,0,2,0,14
49,"Hagerstown, MD",2,0,1,0,2,2,0,4
49,"Hancock/Houghton, MI",5,0,1,0,1,6,1,14
49,"Harlingen/San Benito, TX",4,1,4,0,5,9,2,88
49,"Harrisburg, PA",18,2,10,0,10,24,0,98
49,"Hartford, CT",42,2,33,0,37,63,0,419
49,"Hattiesburg/Laurel, MS",1,1,0,0,0,2,0,12
49,"Hayden, CO",2,0,1,0,2,3,0,28
49,"Hays, KS",0,0,0,0,0,0,0,12
49,"Helena, MT",0,1,0,0,0,1,0,28
49,"Hibbing, MN",2,0,0,0,0,2,1,12
49,"Hilo, HI",6,0,1,0,4,6,0,128
49,"Hilton Head, SC",2,0,1,0,3,4,0,17
49,"Hobbs, NM",2,0,1,0,0,2,0,14
49,"Honolulu, HI",69,14,29,1,48,113,5,1170
49,"Houston, TX",353,12,335,0,220,569,0,3205
49,"Huntsville, AL",17,3,11,1,16,34,0,157
49,"Idaho Falls, ID",4,0,3,0,5,11,0,72
49,"Indianapolis, IN",123,3,106,0,115,187,1,886
49,"International Falls, MN",3,0,1,0,0,3,2,12
49,"Iron Mountain/Kingsfd, MI",5,0,0,0,0,5,0,14
49,"Islip, NY",8,0,7,0,11,14,0,80
49,"Ithaca/Cortland, NY",0,0,1,0,1,1,0,14
49,"Jackson, WY",3,1,1,0,1,5,0,53
49,"Jackson/Vicksburg, MS",12,0,9,0,11,18,0,132
49,"Jacksonville, FL",61,1,36,1,54,93,0,583
49,"Jacksonville/Camp Lejeune, NC",2,0,1,0,0,2,0,33
49,"Jamestown, ND",0,0,0,0,2,2,0,13
49,"Johnstown, PA",5,0,2,0,1,6,0,14
49,"Joplin, MO",0,0,2,0,1,2,0,12
49,"Juneau, AK",5,6,10,0,5,16,1,77
49,"Kahului, HI",28,4,11,1,9,37,3,504
49,"Kalamazoo, MI",6,3,4,0,0,9,0,20
49,"Kalispell, MT",2,5,2,0,2,8,0,52
49,"Kansas City, MO",92,2,68,0,94,135,0,877
49,"Kearney, NE",1,0,0,0,1,2,0,12
49,"Ketchikan, AK",4,1,5,0,4,9,1,42
49,"Key West, FL",15,0,8,0,15,23,0,169
49,"Killeen, TX",4,0,4,0,3,6,0,38
49,"Knoxville, TN",21,2,35,0,31,58,1,312
49,"Kodiak, AK",0,1,1,0,1,1,2,14
49,"Kona, HI",16,2,5,0,12,24,0,302
49,"Kotzebue, AK",1,0,0,0,1,2,0,7
49,"La Crosse, WI",0,0,0,0,1,1,0,6
49,"Lafayette, LA",4,0,1,1,1,5,0,69
49,"Lake Charles, LA",4,0,3,0,1,5,0,21
49,"Lansing, MI",6,2,5,0,0,8,0,26
49,"Laramie, WY",1,0,0,0,0,1,0,12
49,"Laredo, TX",2,0,3,0,1,3,0,37
49,"Las Vegas, NV",246,27,210,4,273,470,12,3559
49,"Latrobe, PA",0,0,1,0,0,1,0,7
49,"Lawton/Fort Sill, OK",4,1,3,0,0,5,0,21
49,"Lewiston, ID",1,0,0,0,0,1,0,21
49,"Lexington, KY",24,0,13,0,14,28,0,169
49,"Liberal, KS",0,0,1,0,1,1,0,12
49,"Lihue, HI",11,4,5,0,9,19,0,300
49,"Lincoln, NE",2,0,0,0,0,2,0,37
49,"Little Rock, AR",27,3,24,0,17,44,0,236
49,"Long Beach, CA",25,2,13,0,26,47,1,327
49,"Longview, TX",4,0,1,0,0,4,1,14
49,"Los Angeles, CA",316,62,176,0,185,496,11,3668
49,"Louisville, KY",56,4,35,1,34,80,1,425
49,"Lubbock, TX",18,0,4,1,15,26,0,129
49,"Madison, WI",40,2,24,1,28,52,1,218
49,"Manchester, NH",15,0,9,0,14,24,0,105
49,"Manhattan/Ft. Riley, KS",0,0,0,0,0,0,0,21
49,"Marquette, MI",3,1,2,0,1,5,0,14
49,"Mason City, IA",4,0,1,0,1,4,0,12
49,"Medford, OR",12,10,7,0,4,25,8,89
49,"Melbourne, FL",1,1,2,0,1,3,1,54
49,"Memphis, TN",49,1,30,0,36,64,2,406
49,"Meridian, MS",4,0,1,0,1,5,0,12
49,"Miami, FL",247,12,226,4,182,405,6,2196
49,"Midland/Odessa, TX",15,1,8,0,9,25,0,191
49,"Milwaukee, WI",74,7,50,0,46,108,1,514
49,"Minneapolis, MN",275,66,218,1,145,454,10,2391
49,"Minot, ND",3,7,4,0,0,10,0,46
49,"Mission/McAllen/Edinburg, TX",15,1,6,0,5,18,0,102
49,"Missoula, MT",7,1,10,0,3,13,1,65
49,"Mobile, AL",5,0,2,0,1,5,0,50
49,"Moline, IL",6,1,5,0,2,8,0,78
49,"Monroe, LA",4,0,2,0,1,5,0,41
49,"Monterey, CA",5,1,3,0,6,12,0,93
49,"Montgomery, AL",5,0,3,0,5,8,0,61
49,"Montrose/Delta, CO",2,0,1,0,3,4,0,34
49,"Mosinee, WI",3,1,2,0,2,4,0,14
49,"Myrtle Beach, SC",22,1,17,0,14,34,1,195
49,"Nashville, TN",182,6,152,3,167,299,1,1801
49,"New Orleans, LA",101,1,62,1,77,150,1,950
49,"New York, NY",631,61,931,5,522,1324,2,5656
49,"Newark, NJ",219,12,612,0,167,719,32,2518
49,"Newburgh/Poughkeepsie, NY",0,0,0,0,0,0,0,10
49,"Niagara Falls, NY",0,0,0,0,0,0,0,5
49,"Nome, AK",0,0,0,0,0,0,0,7
49,"Norfolk, VA",51,0,46,0,41,74,1,403
49,"North Bend/Coos Bay, OR",0,0,0,0,0,0,0,4
49,"North Platte, NE",2,0,0,0,0,2,0,12
49,"Oakland, CA",45,5,26,0,65,91,2,690
49,"Oklahoma City, OK",48,6,35,0,29,67,0,418
49,"Omaha, NE",54,9,34,0,36,80,0,442
49,"Ontario, CA",39,4,13,0,29,51,0,466
49,"Orlando, FL",289,9,149,3,218,402,3,2931
49,"Pago Pago, TT",0,0,0,0,0,0,0,2
49,"Palm Springs, CA",19,2,19,0,21,39,0,293
49,"Panama City, FL",11,0,8,0,7,16,0,100
49,"Pasco/Kennewick/Richland, WA",15,8,8,1,3,25,0,122
49,"Pellston, MI",1,0,0,0,0,1,3,12
49,"Pensacola, FL",21,0,13,1,22,35,0,221
49,"Peoria, IL",10,0,11,0,5,16,0,81
49,"Petersburg, AK",0,2,3,0,2,3,0,14
49,"Philadelphia, PA",183,7,185,4,148,303,0,1682
49,"Phoenix, AZ",324,40,228,3,266,527,18,3949
49,"Pittsburgh, PA",76,8,64,1,101,147,7,779
49,"Plattsburgh, NY",1,0,1,0,0,2,0,10
49,"Pocatello, ID",0,1,1,0,0,1,0,13
49,"Ponce, PR",0,0,1,0,0,1,0,10
49,"Portland, ME",31,3,26,1,21,45,1,179
49,"Portland, OR",101,16,74,1,94,194,2,1109
49,"Portsmouth, NH",1,0,0,0,0,1,0,9
49,"Prescott, AZ",1,0,1,0,0,1,0,14
49,"Presque Isle/Houlton, ME",1,0,1,0,0,1,0,7
49,"Providence, RI",33,1,19,0,30,50,0,302
49,"Provo, UT",8,0,5,1,10,14,0,58
49,"Punta Gorda, FL",14,2,12,0,16,26,0,118
49,"Raleigh/Durham, NC",123,6,81,0,106,198,0,1143
49,"Rapid City, SD",7,0,4,0,2,9,0,103
49,"Redding, CA",1,0,1,0,1,2,0,32
49,"Reno, NV",25,7,20,0,22,53,0,382
49,"Rhinelander, WI",3,1,3,0,0,4,0,14
49,"Richmond, VA",32,3,26,0,31,61,0,350
49,"Riverton/Lander, WY",0,0,0,0,0,0,0,14
49,"Roanoke, VA",10,0,10,0,6,15,0,66
49,"Rochester, MN",8,1,2,0,0,9,0,24
49,"Rochester, NY",33,0,36,0,33,59,0,218
49,"Rock Springs, WY",0,0,0,0,0,0,0,14
49,"Rockford, IL",1,0,1,0,0,1,0,13
49,"Roswell, NM",2,0,2,0,2,4,0,21
49,"Sacramento, CA",82,17,54,1,81,152,2,1012
49,"Saginaw/Bay City/Midland, MI",13,1,7,0,1,15,2,48
49,"Saipan, TT",0,0,0,0,0,0,0,7
49,"Salina, KS",2,0,1,0,0,2,0,14
49,"Salt Lake City, UT",177,59,126,3,144,336,9,2087
49,"San Angelo, TX",4,0,3,0,1,5,0,21
49,"San Antonio, TX",105,2,96,0,79,164,0,774
49,"San Diego, CA",169,41,233,0,160,397,15,1784
49,"San Francisco, CA",178,27,120,1,152,338,20,2656
49,"San Jose, CA",69,12,43,1,79,135,0,924
49,"San Juan, PR",105,5,81,0,59,151,2,703
49,"San Luis Obispo, CA",8,3,5,0,6,18,9,116
49,"Sanford, FL",40,4,24,0,44,57,1,154
49,"Santa Ana, CA",57,8,32,2,61,102,3,801
49,"Santa Barbara, CA",6,6,7,0,4,17,2,142
49,"Santa Fe, NM",5,1,4,0,3,8,0,68
49,"Santa Maria, CA",0,0,1,0,0,1,0,3
49,"Santa Rosa, CA",3,2,11,0,11,18,1,88
49,"Sarasota/Bradenton, FL",33,1,18,0,30,48,1,309
49,"Sault Ste. Marie, MI",8,0,2,0,0,8,0,14
49,"Savannah, GA",46,1,30,0,35,69,0,356
49,"Scottsbluff, NE",0,0,0,0,0,0,0,12
49,"Scranton/Wilkes-Barre, PA",2,0,3,0,2,4,0,34
49,"Seattle, WA",223,90,243,4,228,541,29,2829
49,"Sheridan, WY",0,0,0,0,2,2,0,14
49,"Shreveport, LA",10,2,4,0,7,16,0,109
49,"Sioux City, IA",3,0,2,0,2,4,0,14
49,"Sioux Falls, SD",22,3,10,1,10,31,0,145
49,"Sitka, AK",3,1,5,0,2,6,0,21
49,"South Bend, IN",31,2,19,0,4,37,0,135
49,"Spokane, WA",46,7,32,0,32,76,2,346
49,"Springfield, IL",0,0,0,0,0,0,0,2
49,"Springfield, MO",30,0,18,0,15,43,0,189
49,"St. Cloud, MN",0,0,0,0,0,0,0,4
49,"St. George, UT",8,0,3,0,1,9,0,71
49,"St. Louis, MO",121,3,68,0,113,185,2,1200
49,"St. Petersburg, FL",15,3,11,0,19,32,0,139
49,"State College, PA",0,0,0,0,0,0,0,1
49,"Stillwater, OK",1,0,0,0,0,1,1,14
49,"Stockton, CA",3,1,2,0,3,4,0,9
49,"Sun Valley/Hailey/Ketchum, ID",1,0,0,0,0,1,0,21
49,"Syracuse, NY",39,3,37,0,24,56,2,246
49,"Tallahassee, FL",4,0,2,0,4,5,0,102
49,"Tampa, FL",150,2,89,0,133,222,0,1434
49,"Texarkana, AR",1,0,1,0,1,2,0,14
49,"Toledo, OH",1,0,1,0,0,1,0,6
49,"Traverse City, MI",11,4,15,0,5,20,2,52
49,"Trenton, NJ",2,0,0,0,1,3,0,15
49,"Tucson, AZ",42,9,28,0,27,65,0,418
49,"Tulsa, OK",45,2,22,0,27,56,0,332
49,"Twin Falls, ID",3,0,0,0,0,3,0,13
49,"Tyler, TX",2,0,1,0,3,6,0,21
49,"Valdosta, GA",2,0,0,0,3,3,0,20
49,"Valparaiso, FL",11,0,2,0,8,12,0,129
49,"Victoria, TX",0,0,0,0,1,1,0,13
49,"Waco, TX",4,1,3,0,0,5,0,21
49,"Washington, DC",403,26,502,4,386,787,8,3778
49,"West Palm Beach/Palm Beach, FL",97,3,87,0,77,157,0,610
49,"White Plains, NY",32,1,19,1,29,49,0,235
49,"Wichita Falls, TX",2,0,4,0,1,4,0,14
49,"Wichita, KS",23,3,18,0,18,41,2,203
49,"Williston, ND",5,1,3,0,2,8,0,40
49,"Wilmington, NC",18,0,17,0,18,30,2,160
49,"Worcester, MA",1,0,1,0,4,4,0,29
49,"Wrangell, AK",0,0,1,0,2,2,1,14
49,"Yakutat, AK",1,1,3,0,2,4,0,14
49,"Yuma, AZ",3,0,4,0,6,8,0,35
50,"Aberdeen, SD",7,0,0,0,0,7,0,14
50,"Abilene, TX",2,0,2,0,3,3,0,34
50,"Adak Island, AK",0,0,0,0,0,0,0,2
50,"Aguadilla, PR",7,0,5,0,5,8,0,47
50,"Akron, OH",10,0,9,0,15,22,0,67
50,"Albany, GA",4,2,1,0,0,6,0,20
50,"Albany, NY",35,0,16,0,24,46,2,212
50,"Albuquerque, NM",39,1,15,0,24,49,0,440
50,"Alexandria, LA",3,0,1,1,3,7,0,41
50,"Allentown/Bethlehem/Easton, PA",12,1,4,0,9,17,2,69
50,"Alpena, MI",5,0,0,0,0,5,1,12
50,"Amarillo, TX",7,0,1,0,7,11,0,91
50,"Anchorage, AK",30,4,31,5,23,54,7,257
50,"Appleton, WI",26,4,17,0,6,35,14,134
50,"Arcata/Eureka, CA",2,0,2,0,2,5,0,35
50,"Asheville, NC",16,2,9,0,11,28,1,148
50,"Ashland, WV",2,0,2,0,2,2,0,5
50,"Aspen, CO",11,7,9,0,4,22,5,127
50,"Atlanta, GA",504,41,641,1,462,1031,10,6716
50,"Atlantic City, NJ",4,1,3,0,4,7,0,37
50,"Augusta, GA",8,1,6,0,5,13,0,61
50,"Austin, TX",132,3,84,0,107,195,1,1540
50,"Bakersfield, CA",6,0,3,0,7,8,0,57
50,"Baltimore, MD",107,4,68,1,87,160,3,1718
50,"Bangor, ME",7,2,7,0,9,13,3,61
50,"Barrow, AK",0,0,1,0,0,1,1,7
50,"Baton Rouge, LA",7,1,2,0,9,11,0,86
50,"Beaumont/Port Arthur, TX",1,0,0,0,0,1,0,14
50,"Belleville, IL",2,0,1,0,2,4,0,11
50,"Bellingham, WA",1,1,2,0,5,7,0,34
50,"Bemidji, MN",2,0,1,0,0,2,0,14
50,"Bend/Redmond, OR",6,2,6,0,5,15,1,114
50,"Bethel, AK",1,0,4,0,1,5,0,14
50,"Billings, MT",10,0,3,0,3,11,0,84
50,"Binghamton, NY",0,0,0,0,0,0,0,7
50,"Birmingham, AL",30,2,20,0,25,43,1,328
50,"Bishop, CA",0,0,1,0,1,1,0,4
50,"Bismarck/Mandan, ND",11,1,7,0,1,13,0,87
50,"Bloomington/Normal, IL",2,0,1,0,1,2,0,32
50,"Boise, ID",28,4,24,0,25,54,0,443
50,"Boston, MA",218,11,335,0,242,514,25,2696
50,"Bozeman, MT",10,0,7,1,6,17,0,141
50,"Brainerd, MN",4,0,2,0,0,4,0,12
50,"Bristol/Johnson City/Kingsport, TN",7,0,2,0,3,9,0,43
50,"Brownsville, TX",10,0,3,0,2,12,0,28
50,"Brunswick, GA",4,1,0,0,0,5,0,21
50,"Buffalo, NY",49,5,33,1,48,81,7,409
50,"Burbank, CA",32,2,31,0,38,68,4,596
50,"Burlington, VT",18,2,20,0,24,40,2,151
50,"Butte, MT",1,0,1,0,0,1,0,13
50,"Casper, WY",1,0,1,0,2,3,0,42
50,"Cedar City, UT",2,0,0,0,0,2,0,12
50,"Cedar Rapids/Iowa City, IA",9,7,6,0,6,16,24,140
50,"Champaign/Urbana, IL",1,1,2,0,1,2,0,20
50,"Charleston, SC",50,0,32,0,46,75,2,442
50,"Charleston/Dunbar, WV",15,2,8,0,6,20,0,66
50,"Charlotte Amalie, VI",10,0,6,0,4,12,0,93
50,"Charlotte, NC",391,29,380,2,435,720,13,3990
50,"Charlottesville, VA",7,2,6,0,6,16,0,65
50,"Chattanooga, TN",16,3,18,0,15,28,1,149
50,"Cheyenne, WY",0,0,0,0,0,0,0,13
50,"Chicago, IL",562,51,606,5,419,1032,53,6266
50,"Christiansted, VI",0,0,0,0,0,0,0,21
50,"Cincinnati, OH",68,4,63,0,77,126,2,725
50,"Clarksburg/Fairmont, WV",0,0,1,0,1,1,0,2
50,"Cleveland, OH",82,5,67,0,54,117,2,720
50,"Cody, WY",0,0,0,0,0,0,0,14
50,"College Station/Bryan, TX",6,1,2,0,0,7,0,21
50,"Colorado Springs, CO",20,0,13,0,11,27,0,228
50,"Columbia, MO",7,1,6,0,6,13,0,35
50,"Columbia, SC",17,1,14,0,21,29,0,148
50,"Columbus, GA",0,0,1,0,0,1,0,20
50,"Columbus, MS",1,0,1,0,2,2,0,14
50,"Columbus, OH",78,4,61,0,71,126,2,815
50,"Concord, NC",2,0,1,0,2,2,0,8
50,"Cordova, AK",1,0,3,0,2,3,0,14
50,"Corpus Christi, TX",4,0,4,0,4,7,1,62
50,"Dallas, TX",96,0,52,0,88,132,1,1362
50,"Dallas/Fort Worth, TX",620,64,625,10,460,1062,14,5718
50,"Dayton, OH",26,1,20,0,21,35,1,140
50,"Daytona Beach, FL",6,0,1,0,4,6,0,56
50,"Deadhorse, AK",1,1,1,0,0,2,3,11
50,"Decatur, IL",1,0,2,0,1,2,0,12
50,"Denver, CO",395,21,269,3,242,610,14,5588
50,"Des Moines, IA",29,2,30,0,25,55,0,296
50,"Detroit, MI",225,50,163,0,141,385,11,2590
50,"Devils Lake, ND",0,0,0,0,1,1,1,13
50,"Dickinson, ND",0,0,0,0,0,0,0,13
50,"Dodge City, KS",0,0,0,0,1,1,0,12
50,"Dothan, AL",0,0,0,0,0,0,0,20
50,"Duluth, MN",9,1,4,0,2,12,5,41
50,"Durango, CO",12,1,7,0,8,19,0,81
50,"Eagle, CO",8,0,3,0,5,8,0,48
50,"Eau Claire, WI",1,0,0,0,0,1,0,5
50,"El Paso, TX",31,0,10,0,23,43,0,333
50,"Elko, NV",0,0,0,0,0,0,0,7
50,"Elmira/Corning, NY",2,2,2,0,0,4,0,20
50,"Escanaba, MI",2,0,1,0,0,2,0,12
50,"Eugene, OR",14,0,7,1,6,20,1,146
50,"Evansville, IN",1,0,1,0,0,2,0,38
50,"Everett, WA",1,0,2,0,0,2,0,21
50,"Fairbanks, AK",7,0,1,0,2,6,0,43
50,"Fargo, ND",15,4,12,0,3,23,0,133
50,"Fayetteville, AR",23,2,24,0,24,43,0,301
50,"Fayetteville, NC",5,0,2,0,1,5,0,34
50,"Flagstaff, AZ",4,0,3,0,3,7,0,47
50,"Flint, MI",6,1,6,0,3,8,0,41
50,"Fort Dodge, IA",0,0,1,0,1,1,1,12
50,"Fort Lauderdale, FL",169,6,133,3,113,254,5,1705
50,"Fort Myers, FL",64,3,84,0,52,129,3,681
50,"Fort Smith, AR",1,0,2,0,0,2,0,21
50,"Fort Wayne, IN",18,5,12,0,3,24,0,107
50,"Fresno, CA",26,2,15,0,19,41,1,227
50,"Gainesville, FL",6,0,2,0,3,7,0,56
50,"Garden City, KS",2,0,1,0,1,2,0,14
50,"Gillette, WY",0,0,0,0,0,0,0,14
50,"Grand Forks, ND",1,0,2,0,0,2,0,24
50,"Grand Island, NE",6,0,2,0,4,9,1,21
50,"Grand Junction, CO",3,1,3,0,0,4,0,88
50,"Grand Rapids, MI",31,10,48,0,37,72,2,353
50,"Great Falls, MT",3,1,2,0,2,5,0,47
50,"Green Bay, WI",19,4,11,0,4,26,0,68
50,"Greensboro/High Point, NC",28,1,18,1,29,49,1,212
50,"Greer, SC",42,2,28,0,36,72,0,317
50,"Guam, TT",0,0,0,0,0,0,0,14
50,"Gulfport/Biloxi, MS",9,0,8,0,6,13,0,69
50,"Gunnison, CO",1,0,0,0,0,1,0,14
50,"Hagerstown, MD",1,0,0,0,1,1,0,4
50,"Hancock/Houghton, MI",3,1,1,0,0,4,0,14
50,"Harlingen/San Benito, TX",4,0,3,0,3,7,0,87
50,"Harrisburg, PA",14,2,7,0,9,22,1,90
50,"Hartford, CT",33,2,21,0,30,54,2,431
50,"Hattiesburg/Laurel, MS",0,0,0,0,0,0,0,12
50,"Hayden, CO",1,0,1,0,2,1,0,32
50,"Hays, KS",1,0,0,0,1,2,0,12
50,"Helena, MT",2,0,1,0,1,2,0,28
50,"Hibbing, MN",4,0,3,0,0,4,1,12
50,"Hilo, HI",9,0,1,0,2,9,0,128
50,"Hilton Head, SC",0,0,0,0,0,0,0,14
50,"Hobbs, NM",4,1,4,0,1,6,0,14
50,"Honolulu, HI",98,2,36,1,44,127,2,1163
50,"Houston, TX",295,9,242,2,164,435,5,3180
50,"Huntsville, AL",16,1,13,0,12,25,0,159
50,"Idaho Falls, ID",6,0,3,0,3,10,0,74
50,"Indianapolis, IN",86,3,78,1,88,147,2,871
50,"International Falls, MN",2,1,1,0,0,3,0,12
50,"Iron Mountain/Kingsfd, MI",5,0,1,0,0,5,0,14
50,"Islip, NY",6,0,3,0,4,7,2,81
50,"Ithaca/Cortland, NY",0,0,1,0,1,2,0,14
50,"Jackson, WY",8,0,2,0,4,10,0,61
50,"Jackson/Vicksburg, MS",7,0,8,0,10,17,1,133
50,"Jacksonville, FL",61,1,56,1,46,101,1,579
50,"Jacksonville/Camp Lejeune, NC",0,0,2,0,3,4,0,27
50,"Jamestown, ND",1,1,1,0,0,2,0,13
50,"Johnstown, PA",2,0,2,0,0,2,0,14
50,"Joplin, MO",1,0,1,0,0,1,0,12
50,"Juneau, AK",4,2,13,0,4,13,0,77
50,"Kahului, HI",41,2,7,0,12,47,4,502
50,"Kalamazoo, MI",2,1,1,0,0,3,2,20
50,"Kalispell, MT",1,0,2,0,2,4,0,57
50,"Kansas City, MO",88,3,51,1,64,131,4,879
50,"Kearney, NE",0,0,0,0,0,0,1,12
50,"Ketchikan, AK",4,0,4,0,4,9,0,42
50,"Key West, FL",11,1,8,0,3,15,0,165
50,"Killeen, TX",4,0,5,0,5,7,0,35
50,"Knoxville, TN",42,4,39,0,47,75,2,314
50,"Kodiak, AK",2,1,2,0,2,4,0,14
50,"Kona, HI",13,1,0,0,7,14,0,300
50,"Kotzebue, AK",0,1,1,0,0,2,1,7
50,"Lafayette, LA",6,0,4,0,6,11,0,69
50,"Lake Charles, LA",3,0,2,0,0,3,0,21
50,"Lansing, MI",7,0,4,0,3,9,1,26
50,"Laramie, WY",0,0,0,0,0,0,0,12
50,"Laredo, TX",4,0,2,0,1,5,0,37
50,"Las Vegas, NV",313,11,286,2,248,507,5,3567
50,"Latrobe, PA",0,0,0,0,0,0,0,7
50,"Lawton/Fort Sill, OK",4,2,3,0,0,6,1,21
50,"Lewiston, ID",0,0,0,0,0,0,0,21
50,"Lexington, KY",23,1,11,0,13,34,1,167
50,"Liberal, KS",0,0,0,0,0,0,0,12
50,"Lihue, HI",17,1,4,0,9,21,0,299
50,"Lincoln, NE",6,1,5,0,1,8,0,35
50,"Little Rock, AR",29,0,20,0,26,42,0,239
50,"Long Beach, CA",22,0,10,0,23,33,1,327
50,"Longview, TX",3,0,0,0,1,4,1,14
50,"Los Angeles, CA",284,17,248,2,175,460,7,3647
50,"Louisville, KY",44,1,26,0,32,62,3,425
50,"Lubbock, TX",15,0,6,0,9,17,0,132
50,"Madison, WI",43,2,24,0,28,58,0,212
50,"Manchester, NH",9,0,5,0,12,16,1,102
50,"Manhattan/Ft. Riley, KS",1,0,1,0,0,1,0,21
50,"Marquette, MI",1,1,1,0,2,3,1,14
50,"Mason City, IA",0,0,1,0,2,1,3,12
50,"Medford, OR",5,2,4,0,2,11,1,87
50,"Melbourne, FL",4,0,2,0,6,6,0,59
50,"Memphis, TN",45,1,31,0,39,68,1,404
50,"Meridian, MS",1,0,0,0,0,1,0,12
50,"Miami, FL",184,4,141,3,131,270,2,2175
50,"Midland/Odessa, TX",17,0,8,0,8,22,0,194
50,"Milwaukee, WI",70,9,35,1,39,103,1,503
50,"Minneapolis, MN",205,34,138,0,115,335,12,2385
50,"Minot, ND",8,0,1,0,0,7,0,49
50,"Mission/McAllen/Edinburg, TX",14,0,8,0,8,17,0,106
50,"Missoula, MT",2,1,2,0,1,5,0,69
50,"Mobile, AL",6,0,4,0,3,7,0,53
50,"Moline, IL",9,1,3,0,4,11,2,73
50,"Monroe, LA",1,1,2,0,1,3,0,41
50,"Monterey, CA",6,0,7,0,9,15,1,90
50,"Montgomery, AL",8,0,3,0,3,11,1,61
50,"Montrose/Delta, CO",3,0,1,0,3,6,0,37
50,"Morgantown, WV",0,0,0,0,0,0,0,6
50,"Mosinee, WI",0,1,2,0,0,3,0,14
50,"Myrtle Beach, SC",22,0,18,0,19,37,0,182
50,"Nashville, TN",130,7,115,1,130,243,5,1807
50,"New Orleans, LA",75,2,68,0,59,126,1,939
50,"New York, NY",457,56,776,3,467,1127,40,5638
50,"Newark, NJ",185,26,523,1,198,661,16,2503
50,"Newburgh/Poughkeepsie, NY",0,0,0,0,0,0,0,10
50,"Niagara Falls, NY",1,0,0,0,0,1,0,5
50,"Nome, AK",2,0,3,0,1,3,0,7
50,"Norfolk, VA",45,2,46,0,42,75,6,397
50,"North Bend/Coos Bay, OR",0,0,0,0,0,0,0,4
50,"North Platte, NE",1,0,1,0,0,1,0,12
50,"Oakland, CA",40,0,16,2,49,60,5,684
50,"Oklahoma City, OK",50,1,29,1,34,70,0,421
50,"Omaha, NE",39,2,32,0,24,63,1,443
50,"Ontario, CA",33,1,24,0,28,56,2,465
50,"Orlando, FL",236,3,192,3,187,379,6,2892
50,"Pago Pago, TT",1,0,0,0,0,1,0,2
50,"Palm Springs, CA",19,1,25,0,24,41,0,296
50,"Panama City, FL",7,2,4,0,5,12,0,97
50,"Pasco/Kennewick/Richland, WA",14,5,9,0,1,20,2,120
50,"Pellston, MI",1,3,2,0,0,5,0,12
50,"Pensacola, FL",27,1,22,0,32,44,1,224
50,"Peoria, IL",8,2,7,0,7,16,0,74
50,"Petersburg, AK",1,1,1,0,3,4,0,14
50,"Philadelphia, PA",151,11,133,1,137,261,4,1614
50,"Phoenix, AZ",275,15,214,2,226,467,6,3861
50,"Pittsburgh, PA",72,5,61,1,66,124,5,771
50,"Plattsburgh, NY",0,0,0,0,0,0,2,10
50,"Pocatello, ID",1,0,1,0,0,1,0,13
50,"Ponce, PR",1,0,1,0,1,1,0,10
50,"Portland, ME",25,2,18,0,25,42,1,176
50,"Portland, OR",94,2,81,2,81,168,0,1103
50,"Portsmouth, NH",0,0,0,0,0,0,0,8
50,"Prescott, AZ",0,0,0,0,0,0,0,14
50,"Presque Isle/Houlton, ME",0,0,1,0,0,1,1,7
50,"Providence, RI",25,3,16,0,27,45,0,294
50,"Provo, UT",9,1,7,0,4,11,0,52
50,"Punta Gorda, FL",10,1,11,1,14,21,1,117
50,"Raleigh/Durham, NC",88,7,70,0,95,165,4,1139
50,"Rapid City, SD",7,0,4,0,2,9,0,103
50,"Redding, CA",1,0,0,0,1,2,0,32
50,"Reno, NV",25,2,18,0,26,45,0,373
50,"Rhinelander, WI",2,0,0,0,0,2,0,14
50,"Richmond, VA",43,1,31,1,33,63,1,350
50,"Riverton/Lander, WY",2,1,1,0,0,3,0,14
50,"Roanoke, VA",10,0,6,0,4,12,1,59
50,"Rochester, MN",4,0,0,0,0,4,1,27
50,"Rochester, NY",30,3,22,1,28,54,0,214
50,"Rock Springs, WY",1,0,0,0,0,1,0,14
50,"Rockford, IL",0,0,1,0,0,1,0,14
50,"Roswell, NM",2,0,2,0,2,4,0,21
50,"Sacramento, CA",79,3,48,2,71,110,1,998
50,"Saginaw/Bay City/Midland, MI",13,4,7,0,1,18,0,48
50,"Saipan, TT",1,0,0,0,0,1,0,7
50,"Salina, KS",2,0,1,0,0,2,0,14
50,"Salt Lake City, UT",130,12,80,0,100,221,0,2093
50,"San Angelo, TX",8,0,3,0,0,7,0,21
50,"San Antonio, TX",81,1,48,0,49,111,0,761
50,"San Diego, CA",176,7,168,1,151,293,3,1774
50,"San Francisco, CA",293,28,465,2,193,670,12,2645
50,"San Jose, CA",69,4,46,0,66,117,1,914
50,"San Juan, PR",98,0,75,3,51,127,0,708
50,"San Luis Obispo, CA",12,1,7,0,6,17,0,112
50,"Sanford, FL",24,4,19,0,34,46,2,149
50,"Santa Ana, CA",63,2,47,0,42,101,0,799
50,"Santa Barbara, CA",11,0,8,0,8,17,0,137
50,"Santa Fe, NM",5,1,2,0,6,11,0,67
50,"Santa Maria, CA",0,0,0,0,0,0,0,2
50,"Santa Rosa, CA",8,0,12,0,9,19,0,83
50,"Sarasota/Bradenton, FL",37,0,30,1,23,53,1,290
50,"Sault Ste. Marie, MI",5,1,4,0,0,6,0,14
50,"Savannah, GA",26,2,24,1,35,56,2,345
50,"Scottsbluff, NE",1,0,2,0,1,2,0,12
50,"Scranton/Wilkes-Barre, PA",1,0,5,0,1,4,0,31
50,"Seattle, WA",176,29,187,2,151,355,11,2819
50,"Sheridan, WY",1,0,0,0,0,1,0,14
50,"Shreveport, LA",16,2,13,0,9,27,0,113
50,"Sioux City, IA",1,1,1,0,0,2,0,14
50,"Sioux Falls, SD",25,2,13,0,6,32,8,146
50,"Sitka, AK",1,0,3,0,2,4,0,21
50,"South Bend, IN",22,3,10,0,9,27,0,135
50,"Spokane, WA",32,2,23,0,13,46,0,340
50,"Springfield, IL",1,0,0,0,1,1,0,2
50,"Springfield, MO",23,1,12,1,11,28,0,192
50,"St. Cloud, MN",0,0,0,0,0,0,0,4
50,"St. George, UT",6,0,0,0,1,6,0,71
50,"St. Louis, MO",102,3,64,1,97,153,4,1200
50,"St. Petersburg, FL",7,2,10,0,6,14,0,130
50,"Stillwater, OK",0,0,0,0,1,1,0,14
50,"Stockton, CA",0,0,4,0,3,5,0,8
50,"Sun Valley/Hailey/Ketchum, ID",1,1,1,0,1,3,0,33
50,"Syracuse, NY",26,7,16,0,26,48,2,240
50,"Tallahassee, FL",10,1,7,0,8,17,0,102
50,"Tampa, FL",123,0,120,1,94,199,1,1393
50,"Texarkana, AR",5,1,0,0,0,6,1,14
50,"Toledo, OH",0,0,0,0,0,0,0,6
50,"Traverse City, MI",8,1,9,0,4,14,0,57
50,"Trenton, NJ",0,0,1,0,1,1,1,16
50,"Tucson, AZ",41,6,21,0,25,64,0,418
50,"Tulsa, OK",41,1,18,0,28,54,1,342
50,"Twin Falls, ID",2,0,0,0,0,2,0,13
50,"Tyler, TX",3,1,2,0,1,5,0,21
50,"Valdosta, GA",3,1,2,0,3,6,0,20
50,"Valparaiso, FL",12,0,8,0,6,14,0,127
50,"Victoria, TX",0,0,0,0,0,0,0,12
50,"Waco, TX",4,0,1,0,1,4,0,21
50,"Washington, DC",343,58,561,1,380,850,58,3764
50,"West Palm Beach/Palm Beach, FL",74,3,87,0,54,126,4,603
50,"White Plains, NY",43,8,33,0,30,60,9,239
50,"Wichita Falls, TX",0,0,1,0,0,0,0,14
50,"Wichita, KS",25,2,21,1,13,32,1,201
50,"Williston, ND",6,2,2,0,1,9,0,40
50,"Wilmington, NC",16,0,21,1,23,39,1,172
50,"Worcester, MA",1,2,2,0,1,4,2,29
50,"Wrangell, AK",0,0,2,0,3,3,0,14
50,"Yakutat, AK",1,0,1,0,2,3,0,14
50,"Yuma, AZ",7,0,2,0,4,10,0,34
51,"Aberdeen, SD",5,0,1,0,0,5,0,14
51,"Abilene, TX",1,1,1,0,3,4,0,34
51,"Adak Island, AK",0,0,0,0,0,0,0,2
51,"Aguadilla, PR",14,0,13,0,14,21,2,53
51,"Akron, OH",19,1,21,0,25,32,0,68
51,"Albany, GA",1,1,1,0,1,2,0,17
51,"Albany, NY",50,5,34,1,50,76,1,229
51,"Albuquerque, NM",69,7,18,0,62,97,4,471
51,"Alexandria, LA",2,1,0,0,0,3,0,38
51,"Allentown/Bethlehem/Easton, PA",11,0,5,0,15,16,0,82
51,"Alpena, MI",5,0,2,0,0,5,1,12
51,"Amarillo, TX",10,2,4,0,12,16,0,97
51,"Anchorage, AK",26,2,16,5,22,44,1,267
51,"Appleton, WI",15,5,18,0,10,31,1,139
51,"Arcata/Eureka, CA",2,1,1,0,0,2,0,35
51,"Asheville, NC",15,3,23,0,20,32,2,170
51,"Ashland, WV",0,0,0,0,0,0,0,7
51,"Aspen, CO",32,6,39,0,9,67,1,202
51,"Atlanta, GA",735,92,634,5,761,1390,20,6669
51,"Atlantic City, NJ",5,1,9,0,6,11,0,45
51,"Augusta, GA",6,3,10,0,5,16,0,69
51,"Austin, TX",212,12,144,1,195,326,11,1598
51,"Bakersfield, CA",3,1,2,0,3,6,0,59
51,"Baltimore, MD",288,2,194,5,270,388,9,1830
51,"Bangor, ME",11,1,9,0,6,14,0,63
51,"Barrow, AK",0,0,0,0,1,1,0,7
51,"Baton Rouge, LA",6,2,5,0,2,11,0,83
51,"Beaumont/Port Arthur, TX",1,1,0,0,0,2,1,14
51,"Belleville, IL",3,0,4,0,2,5,0,23
51,"Bellingham, WA",1,0,0,0,3,3,0,42
51,"Bemidji, MN",3,0,2,1,0,4,0,14
51,"Bend/Redmond, OR",6,3,7,0,4,14,1,111
51,"Bethel, AK",1,0,0,0,0,1,0,14
51,"Billings, MT",10,2,5,0,8,16,0,84
51,"Binghamton, NY",1,0,2,0,1,3,0,7
51,"Birmingham, AL",51,4,29,0,44,70,0,334
51,"Bishop, CA",2,2,2,0,0,5,0,11
51,"Bismarck/Mandan, ND",12,4,11,0,5,19,0,90
51,"Bloomington/Normal, IL",1,2,1,0,3,4,0,34
51,"Boise, ID",64,5,41,1,57,106,5,448
51,"Boston, MA",417,26,528,6,440,751,126,2738
51,"Bozeman, MT",26,10,18,0,17,45,0,194
51,"Brainerd, MN",1,0,1,0,0,2,1,12
51,"Bristol/Johnson City/Kingsport, TN",7,0,6,0,4,11,0,40
51,"Brownsville, TX",5,1,3,0,1,6,1,32
51,"Brunswick, GA",3,2,3,0,2,5,0,17
51,"Buffalo, NY",86,4,57,1,79,120,4,404
51,"Burbank, CA",73,4,36,0,91,127,5,639
51,"Burlington, VT",30,1,24,0,23,48,2,156
51,"Butte, MT",0,0,0,0,0,0,0,13
51,"Casper, WY",0,0,0,0,1,1,0,41
51,"Cedar City, UT",0,0,0,0,0,0,0,12
51,"Cedar Rapids/Iowa City, IA",24,7,20,0,14,39,1,157
51,"Champaign/Urbana, IL",0,3,2,0,3,4,0,20
51,"Charleston, SC",71,3,47,1,62,103,6,440
51,"Charleston/Dunbar, WV",12,3,8,0,6,16,0,57
51,"Charlotte Amalie, VI",14,2,19,0,10,27,0,115
51,"Charlotte, NC",473,50,388,8,494,808,18,4108
51,"Charlottesville, VA",7,1,13,0,7,17,0,60
51,"Chattanooga, TN",18,3,14,0,16,32,0,130
51,"Cheyenne, WY",0,0,0,0,0,0,0,13
51,"Chicago, IL",860,78,940,3,784,1571,57,6611
51,"Christiansted, VI",10,0,9,0,5,13,0,33
51,"Cincinnati, OH",110,17,79,1,108,184,2,759
51,"Clarksburg/Fairmont, WV",0,0,0,0,0,0,0,2
51,"Cleveland, OH",130,10,83,1,108,185,7,758
51,"Cody, WY",0,0,1,0,1,1,0,14
51,"College Station/Bryan, TX",2,0,0,0,0,2,2,21
51,"Colorado Springs, CO",38,2,13,0,20,45,1,239
51,"Columbia, MO",1,1,2,0,4,5,0,31
51,"Columbia, SC",23,3,12,0,18,31,1,135
51,"Columbus, GA",3,1,0,0,2,4,0,17
51,"Columbus, MS",0,0,1,0,2,2,0,14
51,"Columbus, OH",145,10,107,1,132,214,4,830
51,"Concord, NC",5,0,3,0,6,6,0,17
51,"Cordova, AK",0,1,0,0,2,3,1,14
51,"Corpus Christi, TX",5,3,3,0,9,13,0,65
51,"Dallas, TX",221,6,149,4,247,345,6,1442
51,"Dallas/Fort Worth, TX",608,124,580,9,482,1091,98,6040
51,"Dayton, OH",17,3,17,0,14,29,0,134
51,"Daytona Beach, FL",9,0,3,0,4,11,0,58
51,"Deadhorse, AK",0,0,0,0,1,1,0,11
51,"Decatur, IL",2,1,1,0,1,4,0,12
51,"Denver, CO",651,38,303,3,563,931,25,5975
51,"Des Moines, IA",32,5,28,1,48,63,0,285
51,"Detroit, MI",373,71,325,1,279,610,23,2545
51,"Devils Lake, ND",0,0,0,0,0,0,0,13
51,"Dickinson, ND",1,0,1,0,0,1,0,13
51,"Dodge City, KS",0,0,0,0,1,1,0,12
51,"Dothan, AL",2,1,1,0,2,3,0,17
51,"Duluth, MN",4,3,7,0,1,9,0,38
51,"Durango, CO",5,1,1,0,1,7,0,81
51,"Eagle, CO",19,0,11,0,10,26,0,128
51,"Eau Claire, WI",0,1,3,0,1,3,0,12
51,"El Paso, TX",53,2,16,2,48,68,4,358
51,"Elko, NV",0,0,0,0,0,0,0,7
51,"Elmira/Corning, NY",4,0,1,0,0,4,0,18
51,"Escanaba, MI",5,0,1,0,0,5,0,13
51,"Eugene, OR",13,2,13,0,19,29,1,148
51,"Evansville, IN",4,0,2,0,1,6,0,35
51,"Everett, WA",3,1,6,1,8,12,0,26
51,"Fairbanks, AK",5,0,4,2,5,9,0,52
51,"Fargo, ND",20,8,15,0,13,32,0,137
51,"Fayetteville, AR",23,6,24,0,31,47,1,298
51,"Fayetteville, NC",5,0,0,0,3,5,0,31
51,"Flagstaff, AZ",4,2,2,0,2,8,0,44
51,"Flint, MI",14,1,15,0,13,21,0,54
51,"Fort Dodge, IA",2,0,1,0,2,4,0,12
51,"Fort Lauderdale, FL",383,26,365,8,308,587,14,1931
51,"Fort Myers, FL",140,9,106,1,138,223,7,859
51,"Fort Smith, AR",0,2,1,0,2,3,0,21
51,"Fort Wayne, IN",14,2,11,0,8,23,0,108
51,"Fresno, CA",30,11,29,1,23,64,4,239
51,"Gainesville, FL",3,0,3,0,2,6,0,56
51,"Garden City, KS",0,0,0,0,1,1,1,14
51,"Gillette, WY",0,0,0,0,0,0,0,14
51,"Grand Forks, ND",4,0,6,1,3,7,0,27
51,"Grand Island, NE",3,2,2,0,1,6,0,20
51,"Grand Junction, CO",4,0,1,0,2,6,0,89
51,"Grand Rapids, MI",57,7,51,0,45,90,0,380
51,"Great Falls, MT",7,1,3,0,0,8,0,46
51,"Green Bay, WI",13,4,10,1,4,19,0,59
51,"Greensboro/High Point, NC",32,4,28,0,32,54,1,213
51,"Greer, SC",40,3,36,0,39,68,5,310
51,"Guam, TT",0,0,0,0,1,1,0,14
51,"Gulfport/Biloxi, MS",5,0,5,0,6,8,1,69
51,"Gunnison, CO",0,0,0,0,0,0,0,26
51,"Hagerstown, MD",3,0,2,0,1,3,0,5
51,"Hancock/Houghton, MI",3,0,1,0,1,4,0,14
51,"Harlingen/San Benito, TX",7,0,3,0,8,11,1,93
51,"Harrisburg, PA",16,3,9,0,11,21,0,94
51,"Hartford, CT",78,2,51,2,61,101,4,438
51,"Hattiesburg/Laurel, MS",1,0,1,0,0,1,0,12
51,"Hayden, CO",12,3,8,0,9,19,0,76
51,"Hays, KS",0,0,0,0,0,0,0,12
51,"Helena, MT",3,2,2,0,0,5,0,28
51,"Hibbing, MN",4,0,2,0,0,4,0,12
51,"Hilo, HI",11,1,1,0,11,15,0,127
51,"Hilton Head, SC",2,0,2,0,0,2,0,18
51,"Hobbs, NM",2,0,1,0,0,2,0,14
51,"Honolulu, HI",166,27,76,2,118,243,5,1212
51,"Houston, TX",423,36,356,1,314,671,19,3257
51,"Huntsville, AL",15,4,13,0,17,29,1,151
51,"Idaho Falls, ID",5,0,2,0,6,10,0,75
51,"Indianapolis, IN",125,8,88,1,141,212,4,920
51,"International Falls, MN",4,0,2,0,0,4,0,12
51,"Iron Mountain/Kingsfd, MI",4,0,1,0,0,4,0,14
51,"Islip, NY",18,1,10,0,20,28,0,110
51,"Ithaca/Cortland, NY",2,0,1,0,3,4,0,14
51,"Jackson, WY",15,6,6,0,12,26,3,114
51,"Jackson/Vicksburg, MS",13,3,6,0,17,20,0,130
51,"Jacksonville, FL",124,8,79,1,113,173,3,602
51,"Jacksonville/Camp Lejeune, NC",4,1,2,0,4,8,0,31
51,"Jamestown, ND",1,0,0,0,1,2,0,13
51,"Johnstown, PA",2,2,1,0,2,6,0,14
51,"Joplin, MO",1,1,1,0,2,4,0,12
51,"Juneau, AK",3,0,6,0,5,8,1,77
51,"Kahului, HI",58,8,8,1,45,73,0,525
51,"Kalamazoo, MI",4,2,4,0,0,6,1,18
51,"Kalispell, MT",8,0,7,0,3,11,0,64
51,"Kansas City, MO",160,10,71,0,152,219,3,912
51,"Kearney, NE",0,0,0,0,0,0,0,12
51,"Ketchikan, AK",5,0,4,0,1,6,0,42
51,"Key West, FL",14,1,24,0,17,34,9,174
51,"Killeen, TX",2,2,1,0,4,6,0,34
51,"Knoxville, TN",46,3,40,1,47,74,2,327
51,"Kodiak, AK",2,0,0,0,0,2,0,14
51,"Kona, HI",48,8,17,0,34,65,2,321
51,"Kotzebue, AK",1,0,1,0,0,1,0,7
51,"Lafayette, LA",7,1,2,0,5,9,1,66
51,"Lake Charles, LA",0,0,0,0,0,0,2,21
51,"Lansing, MI",2,0,0,0,0,2,0,20
51,"Laramie, WY",1,0,1,0,1,2,0,12
51,"Laredo, TX",3,1,2,0,3,5,0,37
51,"Las Vegas, NV",386,31,200,5,423,619,32,3539
51,"Latrobe, PA",1,0,1,0,1,0,0,7
51,"Lawton/Fort Sill, OK",2,1,0,0,0,3,0,21
51,"Lewiston, ID",2,0,0,0,0,2,0,21
51,"Lexington, KY",22,3,10,0,19,32,0,163
51,"Liberal, KS",1,0,0,0,2,3,0,12
51,"Lihue, HI",41,7,11,1,26,52,0,314
51,"Lincoln, NE",5,1,0,0,0,6,0,39
51,"Little Rock, AR",21,5,18,0,31,44,1,226
51,"Long Beach, CA",46,3,24,0,46,76,12,341
51,"Longview, TX",1,1,2,0,1,3,0,14
51,"Los Angeles, CA",493,47,280,4,336,750,12,3806
51,"Louisville, KY",71,4,40,0,66,102,1,418
51,"Lubbock, TX",9,5,2,0,17,22,1,129
51,"Madison, WI",38,4,40,0,21,61,1,219
51,"Manchester, NH",16,0,8,0,21,25,0,95
51,"Manhattan/Ft. Riley, KS",1,0,0,0,1,2,0,21
51,"Marquette, MI",0,1,1,0,2,2,0,14
51,"Mason City, IA",0,0,2,0,2,2,0,12
51,"Medford, OR",8,2,5,0,2,12,3,84
51,"Melbourne, FL",6,0,5,0,5,10,0,60
51,"Memphis, TN",73,5,52,1,55,112,2,413
51,"Meridian, MS",1,0,1,0,2,3,0,12
51,"Miami, FL",413,31,390,9,281,625,20,2333
51,"Midland/Odessa, TX",15,4,8,0,14,23,1,188
51,"Milwaukee, WI",110,3,62,0,72,142,3,505
51,"Minneapolis, MN",322,86,317,2,259,622,9,2402
51,"Minot, ND",8,5,8,0,3,17,0,51
51,"Mission/McAllen/Edinburg, TX",14,2,8,1,14,19,2,107
51,"Missoula, MT",5,0,5,0,3,7,0,69
51,"Mobile, AL",7,2,4,0,8,12,0,54
51,"Moline, IL",9,2,8,0,6,14,0,81
51,"Monroe, LA",1,3,1,0,3,7,1,38
51,"Monterey, CA",5,2,6,0,6,15,2,93
51,"Montgomery, AL",11,1,7,0,5,17,0,55
51,"Montrose/Delta, CO",7,0,6,0,5,9,0,65
51,"Morgantown, WV",3,2,1,0,2,7,0,14
51,"Mosinee, WI",1,0,2,0,0,2,0,14
51,"Myrtle Beach, SC",25,7,27,0,33,53,2,199
51,"Nashville, TN",305,16,200,2,299,462,7,1878
51,"New Orleans, LA",132,9,90,2,135,207,2,964
51,"New York, NY",777,73,864,4,736,1422,43,5599
51,"Newark, NJ",341,28,461,3,292,659,14,2479
51,"Newburgh/Poughkeepsie, NY",1,0,0,0,1,1,0,12
51,"Niagara Falls, NY",0,0,0,0,0,0,0,7
51,"Nome, AK",0,0,0,0,1,1,0,7
51,"Norfolk, VA",71,9,75,0,57,116,3,407
51,"North Bend/Coos Bay, OR",1,0,2,0,2,3,0,4
51,"North Platte, NE",1,0,0,0,0,1,0,12
51,"Oakland, CA",107,2,45,1,135,182,19,735
51,"Oklahoma City, OK",62,11,25,0,59,92,1,439
51,"Omaha, NE",65,9,37,2,47,101,0,467
51,"Ontario, CA",70,4,27,0,63,103,1,493
51,"Orlando, FL",539,35,372,4,488,788,11,3195
51,"Pago Pago, TT",0,0,0,0,0,0,0,3
51,"Palm Springs, CA",37,5,35,0,36,70,1,322
51,"Panama City, FL",14,0,7,0,16,21,0,113
51,"Pasco/Kennewick/Richland, WA",6,3,5,1,6,17,0,132
51,"Pellston, MI",4,1,2,0,0,5,0,12
51,"Pensacola, FL",35,2,16,0,28,47,0,235
51,"Peoria, IL",11,1,8,0,13,22,0,86
51,"Petersburg, AK",0,0,2,0,1,2,0,14
51,"Philadelphia, PA",219,21,234,3,242,420,16,1747
51,"Phoenix, AZ",465,46,237,4,447,685,39,4172
51,"Pittsburgh, PA",141,9,98,1,111,196,6,782
51,"Plattsburgh, NY",1,1,3,0,0,4,2,17
51,"Pocatello, ID",1,0,0,0,0,1,0,14
51,"Ponce, PR",6,0,3,0,5,6,1,21
51,"Portland, ME",31,3,17,0,25,43,0,184
51,"Portland, OR",136,16,121,3,137,256,5,1158
51,"Portsmouth, NH",1,0,0,0,1,1,0,9
51,"Prescott, AZ",2,0,0,0,0,2,0,14
51,"Presque Isle/Houlton, ME",2,2,3,0,3,4,0,7
51,"Providence, RI",57,0,35,0,57,80,1,305
51,"Provo, UT",14,3,6,1,10,22,0,66
51,"Punta Gorda, FL",18,7,23,0,28,46,1,189
51,"Raleigh/Durham, NC",203,10,139,4,200,308,5,1173
51,"Rapid City, SD",10,1,9,0,6,18,0,105
51,"Redding, CA",7,3,5,1,0,11,1,33
51,"Reno, NV",45,5,19,0,47,75,9,416
51,"Rhinelander, WI",5,0,3,0,0,5,0,14
51,"Richmond, VA",66,4,44,0,58,99,4,356
51,"Riverton/Lander, WY",0,0,0,0,0,0,0,14
51,"Roanoke, VA",11,2,9,0,7,18,2,54
51,"Rochester, MN",4,3,7,0,1,9,0,24
51,"Rochester, NY",33,4,31,1,36,58,1,230
51,"Rock Springs, WY",1,0,1,0,1,2,0,14
51,"Rockford, IL",1,0,1,0,0,1,0,20
51,"Roswell, NM",1,0,1,0,1,2,2,21
51,"Sacramento, CA",164,17,102,0,164,252,20,1036
51,"Saginaw/Bay City/Midland, MI",8,3,7,0,3,14,0,44
51,"Saipan, TT",0,0,0,0,0,0,0,7
51,"Salina, KS",1,0,1,0,0,1,0,14
51,"Salt Lake City, UT",236,53,114,1,174,363,9,2215
51,"San Angelo, TX",1,1,1,0,1,3,1,21
51,"San Antonio, TX",113,4,49,0,105,162,7,798
51,"San Diego, CA",215,81,397,2,231,584,162,1841
51,"San Francisco, CA",333,60,491,0,282,801,29,2786
51,"San Jose, CA",110,15,62,1,129,207,31,945
51,"San Juan, PR",213,13,222,3,140,324,5,851
51,"San Luis Obispo, CA",5,8,7,0,5,19,4,114
51,"Sanford, FL",49,7,33,1,61,83,1,223
51,"Santa Ana, CA",99,14,96,0,100,192,19,833
51,"Santa Barbara, CA",14,0,6,1,12,18,0,145
51,"Santa Fe, NM",6,1,4,0,4,11,1,64
51,"Santa Maria, CA",0,0,0,0,1,1,0,2
51,"Santa Rosa, CA",6,4,15,0,9,26,4,88
51,"Sarasota/Bradenton, FL",55,5,34,1,43,80,3,365
51,"Sault Ste. Marie, MI",7,2,4,0,0,9,1,14
51,"Savannah, GA",50,3,46,0,48,79,1,367
51,"Scottsbluff, NE",0,0,0,0,1,1,0,12
51,"Scranton/Wilkes-Barre, PA",5,1,5,0,7,8,0,32
51,"Seattle, WA",277,41,254,7,260,534,19,2851
51,"Sheridan, WY",1,0,1,0,0,1,0,14
51,"Shreveport, LA",5,6,3,0,1,11,1,102
51,"Sioux City, IA",0,0,0,0,0,0,1,14
51,"Sioux Falls, SD",17,2,13,0,12,32,10,155
51,"Sitka, AK",2,0,1,0,4,4,0,21
51,"South Bend, IN",27,5,25,0,13,47,0,153
51,"Spokane, WA",55,8,20,1,44,80,0,335
51,"Springfield, IL",1,0,1,0,1,1,0,3
51,"Springfield, MO",26,3,18,0,22,44,1,187
51,"St. Cloud, MN",0,0,0,0,0,0,0,3
51,"St. George, UT",3,0,0,0,1,4,0,72
51,"St. Louis, MO",195,8,92,1,183,267,6,1243
51,"St. Petersburg, FL",19,5,22,1,23,39,3,187
51,"State College, PA",1,0,2,0,0,2,0,8
51,"Stillwater, OK",0,1,0,0,0,1,0,14
51,"Stockton, CA",0,0,0,0,2,2,0,14
51,"Sun Valley/Hailey/Ketchum, ID",4,1,1,0,1,6,4,59
51,"Syracuse, NY",50,8,38,0,36,76,2,241
51,"Tallahassee, FL",8,2,5,0,6,13,0,98
51,"Tampa, FL",280,16,202,4,267,405,4,1611
51,"Texarkana, AR",1,0,1,0,2,3,0,14
51,"Toledo, OH",0,0,1,0,1,1,0,8
51,"Traverse City, MI",9,3,11,0,10,20,0,75
51,"Trenton, NJ",3,0,3,0,4,5,1,37
51,"Tucson, AZ",44,6,14,0,43,70,4,430
51,"Tulsa, OK",47,3,20,0,36,65,3,338
51,"Twin Falls, ID",1,0,0,0,0,1,0,14
51,"Tyler, TX",3,2,1,0,1,6,0,21
51,"Valdosta, GA",2,1,1,0,3,4,0,17
51,"Valparaiso, FL",20,1,7,0,16,25,0,150
51,"Victoria, TX",3,0,0,0,0,3,0,13
51,"Waco, TX",3,2,2,0,0,5,1,21
51,"Washington, DC",434,61,515,4,493,884,36,3657
51,"West Palm Beach/Palm Beach, FL",137,15,120,1,124,212,8,702
51,"White Plains, NY",52,6,42,0,47,73,2,236
51,"Wichita Falls, TX",2,0,1,0,1,3,0,14
51,"Wichita, KS",21,4,15,0,17,35,1,194
51,"Williston, ND",9,4,4,0,1,15,1,44
51,"Wilmington, NC",18,2,20,0,24,34,1,171
51,"Worcester, MA",5,1,4,0,5,9,1,28
51,"Wrangell, AK",1,0,1,0,1,2,0,14
51,"Yakutat, AK",0,0,0,0,0,0,0,14
51,"Yuma, AZ",4,1,3,0,1,6,0,37
52,"Aberdeen, SD",2,1,2,0,0,3,1,13
52,"Abilene, TX",1,6,2,0,10,11,1,34
52,"Adak Island, AK",0,0,0,0,0,0,0,2
52,"Aguadilla, PR",13,0,10,0,16,17,0,56
52,"Akron, OH",11,4,7,0,15,23,0,67
52,"Albany, GA",3,0,2,0,0,3,0,14
52,"Albany, NY",42,5,21,0,48,62,1,223
52,"Albuquerque, NM",67,16,30,0,91,121,6,467
52,"Alexandria, LA",3,3,4,0,1,7,4,33
52,"Allentown/Bethlehem/Easton, PA",14,3,10,0,20,30,3,88
52,"Alpena, MI",3,1,2,0,0,4,0,13
52,"Amarillo, TX",14,15,10,0,29,37,3,98
52,"Anchorage, AK",19,2,12,2,18,33,1,261
52,"Appleton, WI",14,7,8,0,13,29,20,137
52,"Arcata/Eureka, CA",4,1,3,0,1,6,0,34
52,"Asheville, NC",29,7,36,1,41,56,1,183
52,"Ashland, WV",1,0,1,0,2,2,0,7
52,"Aspen, CO",32,27,85,0,12,113,33,242
52,"Atlanta, GA",903,101,1123,6,1056,1828,42,6275
52,"Atlantic City, NJ",8,0,9,0,1,12,2,47
52,"Augusta, GA",10,3,7,0,11,18,4,63
52,"Austin, TX",235,46,217,4,260,426,15,1551
52,"Bakersfield, CA",8,1,3,0,3,10,0,58
52,"Baltimore, MD",299,20,162,3,349,441,6,1813
52,"Bangor, ME",7,2,5,0,10,11,0,54
52,"Barrow, AK",3,0,0,0,3,5,0,6
52,"Baton Rouge, LA",4,10,11,0,12,17,6,76
52,"Beaumont/Port Arthur, TX",0,2,1,0,0,2,2,13
52,"Belleville, IL",6,1,1,0,3,9,4,31
52,"Bellingham, WA",2,1,5,0,3,7,0,47
52,"Bemidji, MN",3,1,0,0,0,4,0,14
52,"Bend/Redmond, OR",12,0,10,0,6,17,1,107
52,"Bethel, AK",0,0,1,0,1,1,0,12
52,"Billings, MT",10,5,9,0,9,18,0,84
52,"Binghamton, NY",0,0,0,0,0,0,0,7
52,"Birmingham, AL",67,13,49,0,69,112,3,311
52,"Bishop, CA",2,0,2,0,2,4,0,14
52,"Bismarck/Mandan, ND",11,2,4,0,7,17,1,86
52,"Bloomington/Normal, IL",2,2,2,0,8,8,0,34
52,"Boise, ID",74,3,64,0,58,119,2,430
52,"Boston, MA",437,27,335,5,446,659,14,2461
52,"Bozeman, MT",37,3,27,0,27,53,2,235
52,"Brainerd, MN",0,2,0,0,0,2,2,13
52,"Bristol/Johnson City/Kingsport, TN",6,3,3,0,7,11,0,35
52,"Brownsville, TX",3,1,0,0,0,4,4,31
52,"Brunswick, GA",2,0,2,0,2,4,0,14
52,"Buffalo, NY",61,3,31,1,73,97,0,350
52,"Burbank, CA",75,12,45,0,101,138,1,641
52,"Burlington, VT",17,0,13,0,8,29,0,145
52,"Butte, MT",3,0,1,0,0,3,0,13
52,"Casper, WY",6,0,5,0,2,8,0,42
52,"Cedar City, UT",2,0,0,0,0,2,0,13
52,"Cedar Rapids/Iowa City, IA",25,13,20,0,26,47,15,162
52,"Champaign/Urbana, IL",2,3,2,0,5,6,0,20
52,"Charleston, SC",71,15,55,1,75,121,3,423
52,"Charleston/Dunbar, WV",9,6,5,0,11,21,0,50
52,"Charlotte Amalie, VI",27,1,23,0,11,42,0,132
52,"Charlotte, NC",679,172,459,5,707,1175,30,3902
52,"Charlottesville, VA",8,1,3,0,6,13,0,40
52,"Chattanooga, TN",17,8,14,0,21,33,2,104
52,"Cheyenne, WY",2,0,2,0,0,2,0,13
52,"Chicago, IL",859,92,480,7,790,1388,53,6447
52,"Christiansted, VI",9,1,7,0,9,15,0,40
52,"Cincinnati, OH",94,12,76,2,119,182,13,685
52,"Clarksburg/Fairmont, WV",1,0,0,0,1,1,0,3
52,"Cleveland, OH",128,11,45,1,130,194,2,696
52,"Cody, WY",1,0,0,0,0,1,0,14
52,"College Station/Bryan, TX",1,4,2,0,3,6,2,20
52,"Colorado Springs, CO",51,8,25,0,48,77,2,244
52,"Columbia, MO",2,8,5,0,8,13,1,26
52,"Columbia, SC",17,7,17,0,14,31,2,113
52,"Columbus, GA",2,0,1,0,0,2,2,14
52,"Columbus, MS",1,0,0,0,1,2,0,14
52,"Columbus, OH",110,9,58,3,124,176,7,767
52,"Concord, NC",6,2,7,0,6,13,0,25
52,"Cordova, AK",0,0,1,0,1,1,0,12
52,"Corpus Christi, TX",4,10,7,0,18,24,1,66
52,"Dallas, TX",229,41,418,2,352,593,37,1450
52,"Dallas/Fort Worth, TX",920,428,1040,9,1061,1976,431,5752
52,"Dayton, OH",19,10,13,0,29,40,4,117
52,"Daytona Beach, FL",11,5,10,0,14,21,0,59
52,"Deadhorse, AK",0,0,0,0,0,0,0,9
52,"Decatur, IL",3,0,2,0,0,3,0,12
52,"Denver, CO",716,71,357,4,713,1073,53,6060
52,"Des Moines, IA",29,10,22,0,41,67,4,262
52,"Detroit, MI",258,40,187,1,223,437,13,2330
52,"Devils Lake, ND",2,0,1,0,0,2,0,13
52,"Dickinson, ND",1,0,0,0,2,3,0,13
52,"Dodge City, KS",1,0,1,0,1,3,1,12
52,"Dothan, AL",5,0,1,0,4,6,0,14
52,"Duluth, MN",2,1,0,0,1,3,0,33
52,"Durango, CO",12,6,8,0,8,24,4,79
52,"Eagle, CO",26,11,64,0,22,80,4,167
52,"Eau Claire, WI",0,1,0,0,1,2,2,12
52,"El Paso, TX",58,17,26,1,64,100,8,360
52,"Elko, NV",1,0,0,0,0,1,0,7
52,"Elmira/Corning, NY",1,0,1,0,0,2,0,17
52,"Escanaba, MI",2,0,0,0,0,2,0,13
52,"Eugene, OR",21,1,16,0,19,31,0,144
52,"Evansville, IN",5,5,3,0,7,11,0,32
52,"Everett, WA",0,0,2,0,1,3,1,27
52,"Fairbanks, AK",4,0,4,0,5,8,0,56
52,"Fargo, ND",10,9,14,0,11,29,3,136
52,"Fayetteville, AR",36,13,22,0,45,66,3,264
52,"Fayetteville, NC",5,0,2,0,4,6,0,24
52,"Flagstaff, AZ",5,4,2,0,2,11,1,39
52,"Flint, MI",5,1,8,0,10,15,1,62
52,"Fort Dodge, IA",0,1,0,0,0,1,0,12
52,"Fort Lauderdale, FL",372,30,512,4,386,777,21,2016
52,"Fort Myers, FL",204,14,251,0,163,389,20,946
52,"Fort Smith, AR",1,2,2,0,4,4,1,20
52,"Fort Wayne, IN",10,5,8,0,7,21,0,104
52,"Fresno, CA",32,6,23,0,36,70,2,240
52,"Gainesville, FL",10,0,7,0,13,18,1,51
52,"Garden City, KS",0,3,1,0,3,4,0,13
52,"Gillette, WY",1,0,1,0,0,1,0,14
52,"Grand Forks, ND",1,1,1,0,0,3,0,25
52,"Grand Island, NE",1,4,5,0,1,6,3,20
52,"Grand Junction, CO",11,2,8,0,7,18,0,92
52,"Grand Rapids, MI",42,10,22,0,48,81,2,376
52,"Great Falls, MT",2,1,3,0,1,5,0,44
52,"Green Bay, WI",6,1,3,0,3,10,5,48
52,"Greensboro/High Point, NC",24,10,14,0,33,46,1,186
52,"Greer, SC",51,14,23,0,47,74,7,267
52,"Guam, TT",0,0,0,0,0,0,0,14
52,"Gulfport/Biloxi, MS",11,6,15,0,13,24,3,68
52,"Gunnison, CO",6,3,1,0,5,8,2,33
52,"Hagerstown, MD",2,0,0,0,1,2,1,6
52,"Hancock/Houghton, MI",1,1,0,0,1,3,3,14
52,"Harlingen/San Benito, TX",10,7,4,0,16,22,4,94
52,"Harrisburg, PA",10,2,8,0,13,20,1,88
52,"Hartford, CT",98,5,59,1,93,143,0,426
52,"Hattiesburg/Laurel, MS",0,0,0,0,1,1,2,12
52,"Hayden, CO",20,5,17,0,14,29,3,104
52,"Hays, KS",0,0,0,0,1,1,1,12
52,"Helena, MT",0,1,0,0,2,3,0,26
52,"Hibbing, MN",3,1,2,0,0,4,2,13
52,"Hilo, HI",19,2,2,0,12,19,1,124
52,"Hilton Head, SC",3,3,2,0,7,7,0,19
52,"Hobbs, NM",3,0,3,0,1,4,1,14
52,"Honolulu, HI",149,24,42,1,110,210,8,1220
52,"Houston, TX",483,77,591,2,541,964,89,3162
52,"Huntsville, AL",21,11,17,0,27,47,4,136
52,"Idaho Falls, ID",10,4,8,0,7,21,1,73
52,"Indianapolis, IN",113,11,63,1,139,191,7,853
52,"International Falls, MN",3,1,1,0,0,4,1,13
52,"Iron Mountain/Kingsfd, MI",4,0,2,0,0,4,3,13
52,"Islip, NY",26,2,13,0,37,44,2,116
52,"Ithaca/Cortland, NY",0,0,0,0,1,1,0,12
52,"Jackson, WY",37,11,23,0,23,50,6,145
52,"Jackson/Vicksburg, MS",14,10,18,0,30,38,6,119
52,"Jacksonville, FL",142,11,98,0,117,196,9,583
52,"Jacksonville/Camp Lejeune, NC",7,3,9,0,9,13,0,37
52,"Jamestown, ND",1,0,1,0,1,2,1,13
52,"Johnstown, PA",1,1,2,0,3,5,0,14
52,"Joplin, MO",2,0,0,0,1,3,0,12
52,"Juneau, AK",5,0,2,0,5,9,0,70
52,"Kahului, HI",62,10,20,0,30,84,2,539
52,"Kalamazoo, MI",1,0,0,0,0,1,0,14
52,"Kalispell, MT",16,0,10,0,8,16,0,63
52,"Kansas City, MO",142,16,63,1,159,222,7,885
52,"Kearney, NE",2,1,2,0,1,4,1,12
52,"Ketchikan, AK",5,0,2,0,2,4,0,38
52,"Key West, FL",23,8,72,0,26,87,2,187
52,"Killeen, TX",3,7,5,0,9,14,3,32
52,"Knoxville, TN",45,14,51,1,63,102,3,298
52,"Kodiak, AK",0,0,0,0,0,0,0,12
52,"Kona, HI",40,5,13,0,29,53,1,332
52,"Kotzebue, AK",0,0,0,0,0,0,0,6
52,"Lafayette, LA",6,4,5,0,11,14,4,59
52,"Lake Charles, LA",0,3,3,0,0,4,3,20
52,"Lansing, MI",1,0,0,0,0,0,0,14
52,"Laramie, WY",3,0,2,0,0,3,0,12
52,"Laredo, TX",3,7,10,0,9,11,2,35
52,"Las Vegas, NV",477,39,265,6,521,732,12,3413
52,"Latrobe, PA",0,0,0,0,0,0,1,7
52,"Lawton/Fort Sill, OK",2,3,2,0,2,7,2,20
52,"Lewiston, ID",1,3,3,0,0,4,0,21
52,"Lexington, KY",18,12,12,0,25,39,1,149
52,"Liberal, KS",2,1,0,0,0,3,0,12
52,"Lihue, HI",26,4,11,1,23,40,0,318
52,"Lincoln, NE",3,0,0,0,1,4,1,41
52,"Little Rock, AR",38,17,29,0,41,63,5,200
52,"Long Beach, CA",34,3,29,0,48,70,1,347
52,"Longview, TX",1,0,0,0,0,1,2,13
52,"Los Angeles, CA",559,76,362,7,405,834,30,3737
52,"Louisville, KY",53,14,37,1,62,89,0,372
52,"Lubbock, TX",18,11,14,0,33,46,3,124
52,"Madison, WI",31,8,17,0,21,44,3,200
52,"Manchester, NH",15,2,8,1,20,24,1,83
52,"Manhattan/Ft. Riley, KS",0,1,0,0,1,1,3,20
52,"Marquette, MI",2,1,0,0,2,3,2,14
52,"Mason City, IA",1,0,0,0,1,2,2,12
52,"Medford, OR",10,1,9,0,6,16,0,79
52,"Melbourne, FL",16,2,9,0,13,25,0,58
52,"Memphis, TN",65,20,46,0,69,109,3,380
52,"Meridian, MS",0,0,1,0,3,3,1,12
52,"Miami, FL",482,46,506,4,365,826,20,2240
52,"Midland/Odessa, TX",17,14,22,0,31,50,2,176
52,"Milwaukee, WI",60,9,35,0,71,100,3,472
52,"Minneapolis, MN",255,36,123,1,215,412,27,2296
52,"Minot, ND",2,2,3,0,2,5,0,51
52,"Mission/McAllen/Edinburg, TX",17,13,9,0,18,33,5,101
52,"Missoula, MT",9,1,11,0,4,15,1,69
52,"Mobile, AL",5,7,13,0,10,18,4,51
52,"Moline, IL",11,8,10,0,14,25,1,87
52,"Monroe, LA",5,5,3,0,6,11,3,34
52,"Monterey, CA",14,0,10,0,13,26,1,90
52,"Montgomery, AL",10,5,3,0,2,17,4,45
52,"Montrose/Delta, CO",18,7,19,0,11,32,1,84
52,"Morgantown, WV",1,2,1,0,1,4,1,14
52,"Mosinee, WI",0,2,1,0,0,3,0,14
52,"Myrtle Beach, SC",28,9,25,0,39,56,1,202
52,"Nashville, TN",271,39,179,3,326,442,15,1791
52,"New Orleans, LA",177,23,133,0,175,276,11,927
52,"New York, NY",707,65,577,2,642,1142,8,4350
52,"Newark, NJ",442,25,280,3,342,600,19,2329
52,"Newburgh/Poughkeepsie, NY",1,1,1,0,2,4,0,14
52,"Niagara Falls, NY",1,0,1,0,1,3,1,11
52,"Nome, AK",0,0,1,0,1,1,0,6
52,"Norfolk, VA",73,9,51,0,67,102,1,351
52,"North Bend/Coos Bay, OR",0,0,1,0,0,1,0,6
52,"North Platte, NE",0,0,1,0,1,1,0,12
52,"Oakland, CA",86,2,68,0,116,150,3,741
52,"Oklahoma City, OK",72,15,26,1,67,108,9,421
52,"Omaha, NE",66,8,38,1,72,105,5,443
52,"Ontario, CA",60,9,22,2,66,96,4,479
52,"Orlando, FL",586,62,807,5,626,1241,32,3244
52,"Pago Pago, TT",0,0,0,0,0,0,0,3
52,"Palm Springs, CA",35,4,27,0,38,68,5,343
52,"Panama City, FL",17,10,21,0,22,34,1,119
52,"Pasco/Kennewick/Richland, WA",16,3,11,0,5,24,0,134
52,"Pellston, MI",2,0,0,0,0,2,0,13
52,"Pensacola, FL",55,17,47,0,54,85,2,227
52,"Peoria, IL",6,6,10,0,11,19,1,96
52,"Petersburg, AK",0,0,0,0,0,0,0,12
52,"Philadelphia, PA",321,36,233,2,342,520,8,1656
52,"Phoenix, AZ",539,66,217,4,556,841,17,4148
52,"Pittsburgh, PA",108,14,64,0,123,175,4,720
52,"Plattsburgh, NY",0,1,4,1,3,7,0,24
52,"Pocatello, ID",0,0,0,0,0,0,0,12
52,"Ponce, PR",9,0,3,0,10,12,0,28
52,"Portland, ME",25,6,17,0,26,45,1,168
52,"Portland, OR",140,11,187,1,167,291,5,1175
52,"Portsmouth, NH",2,1,1,0,0,3,0,12
52,"Prescott, AZ",3,0,3,0,3,6,0,14
52,"Presque Isle/Houlton, ME",2,0,1,0,2,2,0,7
52,"Providence, RI",61,3,36,0,64,87,0,276
52,"Provo, UT",10,8,21,0,16,31,2,73
52,"Punta Gorda, FL",29,4,79,0,40,101,3,253
52,"Raleigh/Durham, NC",177,17,116,0,179,258,7,1062
52,"Rapid City, SD",7,9,7,0,11,17,0,100
52,"Redding, CA",4,1,4,0,3,7,0,34
52,"Reno, NV",79,8,57,1,73,126,4,424
52,"Rhinelander, WI",0,0,0,0,0,0,2,14
52,"Richmond, VA",65,9,30,0,55,91,4,316
52,"Riverton/Lander, WY",2,0,1,0,0,2,0,14
52,"Roanoke, VA",5,3,2,0,8,11,3,48
52,"Rochester, MN",1,2,1,0,0,3,2,19
52,"Rochester, NY",33,1,17,0,28,52,1,212
52,"Rock Springs, WY",1,0,1,0,0,1,0,14
52,"Rockford, IL",2,0,2,0,1,3,1,25
52,"Roswell, NM",4,3,2,0,1,8,3,19
52,"Sacramento, CA",163,16,149,1,183,268,6,1019
52,"Saginaw/Bay City/Midland, MI",10,1,6,0,1,12,0,37
52,"Saipan, TT",0,0,0,0,0,0,0,7
52,"Salina, KS",1,0,1,0,3,4,0,14
52,"Salt Lake City, UT",279,36,166,2,217,420,12,2183
52,"San Angelo, TX",2,0,2,0,1,3,4,20
52,"San Antonio, TX",138,27,86,0,162,231,16,781
52,"San Diego, CA",292,35,332,3,336,580,13,1855
52,"San Francisco, CA",413,47,585,4,335,894,21,2774
52,"San Jose, CA",108,7,81,3,151,200,5,935
52,"San Juan, PR",184,11,160,1,149,287,2,895
52,"San Luis Obispo, CA",16,5,16,0,16,34,6,111
52,"Sanford, FL",47,10,72,0,68,107,3,277
52,"Santa Ana, CA",92,8,54,0,95,154,4,846
52,"Santa Barbara, CA",17,7,13,0,22,39,3,142
52,"Santa Fe, NM",9,5,4,0,4,16,1,60
52,"Santa Maria, CA",0,0,0,0,0,0,0,2
52,"Santa Rosa, CA",10,2,14,0,11,26,0,86
52,"Sarasota/Bradenton, FL",60,14,106,0,61,159,5,425
52,"Sault Ste. Marie, MI",5,2,3,0,0,7,1,13
52,"Savannah, GA",82,11,51,0,72,115,4,367
52,"Scottsbluff, NE",3,0,0,0,0,3,0,12
52,"Scranton/Wilkes-Barre, PA",4,1,1,0,4,6,0,31
52,"Seattle, WA",239,33,291,7,280,525,18,2829
52,"Sheridan, WY",0,0,0,0,0,0,0,14
52,"Shreveport, LA",6,12,10,0,14,24,4,88
52,"Sioux City, IA",2,0,0,0,0,2,2,14
52,"Sioux Falls, SD",15,12,7,0,12,34,4,152
52,"Sitka, AK",2,0,1,0,1,2,0,20
52,"South Bend, IN",19,4,9,0,7,28,3,145
52,"Spokane, WA",44,3,26,1,40,63,1,307
52,"Springfield, IL",2,0,0,0,2,2,0,5
52,"Springfield, MO",22,14,20,0,34,50,2,174
52,"St. Cloud, MN",0,0,0,0,0,0,1,4
52,"St. George, UT",6,3,2,0,1,9,0,69
52,"St. Louis, MO",166,21,79,0,192,271,8,1200
52,"St. Petersburg, FL",25,8,69,0,58,98,8,240
52,"State College, PA",0,1,1,0,0,1,0,6
52,"Stillwater, OK",1,0,0,0,0,1,3,13
52,"Stockton, CA",0,0,0,0,0,0,0,15
52,"Sun Valley/Hailey/Ketchum, ID",7,2,6,0,6,16,0,72
52,"Syracuse, NY",32,4,11,0,33,50,0,216
52,"Tallahassee, FL",13,5,15,0,15,25,4,94
52,"Tampa, FL",299,30,462,1,344,673,12,1652
52,"Texarkana, AR",1,2,1,0,0,3,2,13
52,"Toledo, OH",1,1,1,0,0,3,0,12
52,"Traverse City, MI",13,3,8,0,15,21,0,87
52,"Trenton, NJ",6,0,0,0,9,10,3,38
52,"Tucson, AZ",62,14,25,0,54,106,8,425
52,"Tulsa, OK",47,17,23,0,50,81,8,315
52,"Twin Falls, ID",1,0,1,0,0,1,0,12
52,"Tyler, TX",3,5,6,0,3,11,2,20
52,"Valdosta, GA",2,1,3,0,2,4,0,14
52,"Valparaiso, FL",28,18,26,0,37,58,12,164
52,"Victoria, TX",1,0,1,0,0,1,1,13
52,"Waco, TX",2,3,2,0,1,6,2,19
52,"Washington, DC",495,62,321,2,488,772,15,3146
52,"West Palm Beach/Palm Beach, FL",168,9,256,0,179,374,7,746
52,"White Plains, NY",62,7,36,0,57,81,3,213
52,"Wichita Falls, TX",0,2,0,0,4,4,0,13
52,"Wichita, KS",20,8,20,0,21,47,4,183
52,"Williston, ND",4,0,1,0,0,4,0,38
52,"Wilmington, NC",29,8,19,0,30,48,1,143
52,"Worcester, MA",2,1,3,0,4,5,0,23
52,"Wrangell, AK",1,0,1,0,0,1,0,12
52,"Yakutat, AK",0,0,0,0,0,0,0,12
52,"Yuma, AZ",8,2,1,0,0,10,1,35
