week_number,origin_city,bool_carrier_delay_min,bool_weather_delay_min,bool_traffic_delay_min,bool_security_delay_min,bool_late_aircraft_delay_min,is_late,cancelled,flight_number
1,"Aberdeen, SD",2,1,0,0,0,3,0,16
1,"Abilene, TX",1,0,3,0,1,3,0,44
1,"Adak Island, AK",0,0,0,0,0,0,2,2
1,"Aguadilla, PR",8,1,11,0,17,21,0,82
1,"Akron, OH",11,1,9,0,8,18,1,87
1,"Albany, GA",0,1,1,0,0,1,0,18
1,"Albany, NY",28,3,34,1,31,54,7,256
1,"Albuquerque, NM",62,24,74,0,67,112,6,586
1,"Alexandria, LA",3,2,4,0,1,7,0,44
1,"Allentown/Bethlehem/Easton, PA",14,2,14,0,10,25,4,119
1,"Alpena, MI",1,0,0,0,0,1,0,14
1,"Amarillo, TX",5,0,12,1,10,18,4,126
1,"Anchorage, AK",22,6,25,0,23,50,18,338
1,"Appleton, WI",12,6,22,0,11,33,2,151
1,"Arcata/Eureka, CA",3,0,3,0,1,5,0,44
1,"Asheville, NC",31,4,36,2,36,65,3,286
1,"Ashland, WV",1,0,1,0,3,2,1,9
1,"Aspen, CO",30,26,60,6,38,126,10,315
1,"Atlanta, GA",666,22,544,4,386,1009,11,7508
1,"Atlantic City, NJ",4,1,16,0,2,18,1,82
1,"Augusta, GA",7,2,3,0,2,10,1,59
1,"Austin, TX",245,40,195,13,302,444,10,2130
1,"Bakersfield, CA",4,0,2,0,4,6,0,61
1,"Baltimore, MD",416,2,238,1,334,554,26,2355
1,"Bangor, ME",4,0,3,0,5,6,1,67
1,"Barrow, AK",1,1,2,1,5,5,1,8
1,"Baton Rouge, LA",7,1,9,1,5,15,0,95
1,"Beaumont/Port Arthur, TX",0,2,1,0,0,3,0,18
1,"Belleville, IL",4,0,3,0,6,6,0,29
1,"Bellingham, WA",6,1,2,0,1,7,0,70
1,"Bemidji, MN",4,1,2,0,0,4,1,17
1,"Bend/Redmond, OR",19,18,20,1,9,43,8,141
1,"Bethel, AK",0,0,3,3,4,5,0,16
1,"Billings, MT",6,6,16,0,7,20,0,93
1,"Binghamton, NY",1,0,4,0,1,4,1,10
1,"Birmingham, AL",30,0,27,0,31,63,0,365
1,"Bishop, CA",0,0,1,0,1,2,0,18
1,"Bismarck/Mandan, ND",7,2,8,1,4,12,0,91
1,"Bloomington/Normal, IL",2,1,5,0,1,6,0,43
1,"Boise, ID",37,4,47,0,46,80,4,504
1,"Boston, MA",342,82,341,3,263,576,79,2824
1,"Bozeman, MT",28,3,46,0,33,65,1,291
1,"Brainerd, MN",2,2,2,0,0,4,0,14
1,"Bristol/Johnson City/Kingsport, TN",2,0,1,0,7,6,0,57
1,"Brownsville, TX",2,1,1,0,1,3,0,34
1,"Brunswick, GA",2,1,1,0,0,4,0,18
1,"Buffalo, NY",50,3,74,0,43,97,0,411
1,"Burbank, CA",86,6,70,0,123,178,12,794
1,"Burlington, VT",14,3,15,0,9,22,0,145
1,"Butte, MT",1,2,1,0,0,3,0,15
1,"Casper, WY",2,0,2,0,1,3,0,46
1,"Cedar City, UT",0,4,3,0,0,4,0,14
1,"Cedar Rapids/Iowa City, IA",23,3,26,0,15,41,1,193
1,"Champaign/Urbana, IL",1,3,2,0,2,5,0,34
1,"Charleston, SC",43,1,34,0,41,71,4,527
1,"Charleston/Dunbar, WV",6,0,6,1,3,9,1,64
1,"Charlotte Amalie, VI",12,2,37,0,23,43,0,174
1,"Charlotte, NC",601,68,416,26,520,924,12,4783
1,"Charlottesville, VA",3,0,3,0,0,4,1,48
1,"Chattanooga, TN",7,1,8,0,7,13,1,120
1,"Cheyenne, WY",0,0,0,0,0,0,0,16
1,"Chicago, IL",804,90,876,4,679,1511,58,8091
1,"Christiansted, VI",5,0,17,7,11,17,0,46
1,"Cincinnati, OH",44,1,65,0,45,101,8,883
1,"Clarksburg/Fairmont, WV",0,0,0,0,1,1,0,6
1,"Cleveland, OH",82,1,78,1,85,151,5,883
1,"Cody, WY",0,0,0,0,0,0,0,4
1,"College Station/Bryan, TX",1,0,1,0,2,3,0,26
1,"Colorado Springs, CO",19,1,17,0,19,37,0,292
1,"Columbia, MO",3,2,8,0,2,10,0,42
1,"Columbia, SC",11,0,7,0,9,19,0,124
1,"Columbus, GA",3,1,2,0,0,4,0,18
1,"Columbus, MS",0,0,0,0,0,0,0,18
1,"Columbus, OH",55,4,62,0,55,118,3,931
1,"Concord, NC",6,0,4,0,8,11,0,29
1,"Cordova, AK",0,0,1,0,1,1,0,16
1,"Corpus Christi, TX",1,3,4,0,3,8,0,91
1,"Dallas, TX",241,3,113,2,242,333,12,1860
1,"Dallas/Fort Worth, TX",927,16,589,6,675,1266,12,7027
1,"Dayton, OH",7,0,7,0,10,18,1,147
1,"Daytona Beach, FL",4,0,0,0,3,5,0,59
1,"Deadhorse, AK",0,0,0,0,0,0,4,11
1,"Decatur, IL",0,0,2,0,2,3,0,21
1,"Denver, CO",1002,32,558,110,797,1446,53,7398
1,"Des Moines, IA",41,1,31,0,17,58,1,355
1,"Detroit, MI",249,15,285,2,123,425,6,2740
1,"Devils Lake, ND",0,0,0,0,0,0,2,15
1,"Dickinson, ND",1,0,1,0,2,3,0,17
1,"Dodge City, KS",2,1,2,0,1,3,0,14
1,"Dothan, AL",0,0,1,0,0,0,0,18
1,"Duluth, MN",8,2,5,1,1,11,0,43
1,"Durango, CO",8,3,13,0,4,16,1,90
1,"Eagle, CO",44,3,33,0,41,65,0,213
1,"Eau Claire, WI",1,0,1,0,0,1,1,3
1,"El Paso, TX",25,4,13,0,44,55,0,414
1,"Elko, NV",0,1,1,0,0,1,0,9
1,"Elmira/Corning, NY",1,1,1,0,2,4,0,20
1,"Escanaba, MI",2,0,1,0,0,2,0,14
1,"Eugene, OR",25,5,12,0,21,38,0,187
1,"Evansville, IN",4,0,3,0,5,8,0,40
1,"Everett, WA",3,0,2,0,4,6,1,34
1,"Fairbanks, AK",4,0,4,0,4,9,2,65
1,"Fargo, ND",15,5,13,0,17,32,4,164
1,"Fayetteville, AR",24,2,41,1,15,58,1,311
1,"Fayetteville, NC",3,0,1,0,1,4,0,33
1,"Flagstaff, AZ",4,2,3,0,0,6,0,36
1,"Flint, MI",10,0,10,0,6,15,0,53
1,"Fort Dodge, IA",2,0,1,0,3,5,0,14
1,"Fort Lauderdale, FL",589,8,508,40,459,794,26,2609
1,"Fort Myers, FL",179,9,151,0,211,291,23,1153
1,"Fort Smith, AR",4,0,3,0,0,5,0,26
1,"Fort Wayne, IN",21,1,16,0,9,29,1,98
1,"Fresno, CA",20,3,16,2,25,36,1,271
1,"Gainesville, FL",2,0,1,0,1,3,1,62
1,"Garden City, KS",3,0,1,0,0,3,0,18
1,"Gillette, WY",1,0,0,0,2,3,0,17
1,"Grand Forks, ND",3,1,5,0,4,6,0,32
1,"Grand Island, NE",4,0,2,0,1,4,0,25
1,"Grand Junction, CO",6,0,5,0,4,8,0,84
1,"Grand Rapids, MI",42,4,44,0,38,85,3,460
1,"Great Falls, MT",4,3,6,0,2,8,0,52
1,"Green Bay, WI",6,0,5,0,4,13,0,83
1,"Greensboro/High Point, NC",15,0,11,0,10,24,1,231
1,"Greer, SC",19,0,21,1,22,37,0,319
1,"Guam, TT",1,0,1,0,1,2,0,18
1,"Gulfport/Biloxi, MS",2,0,3,0,3,7,0,73
1,"Gunnison, CO",3,0,4,1,6,6,0,37
1,"Hagerstown, MD",1,0,0,0,0,1,0,7
1,"Hancock/Houghton, MI",2,2,1,0,1,5,0,17
1,"Harlingen/San Benito, TX",3,0,4,0,9,14,0,109
1,"Harrisburg, PA",11,4,18,0,14,27,3,117
1,"Hartford, CT",53,9,61,6,56,98,20,479
1,"Hattiesburg/Laurel, MS",0,0,0,0,2,2,0,14
1,"Hayden, CO",21,0,25,0,25,37,0,125
1,"Hays, KS",1,0,1,0,1,2,0,16
1,"Helena, MT",3,0,2,0,2,7,0,48
1,"Hibbing, MN",3,1,0,0,0,4,0,14
1,"Hilo, HI",17,0,0,16,18,32,2,177
1,"Hilton Head, SC",3,0,2,0,5,6,0,20
1,"Hobbs, NM",1,0,0,0,0,1,0,4
1,"Honolulu, HI",190,6,39,2,98,229,24,1568
1,"Houston, TX",490,10,378,7,424,755,40,4053
1,"Huntsville, AL",19,1,13,0,8,28,0,160
1,"Idaho Falls, ID",10,3,8,0,2,14,0,89
1,"Indianapolis, IN",74,3,99,1,79,153,6,1025
1,"International Falls, MN",1,2,0,0,0,3,0,14
1,"Iron Mountain/Kingsfd, MI",2,0,1,0,0,2,0,16
1,"Islip, NY",14,2,27,0,22,39,0,152
1,"Ithaca/Cortland, NY",0,0,3,0,2,3,1,17
1,"Jackson, WY",23,1,15,0,19,37,3,179
1,"Jackson/Vicksburg, MS",9,0,9,0,8,15,2,151
1,"Jacksonville, FL",54,5,44,0,68,93,3,735
1,"Jacksonville/Camp Lejeune, NC",1,0,2,0,2,3,0,30
1,"Jamestown, ND",0,0,0,0,1,1,1,15
1,"Johnstown, PA",1,0,2,0,2,2,2,18
1,"Joplin, MO",0,0,0,0,0,0,0,14
1,"Juneau, AK",5,0,7,0,8,12,0,92
1,"Kahului, HI",88,6,18,0,67,114,17,714
1,"Kalamazoo, MI",1,0,1,0,0,2,0,18
1,"Kalispell, MT",12,0,17,2,7,25,0,84
1,"Kansas City, MO",111,0,147,1,112,216,3,1139
1,"Kearney, NE",0,0,0,0,0,0,0,3
1,"Ketchikan, AK",0,0,2,0,5,5,0,50
1,"Key West, FL",37,1,33,15,46,63,2,250
1,"Killeen, TX",3,0,6,0,4,7,0,43
1,"Knoxville, TN",30,0,25,1,26,48,1,333
1,"Kodiak, AK",1,0,0,0,1,2,2,13
1,"Kona, HI",35,1,13,0,26,41,12,436
1,"Kotzebue, AK",0,0,1,0,1,1,0,8
1,"Lafayette, LA",4,3,1,0,6,8,0,63
1,"Lake Charles, LA",4,0,0,0,1,5,0,26
1,"Lansing, MI",2,0,2,0,0,3,0,18
1,"Laramie, WY",0,0,0,0,0,0,1,14
1,"Laredo, TX",1,0,1,0,3,4,0,40
1,"Las Vegas, NV",508,13,321,1,462,753,18,4555
1,"Latrobe, PA",0,0,0,0,2,2,0,9
1,"Lawton/Fort Sill, OK",1,0,0,0,1,1,0,24
1,"Lewiston, ID",1,0,1,0,0,1,0,27
1,"Lexington, KY",11,0,9,1,14,22,1,178
1,"Liberal, KS",1,0,1,0,0,1,2,14
1,"Lihue, HI",48,2,21,0,40,68,0,405
1,"Lincoln, NE",1,0,1,0,6,7,0,33
1,"Little Rock, AR",22,8,20,0,19,48,0,276
1,"Long Beach, CA",28,0,11,0,36,41,0,428
1,"Longview, TX",2,0,1,0,0,2,0,18
1,"Los Angeles, CA",447,18,308,4,350,680,31,4650
1,"Louisville, KY",21,3,35,0,32,55,1,510
1,"Lubbock, TX",7,6,3,0,12,18,6,152
1,"Madison, WI",9,1,20,1,12,32,0,224
1,"Manchester, NH",8,3,13,0,11,21,6,122
1,"Manhattan/Ft. Riley, KS",2,0,2,0,4,6,0,26
1,"Marquette, MI",0,0,0,0,0,0,0,11
1,"Mason City, IA",1,1,2,0,6,8,0,14
1,"Medford, OR",5,0,1,0,2,7,0,115
1,"Melbourne, FL",5,0,0,0,9,9,0,66
1,"Memphis, TN",36,1,37,0,32,68,0,475
1,"Meridian, MS",0,0,0,0,1,1,0,14
1,"Miami, FL",576,2,512,9,492,844,17,3071
1,"Midland/Odessa, TX",14,5,12,2,11,30,0,226
1,"Milwaukee, WI",62,3,46,0,42,99,2,626
1,"Minneapolis, MN",234,22,201,0,71,339,4,2779
1,"Minot, ND",8,0,6,1,1,9,0,62
1,"Mission/McAllen/Edinburg, TX",6,0,2,2,7,12,2,85
1,"Missoula, MT",8,6,12,0,8,23,0,82
1,"Moab, UT",1,0,0,0,0,1,1,7
1,"Mobile, AL",4,0,1,0,1,5,0,52
1,"Moline, IL",6,2,7,0,4,12,0,102
1,"Monroe, LA",2,0,3,0,3,6,0,44
1,"Monterey, CA",10,2,10,0,10,19,0,95
1,"Montgomery, AL",5,0,2,0,1,5,0,40
1,"Montrose/Delta, CO",8,0,13,1,12,19,1,118
1,"Morgantown, WV",1,0,0,0,0,1,0,4
1,"Mosinee, WI",0,0,0,0,1,1,1,18
1,"Myrtle Beach, SC",7,0,12,0,14,22,0,228
1,"Nashville, TN",199,3,187,0,232,372,8,2312
1,"New Orleans, LA",153,2,129,1,171,255,8,1219
1,"New York, NY",578,37,541,6,390,912,34,5398
1,"Newark, NJ",271,31,242,2,195,447,57,2872
1,"Newburgh/Poughkeepsie, NY",2,1,4,0,1,5,0,15
1,"Niagara Falls, NY",2,0,4,0,0,4,0,15
1,"Nome, AK",0,1,1,0,1,1,0,8
1,"Norfolk, VA",19,0,30,0,31,48,0,414
1,"North Bend/Coos Bay, OR",0,0,0,0,0,0,0,5
1,"North Platte, NE",0,0,2,0,1,2,0,14
1,"Oakland, CA",88,3,57,0,103,142,7,1094
1,"Oklahoma City, OK",30,1,32,0,33,63,1,520
1,"Omaha, NE",57,1,61,0,57,102,3,556
1,"Ontario, CA",42,0,18,1,47,66,2,605
1,"Orlando, FL",660,10,474,23,531,951,35,4337
1,"Pago Pago, TT",0,0,0,0,0,0,0,5
1,"Palm Springs, CA",27,2,35,0,32,61,4,416
1,"Panama City, FL",7,0,5,0,9,11,0,126
1,"Pasco/Kennewick/Richland, WA",5,5,8,0,7,20,2,133
1,"Pellston, MI",3,1,2,0,0,4,1,15
1,"Pensacola, FL",23,0,15,0,22,35,0,266
1,"Peoria, IL",4,2,9,0,7,16,0,87
1,"Petersburg, AK",0,0,1,0,2,2,1,16
1,"Philadelphia, PA",220,16,217,3,191,386,12,2064
1,"Phoenix, AZ",490,13,306,4,503,769,26,5010
1,"Pittsburgh, PA",55,4,98,1,63,133,4,906
1,"Plattsburgh, NY",2,3,6,0,7,10,1,25
1,"Pocatello, ID",1,2,2,0,0,3,0,17
1,"Ponce, PR",5,0,6,0,6,10,0,36
1,"Portland, ME",9,4,8,0,9,16,17,174
1,"Portland, OR",117,3,79,0,102,196,17,1367
1,"Portsmouth, NH",1,0,3,0,0,3,1,14
1,"Prescott, AZ",2,0,0,0,2,4,0,18
1,"Presque Isle/Houlton, ME",0,0,0,0,0,0,0,2
1,"Providence, RI",29,5,34,1,32,56,10,310
1,"Provo, UT",6,7,10,0,3,15,3,70
1,"Punta Gorda, FL",39,4,30,1,40,61,4,245
1,"Raleigh/Durham, NC",101,2,117,0,95,188,1,1250
1,"Rapid City, SD",13,5,20,0,6,27,0,105
1,"Redding, CA",0,0,1,0,1,2,0,31
1,"Reno, NV",43,8,40,0,38,71,3,509
1,"Rhinelander, WI",0,0,0,0,0,0,0,16
1,"Richmond, VA",43,1,42,1,30,69,3,384
1,"Riverton/Lander, WY",0,0,0,0,0,0,0,13
1,"Roanoke, VA",4,0,2,0,5,6,2,51
1,"Rochester, MN",0,0,0,0,0,0,1,25
1,"Rochester, NY",24,3,24,1,17,39,5,263
1,"Rock Springs, WY",0,1,0,0,1,2,0,13
1,"Rockford, IL",4,0,5,0,4,9,0,27
1,"Roswell, NM",6,0,2,0,0,5,0,19
1,"Sacramento, CA",105,4,68,0,120,186,8,1298
1,"Saginaw/Bay City/Midland, MI",6,0,3,0,1,6,0,38
1,"Saipan, TT",0,0,0,0,0,0,0,9
1,"Salina, KS",1,0,0,0,0,1,0,17
1,"Salt Lake City, UT",381,54,362,0,200,574,4,2793
1,"San Angelo, TX",2,0,1,0,1,4,1,26
1,"San Antonio, TX",79,5,51,1,90,131,4,1002
1,"San Diego, CA",188,6,145,9,236,353,24,2263
1,"San Francisco, CA",326,15,257,0,266,544,64,3249
1,"San Jose, CA",73,2,56,1,99,141,7,1191
1,"San Juan, PR",224,1,224,5,193,322,15,1062
1,"San Luis Obispo, CA",10,1,9,0,9,20,0,128
1,"Sanford, FL",51,6,38,0,36,72,1,313
1,"Santa Ana, CA",80,2,78,0,95,154,4,1077
1,"Santa Barbara, CA",12,1,14,0,23,34,4,164
1,"Santa Fe, NM",5,3,4,0,4,11,0,44
1,"Santa Maria, CA",1,0,0,0,1,2,0,3
1,"Santa Rosa, CA",6,0,5,0,6,15,1,93
1,"Sarasota/Bradenton, FL",64,5,43,1,83,114,12,511
1,"Sault Ste. Marie, MI",4,2,2,0,0,6,0,16
1,"Savannah, GA",47,1,26,0,36,62,3,413
1,"Scottsbluff, NE",0,0,0,0,0,0,0,14
1,"Scranton/Wilkes-Barre, PA",5,3,3,0,6,8,0,34
1,"Seattle, WA",358,27,259,1,221,582,88,3632
1,"Sheridan, WY",2,0,1,0,0,2,0,17
1,"Shreveport, LA",7,3,6,0,11,15,0,88
1,"Sioux City, IA",2,0,0,0,1,3,1,17
1,"Sioux Falls, SD",14,6,19,0,19,32,0,164
1,"Sitka, AK",1,0,1,0,2,3,0,26
1,"South Bend, IN",23,0,12,0,11,29,0,154
1,"Spokane, WA",41,7,46,4,33,71,4,385
1,"Springfield, IL",0,1,1,0,1,1,0,6
1,"Springfield, MO",19,5,27,1,19,39,2,203
1,"St. Cloud, MN",1,0,2,0,1,3,0,6
1,"St. George, UT",5,0,4,0,0,6,0,65
1,"St. Louis, MO",156,3,126,0,155,257,9,1469
1,"St. Petersburg, FL",27,10,35,0,44,66,4,271
1,"State College, PA",1,0,1,0,2,3,3,20
1,"Stillwater, OK",1,0,0,0,0,1,0,18
1,"Stockton, CA",1,3,4,0,8,7,0,18
1,"Sun Valley/Hailey/Ketchum, ID",4,0,3,0,1,5,0,80
1,"Syracuse, NY",30,6,41,0,21,50,8,284
1,"Tallahassee, FL",9,0,6,1,5,15,0,121
1,"Tampa, FL",257,5,193,0,250,391,10,2107
1,"Texarkana, AR",0,1,1,0,1,2,0,25
1,"Toledo, OH",3,0,5,0,4,5,0,18
1,"Traverse City, MI",6,1,10,0,4,14,0,80
1,"Trenton, NJ",5,0,10,0,12,17,2,65
1,"Tucson, AZ",29,1,19,0,24,48,2,483
1,"Tulsa, OK",20,1,29,0,23,48,0,370
1,"Twin Falls, ID",0,0,0,0,0,0,0,17
1,"Tyler, TX",5,1,1,0,1,7,0,26
1,"Valdosta, GA",1,0,0,0,0,1,0,18
1,"Valparaiso, FL",18,2,10,0,16,27,2,185
1,"Vernal, UT",0,0,0,0,0,0,0,11
1,"Victoria, TX",2,0,1,0,1,3,0,15
1,"Waco, TX",6,1,3,0,2,7,0,26
1,"Walla Walla, WA",0,0,1,0,2,2,1,14
1,"Washington, DC",310,33,263,6,257,528,41,4004
1,"West Palm Beach/Palm Beach, FL",116,2,100,1,125,178,9,904
1,"White Plains, NY",39,9,48,0,33,66,1,288
1,"Wichita Falls, TX",3,0,1,0,1,2,0,18
1,"Wichita, KS",15,2,17,0,10,28,0,201
1,"Williston, ND",6,1,7,0,2,10,0,43
1,"Wilmington, NC",6,1,7,0,13,18,0,147
1,"Worcester, MA",1,0,0,0,1,1,5,24
1,"Wrangell, AK",0,0,1,0,3,3,0,16
1,"Yakutat, AK",0,0,0,0,0,0,2,16
1,"Yuma, AZ",4,0,0,0,0,4,0,36
2,"Aberdeen, SD",0,0,0,0,0,0,1,14
2,"Abilene, TX",3,5,8,0,8,15,1,34
2,"Adak Island, AK",0,0,1,1,0,1,0,2
2,"Aguadilla, PR",5,0,6,0,9,13,0,57
2,"Akron, OH",3,2,6,0,5,11,5,56
2,"Albany, GA",4,1,1,0,0,5,0,14
2,"Albany, NY",26,4,36,1,22,47,5,193
2,"Albuquerque, NM",35,4,44,0,59,87,10,391
2,"Alexandria, LA",6,3,9,1,2,12,2,35
2,"Allentown/Bethlehem/Easton, PA",3,3,13,1,5,16,3,72
2,"Alpena, MI",0,2,1,0,0,2,9,12
2,"Amarillo, TX",11,4,17,0,17,31,6,89
2,"Anchorage, AK",32,3,15,0,29,56,29,254
2,"Appleton, WI",13,11,26,0,8,39,19,101
2,"Arcata/Eureka, CA",0,2,0,0,3,5,1,34
2,"Asheville, NC",26,2,30,0,17,45,6,183
2,"Ashland, WV",0,0,0,0,0,0,0,4
2,"Aspen, CO",21,23,52,1,30,85,53,215
2,"Atlanta, GA",972,186,889,3,705,1647,86,5772
2,"Atlantic City, NJ",7,0,17,0,5,17,3,61
2,"Augusta, GA",10,6,11,0,3,21,1,59
2,"Austin, TX",282,7,287,2,307,482,70,1432
2,"Bakersfield, CA",4,1,6,0,1,8,0,40
2,"Baltimore, MD",350,12,323,2,303,542,103,1662
2,"Bangor, ME",2,1,4,0,2,6,7,56
2,"Barrow, AK",0,1,0,0,1,2,2,7
2,"Baton Rouge, LA",9,6,15,2,12,26,3,84
2,"Beaumont/Port Arthur, TX",5,2,1,0,4,7,0,14
2,"Belleville, IL",1,1,2,0,2,3,1,13
2,"Bellingham, WA",5,1,5,0,5,8,0,44
2,"Bemidji, MN",2,3,2,0,0,5,0,14
2,"Bend/Redmond, OR",13,14,24,0,8,32,9,109
2,"Bethel, AK",0,1,4,4,5,6,1,14
2,"Billings, MT",10,8,24,0,7,29,1,61
2,"Binghamton, NY",0,0,0,0,0,0,1,7
2,"Birmingham, AL",26,10,39,0,48,78,13,296
2,"Bishop, CA",0,0,0,0,1,1,1,12
2,"Bismarck/Mandan, ND",9,9,14,0,9,26,6,61
2,"Bloomington/Normal, IL",4,3,11,0,7,14,2,33
2,"Boise, ID",78,28,111,0,74,165,7,354
2,"Boston, MA",362,29,425,1,189,596,80,2298
2,"Bozeman, MT",26,18,39,0,37,69,20,178
2,"Brainerd, MN",1,1,0,0,0,2,0,12
2,"Bristol/Johnson City/Kingsport, TN",3,1,5,0,5,9,0,42
2,"Brownsville, TX",1,2,4,1,6,8,2,25
2,"Brunswick, GA",5,2,4,0,0,8,0,14
2,"Buffalo, NY",25,8,44,0,29,60,109,368
2,"Burbank, CA",32,5,41,0,50,89,13,502
2,"Burlington, VT",7,3,21,0,9,25,9,122
2,"Butte, MT",1,0,1,0,0,1,0,13
2,"Casper, WY",3,1,0,0,1,5,0,13
2,"Cedar City, UT",2,0,0,0,0,2,0,12
2,"Cedar Rapids/Iowa City, IA",19,18,32,0,19,50,39,131
2,"Champaign/Urbana, IL",4,4,6,0,5,13,2,27
2,"Charleston, SC",40,8,54,0,57,89,19,392
2,"Charleston/Dunbar, WV",15,4,12,0,8,26,5,60
2,"Charlotte Amalie, VI",9,0,16,0,20,26,0,126
2,"Charlotte, NC",534,327,697,28,681,1207,90,3654
2,"Charlottesville, VA",5,0,8,0,4,10,6,57
2,"Chattanooga, TN",10,7,10,0,20,25,11,105
2,"Cheyenne, WY",0,0,0,0,0,0,2,13
2,"Chicago, IL",1061,611,1633,2,1111,2382,901,5796
2,"Christiansted, VI",7,0,11,4,10,15,0,33
2,"Cincinnati, OH",69,11,117,0,63,167,14,697
2,"Clarksburg/Fairmont, WV",0,0,1,0,0,1,0,5
2,"Cleveland, OH",103,9,116,0,91,184,67,717
2,"College Station/Bryan, TX",4,3,2,0,2,8,1,21
2,"Colorado Springs, CO",23,4,33,0,28,62,8,214
2,"Columbia, MO",2,7,9,0,5,11,11,28
2,"Columbia, SC",5,4,14,0,16,23,6,112
2,"Columbus, GA",8,2,4,0,0,10,2,19
2,"Columbus, MS",0,1,3,0,2,3,0,14
2,"Columbus, OH",64,15,144,1,83,194,20,730
2,"Concord, NC",2,0,1,0,2,3,0,14
2,"Cordova, AK",0,0,4,0,5,5,0,14
2,"Corpus Christi, TX",5,4,24,0,25,33,2,71
2,"Dallas, TX",274,12,260,1,322,433,81,1327
2,"Dallas/Fort Worth, TX",1122,644,1430,5,1430,2352,269,5279
2,"Dayton, OH",13,0,20,0,20,35,3,129
2,"Daytona Beach, FL",4,1,3,0,4,6,1,44
2,"Deadhorse, AK",0,0,0,0,1,1,2,11
2,"Decatur, IL",0,0,0,0,3,3,4,19
2,"Denver, CO",1339,145,1024,18,1082,1962,419,5175
2,"Des Moines, IA",60,45,98,0,60,129,78,283
2,"Detroit, MI",399,193,524,1,201,756,194,2097
2,"Devils Lake, ND",0,0,0,0,1,1,4,13
2,"Dickinson, ND",1,0,1,0,1,3,2,11
2,"Dodge City, KS",0,0,3,0,1,2,4,12
2,"Dothan, AL",2,0,4,0,2,6,0,14
2,"Duluth, MN",5,3,3,0,1,9,2,33
2,"Durango, CO",12,4,12,0,11,27,1,60
2,"Eagle, CO",27,7,40,0,36,61,0,138
2,"El Paso, TX",32,11,36,0,51,72,9,281
2,"Elko, NV",0,0,0,0,0,0,0,7
2,"Elmira/Corning, NY",5,1,4,0,0,6,1,18
2,"Escanaba, MI",2,1,1,0,0,3,1,12
2,"Eugene, OR",10,1,1,0,5,13,35,129
2,"Evansville, IN",4,3,9,0,7,15,1,35
2,"Everett, WA",0,1,1,0,0,1,7,25
2,"Fairbanks, AK",5,0,4,0,9,12,2,43
2,"Fargo, ND",12,10,23,0,20,39,9,118
2,"Fayetteville, AR",21,36,88,1,42,97,8,216
2,"Fayetteville, NC",2,3,6,0,2,6,1,28
2,"Flagstaff, AZ",5,1,2,0,0,6,0,24
2,"Flint, MI",6,4,16,0,4,20,4,35
2,"Fort Dodge, IA",1,0,2,0,0,2,5,12
2,"Fort Lauderdale, FL",466,32,483,41,392,757,108,1907
2,"Fort Myers, FL",96,3,96,0,153,203,53,867
2,"Fort Smith, AR",5,4,7,0,4,10,3,21
2,"Fort Wayne, IN",6,7,20,0,10,26,8,69
2,"Fresno, CA",19,7,17,1,23,44,4,193
2,"Gainesville, FL",8,0,2,0,6,9,4,42
2,"Garden City, KS",3,0,1,0,0,3,5,14
2,"Gillette, WY",2,2,5,0,0,6,2,14
2,"Grand Forks, ND",4,3,5,0,1,6,0,27
2,"Grand Island, NE",6,3,7,0,1,10,1,19
2,"Grand Junction, CO",8,3,5,0,0,12,1,61
2,"Grand Rapids, MI",40,32,119,0,47,131,63,342
2,"Great Falls, MT",7,5,11,1,8,22,4,51
2,"Green Bay, WI",12,6,10,0,5,25,16,76
2,"Greensboro/High Point, NC",22,3,31,0,26,51,7,204
2,"Greer, SC",25,13,29,0,39,64,7,274
2,"Guam, TT",0,0,0,0,0,0,0,14
2,"Gulfport/Biloxi, MS",6,4,4,0,7,13,2,53
2,"Gunnison, CO",2,1,4,0,6,9,0,21
2,"Hagerstown, MD",0,0,1,0,1,1,0,3
2,"Hancock/Houghton, MI",1,1,1,0,1,3,6,14
2,"Harlingen/San Benito, TX",7,3,12,0,16,22,1,75
2,"Harrisburg, PA",5,2,7,0,7,15,3,78
2,"Hartford, CT",56,7,94,0,51,114,14,365
2,"Hattiesburg/Laurel, MS",0,0,0,0,0,0,1,12
2,"Hayden, CO",24,3,30,0,33,44,1,95
2,"Hays, KS",0,0,2,0,6,6,3,14
2,"Helena, MT",7,5,9,0,5,17,4,35
2,"Hibbing, MN",3,0,1,0,0,2,0,12
2,"Hilo, HI",17,13,13,0,27,34,1,134
2,"Hilton Head, SC",0,0,0,0,0,0,3,14
2,"Honolulu, HI",215,68,27,0,203,299,43,1160
2,"Houston, TX",547,71,613,2,595,976,224,3034
2,"Huntsville, AL",14,12,22,0,34,47,1,158
2,"Idaho Falls, ID",5,8,10,0,6,17,0,51
2,"Indianapolis, IN",101,21,157,0,102,222,26,796
2,"International Falls, MN",1,0,0,0,0,1,0,12
2,"Iron Mountain/Kingsfd, MI",1,4,4,0,0,5,0,14
2,"Islip, NY",11,0,22,0,16,29,7,107
2,"Ithaca/Cortland, NY",0,0,0,0,0,0,2,14
2,"Jackson, WY",23,9,35,0,27,55,4,124
2,"Jackson/Vicksburg, MS",5,11,17,1,18,27,1,112
2,"Jacksonville, FL",63,18,67,0,93,138,10,500
2,"Jacksonville/Camp Lejeune, NC",1,0,2,0,2,3,1,15
2,"Jamestown, ND",0,0,0,0,1,1,4,13
2,"Johnstown, PA",1,0,2,0,2,3,3,14
2,"Joplin, MO",6,0,4,0,0,7,1,12
2,"Juneau, AK",8,7,22,0,18,32,1,77
2,"Kahului, HI",92,40,37,0,94,134,18,505
2,"Kalamazoo, MI",3,3,2,0,0,6,3,19
2,"Kalispell, MT",9,10,11,0,8,25,10,53
2,"Kansas City, MO",191,51,310,1,180,385,81,828
2,"Ketchikan, AK",2,2,4,0,9,11,2,42
2,"Key West, FL",39,6,26,1,45,54,5,191
2,"Killeen, TX",3,7,4,0,4,10,1,28
2,"Knoxville, TN",30,4,37,0,37,65,10,257
2,"Kodiak, AK",1,1,2,0,5,6,0,14
2,"Kona, HI",45,21,25,0,65,78,9,312
2,"Kotzebue, AK",0,0,0,0,0,0,3,7
2,"La Crosse, WI",0,0,0,0,0,0,1,2
2,"Lafayette, LA",3,6,7,1,7,12,4,47
2,"Lake Charles, LA",4,1,3,0,0,7,2,21
2,"Lansing, MI",4,2,5,0,1,7,4,25
2,"Laramie, WY",0,0,2,0,3,3,0,12
2,"Laredo, TX",2,1,8,0,7,12,0,29
2,"Las Vegas, NV",440,12,359,2,537,812,145,3413
2,"Latrobe, PA",0,1,1,0,1,1,1,7
2,"Lawton/Fort Sill, OK",3,4,3,0,2,9,0,21
2,"Lewiston, ID",6,0,4,1,3,11,0,21
2,"Lexington, KY",14,2,25,0,25,39,7,143
2,"Lihue, HI",39,35,34,0,66,88,5,296
2,"Lincoln, NE",1,1,6,0,4,6,2,10
2,"Little Rock, AR",19,15,47,0,41,70,7,199
2,"Long Beach, CA",30,3,33,0,48,73,5,334
2,"Longview, TX",1,3,4,0,1,5,0,13
2,"Los Angeles, CA",362,25,303,6,298,618,180,3363
2,"Louisville, KY",56,6,79,0,47,111,11,389
2,"Lubbock, TX",10,7,13,0,23,32,4,105
2,"Madison, WI",28,20,58,1,18,79,25,190
2,"Manchester, NH",7,0,14,0,10,21,3,80
2,"Manhattan/Ft. Riley, KS",1,4,4,0,5,8,1,21
2,"Marquette, MI",0,0,1,0,1,1,1,7
2,"Mason City, IA",0,0,0,0,1,1,4,12
2,"Medford, OR",7,2,1,0,5,12,1,80
2,"Melbourne, FL",2,0,3,0,9,9,0,47
2,"Memphis, TN",42,7,67,0,52,97,14,376
2,"Meridian, MS",1,0,0,0,0,1,2,12
2,"Miami, FL",566,75,608,4,546,940,117,2291
2,"Midland/Odessa, TX",11,8,24,0,28,43,6,150
2,"Milwaukee, WI",76,41,151,0,76,201,82,485
2,"Minneapolis, MN",384,82,460,0,168,668,72,2045
2,"Minot, ND",5,8,10,0,3,17,8,41
2,"Mission/McAllen/Edinburg, TX",5,1,13,3,13,21,1,65
2,"Missoula, MT",9,7,12,2,7,20,3,54
2,"Moab, UT",0,0,0,0,1,1,0,7
2,"Mobile, AL",6,4,6,0,7,13,2,44
2,"Moline, IL",7,7,18,0,11,24,24,77
2,"Monroe, LA",5,3,13,0,7,16,1,35
2,"Monterey, CA",1,0,2,0,6,7,1,71
2,"Montgomery, AL",8,6,6,0,7,17,1,46
2,"Montrose/Delta, CO",6,1,13,0,19,22,1,83
2,"Mosinee, WI",2,0,1,0,2,4,1,14
2,"Myrtle Beach, SC",5,1,13,0,15,23,4,173
2,"Nashville, TN",218,44,255,1,294,456,103,1666
2,"New Orleans, LA",143,24,155,0,204,277,44,906
2,"New York, NY",773,47,882,3,613,1361,269,5188
2,"Newark, NJ",307,17,277,3,211,446,220,2312
2,"Newburgh/Poughkeepsie, NY",1,0,1,0,1,1,0,5
2,"Niagara Falls, NY",1,2,2,0,0,3,1,9
2,"Nome, AK",0,0,1,0,1,1,2,7
2,"Norfolk, VA",26,5,48,0,43,72,13,334
2,"North Bend/Coos Bay, OR",0,0,0,0,1,1,0,4
2,"North Platte, NE",1,0,2,0,3,4,0,12
2,"Oakland, CA",91,4,41,0,117,149,15,776
2,"Oklahoma City, OK",45,12,71,0,55,112,17,383
2,"Omaha, NE",76,64,144,0,63,185,66,427
2,"Ontario, CA",43,6,26,0,56,79,15,412
2,"Orlando, FL",645,95,740,9,621,1087,159,3226
2,"Pago Pago, TT",0,0,0,0,0,0,0,2
2,"Palm Springs, CA",25,4,19,0,39,60,22,323
2,"Panama City, FL",8,4,18,0,18,27,1,93
2,"Pasco/Kennewick/Richland, WA",8,6,8,0,2,16,1,82
2,"Pellston, MI",1,2,1,0,0,3,5,12
2,"Pensacola, FL",21,10,28,0,37,56,5,190
2,"Peoria, IL",4,10,17,0,9,21,13,64
2,"Petersburg, AK",1,2,4,0,3,5,0,14
2,"Philadelphia, PA",227,27,309,2,205,460,42,1568
2,"Phoenix, AZ",463,13,386,5,507,809,129,3507
2,"Pittsburgh, PA",58,11,158,0,84,192,20,740
2,"Plattsburgh, NY",0,0,2,0,2,4,0,9
2,"Pocatello, ID",2,1,1,0,0,2,0,14
2,"Ponce, PR",2,0,1,0,2,4,0,25
2,"Portland, ME",16,4,23,0,20,36,9,139
2,"Portland, OR",132,75,126,3,142,298,99,936
2,"Portsmouth, NH",0,0,0,0,0,0,0,4
2,"Prescott, AZ",1,1,2,0,2,5,0,14
2,"Providence, RI",26,2,36,0,37,58,13,213
2,"Provo, UT",5,0,2,0,2,6,0,34
2,"Punta Gorda, FL",16,3,7,0,15,25,6,112
2,"Raleigh/Durham, NC",136,16,183,1,146,275,30,1013
2,"Rapid City, SD",8,11,9,0,7,22,5,62
2,"Redding, CA",0,0,0,0,0,0,0,21
2,"Reno, NV",24,17,23,0,41,70,11,336
2,"Rhinelander, WI",3,2,1,0,0,5,0,14
2,"Richmond, VA",38,7,68,0,41,94,6,297
2,"Riverton/Lander, WY",1,0,2,0,1,3,2,9
2,"Roanoke, VA",8,1,5,0,11,15,3,61
2,"Rochester, MN",2,0,1,0,0,2,1,20
2,"Rochester, NY",26,6,33,0,33,51,23,215
2,"Rock Springs, WY",1,0,2,0,0,2,0,9
2,"Rockford, IL",0,1,2,0,3,5,0,15
2,"Roswell, NM",3,0,4,0,0,5,0,14
2,"Sacramento, CA",75,4,49,1,117,161,13,910
2,"Saginaw/Bay City/Midland, MI",6,5,12,0,4,16,9,38
2,"Saipan, TT",0,0,0,0,0,0,0,7
2,"Salina, KS",0,0,2,0,3,4,3,14
2,"Salt Lake City, UT",405,84,378,0,231,644,35,2082
2,"San Angelo, TX",1,4,3,0,4,6,0,21
2,"San Antonio, TX",72,12,94,0,106,172,37,723
2,"San Diego, CA",125,13,123,0,172,268,113,1554
2,"San Francisco, CA",252,10,124,0,211,383,197,2253
2,"San Jose, CA",78,2,46,0,87,142,25,849
2,"San Juan, PR",142,4,106,2,157,213,6,722
2,"San Luis Obispo, CA",6,0,3,0,7,12,0,76
2,"Sanford, FL",18,4,14,0,14,33,5,156
2,"Santa Ana, CA",84,6,75,1,115,166,12,813
2,"Santa Barbara, CA",7,1,9,1,9,23,2,121
2,"Santa Fe, NM",3,4,8,0,2,11,0,28
2,"Santa Maria, CA",0,0,0,0,0,0,0,2
2,"Santa Rosa, CA",3,1,3,0,4,7,0,54
2,"Sarasota/Bradenton, FL",39,5,38,0,65,78,12,344
2,"Sault Ste. Marie, MI",5,0,3,0,0,5,1,14
2,"Savannah, GA",27,5,31,0,40,62,5,294
2,"Scottsbluff, NE",0,0,3,0,2,3,0,12
2,"Scranton/Wilkes-Barre, PA",1,0,1,0,3,4,3,29
2,"Seattle, WA",397,69,305,2,352,717,301,2578
2,"Sheridan, WY",0,1,1,0,0,1,4,14
2,"Shreveport, LA",4,5,13,0,13,20,4,69
2,"Sioux City, IA",0,1,1,0,0,1,6,14
2,"Sioux Falls, SD",16,24,51,0,17,61,14,127
2,"Sitka, AK",2,0,5,0,5,7,1,21
2,"South Bend, IN",25,19,36,0,13,55,13,114
2,"Spokane, WA",27,7,32,0,26,58,9,281
2,"Springfield, IL",0,2,2,0,1,3,0,3
2,"Springfield, MO",21,25,56,0,28,63,6,131
2,"St. Cloud, MN",0,0,0,0,0,0,0,4
2,"St. George, UT",5,1,3,0,1,7,0,47
2,"St. Louis, MO",225,17,284,0,252,392,59,1096
2,"St. Petersburg, FL",5,4,6,0,12,20,2,121
2,"State College, PA",1,0,0,0,0,1,0,5
2,"Stillwater, OK",2,1,5,0,0,5,0,14
2,"Stockton, CA",0,0,2,1,2,2,0,7
2,"Sun Valley/Hailey/Ketchum, ID",3,12,14,0,4,21,2,60
2,"Syracuse, NY",20,2,27,0,23,48,9,245
2,"Tallahassee, FL",12,2,15,1,23,30,5,109
2,"Tampa, FL",194,17,199,1,264,378,81,1534
2,"Texarkana, AR",5,2,2,0,1,8,0,14
2,"Toledo, OH",2,1,2,0,2,3,0,9
2,"Traverse City, MI",4,3,11,0,4,12,12,45
2,"Trenton, NJ",3,0,10,0,5,14,0,56
2,"Tucson, AZ",34,9,38,0,46,89,9,351
2,"Tulsa, OK",36,14,59,0,44,93,11,268
2,"Twin Falls, ID",0,2,2,0,0,2,2,14
2,"Tyler, TX",1,4,5,0,1,8,0,21
2,"Valdosta, GA",1,0,1,0,2,2,0,14
2,"Valparaiso, FL",11,4,15,0,17,29,1,120
2,"Vernal, UT",0,0,1,0,0,1,0,12
2,"Victoria, TX",0,0,1,0,0,1,0,12
2,"Waco, TX",3,2,3,0,2,7,2,21
2,"Walla Walla, WA",5,0,2,0,1,6,1,14
2,"Washington, DC",404,40,492,3,432,824,222,3578
2,"West Palm Beach/Palm Beach, FL",88,8,83,0,117,167,36,645
2,"White Plains, NY",45,11,69,1,45,93,13,246
2,"Wichita Falls, TX",3,3,3,0,0,7,0,14
2,"Wichita, KS",19,14,37,0,25,59,10,175
2,"Williston, ND",4,1,4,0,1,6,8,33
2,"Wilmington, NC",4,5,15,0,20,28,2,113
2,"Worcester, MA",6,0,7,0,4,7,1,25
2,"Wrangell, AK",1,0,4,0,5,6,0,14
2,"Yakutat, AK",0,0,4,0,5,5,0,14
2,"Yuma, AZ",1,0,1,0,0,1,0,25
3,"Aberdeen, SD",2,1,0,0,0,2,0,14
3,"Abilene, TX",0,3,3,0,4,7,1,34
3,"Adak Island, AK",0,0,0,0,0,0,1,2
3,"Aguadilla, PR",5,0,5,0,7,9,1,47
3,"Akron, OH",8,2,11,0,10,18,3,61
3,"Albany, GA",2,0,0,0,0,2,0,14
3,"Albany, NY",20,4,37,0,31,55,8,199
3,"Albuquerque, NM",27,4,21,0,47,64,14,396
3,"Alexandria, LA",4,1,4,0,2,8,4,35
3,"Allentown/Bethlehem/Easton, PA",9,3,16,0,8,22,1,77
3,"Alpena, MI",3,1,1,0,0,4,4,12
3,"Amarillo, TX",4,0,7,0,8,14,6,86
3,"Anchorage, AK",20,2,12,0,32,51,27,255
3,"Appleton, WI",27,4,12,0,4,34,7,103
3,"Arcata/Eureka, CA",1,2,5,0,2,9,2,33
3,"Asheville, NC",22,8,26,0,30,51,6,185
3,"Ashland, WV",1,0,3,0,1,3,0,4
3,"Aspen, CO",15,10,18,6,18,53,54,212
3,"Atlanta, GA",1078,111,729,1,626,1565,129,6136
3,"Atlantic City, NJ",1,2,13,0,5,13,1,56
3,"Augusta, GA",13,4,7,0,5,22,3,61
3,"Austin, TX",199,55,166,0,249,378,112,1475
3,"Bakersfield, CA",2,0,1,0,2,3,0,39
3,"Baltimore, MD",462,99,592,4,456,785,118,1667
3,"Bangor, ME",6,0,10,0,9,16,13,55
3,"Barrow, AK",0,0,0,0,0,0,2,7
3,"Baton Rouge, LA",10,5,9,0,13,22,10,94
3,"Beaumont/Port Arthur, TX",1,2,1,0,1,3,2,14
3,"Belleville, IL",1,0,2,0,2,2,0,11
3,"Bellingham, WA",8,8,13,0,4,20,2,43
3,"Bemidji, MN",7,0,3,0,0,7,0,14
3,"Bend/Redmond, OR",13,26,32,1,14,46,30,112
3,"Bethel, AK",0,0,2,3,2,3,0,14
3,"Billings, MT",10,4,12,0,6,20,3,61
3,"Binghamton, NY",0,0,2,0,0,2,0,7
3,"Birmingham, AL",29,16,39,0,48,83,25,302
3,"Bishop, CA",0,0,1,0,3,4,1,12
3,"Bismarck/Mandan, ND",12,1,10,0,4,18,2,62
3,"Bloomington/Normal, IL",3,1,5,0,5,10,0,32
3,"Boise, ID",44,32,62,0,40,106,11,359
3,"Boston, MA",440,125,520,5,353,781,134,2340
3,"Bozeman, MT",22,10,17,0,32,52,2,182
3,"Brainerd, MN",5,1,1,0,0,6,0,12
3,"Bristol/Johnson City/Kingsport, TN",8,2,6,0,2,13,4,42
3,"Brownsville, TX",3,0,3,0,4,5,1,25
3,"Brunswick, GA",6,2,2,0,0,8,0,14
3,"Buffalo, NY",68,46,139,0,89,169,106,372
3,"Burbank, CA",19,1,33,0,36,65,16,500
3,"Burlington, VT",19,5,23,0,21,37,11,123
3,"Butte, MT",1,1,0,0,0,2,0,13
3,"Casper, WY",1,0,1,0,0,1,0,7
3,"Cedar City, UT",0,1,0,0,0,1,0,12
3,"Cedar Rapids/Iowa City, IA",16,19,23,0,23,48,10,128
3,"Champaign/Urbana, IL",4,2,3,0,5,8,0,28
3,"Charleston, SC",53,2,54,1,78,119,21,396
3,"Charleston/Dunbar, WV",17,12,22,0,10,34,7,62
3,"Charlotte Amalie, VI",8,0,15,0,21,26,0,122
3,"Charlotte, NC",722,102,554,36,746,1200,120,3752
3,"Charlottesville, VA",8,5,19,0,6,22,11,57
3,"Chattanooga, TN",11,9,20,1,21,35,9,114
3,"Cheyenne, WY",0,0,0,0,0,0,2,13
3,"Chicago, IL",1067,388,875,3,1040,2009,568,5844
3,"Christiansted, VI",2,0,4,0,5,8,0,33
3,"Cincinnati, OH",100,46,144,0,106,237,46,712
3,"Clarksburg/Fairmont, WV",0,0,0,0,0,0,0,3
3,"Cleveland, OH",115,39,160,1,136,257,65,704
3,"College Station/Bryan, TX",2,1,3,0,1,4,1,21
3,"Colorado Springs, CO",21,1,16,0,30,48,4,213
3,"Columbia, MO",3,1,3,0,3,7,0,28
3,"Columbia, SC",9,0,8,0,16,18,8,115
3,"Columbus, GA",5,0,2,0,1,6,0,20
3,"Columbus, MS",1,0,0,0,2,3,6,14
3,"Columbus, OH",86,15,132,1,83,197,47,734
3,"Concord, NC",0,0,0,0,0,0,0,14
3,"Cordova, AK",0,0,3,0,3,3,0,14
3,"Corpus Christi, TX",2,3,6,0,6,8,5,71
3,"Dallas, TX",223,6,85,1,231,309,101,1334
3,"Dallas/Fort Worth, TX",836,501,665,0,878,1593,286,5324
3,"Dayton, OH",21,3,25,0,20,45,8,137
3,"Daytona Beach, FL",4,0,1,0,8,10,0,46
3,"Deadhorse, AK",0,0,0,0,1,0,0,11
3,"Decatur, IL",3,0,5,0,5,9,1,19
3,"Denver, CO",999,107,656,7,939,1540,382,5165
3,"Des Moines, IA",74,23,73,4,53,129,15,287
3,"Detroit, MI",553,260,569,4,299,1037,80,2193
3,"Devils Lake, ND",1,0,0,0,0,1,2,13
3,"Dickinson, ND",1,0,1,0,1,1,2,12
3,"Dodge City, KS",0,0,1,0,1,1,2,12
3,"Dothan, AL",1,2,3,0,0,4,0,14
3,"Duluth, MN",10,4,3,0,1,15,1,34
3,"Durango, CO",6,0,3,0,8,11,1,60
3,"Eagle, CO",30,2,28,0,34,55,4,139
3,"El Paso, TX",25,1,14,0,26,39,9,285
3,"Elko, NV",0,0,0,0,0,0,1,7
3,"Elmira/Corning, NY",9,2,5,0,1,11,0,18
3,"Escanaba, MI",2,0,1,0,0,2,2,12
3,"Eugene, OR",18,6,13,0,10,31,54,129
3,"Evansville, IN",5,0,7,0,2,9,0,36
3,"Everett, WA",1,1,7,0,1,7,9,25
3,"Fairbanks, AK",1,1,2,0,8,10,2,42
3,"Fargo, ND",10,4,7,0,14,21,5,120
3,"Fayetteville, AR",14,23,33,2,31,57,15,218
3,"Fayetteville, NC",3,2,1,0,2,6,0,28
3,"Flagstaff, AZ",4,0,2,0,1,5,0,25
3,"Flint, MI",6,2,15,0,5,20,1,36
3,"Fort Dodge, IA",0,0,1,0,2,1,0,12
3,"Fort Lauderdale, FL",389,12,286,16,331,567,79,1880
3,"Fort Myers, FL",94,17,113,0,184,232,56,870
3,"Fort Smith, AR",1,2,4,0,2,5,1,21
3,"Fort Wayne, IN",12,5,16,0,9,26,3,71
3,"Fresno, CA",17,5,9,0,22,42,2,196
3,"Gainesville, FL",3,0,1,0,4,6,0,47
3,"Garden City, KS",2,0,0,0,0,2,1,14
3,"Gillette, WY",2,1,3,0,2,5,1,14
3,"Grand Forks, ND",8,1,2,0,3,11,0,27
3,"Grand Island, NE",4,0,3,0,1,5,2,18
3,"Grand Junction, CO",8,1,0,0,5,11,2,65
3,"Grand Rapids, MI",59,39,133,0,70,161,16,361
3,"Great Falls, MT",4,5,6,0,4,14,0,52
3,"Green Bay, WI",23,4,9,0,5,31,1,78
3,"Greensboro/High Point, NC",19,3,22,0,23,44,13,218
3,"Greer, SC",37,3,23,0,39,68,15,284
3,"Guam, TT",0,0,0,0,0,0,0,14
3,"Gulfport/Biloxi, MS",3,4,6,0,8,13,1,53
3,"Gunnison, CO",1,2,6,1,6,10,2,21
3,"Hagerstown, MD",2,1,1,0,3,3,0,4
3,"Hancock/Houghton, MI",3,1,2,0,2,6,3,14
3,"Harlingen/San Benito, TX",4,1,7,0,12,15,3,74
3,"Harrisburg, PA",7,4,20,0,9,26,3,82
3,"Hartford, CT",55,12,93,0,76,124,22,364
3,"Hattiesburg/Laurel, MS",0,0,0,0,0,0,1,12
3,"Hayden, CO",9,3,17,0,19,28,0,96
3,"Hays, KS",0,1,1,0,3,4,2,14
3,"Helena, MT",7,1,9,0,4,11,1,35
3,"Hibbing, MN",2,0,0,0,0,2,0,12
3,"Hilo, HI",18,9,6,0,19,22,1,133
3,"Hilton Head, SC",0,0,1,0,3,3,0,14
3,"Honolulu, HI",114,19,15,1,156,198,35,1150
3,"Houston, TX",441,117,384,1,395,735,301,3033
3,"Huntsville, AL",17,15,28,0,27,46,45,162
3,"Idaho Falls, ID",2,2,3,0,1,5,2,47
3,"Indianapolis, IN",143,17,165,0,124,267,38,815
3,"International Falls, MN",1,0,0,0,0,0,1,12
3,"Iron Mountain/Kingsfd, MI",9,0,4,0,0,9,0,14
3,"Islip, NY",16,1,28,1,25,41,2,105
3,"Ithaca/Cortland, NY",0,1,0,0,3,3,1,14
3,"Jackson, WY",13,0,9,0,21,31,2,124
3,"Jackson/Vicksburg, MS",3,7,7,0,10,16,11,122
3,"Jacksonville, FL",68,7,52,0,89,134,27,517
3,"Jacksonville/Camp Lejeune, NC",0,0,0,0,1,0,0,15
3,"Jamestown, ND",0,0,1,0,0,1,2,13
3,"Johnstown, PA",3,0,3,0,5,8,2,14
3,"Joplin, MO",2,0,1,0,1,4,2,12
3,"Juneau, AK",10,3,17,0,7,23,6,77
3,"Kahului, HI",48,17,20,1,67,83,27,495
3,"Kalamazoo, MI",7,3,2,0,0,10,0,20
3,"Kalispell, MT",8,7,12,0,4,20,5,54
3,"Kansas City, MO",150,35,144,1,132,242,80,845
3,"Ketchikan, AK",1,0,5,0,6,8,4,42
3,"Key West, FL",37,7,21,0,53,63,13,195
3,"Killeen, TX",5,0,2,0,1,6,4,28
3,"Knoxville, TN",30,24,67,0,44,92,52,255
3,"Kodiak, AK",1,0,0,0,1,2,1,14
3,"Kona, HI",34,13,16,0,51,57,33,310
3,"Kotzebue, AK",0,0,0,0,0,0,1,7
3,"La Crosse, WI",1,0,0,0,0,1,0,2
3,"Lafayette, LA",7,5,4,0,9,13,9,52
3,"Lake Charles, LA",1,2,2,0,1,4,2,21
3,"Lansing, MI",7,2,8,0,4,14,2,26
3,"Laramie, WY",0,0,1,1,0,1,3,12
3,"Laredo, TX",2,1,1,0,6,6,2,29
3,"Las Vegas, NV",424,7,242,0,434,662,123,3297
3,"Latrobe, PA",1,0,3,0,2,4,0,7
3,"Lawton/Fort Sill, OK",5,0,1,0,0,6,3,21
3,"Lewiston, ID",7,0,4,0,3,10,1,21
3,"Lexington, KY",28,18,42,0,17,64,3,145
3,"Lihue, HI",20,12,19,0,50,56,1,294
3,"Lincoln, NE",1,1,1,0,1,3,1,7
3,"Little Rock, AR",23,17,42,0,30,62,10,198
3,"Long Beach, CA",30,2,18,0,47,62,11,336
3,"Longview, TX",2,1,1,0,0,3,3,14
3,"Los Angeles, CA",409,20,320,9,314,682,160,3418
3,"Louisville, KY",79,16,92,0,46,151,23,395
3,"Lubbock, TX",6,2,5,0,7,16,4,105
3,"Madison, WI",45,9,23,0,22,65,11,197
3,"Manchester, NH",9,2,17,0,15,23,3,77
3,"Manhattan/Ft. Riley, KS",1,1,2,0,2,3,0,21
3,"Marquette, MI",0,0,0,0,1,1,0,7
3,"Mason City, IA",0,1,2,0,2,3,1,12
3,"Medford, OR",15,3,6,0,3,20,1,80
3,"Melbourne, FL",7,3,1,0,8,14,0,54
3,"Memphis, TN",48,45,90,0,54,145,47,382
3,"Meridian, MS",0,0,0,0,0,0,3,12
3,"Miami, FL",504,10,406,8,459,748,89,2299
3,"Midland/Odessa, TX",6,3,4,0,16,22,7,149
3,"Milwaukee, WI",86,26,76,0,80,151,33,489
3,"Minneapolis, MN",351,56,162,0,163,518,62,2175
3,"Minot, ND",7,2,5,0,1,11,4,42
3,"Mission/McAllen/Edinburg, TX",2,3,4,0,9,11,7,68
3,"Missoula, MT",7,1,7,0,3,10,2,52
3,"Moab, UT",0,0,0,0,0,0,1,7
3,"Mobile, AL",6,3,5,0,5,13,0,45
3,"Moline, IL",5,13,15,0,11,28,4,79
3,"Monroe, LA",4,1,5,0,5,9,6,35
3,"Monterey, CA",7,0,7,0,11,16,0,70
3,"Montgomery, AL",8,2,5,0,8,10,4,47
3,"Montrose/Delta, CO",9,4,13,1,18,27,1,84
3,"Mosinee, WI",0,0,0,0,2,2,0,14
3,"Myrtle Beach, SC",9,3,13,0,33,41,5,181
3,"Nashville, TN",243,161,349,0,299,550,383,1687
3,"New Orleans, LA",108,9,112,0,139,217,44,919
3,"New York, NY",905,193,1221,6,942,1770,481,5211
3,"Newark, NJ",450,65,461,1,396,702,256,2322
3,"Newburgh/Poughkeepsie, NY",0,0,1,0,0,0,0,7
3,"Niagara Falls, NY",2,0,4,0,1,4,0,7
3,"Nome, AK",0,0,0,0,0,0,1,7
3,"Norfolk, VA",40,2,36,0,55,84,18,345
3,"North Bend/Coos Bay, OR",1,0,0,0,0,1,1,4
3,"North Platte, NE",1,0,1,0,1,2,1,12
3,"Oakland, CA",92,4,73,0,100,155,27,771
3,"Oklahoma City, OK",48,2,40,0,37,78,23,390
3,"Omaha, NE",89,17,69,0,57,127,35,432
3,"Ontario, CA",26,2,17,0,38,60,17,415
3,"Orlando, FL",596,29,581,15,610,986,151,3190
3,"Pago Pago, TT",0,0,0,0,1,1,0,2
3,"Palm Springs, CA",22,3,30,0,32,58,16,326
3,"Panama City, FL",6,0,4,0,11,13,2,95
3,"Pasco/Kennewick/Richland, WA",12,14,25,0,6,34,1,80
3,"Pellston, MI",1,1,1,0,0,2,6,12
3,"Pensacola, FL",17,5,15,0,32,39,10,192
3,"Peoria, IL",11,9,9,0,10,27,6,67
3,"Petersburg, AK",0,0,1,0,2,2,2,14
3,"Philadelphia, PA",309,140,595,2,337,723,126,1569
3,"Phoenix, AZ",416,17,248,3,465,710,120,3541
3,"Pittsburgh, PA",82,18,145,0,112,215,44,747
3,"Plattsburgh, NY",0,0,0,0,0,0,0,5
3,"Pocatello, ID",1,2,1,0,0,3,0,14
3,"Ponce, PR",1,0,3,0,3,2,0,16
3,"Portland, ME",17,6,22,0,28,38,13,136
3,"Portland, OR",104,69,127,0,87,231,205,957
3,"Portsmouth, NH",0,1,1,0,0,1,0,4
3,"Prescott, AZ",3,1,1,0,1,4,0,14
3,"Providence, RI",30,8,55,0,52,74,17,217
3,"Provo, UT",3,1,3,0,1,5,0,36
3,"Punta Gorda, FL",12,4,14,0,17,27,0,110
3,"Raleigh/Durham, NC",158,6,161,1,178,299,72,1041
3,"Rapid City, SD",12,3,5,0,4,17,1,64
3,"Redding, CA",2,0,2,0,1,3,0,21
3,"Reno, NV",28,5,20,0,27,51,6,337
3,"Rhinelander, WI",2,0,0,0,0,2,0,14
3,"Richmond, VA",39,6,76,2,50,106,8,307
3,"Riverton/Lander, WY",1,0,0,0,1,2,0,9
3,"Roanoke, VA",12,1,14,0,14,24,4,64
3,"Rochester, MN",2,1,0,0,0,3,0,20
3,"Rochester, NY",54,10,63,1,56,93,12,223
3,"Rock Springs, WY",0,0,1,0,1,2,1,9
3,"Rockford, IL",1,0,0,0,0,1,0,13
3,"Roswell, NM",3,1,1,0,0,4,2,14
3,"Sacramento, CA",78,11,47,0,84,144,20,912
3,"Saginaw/Bay City/Midland, MI",15,5,13,0,6,27,3,40
3,"Saipan, TT",0,0,0,0,0,0,0,7
3,"Salina, KS",0,1,2,0,3,4,2,14
3,"Salt Lake City, UT",348,69,224,1,206,549,48,2139
3,"San Angelo, TX",2,2,0,1,0,5,2,21
3,"San Antonio, TX",68,9,72,0,90,148,41,732
3,"San Diego, CA",137,12,133,3,199,302,119,1565
3,"San Francisco, CA",317,22,238,0,271,548,170,2241
3,"San Jose, CA",77,2,51,1,79,144,28,844
3,"San Juan, PR",118,4,95,0,153,198,7,638
3,"San Luis Obispo, CA",10,0,7,0,9,20,1,74
3,"Sanford, FL",23,1,18,0,17,36,2,153
3,"Santa Ana, CA",67,7,60,0,105,150,15,823
3,"Santa Barbara, CA",10,3,11,0,17,25,1,123
3,"Santa Fe, NM",4,0,1,0,0,4,2,28
3,"Santa Maria, CA",1,0,0,0,1,1,0,2
3,"Santa Rosa, CA",0,5,0,0,4,8,3,54
3,"Sarasota/Bradenton, FL",44,3,35,1,89,110,17,356
3,"Sault Ste. Marie, MI",3,0,1,0,0,3,3,14
3,"Savannah, GA",42,4,32,0,48,77,19,303
3,"Scottsbluff, NE",0,1,0,0,1,1,2,12
3,"Scranton/Wilkes-Barre, PA",7,2,7,0,5,14,0,31
3,"Seattle, WA",340,74,302,11,291,676,333,2625
3,"Sheridan, WY",3,0,0,0,1,4,1,14
3,"Shreveport, LA",2,4,6,0,5,12,20,71
3,"Sioux City, IA",2,0,1,0,2,4,1,14
3,"Sioux Falls, SD",15,17,24,1,14,41,7,132
3,"Sitka, AK",0,0,3,0,2,3,1,21
3,"South Bend, IN",34,19,31,0,14,59,6,116
3,"Spokane, WA",52,26,80,1,31,118,22,291
3,"Springfield, IL",1,0,0,0,0,1,0,2
3,"Springfield, MO",15,13,23,0,13,34,2,134
3,"St. Cloud, MN",0,0,0,0,0,0,0,4
3,"St. George, UT",4,2,4,0,2,7,0,47
3,"St. Louis, MO",206,22,155,0,221,333,64,1115
3,"St. Petersburg, FL",9,3,8,0,15,22,0,114
3,"Stillwater, OK",0,1,1,0,0,1,3,14
3,"Stockton, CA",1,0,2,0,3,4,0,8
3,"Sun Valley/Hailey/Ketchum, ID",5,1,5,0,10,16,3,60
3,"Syracuse, NY",27,7,42,0,40,72,12,251
3,"Tallahassee, FL",12,0,8,0,11,17,2,114
3,"Tampa, FL",177,0,155,0,257,357,85,1518
3,"Texarkana, AR",1,1,1,0,0,2,5,14
3,"Toledo, OH",1,1,1,0,1,2,0,7
3,"Traverse City, MI",10,4,14,0,7,23,5,47
3,"Trenton, NJ",6,0,11,0,8,15,13,58
3,"Tucson, AZ",22,3,18,0,32,51,4,357
3,"Tulsa, OK",28,8,26,0,30,56,16,276
3,"Twin Falls, ID",1,1,2,0,0,1,0,14
3,"Tyler, TX",3,0,1,0,2,5,4,21
3,"Valdosta, GA",0,0,1,0,1,1,0,14
3,"Valparaiso, FL",8,1,11,0,13,21,2,123
3,"Vernal, UT",1,0,4,0,2,3,0,12
3,"Victoria, TX",0,0,1,0,0,1,3,12
3,"Waco, TX",3,1,1,0,1,5,4,21
3,"Walla Walla, WA",3,2,3,0,1,6,2,14
3,"Washington, DC",517,436,1061,4,686,1415,546,3596
3,"West Palm Beach/Palm Beach, FL",101,12,87,0,136,189,36,651
3,"White Plains, NY",47,14,60,0,45,91,11,247
3,"Wichita Falls, TX",1,2,1,0,1,4,2,14
3,"Wichita, KS",18,4,20,0,19,37,7,175
3,"Williston, ND",6,2,8,0,5,14,0,34
3,"Wilmington, NC",6,1,8,0,14,19,11,115
3,"Worcester, MA",5,0,4,0,2,7,1,25
3,"Wrangell, AK",0,0,1,0,2,2,2,14
3,"Yakutat, AK",0,0,1,0,3,3,0,14
3,"Yuma, AZ",3,0,4,0,2,7,0,25
4,"Aberdeen, SD",2,0,1,0,0,2,3,14
4,"Abilene, TX",2,4,3,0,8,8,0,34
4,"Adak Island, AK",0,0,0,0,0,0,0,2
4,"Aguadilla, PR",0,0,2,0,2,3,0,42
4,"Akron, OH",3,1,8,0,5,14,4,61
4,"Albany, GA",2,0,1,0,0,2,0,14
4,"Albany, NY",9,7,26,0,13,34,2,199
4,"Albuquerque, NM",20,3,33,0,33,61,4,396
4,"Alexandria, LA",3,3,7,0,6,14,2,35
4,"Allentown/Bethlehem/Easton, PA",7,1,5,0,9,14,3,77
4,"Alpena, MI",2,2,2,0,0,5,0,12
4,"Amarillo, TX",10,2,16,0,19,29,3,86
4,"Anchorage, AK",21,7,27,0,14,52,25,255
4,"Appleton, WI",11,9,10,0,2,25,1,103
4,"Arcata/Eureka, CA",1,0,4,0,3,6,0,33
4,"Asheville, NC",12,3,13,0,10,24,2,182
4,"Ashland, WV",1,0,0,0,0,1,0,4
4,"Aspen, CO",19,13,24,4,14,53,0,212
4,"Atlanta, GA",720,84,618,3,418,1140,46,6128
4,"Atlantic City, NJ",2,0,5,0,1,6,0,56
4,"Augusta, GA",13,9,10,0,9,28,0,61
4,"Austin, TX",146,8,176,1,178,302,32,1472
4,"Bakersfield, CA",3,1,2,0,1,6,0,39
4,"Baltimore, MD",171,1,77,0,141,237,28,1667
4,"Bangor, ME",1,1,4,0,1,5,1,55
4,"Barrow, AK",0,1,1,1,1,2,2,7
4,"Baton Rouge, LA",12,12,17,0,16,34,3,96
4,"Beaumont/Port Arthur, TX",1,1,0,0,1,2,0,14
4,"Belleville, IL",2,0,1,0,3,3,1,12
4,"Bellingham, WA",4,0,3,0,3,6,0,44
4,"Bemidji, MN",1,1,1,0,0,2,0,14
4,"Bend/Redmond, OR",9,2,8,0,2,14,0,112
4,"Bethel, AK",2,0,3,5,2,7,0,14
4,"Billings, MT",0,2,3,0,2,4,0,61
4,"Binghamton, NY",0,0,0,0,1,1,3,7
4,"Birmingham, AL",22,2,20,0,36,48,8,302
4,"Bishop, CA",2,0,1,0,1,4,0,12
4,"Bismarck/Mandan, ND",3,2,2,0,2,7,2,62
4,"Bloomington/Normal, IL",3,3,9,0,7,13,9,32
4,"Boise, ID",19,3,28,1,20,50,3,359
4,"Boston, MA",220,8,217,0,134,375,32,2346
4,"Bozeman, MT",4,1,12,0,10,19,3,182
4,"Brainerd, MN",1,1,0,0,0,2,0,12
4,"Bristol/Johnson City/Kingsport, TN",6,1,8,0,8,14,1,42
4,"Brownsville, TX",2,0,3,0,3,5,0,25
4,"Brunswick, GA",3,2,2,0,0,5,0,14
4,"Buffalo, NY",30,5,42,0,31,71,10,372
4,"Burbank, CA",24,2,51,0,37,85,10,500
4,"Burlington, VT",12,2,13,0,11,26,4,123
4,"Butte, MT",0,0,0,0,0,0,0,13
4,"Casper, WY",0,0,0,0,0,0,0,7
4,"Cedar City, UT",0,0,0,0,0,0,0,12
4,"Cedar Rapids/Iowa City, IA",27,9,20,0,25,52,14,128
4,"Champaign/Urbana, IL",0,2,0,0,1,2,14,28
4,"Charleston, SC",23,5,34,0,34,61,7,396
4,"Charleston/Dunbar, WV",8,3,12,0,5,19,2,62
4,"Charlotte Amalie, VI",15,1,14,0,13,28,2,121
4,"Charlotte, NC",424,207,337,14,613,927,79,3756
4,"Charlottesville, VA",5,0,8,0,4,8,0,57
4,"Chattanooga, TN",18,4,16,0,21,38,3,114
4,"Cheyenne, WY",2,0,0,0,1,3,0,13
4,"Chicago, IL",737,160,984,4,728,1578,383,5840
4,"Christiansted, VI",0,0,3,0,2,3,0,33
4,"Cincinnati, OH",52,5,52,0,44,97,9,708
4,"Clarksburg/Fairmont, WV",0,0,0,0,0,0,0,2
4,"Cleveland, OH",48,7,50,0,56,101,31,696
4,"College Station/Bryan, TX",1,2,2,0,3,5,3,21
4,"Colorado Springs, CO",13,1,28,0,12,33,1,213
4,"Columbia, MO",2,4,2,0,2,7,9,28
4,"Columbia, SC",5,1,14,0,15,24,4,115
4,"Columbus, GA",5,0,4,0,0,5,0,20
4,"Columbus, MS",0,0,2,0,3,3,0,14
4,"Columbus, OH",42,6,49,0,43,92,19,734
4,"Concord, NC",0,0,0,0,3,3,0,14
4,"Cordova, AK",1,1,1,0,2,2,2,14
4,"Corpus Christi, TX",4,3,7,0,10,15,0,71
4,"Dallas, TX",193,5,127,0,208,297,19,1334
4,"Dallas/Fort Worth, TX",980,86,804,4,938,1560,89,5325
4,"Dayton, OH",9,3,17,0,13,26,3,137
4,"Daytona Beach, FL",1,1,1,0,1,3,1,48
4,"Deadhorse, AK",0,0,0,0,2,2,0,11
4,"Decatur, IL",0,0,1,0,0,1,8,19
4,"Denver, CO",529,18,416,0,372,843,133,5161
4,"Des Moines, IA",16,3,38,0,23,56,7,286
4,"Detroit, MI",280,43,299,0,110,496,44,2192
4,"Devils Lake, ND",0,1,0,0,0,1,1,13
4,"Dickinson, ND",1,1,0,0,1,3,0,12
4,"Dodge City, KS",0,2,1,0,1,3,2,12
4,"Dothan, AL",0,0,5,0,2,4,0,14
4,"Duluth, MN",4,3,3,0,4,12,2,34
4,"Durango, CO",8,1,7,0,4,13,0,60
4,"Eagle, CO",25,2,21,0,22,36,3,138
4,"El Paso, TX",17,4,22,0,26,42,3,285
4,"Elko, NV",2,0,1,0,0,2,0,7
4,"Elmira/Corning, NY",2,2,1,0,0,4,0,18
4,"Escanaba, MI",1,0,0,0,0,1,0,12
4,"Eugene, OR",10,4,15,0,8,23,0,129
4,"Evansville, IN",3,3,6,0,8,12,3,36
4,"Everett, WA",1,0,3,0,0,3,9,25
4,"Fairbanks, AK",2,3,8,0,2,10,6,42
4,"Fargo, ND",10,6,18,1,10,25,2,120
4,"Fayetteville, AR",14,30,47,1,33,71,10,217
4,"Fayetteville, NC",2,2,3,0,1,4,2,28
4,"Flagstaff, AZ",3,3,5,0,0,7,0,25
4,"Flint, MI",2,2,5,0,2,7,2,38
4,"Fort Dodge, IA",1,1,0,0,2,4,2,12
4,"Fort Lauderdale, FL",211,4,168,7,177,328,51,1881
4,"Fort Myers, FL",53,2,71,0,86,143,28,867
4,"Fort Smith, AR",2,4,6,0,3,8,7,21
4,"Fort Wayne, IN",10,3,15,0,12,24,10,71
4,"Fresno, CA",19,2,17,0,10,35,1,197
4,"Gainesville, FL",5,0,2,0,4,6,0,48
4,"Garden City, KS",1,3,4,0,2,6,2,14
4,"Gillette, WY",0,0,0,0,0,0,0,14
4,"Grand Forks, ND",3,0,2,0,0,4,0,27
4,"Grand Island, NE",4,0,5,0,1,7,2,18
4,"Grand Junction, CO",8,1,4,0,7,15,0,65
4,"Grand Rapids, MI",32,29,52,0,52,104,17,365
4,"Great Falls, MT",3,1,1,0,1,4,0,52
4,"Green Bay, WI",8,6,11,0,3,23,3,78
4,"Greensboro/High Point, NC",11,2,20,0,21,30,2,219
4,"Greer, SC",22,5,23,0,26,46,15,284
4,"Guam, TT",0,0,0,0,0,0,0,14
4,"Gulfport/Biloxi, MS",0,6,8,0,8,12,2,53
4,"Gunnison, CO",1,0,1,0,0,1,0,21
4,"Hagerstown, MD",0,0,0,0,0,0,0,4
4,"Hancock/Houghton, MI",0,0,0,0,1,1,4,14
4,"Harlingen/San Benito, TX",6,0,7,0,8,14,0,74
4,"Harrisburg, PA",4,1,4,0,7,11,3,82
4,"Hartford, CT",39,4,46,1,35,78,6,361
4,"Hattiesburg/Laurel, MS",1,0,0,0,2,3,1,12
4,"Hayden, CO",6,0,8,0,8,16,0,95
4,"Hays, KS",0,0,2,0,3,3,2,14
4,"Helena, MT",3,2,2,0,0,5,0,35
4,"Hibbing, MN",2,1,1,0,0,3,0,12
4,"Hilo, HI",11,8,5,0,16,20,2,133
4,"Hilton Head, SC",0,1,2,0,2,2,2,14
4,"Honolulu, HI",104,37,24,0,144,192,32,1148
4,"Houston, TX",395,49,318,0,389,681,94,3035
4,"Huntsville, AL",26,5,15,0,25,40,2,162
4,"Idaho Falls, ID",3,2,3,0,3,6,1,46
4,"Indianapolis, IN",41,6,51,0,48,98,21,815
4,"International Falls, MN",2,0,0,0,0,2,0,12
4,"Iron Mountain/Kingsfd, MI",3,3,2,0,0,6,1,14
4,"Islip, NY",2,0,5,0,5,8,0,104
4,"Ithaca/Cortland, NY",1,0,0,0,0,1,1,14
4,"Jackson, WY",12,1,13,0,7,17,1,123
4,"Jackson/Vicksburg, MS",11,7,11,0,19,25,0,122
4,"Jacksonville, FL",29,4,32,0,51,76,5,513
4,"Jacksonville/Camp Lejeune, NC",0,0,2,0,3,5,0,15
4,"Jamestown, ND",0,0,0,0,1,1,1,13
4,"Johnstown, PA",0,1,0,0,1,2,2,14
4,"Joplin, MO",0,0,0,0,0,0,3,12
4,"Juneau, AK",6,7,21,0,9,24,5,77
4,"Kahului, HI",39,25,21,0,51,74,27,497
4,"Kalamazoo, MI",1,2,1,0,0,3,5,20
4,"Kalispell, MT",4,1,3,0,2,8,0,54
4,"Kansas City, MO",70,5,104,0,87,149,21,849
4,"Ketchikan, AK",2,1,2,0,4,7,4,42
4,"Key West, FL",22,0,9,0,33,38,2,194
4,"Killeen, TX",7,0,6,0,6,11,4,28
4,"Knoxville, TN",23,4,28,0,35,59,7,250
4,"Kodiak, AK",0,1,1,0,1,2,0,14
4,"Kona, HI",24,16,15,0,35,53,15,309
4,"Kotzebue, AK",0,0,1,0,1,2,0,7
4,"La Crosse, WI",0,0,0,0,0,0,0,2
4,"Lafayette, LA",4,10,11,0,12,19,3,52
4,"Lake Charles, LA",6,0,0,0,1,7,1,21
4,"Lansing, MI",5,0,3,0,4,9,2,26
4,"Laramie, WY",0,0,0,0,0,0,0,12
4,"Laredo, TX",2,0,2,0,3,6,0,29
4,"Las Vegas, NV",365,18,470,2,451,811,87,3286
4,"Latrobe, PA",0,0,0,0,0,0,0,7
4,"Lawton/Fort Sill, OK",0,3,3,0,3,4,2,21
4,"Lewiston, ID",2,2,0,0,0,4,2,21
4,"Lexington, KY",15,4,21,0,20,36,4,145
4,"Lihue, HI",17,20,25,0,51,67,0,294
4,"Lincoln, NE",0,0,2,0,2,3,0,7
4,"Little Rock, AR",12,21,22,0,34,55,9,199
4,"Long Beach, CA",26,2,37,0,35,61,4,336
4,"Longview, TX",4,2,1,0,0,6,0,14
4,"Los Angeles, CA",334,21,477,1,193,671,94,3429
4,"Louisville, KY",35,9,39,0,36,73,3,395
4,"Lubbock, TX",8,5,13,0,19,27,5,105
4,"Madison, WI",35,5,32,1,17,62,4,196
4,"Manchester, NH",4,1,8,0,7,13,1,77
4,"Manhattan/Ft. Riley, KS",1,1,2,0,2,3,1,21
4,"Marquette, MI",0,0,0,0,0,0,2,7
4,"Mason City, IA",0,1,0,0,1,2,3,12
4,"Medford, OR",0,1,3,0,3,5,0,79
4,"Melbourne, FL",3,1,2,0,4,7,0,54
4,"Memphis, TN",34,2,39,1,28,62,1,382
4,"Meridian, MS",0,0,0,0,1,1,1,12
4,"Miami, FL",286,5,228,11,254,439,38,2292
4,"Midland/Odessa, TX",8,4,17,0,11,25,4,149
4,"Milwaukee, WI",38,23,76,0,38,110,28,489
4,"Minneapolis, MN",186,41,165,0,66,314,39,2178
4,"Minot, ND",8,2,7,0,5,16,4,42
4,"Mission/McAllen/Edinburg, TX",2,0,6,0,8,13,1,68
4,"Missoula, MT",5,4,5,0,1,9,1,52
4,"Moab, UT",0,0,0,0,1,1,0,7
4,"Mobile, AL",2,5,8,0,5,10,1,45
4,"Moline, IL",6,9,15,1,13,28,18,79
4,"Monroe, LA",9,0,6,0,9,16,0,35
4,"Monterey, CA",4,0,5,0,5,7,0,70
4,"Montgomery, AL",10,0,7,0,12,17,1,47
4,"Montrose/Delta, CO",3,0,8,0,12,14,0,84
4,"Mosinee, WI",0,0,0,0,0,0,1,14
4,"Myrtle Beach, SC",4,5,12,0,11,17,2,181
4,"Nashville, TN",146,8,129,1,167,270,28,1689
4,"New Orleans, LA",121,19,116,0,161,233,18,916
4,"New York, NY",369,22,251,4,258,603,68,5214
4,"Newark, NJ",194,6,118,0,164,285,165,2332
4,"Newburgh/Poughkeepsie, NY",1,0,1,0,1,1,0,6
4,"Niagara Falls, NY",1,0,0,0,1,1,1,7
4,"Nome, AK",0,0,1,0,1,1,0,7
4,"Norfolk, VA",21,2,33,0,26,58,1,346
4,"North Bend/Coos Bay, OR",0,1,0,0,0,1,0,4
4,"North Platte, NE",1,0,1,0,0,1,0,12
4,"Oakland, CA",69,1,69,1,45,126,13,771
4,"Oklahoma City, OK",29,22,51,0,41,88,18,393
4,"Omaha, NE",38,4,57,0,34,90,6,432
4,"Ontario, CA",32,3,42,0,38,69,7,412
4,"Orlando, FL",361,24,306,8,323,576,66,3174
4,"Pago Pago, TT",1,0,0,0,1,1,0,2
4,"Palm Springs, CA",29,6,47,0,37,73,15,326
4,"Panama City, FL",11,1,13,0,14,20,2,95
4,"Pasco/Kennewick/Richland, WA",5,9,7,0,2,18,4,80
4,"Pellston, MI",1,0,0,0,0,1,0,12
4,"Pensacola, FL",11,4,17,0,19,33,1,193
4,"Peoria, IL",4,9,8,0,9,19,14,67
4,"Petersburg, AK",1,0,1,0,2,3,0,14
4,"Philadelphia, PA",130,4,95,2,142,236,9,1571
4,"Phoenix, AZ",427,16,479,3,403,791,49,3532
4,"Pittsburgh, PA",27,2,28,0,44,67,7,745
4,"Plattsburgh, NY",0,1,0,0,1,2,0,6
4,"Pocatello, ID",0,0,0,0,0,0,0,14
4,"Ponce, PR",2,0,2,0,2,4,1,16
4,"Portland, ME",6,0,12,0,14,20,4,136
4,"Portland, OR",75,7,105,0,59,171,65,955
4,"Portsmouth, NH",2,0,0,0,1,2,0,4
4,"Prescott, AZ",0,0,0,0,0,0,0,14
4,"Providence, RI",14,2,17,0,12,32,2,217
4,"Provo, UT",2,0,0,0,0,2,0,36
4,"Punta Gorda, FL",8,4,4,0,7,15,2,113
4,"Raleigh/Durham, NC",64,7,74,0,89,148,13,1044
4,"Rapid City, SD",3,1,2,0,2,4,0,64
4,"Redding, CA",0,0,0,0,1,1,0,21
4,"Reno, NV",12,1,34,0,22,51,2,337
4,"Rhinelander, WI",0,0,0,0,0,0,1,14
4,"Richmond, VA",19,2,24,0,19,44,2,308
4,"Riverton/Lander, WY",0,0,0,0,0,0,0,9
4,"Roanoke, VA",11,4,10,0,12,17,6,64
4,"Rochester, MN",1,0,0,0,3,3,4,20
4,"Rochester, NY",11,1,30,0,22,42,3,223
4,"Rock Springs, WY",0,0,1,0,0,1,0,9
4,"Rockford, IL",0,1,2,0,0,2,0,13
4,"Roswell, NM",2,0,0,0,0,2,1,14
4,"Sacramento, CA",68,2,65,2,72,148,14,915
4,"Saginaw/Bay City/Midland, MI",5,6,6,0,4,15,9,40
4,"Saipan, TT",1,0,0,0,0,1,0,7
4,"Salina, KS",0,0,1,0,2,2,2,14
4,"Salt Lake City, UT",161,25,143,4,83,285,12,2138
4,"San Angelo, TX",1,5,4,0,6,10,0,21
4,"San Antonio, TX",53,1,63,1,63,114,18,733
4,"San Diego, CA",109,32,218,0,134,289,89,1570
4,"San Francisco, CA",206,8,195,1,209,427,143,2245
4,"San Jose, CA",66,3,77,0,70,146,13,845
4,"San Juan, PR",58,0,44,0,66,98,1,615
4,"San Luis Obispo, CA",7,2,10,0,5,14,0,74
4,"Sanford, FL",8,3,4,0,8,16,2,157
4,"Santa Ana, CA",69,4,93,1,74,151,7,822
4,"Santa Barbara, CA",7,1,10,0,9,18,0,123
4,"Santa Fe, NM",6,0,2,0,0,6,0,28
4,"Santa Maria, CA",0,0,0,0,0,0,0,2
4,"Santa Rosa, CA",2,2,7,0,13,19,0,54
4,"Sarasota/Bradenton, FL",21,3,24,0,32,48,3,357
4,"Sault Ste. Marie, MI",0,1,0,0,0,1,2,14
4,"Savannah, GA",15,3,13,1,21,31,0,303
4,"Scottsbluff, NE",0,0,0,0,0,0,0,12
4,"Scranton/Wilkes-Barre, PA",3,1,2,0,4,6,0,31
4,"Seattle, WA",248,36,241,1,186,480,214,2628
4,"Sheridan, WY",0,0,1,1,0,1,0,14
4,"Shreveport, LA",8,2,17,0,12,22,2,71
4,"Sioux City, IA",1,0,1,0,2,3,0,14
4,"Sioux Falls, SD",12,9,33,0,11,39,1,132
4,"Sitka, AK",1,0,0,0,4,5,1,21
4,"South Bend, IN",19,12,23,0,13,39,28,116
4,"Spokane, WA",10,3,13,0,11,26,6,292
4,"Springfield, IL",0,0,0,0,0,0,0,2
4,"Springfield, MO",17,19,23,0,26,47,21,134
4,"St. Cloud, MN",0,1,1,0,1,2,0,4
4,"St. George, UT",4,2,5,0,3,11,0,47
4,"St. Louis, MO",112,16,119,1,138,209,93,1114
4,"St. Petersburg, FL",3,5,4,0,5,11,3,115
4,"Stillwater, OK",0,2,1,0,0,2,2,14
4,"Stockton, CA",1,0,1,0,2,3,0,8
4,"Sun Valley/Hailey/Ketchum, ID",2,1,4,0,4,8,0,60
4,"Syracuse, NY",12,2,17,0,14,30,1,251
4,"Tallahassee, FL",9,2,12,0,18,22,0,115
4,"Tampa, FL",108,1,87,0,128,198,36,1516
4,"Texarkana, AR",3,0,1,0,0,4,1,14
4,"Toledo, OH",0,0,0,0,0,0,0,7
4,"Traverse City, MI",8,4,10,0,9,21,2,47
4,"Trenton, NJ",3,0,2,0,7,9,4,54
4,"Tucson, AZ",27,5,36,0,26,64,0,359
4,"Tulsa, OK",21,9,47,0,37,70,6,277
4,"Twin Falls, ID",0,0,0,0,0,0,0,14
4,"Tyler, TX",4,2,4,0,2,7,4,21
4,"Valdosta, GA",0,0,0,0,1,1,0,14
4,"Valparaiso, FL",6,6,7,0,15,19,3,123
4,"Vernal, UT",0,0,0,0,0,0,0,12
4,"Victoria, TX",1,0,1,0,2,3,0,12
4,"Waco, TX",2,1,1,0,2,4,1,21
4,"Walla Walla, WA",0,0,0,0,1,1,4,14
4,"Washington, DC",278,17,182,3,254,492,126,3599
4,"West Palm Beach/Palm Beach, FL",71,0,49,1,83,116,25,653
4,"White Plains, NY",31,7,19,1,27,54,11,247
4,"Wichita Falls, TX",3,3,4,0,1,7,3,14
4,"Wichita, KS",20,2,37,0,21,47,3,175
4,"Williston, ND",7,1,5,0,1,10,0,34
4,"Wilmington, NC",9,3,13,0,13,21,2,115
4,"Worcester, MA",2,1,5,0,4,7,2,25
4,"Wrangell, AK",0,0,2,0,3,3,0,14
4,"Yakutat, AK",0,0,0,0,2,2,2,14
4,"Yuma, AZ",3,1,6,0,1,7,0,25
5,"Aberdeen, SD",0,1,0,0,0,1,0,14
5,"Abilene, TX",2,0,2,0,2,3,0,34
5,"Adak Island, AK",0,0,1,1,0,1,0,2
5,"Aguadilla, PR",3,0,7,0,4,7,0,43
5,"Akron, OH",7,0,1,0,1,5,0,61
5,"Albany, GA",2,0,1,0,0,2,0,14
5,"Albany, NY",9,1,7,0,11,16,0,193
5,"Albuquerque, NM",23,4,35,2,30,60,3,388
5,"Alexandria, LA",4,0,2,0,3,5,0,35
5,"Allentown/Bethlehem/Easton, PA",2,1,0,0,2,4,0,77
5,"Alpena, MI",1,3,0,0,0,4,0,11
5,"Amarillo, TX",1,1,7,0,0,8,1,86
5,"Anchorage, AK",27,17,104,0,36,119,6,251
5,"Appleton, WI",8,7,6,0,3,21,0,102
5,"Arcata/Eureka, CA",2,3,5,0,4,12,3,34
5,"Asheville, NC",5,1,7,0,5,13,1,176
5,"Ashland, WV",1,0,1,0,1,1,0,4
5,"Aspen, CO",14,4,17,2,10,32,42,212
5,"Atlanta, GA",333,13,296,4,151,521,4,5842
5,"Atlantic City, NJ",1,0,2,0,1,4,0,56
5,"Augusta, GA",6,1,2,0,2,7,0,61
5,"Austin, TX",70,4,129,2,82,185,11,1423
5,"Bakersfield, CA",2,0,0,0,0,2,0,39
5,"Baltimore, MD",111,0,51,0,108,170,4,1664
5,"Bangor, ME",2,0,2,0,3,5,1,55
5,"Barrow, AK",0,0,2,0,2,2,1,7
5,"Baton Rouge, LA",7,2,5,0,7,11,0,91
5,"Beaumont/Port Arthur, TX",3,0,1,0,0,2,0,14
5,"Belleville, IL",2,0,2,0,1,3,0,11
5,"Bellingham, WA",3,1,6,0,1,8,2,44
5,"Bemidji, MN",1,1,1,0,0,2,1,14
5,"Bend/Redmond, OR",9,3,10,0,5,17,1,112
5,"Bethel, AK",0,1,5,6,6,8,1,14
5,"Billings, MT",1,1,6,0,3,7,0,61
5,"Binghamton, NY",0,0,0,0,0,0,0,7
5,"Birmingham, AL",16,3,16,0,23,32,0,296
5,"Bishop, CA",0,1,3,0,1,3,4,12
5,"Bismarck/Mandan, ND",6,3,3,0,2,12,0,62
5,"Bloomington/Normal, IL",2,0,1,0,1,3,0,32
5,"Boise, ID",18,5,35,0,24,56,7,353
5,"Boston, MA",134,56,105,0,126,261,4,2308
5,"Bozeman, MT",12,7,37,0,15,47,2,187
5,"Brainerd, MN",0,1,0,0,0,1,0,12
5,"Bristol/Johnson City/Kingsport, TN",0,0,1,0,0,1,0,42
5,"Brownsville, TX",0,0,1,0,1,2,0,25
5,"Brunswick, GA",1,1,1,0,0,2,0,14
5,"Buffalo, NY",13,1,9,0,12,26,1,366
5,"Burbank, CA",31,4,42,1,30,85,32,500
5,"Burlington, VT",9,0,3,0,8,15,0,122
5,"Butte, MT",0,0,0,0,0,0,0,13
5,"Casper, WY",0,0,0,0,0,0,0,7
5,"Cedar City, UT",1,0,0,0,0,1,0,12
5,"Cedar Rapids/Iowa City, IA",7,6,3,0,7,17,1,129
5,"Champaign/Urbana, IL",2,0,1,0,1,3,0,28
5,"Charleston, SC",11,0,17,0,17,28,0,394
5,"Charleston/Dunbar, WV",3,0,5,0,1,6,0,62
5,"Charlotte Amalie, VI",11,1,22,0,10,26,0,121
5,"Charlotte, NC",336,3,265,13,285,521,2,3757
5,"Charlottesville, VA",4,0,7,0,1,10,0,57
5,"Chattanooga, TN",7,0,7,0,2,13,0,112
5,"Cheyenne, WY",0,0,0,0,0,0,2,13
5,"Chicago, IL",289,23,225,3,193,516,21,5823
5,"Christiansted, VI",0,0,8,0,3,7,0,33
5,"Cincinnati, OH",23,2,35,0,22,63,0,698
5,"Clarksburg/Fairmont, WV",0,0,0,0,0,0,0,2
5,"Cleveland, OH",33,3,26,0,26,58,2,699
5,"College Station/Bryan, TX",1,0,1,0,0,1,0,21
5,"Colorado Springs, CO",15,4,21,0,15,35,3,209
5,"Columbia, MO",0,0,0,0,0,0,0,28
5,"Columbia, SC",6,0,4,0,4,10,0,115
5,"Columbus, GA",4,2,2,0,0,6,0,20
5,"Columbus, MS",0,0,0,0,1,1,0,14
5,"Columbus, OH",23,3,34,0,24,63,1,734
5,"Concord, NC",0,1,1,0,3,4,0,14
5,"Cordova, AK",0,0,4,0,2,4,1,14
5,"Corpus Christi, TX",3,1,5,0,4,7,0,71
5,"Dallas, TX",102,2,98,0,97,169,4,1328
5,"Dallas/Fort Worth, TX",524,27,496,6,340,821,5,5320
5,"Dayton, OH",10,0,7,0,9,18,0,132
5,"Daytona Beach, FL",5,0,1,0,4,6,0,47
5,"Deadhorse, AK",0,0,5,0,5,5,0,11
5,"Decatur, IL",0,0,0,0,2,1,0,19
5,"Denver, CO",758,137,863,2,636,1286,121,5158
5,"Des Moines, IA",21,1,13,0,23,42,1,284
5,"Detroit, MI",123,26,112,0,52,228,2,2125
5,"Devils Lake, ND",0,0,0,0,0,0,5,13
5,"Dickinson, ND",0,0,0,0,0,0,3,12
5,"Dodge City, KS",0,0,1,0,0,1,1,12
5,"Dothan, AL",1,0,0,0,2,2,0,14
5,"Duluth, MN",2,0,0,0,0,2,0,34
5,"Durango, CO",9,1,4,0,3,11,2,60
5,"Eagle, CO",20,3,28,0,13,39,3,138
5,"El Paso, TX",15,1,25,0,24,39,2,281
5,"Elko, NV",0,0,0,0,0,0,0,7
5,"Elmira/Corning, NY",2,1,0,0,0,3,0,18
5,"Escanaba, MI",2,0,0,0,0,2,0,12
5,"Eugene, OR",8,7,24,1,12,32,2,129
5,"Evansville, IN",2,0,1,0,2,3,0,36
5,"Everett, WA",1,0,6,0,0,6,1,25
5,"Fairbanks, AK",3,5,16,0,5,19,1,42
5,"Fargo, ND",3,1,2,0,4,9,2,120
5,"Fayetteville, AR",9,1,13,2,7,23,0,216
5,"Fayetteville, NC",1,0,0,0,1,1,0,28
5,"Flagstaff, AZ",2,1,2,0,1,4,1,25
5,"Flint, MI",1,0,4,0,0,4,0,40
5,"Fort Dodge, IA",0,1,0,0,2,3,0,12
5,"Fort Lauderdale, FL",232,6,215,9,146,346,7,1881
5,"Fort Myers, FL",50,0,52,0,62,92,1,855
5,"Fort Smith, AR",1,1,3,0,0,4,0,21
5,"Fort Wayne, IN",13,0,5,0,1,13,0,71
5,"Fresno, CA",13,3,24,0,15,40,5,198
5,"Gainesville, FL",2,1,1,0,3,5,0,45
5,"Garden City, KS",0,0,0,0,0,0,0,14
5,"Gillette, WY",0,0,0,0,0,0,1,14
5,"Grand Forks, ND",1,0,2,0,0,2,1,27
5,"Grand Island, NE",1,0,2,0,2,3,0,18
5,"Grand Junction, CO",4,2,4,0,1,7,2,65
5,"Grand Rapids, MI",24,3,10,1,14,35,3,357
5,"Great Falls, MT",3,2,4,0,2,6,1,52
5,"Green Bay, WI",4,9,3,0,4,17,0,78
5,"Greensboro/High Point, NC",11,0,13,0,7,23,0,214
5,"Greer, SC",12,0,8,0,6,18,0,282
5,"Guam, TT",0,0,0,0,0,0,0,14
5,"Gulfport/Biloxi, MS",0,0,1,0,1,1,0,53
5,"Gunnison, CO",0,0,1,0,2,3,0,21
5,"Hagerstown, MD",0,0,0,0,0,0,0,4
5,"Hancock/Houghton, MI",0,0,1,0,0,0,2,14
5,"Harlingen/San Benito, TX",1,0,3,0,2,3,0,74
5,"Harrisburg, PA",3,0,1,0,1,4,0,78
5,"Hartford, CT",18,0,8,0,21,31,0,361
5,"Hattiesburg/Laurel, MS",1,0,0,0,0,1,0,12
5,"Hayden, CO",13,2,23,0,11,28,5,98
5,"Hays, KS",1,0,0,0,1,2,0,14
5,"Helena, MT",6,3,6,0,0,9,0,35
5,"Hibbing, MN",0,1,0,0,0,1,1,12
5,"Hilo, HI",16,5,8,0,16,26,0,130
5,"Hilton Head, SC",0,0,0,0,1,1,1,14
5,"Honolulu, HI",124,14,28,0,160,213,14,1138
5,"Houston, TX",248,15,267,2,182,463,4,3019
5,"Huntsville, AL",6,0,9,0,9,15,1,159
5,"Idaho Falls, ID",3,1,4,0,1,6,1,46
5,"Indianapolis, IN",31,0,43,1,33,72,4,799
5,"International Falls, MN",0,0,0,0,0,0,2,12
5,"Iron Mountain/Kingsfd, MI",1,1,0,0,0,2,0,14
5,"Islip, NY",4,1,5,0,7,9,0,104
5,"Ithaca/Cortland, NY",0,1,0,0,0,1,0,14
5,"Jackson, WY",8,2,16,0,12,22,1,123
5,"Jackson/Vicksburg, MS",8,3,5,0,10,14,0,119
5,"Jacksonville, FL",20,3,30,0,29,50,1,504
5,"Jacksonville/Camp Lejeune, NC",1,0,0,0,1,2,0,15
5,"Jamestown, ND",0,1,0,0,0,1,4,13
5,"Johnstown, PA",0,0,0,0,1,1,0,14
5,"Joplin, MO",1,1,0,0,0,2,1,12
5,"Juneau, AK",5,4,18,0,10,25,4,77
5,"Kahului, HI",46,9,23,0,65,79,10,494
5,"Kalamazoo, MI",1,1,0,0,0,2,0,20
5,"Kalispell, MT",4,3,9,0,4,14,4,54
5,"Kansas City, MO",34,2,51,0,44,83,2,836
5,"Ketchikan, AK",0,3,4,0,9,9,3,42
5,"Key West, FL",33,2,34,0,29,47,1,193
5,"Killeen, TX",0,0,0,0,0,0,0,28
5,"Knoxville, TN",19,0,21,0,11,37,0,246
5,"Kodiak, AK",2,2,1,0,3,7,1,14
5,"Kona, HI",29,12,15,0,50,56,5,306
5,"Kotzebue, AK",0,0,2,0,2,2,1,7
5,"La Crosse, WI",0,0,0,0,0,0,0,2
5,"Lafayette, LA",1,6,4,0,2,7,0,46
5,"Lake Charles, LA",4,0,0,0,0,4,0,21
5,"Lansing, MI",2,0,1,0,2,3,0,26
5,"Laramie, WY",0,0,2,0,1,2,3,12
5,"Laredo, TX",0,0,2,0,0,2,0,29
5,"Las Vegas, NV",438,21,517,4,542,913,98,3278
5,"Latrobe, PA",0,0,0,0,0,0,0,7
5,"Lawton/Fort Sill, OK",1,0,0,0,0,1,0,21
5,"Lewiston, ID",1,0,0,0,0,1,1,21
5,"Lexington, KY",11,0,10,0,5,19,0,145
5,"Lihue, HI",23,11,12,0,44,55,3,291
5,"Lincoln, NE",0,0,0,0,0,0,0,7
5,"Little Rock, AR",8,2,19,0,11,27,0,202
5,"Long Beach, CA",26,4,31,0,35,62,11,335
5,"Longview, TX",1,0,0,0,0,1,0,14
5,"Los Angeles, CA",398,35,493,2,257,748,45,3374
5,"Louisville, KY",14,1,22,0,13,34,1,391
5,"Lubbock, TX",7,0,11,0,9,14,1,105
5,"Madison, WI",12,4,4,0,6,18,1,200
5,"Manchester, NH",2,0,0,0,4,5,0,77
5,"Manhattan/Ft. Riley, KS",1,0,0,0,0,1,0,21
5,"Marquette, MI",0,1,0,0,0,1,0,10
5,"Mason City, IA",1,0,0,0,0,1,2,12
5,"Medford, OR",6,3,4,0,3,10,1,79
5,"Melbourne, FL",3,0,2,0,6,6,0,51
5,"Memphis, TN",22,1,26,0,11,40,0,378
5,"Meridian, MS",1,0,0,0,0,1,0,12
5,"Miami, FL",375,31,406,8,283,591,4,2273
5,"Midland/Odessa, TX",5,0,9,0,5,15,3,151
5,"Milwaukee, WI",17,1,16,0,33,45,1,481
5,"Minneapolis, MN",128,28,77,0,42,213,16,2095
5,"Minot, ND",1,4,2,0,3,8,0,42
5,"Mission/McAllen/Edinburg, TX",6,0,6,0,3,10,0,71
5,"Missoula, MT",2,4,7,0,2,10,11,52
5,"Moab, UT",0,0,0,0,0,0,0,3
5,"Mobile, AL",4,1,5,0,1,8,0,55
5,"Moline, IL",8,1,10,0,3,15,1,79
5,"Monroe, LA",0,0,3,0,2,4,0,35
5,"Monterey, CA",1,3,4,0,3,7,7,70
5,"Montgomery, AL",4,0,4,0,2,6,0,47
5,"Montrose/Delta, CO",11,1,11,0,9,17,4,84
5,"Mosinee, WI",0,0,0,0,1,1,0,14
5,"Myrtle Beach, SC",4,0,0,0,6,8,0,177
5,"Nashville, TN",78,0,99,1,85,170,5,1675
5,"New Orleans, LA",56,2,53,0,67,110,2,909
5,"New York, NY",240,8,103,1,151,352,12,5198
5,"Newark, NJ",139,3,71,0,133,224,17,2342
5,"Newburgh/Poughkeepsie, NY",1,0,1,0,1,1,0,6
5,"Niagara Falls, NY",2,0,0,0,0,2,0,8
5,"Nome, AK",0,0,1,0,2,2,1,7
5,"Norfolk, VA",5,0,22,0,17,38,0,341
5,"North Bend/Coos Bay, OR",0,1,0,0,0,1,1,4
5,"North Platte, NE",0,0,1,0,1,1,1,12
5,"Oakland, CA",75,7,79,1,76,157,19,771
5,"Oklahoma City, OK",15,1,20,1,21,41,1,386
5,"Omaha, NE",22,1,23,0,23,51,1,433
5,"Ontario, CA",22,2,26,0,24,52,9,412
5,"Orlando, FL",249,5,268,6,202,433,12,3155
5,"Pago Pago, TT",2,0,0,0,1,1,0,2
5,"Palm Springs, CA",26,2,35,0,15,54,11,325
5,"Panama City, FL",2,0,3,0,2,4,1,92
5,"Pasco/Kennewick/Richland, WA",7,10,4,0,1,19,3,80
5,"Pellston, MI",1,1,0,0,0,2,0,12
5,"Pensacola, FL",8,0,7,0,9,14,0,189
5,"Peoria, IL",2,2,1,0,2,6,0,66
5,"Petersburg, AK",0,0,2,0,2,3,2,14
5,"Philadelphia, PA",70,1,54,0,75,134,0,1553
5,"Phoenix, AZ",292,13,360,2,265,559,17,3523
5,"Pittsburgh, PA",17,1,27,0,29,54,1,741
5,"Plattsburgh, NY",0,0,1,0,2,2,0,6
5,"Pocatello, ID",0,0,0,0,0,0,0,14
5,"Ponce, PR",1,0,2,0,0,1,0,16
5,"Portland, ME",4,2,6,0,3,12,0,136
5,"Portland, OR",66,8,150,1,53,190,18,945
5,"Portsmouth, NH",1,0,0,0,1,2,0,4
5,"Prescott, AZ",1,0,3,0,2,4,1,14
5,"Providence, RI",7,0,5,0,9,15,1,211
5,"Provo, UT",1,0,3,0,1,4,0,36
5,"Punta Gorda, FL",10,3,6,0,7,14,0,114
5,"Raleigh/Durham, NC",36,0,51,0,48,89,4,1017
5,"Rapid City, SD",7,7,7,0,9,19,11,68
5,"Redding, CA",2,0,0,0,0,2,1,21
5,"Reno, NV",34,12,71,0,50,94,10,337
5,"Rhinelander, WI",1,0,0,0,0,1,0,14
5,"Richmond, VA",6,0,15,0,15,27,1,301
5,"Riverton/Lander, WY",1,0,0,0,0,1,1,9
5,"Roanoke, VA",3,1,6,0,3,9,0,64
5,"Rochester, MN",1,0,0,0,2,3,0,20
5,"Rochester, NY",8,1,9,0,11,21,0,214
5,"Rock Springs, WY",0,2,2,0,1,3,0,9
5,"Rockford, IL",0,0,2,0,0,2,0,13
5,"Roswell, NM",0,1,0,0,0,1,0,14
5,"Sacramento, CA",67,9,71,0,69,146,28,908
5,"Saginaw/Bay City/Midland, MI",2,2,1,0,1,5,0,40
5,"Saipan, TT",0,0,0,0,0,0,0,7
5,"Salina, KS",1,1,1,0,1,3,0,14
5,"Salt Lake City, UT",181,28,191,0,62,327,13,2116
5,"San Angelo, TX",0,0,1,0,1,1,0,21
5,"San Antonio, TX",41,2,69,0,43,99,4,727
5,"San Diego, CA",141,18,248,0,169,358,38,1560
5,"San Francisco, CA",271,48,320,1,256,570,116,2225
5,"San Jose, CA",72,11,73,0,60,140,24,842
5,"San Juan, PR",94,1,134,0,48,154,3,612
5,"San Luis Obispo, CA",3,2,9,0,4,12,3,74
5,"Sanford, FL",10,3,5,0,4,14,0,157
5,"Santa Ana, CA",53,5,74,0,68,136,20,815
5,"Santa Barbara, CA",5,1,13,0,8,20,13,123
5,"Santa Fe, NM",2,0,0,0,0,2,0,28
5,"Santa Maria, CA",1,0,1,0,2,2,0,2
5,"Santa Rosa, CA",1,0,4,0,6,8,0,54
5,"Sarasota/Bradenton, FL",14,0,13,0,15,28,0,354
5,"Sault Ste. Marie, MI",5,3,0,0,0,7,0,14
5,"Savannah, GA",12,0,8,0,15,21,1,294
5,"Scottsbluff, NE",1,1,1,0,0,3,1,12
5,"Scranton/Wilkes-Barre, PA",0,0,1,0,2,3,0,31
5,"Seattle, WA",227,49,436,1,180,619,51,2583
5,"Sheridan, WY",0,0,0,0,0,0,3,14
5,"Shreveport, LA",3,2,7,0,6,10,0,71
5,"Sioux City, IA",1,0,0,0,0,1,0,14
5,"Sioux Falls, SD",13,1,7,0,5,16,2,133
5,"Sitka, AK",0,0,1,0,2,3,3,21
5,"South Bend, IN",7,0,3,0,3,6,0,116
5,"Spokane, WA",20,13,28,0,21,58,8,287
5,"Springfield, IL",0,0,1,0,1,1,0,2
5,"Springfield, MO",6,1,6,0,3,11,1,134
5,"St. Cloud, MN",0,0,0,0,0,0,0,4
5,"St. George, UT",8,1,4,0,0,9,1,48
5,"St. Louis, MO",55,3,57,0,73,119,4,1104
5,"St. Petersburg, FL",8,2,6,0,7,14,0,115
5,"Stillwater, OK",0,0,0,0,0,0,0,14
5,"Stockton, CA",0,0,2,0,2,3,0,8
5,"Sun Valley/Hailey/Ketchum, ID",4,3,4,0,1,9,2,56
5,"Syracuse, NY",8,0,4,0,7,13,0,249
5,"Tallahassee, FL",12,1,13,0,16,22,0,111
5,"Tampa, FL",102,2,108,0,107,193,3,1500
5,"Texarkana, AR",0,0,0,0,0,0,0,14
5,"Toledo, OH",1,0,0,0,0,1,0,7
5,"Traverse City, MI",2,1,0,0,3,5,0,47
5,"Trenton, NJ",3,0,2,0,3,6,0,54
5,"Tucson, AZ",37,8,38,0,35,73,3,352
5,"Tulsa, OK",10,0,15,0,12,29,0,274
5,"Twin Falls, ID",2,0,0,0,0,2,0,14
5,"Tyler, TX",2,0,0,0,0,2,0,21
5,"Valdosta, GA",0,0,0,0,1,1,0,14
5,"Valparaiso, FL",4,0,4,0,1,6,0,117
5,"Vernal, UT",1,0,1,0,0,1,0,5
5,"Victoria, TX",1,0,0,0,1,2,0,12
5,"Waco, TX",3,0,1,0,1,4,0,21
5,"Walla Walla, WA",0,0,0,0,0,0,6,14
5,"Washington, DC",141,5,125,2,144,289,6,3583
5,"West Palm Beach/Palm Beach, FL",52,1,42,1,48,80,1,648
5,"White Plains, NY",12,3,4,0,8,18,0,247
5,"Wichita Falls, TX",1,1,1,0,0,2,0,14
5,"Wichita, KS",7,2,14,1,7,24,0,171
5,"Williston, ND",0,5,2,0,0,5,4,34
5,"Wilmington, NC",3,0,0,0,5,7,0,115
5,"Worcester, MA",0,0,1,0,0,1,0,25
5,"Wrangell, AK",1,0,1,0,3,4,3,14
5,"Yakutat, AK",0,1,4,0,2,4,0,14
5,"Yuma, AZ",2,0,1,0,0,2,0,25
6,"Aberdeen, SD",1,0,0,0,0,1,0,14
6,"Abilene, TX",3,1,3,0,3,6,0,34
6,"Adak Island, AK",0,0,0,0,0,0,0,2
6,"Aguadilla, PR",2,0,1,0,4,4,0,42
6,"Akron, OH",4,1,1,0,2,6,0,61
6,"Albany, GA",0,1,0,0,0,1,0,14
6,"Albany, NY",4,0,3,0,7,9,1,193
6,"Albuquerque, NM",36,8,40,0,42,81,2,384
6,"Alexandria, LA",3,3,4,0,1,8,0,35
6,"Allentown/Bethlehem/Easton, PA",3,0,1,0,0,3,0,74
6,"Alpena, MI",1,0,0,0,0,1,0,12
6,"Amarillo, TX",1,2,15,0,5,17,0,86
6,"Anchorage, AK",12,0,9,0,7,17,1,250
6,"Appleton, WI",8,6,4,0,2,16,3,102
6,"Arcata/Eureka, CA",1,0,5,0,8,11,0,33
6,"Asheville, NC",10,0,12,0,6,17,0,176
6,"Ashland, WV",1,0,0,0,1,1,0,4
6,"Aspen, CO",25,15,33,17,24,84,5,212
6,"Atlanta, GA",362,9,292,0,125,526,0,5808
6,"Atlantic City, NJ",1,0,0,0,1,2,0,56
6,"Augusta, GA",4,1,2,0,1,6,0,60
6,"Austin, TX",108,7,146,1,117,221,4,1395
6,"Bakersfield, CA",2,0,3,0,2,4,1,39
6,"Baltimore, MD",113,0,67,1,71,155,2,1657
6,"Bangor, ME",4,0,4,0,4,6,0,55
6,"Barrow, AK",0,0,2,0,3,3,0,7
6,"Baton Rouge, LA",10,4,11,0,7,18,0,97
6,"Beaumont/Port Arthur, TX",0,0,4,0,1,2,0,14
6,"Belleville, IL",2,0,1,0,2,2,0,11
6,"Bellingham, WA",0,0,4,0,2,5,0,44
6,"Bemidji, MN",1,0,1,0,0,1,1,14
6,"Bend/Redmond, OR",9,5,9,0,7,20,2,111
6,"Bethel, AK",0,2,3,1,2,3,1,14
6,"Billings, MT",6,0,9,0,2,12,0,60
6,"Binghamton, NY",0,0,0,0,0,0,0,7
6,"Birmingham, AL",15,4,14,0,15,27,1,290
6,"Bishop, CA",0,1,0,0,1,2,2,12
6,"Bismarck/Mandan, ND",10,2,8,0,2,14,0,61
6,"Bloomington/Normal, IL",2,2,3,0,3,7,0,32
6,"Boise, ID",28,0,29,0,17,51,2,353
6,"Boston, MA",130,0,85,1,68,200,2,2298
6,"Bozeman, MT",18,6,35,0,14,49,1,194
6,"Brainerd, MN",1,0,0,0,0,1,0,12
6,"Bristol/Johnson City/Kingsport, TN",0,0,0,0,0,0,0,41
6,"Brownsville, TX",0,0,0,0,1,0,0,25
6,"Brunswick, GA",1,0,1,0,0,0,0,14
6,"Buffalo, NY",11,0,12,0,10,24,1,362
6,"Burbank, CA",28,2,41,1,42,82,10,500
6,"Burlington, VT",5,0,0,0,4,7,0,122
6,"Butte, MT",0,0,0,0,0,0,0,13
6,"Casper, WY",0,0,0,0,0,0,0,7
6,"Cedar City, UT",1,0,0,0,0,1,0,12
6,"Cedar Rapids/Iowa City, IA",4,0,9,0,4,10,0,127
6,"Champaign/Urbana, IL",1,1,3,0,2,4,0,28
6,"Charleston, SC",20,0,22,0,17,38,0,392
6,"Charleston/Dunbar, WV",10,0,2,0,1,11,0,61
6,"Charlotte Amalie, VI",20,3,22,0,16,34,10,121
6,"Charlotte, NC",325,5,289,14,252,526,4,3752
6,"Charlottesville, VA",4,0,6,0,1,9,0,57
6,"Chattanooga, TN",5,2,6,0,6,11,0,112
6,"Cheyenne, WY",0,0,0,0,0,0,0,13
6,"Chicago, IL",383,62,380,1,267,709,3,5841
6,"Christiansted, VI",4,0,7,1,8,11,0,33
6,"Cincinnati, OH",25,2,30,0,12,45,0,693
6,"Clarksburg/Fairmont, WV",0,0,0,0,0,0,0,2
6,"Cleveland, OH",19,0,15,0,16,30,0,697
6,"College Station/Bryan, TX",2,0,6,0,3,7,0,21
6,"Colorado Springs, CO",19,4,32,0,20,47,0,206
6,"Columbia, MO",1,0,3,0,2,4,0,28
6,"Columbia, SC",5,0,6,0,3,9,0,115
6,"Columbus, GA",2,0,0,0,0,2,0,19
6,"Columbus, MS",0,0,0,0,0,0,0,14
6,"Columbus, OH",35,2,23,0,25,59,0,729
6,"Concord, NC",1,0,0,0,0,1,0,14
6,"Cordova, AK",0,0,0,0,1,1,1,14
6,"Corpus Christi, TX",1,0,7,0,6,10,0,71
6,"Dallas, TX",129,1,106,0,109,192,1,1327
6,"Dallas/Fort Worth, TX",646,76,495,3,487,961,4,5307
6,"Dayton, OH",9,1,7,0,6,13,0,131
6,"Daytona Beach, FL",4,0,2,0,1,6,0,45
6,"Deadhorse, AK",0,0,0,0,0,0,0,11
6,"Decatur, IL",1,0,0,0,1,2,0,19
6,"Denver, CO",780,32,836,2,467,1219,12,5171
6,"Des Moines, IA",19,3,26,1,9,38,1,279
6,"Detroit, MI",64,5,45,1,26,103,0,2100
6,"Devils Lake, ND",1,1,1,0,1,3,0,13
6,"Dickinson, ND",0,0,0,0,0,0,1,12
6,"Dodge City, KS",1,0,0,0,0,1,0,12
6,"Dothan, AL",0,0,2,0,0,2,0,14
6,"Duluth, MN",0,2,2,0,1,3,0,33
6,"Durango, CO",11,6,12,0,5,22,0,60
6,"Eagle, CO",16,3,14,1,14,31,1,145
6,"El Paso, TX",19,4,24,0,28,50,1,279
6,"Elko, NV",0,0,0,0,0,0,0,7
6,"Elmira/Corning, NY",0,0,0,0,0,0,0,18
6,"Escanaba, MI",0,0,0,0,0,0,0,12
6,"Eugene, OR",8,0,12,0,7,18,0,128
6,"Evansville, IN",4,1,3,0,1,5,0,35
6,"Everett, WA",2,0,3,0,0,4,0,25
6,"Fairbanks, AK",2,0,2,0,0,2,0,42
6,"Fargo, ND",4,5,12,0,4,16,0,119
6,"Fayetteville, AR",14,2,21,0,14,27,0,213
6,"Fayetteville, NC",1,0,0,0,0,1,0,28
6,"Flagstaff, AZ",5,6,7,0,0,12,0,25
6,"Flint, MI",2,0,2,0,1,2,0,40
6,"Fort Dodge, IA",0,0,0,0,1,1,0,12
6,"Fort Lauderdale, FL",217,1,220,14,133,321,2,1885
6,"Fort Myers, FL",38,1,51,1,48,82,1,849
6,"Fort Smith, AR",1,0,6,0,3,7,0,21
6,"Fort Wayne, IN",5,2,3,0,2,8,0,70
6,"Fresno, CA",24,2,23,0,11,43,0,194
6,"Gainesville, FL",3,0,2,0,2,4,0,42
6,"Garden City, KS",1,0,0,0,0,1,0,14
6,"Gillette, WY",0,0,0,0,0,0,0,14
6,"Grand Forks, ND",0,2,3,0,2,5,1,28
6,"Grand Island, NE",1,1,2,0,0,2,0,18
6,"Grand Junction, CO",11,2,12,0,5,18,0,65
6,"Grand Rapids, MI",6,1,8,0,7,16,0,354
6,"Great Falls, MT",8,5,9,0,3,16,1,51
6,"Green Bay, WI",2,2,4,0,2,9,3,77
6,"Greensboro/High Point, NC",11,0,12,0,4,21,0,214
6,"Greer, SC",18,0,13,1,11,29,0,275
6,"Guam, TT",0,0,0,0,0,0,0,14
6,"Gulfport/Biloxi, MS",2,1,2,0,2,4,0,53
6,"Gunnison, CO",4,0,4,0,1,4,0,21
6,"Hagerstown, MD",0,0,1,0,1,1,0,4
6,"Hancock/Houghton, MI",3,0,1,0,0,4,1,14
6,"Harlingen/San Benito, TX",4,0,3,0,7,9,1,74
6,"Harrisburg, PA",3,1,2,0,3,7,0,82
6,"Hartford, CT",13,0,22,0,17,38,1,359
6,"Hattiesburg/Laurel, MS",0,0,0,0,1,1,0,12
6,"Hayden, CO",16,2,25,0,21,33,0,102
6,"Hays, KS",1,0,1,0,1,2,0,14
6,"Helena, MT",2,1,2,0,0,3,0,35
6,"Hibbing, MN",1,3,2,0,0,4,0,12
6,"Hilo, HI",2,0,0,0,2,2,1,133
6,"Hilton Head, SC",0,0,1,0,3,3,0,14
6,"Honolulu, HI",88,2,20,0,52,115,7,1146
6,"Houston, TX",219,6,222,5,162,388,4,3017
6,"Huntsville, AL",14,2,8,0,11,20,0,154
6,"Idaho Falls, ID",3,3,4,0,2,8,0,45
6,"Indianapolis, IN",39,0,27,0,31,63,2,802
6,"International Falls, MN",2,1,0,0,0,2,0,12
6,"Iron Mountain/Kingsfd, MI",0,0,0,0,0,0,0,14
6,"Islip, NY",2,1,1,0,3,3,0,104
6,"Ithaca/Cortland, NY",0,0,0,0,0,0,0,14
6,"Jackson, WY",20,6,25,0,18,37,2,123
6,"Jackson/Vicksburg, MS",1,1,6,0,5,10,0,116
6,"Jacksonville, FL",29,0,36,0,31,60,1,495
6,"Jacksonville/Camp Lejeune, NC",0,0,0,0,0,0,0,15
6,"Jamestown, ND",1,1,1,0,1,3,1,13
6,"Johnstown, PA",0,0,0,0,0,0,0,14
6,"Joplin, MO",0,0,0,0,0,0,0,12
6,"Juneau, AK",3,0,1,0,3,5,0,77
6,"Kahului, HI",24,2,11,1,31,45,1,497
6,"Kalamazoo, MI",1,0,0,0,0,1,0,19
6,"Kalispell, MT",4,0,10,0,3,11,0,53
6,"Kansas City, MO",46,2,60,0,39,89,1,848
6,"Ketchikan, AK",0,0,1,0,0,1,0,42
6,"Key West, FL",26,2,28,0,21,44,6,193
6,"Killeen, TX",1,1,2,0,1,2,0,28
6,"Knoxville, TN",10,0,14,0,6,19,0,247
6,"Kodiak, AK",0,1,1,0,0,1,0,14
6,"Kona, HI",22,0,9,0,22,26,2,309
6,"Kotzebue, AK",0,0,1,0,1,1,1,7
6,"La Crosse, WI",0,0,0,0,0,0,0,2
6,"Lafayette, LA",4,5,5,0,1,9,0,48
6,"Lake Charles, LA",1,3,1,0,0,4,0,21
6,"Lansing, MI",2,0,2,0,1,3,0,25
6,"Laramie, WY",3,1,0,0,0,4,0,12
6,"Laredo, TX",0,0,3,0,6,6,0,29
6,"Las Vegas, NV",310,13,285,5,400,606,5,3366
6,"Latrobe, PA",0,0,0,0,1,1,0,7
6,"Lawton/Fort Sill, OK",2,1,2,0,0,3,0,21
6,"Lewiston, ID",1,0,2,0,1,2,0,21
6,"Lexington, KY",13,2,7,1,8,20,0,142
6,"Lihue, HI",15,1,5,1,19,22,4,293
6,"Lincoln, NE",0,0,0,0,0,0,0,7
6,"Little Rock, AR",12,4,11,0,10,27,0,205
6,"Long Beach, CA",19,1,17,0,31,41,2,335
6,"Longview, TX",2,0,0,0,1,3,0,14
6,"Los Angeles, CA",285,32,275,6,211,525,7,3358
6,"Louisville, KY",15,1,22,1,11,33,1,390
6,"Lubbock, TX",11,2,15,0,12,20,1,105
6,"Madison, WI",12,7,14,0,6,28,0,200
6,"Manchester, NH",2,0,3,0,3,6,0,77
6,"Manhattan/Ft. Riley, KS",1,0,1,0,0,1,0,21
6,"Marquette, MI",1,1,1,0,0,3,0,14
6,"Mason City, IA",1,0,1,0,1,2,0,12
6,"Medford, OR",3,2,3,0,3,6,0,78
6,"Melbourne, FL",1,0,1,0,2,3,0,51
6,"Memphis, TN",18,4,21,0,10,34,0,375
6,"Meridian, MS",0,0,0,0,1,1,0,12
6,"Miami, FL",339,5,352,10,226,525,3,2270
6,"Midland/Odessa, TX",8,1,8,0,9,20,0,155
6,"Milwaukee, WI",14,1,27,0,20,39,0,479
6,"Minneapolis, MN",150,21,118,0,53,229,2,2059
6,"Minot, ND",3,4,6,0,0,7,5,42
6,"Mission/McAllen/Edinburg, TX",4,0,4,0,5,9,0,73
6,"Missoula, MT",4,1,3,0,2,8,0,51
6,"Mobile, AL",3,0,3,0,4,6,0,65
6,"Moline, IL",5,1,6,0,2,10,0,79
6,"Monroe, LA",0,0,3,0,1,3,0,35
6,"Monterey, CA",7,1,8,0,6,14,1,70
6,"Montgomery, AL",8,3,8,0,5,14,0,46
6,"Montrose/Delta, CO",8,0,11,0,10,16,0,84
6,"Mosinee, WI",0,1,1,0,0,1,0,14
6,"Myrtle Beach, SC",3,0,4,0,5,8,1,177
6,"Nashville, TN",85,1,111,0,80,175,0,1677
6,"New Orleans, LA",79,1,76,1,78,133,0,935
6,"New York, NY",257,2,139,2,154,399,8,5179
6,"Newark, NJ",80,2,63,0,48,126,4,2349
6,"Newburgh/Poughkeepsie, NY",1,0,0,0,0,1,0,6
6,"Niagara Falls, NY",3,0,0,0,1,3,0,8
6,"Nome, AK",1,0,0,0,1,2,1,7
6,"Norfolk, VA",17,0,32,0,14,41,1,339
6,"North Bend/Coos Bay, OR",0,0,1,0,1,2,0,4
6,"North Platte, NE",2,0,0,0,0,2,0,12
6,"Oakland, CA",62,2,44,0,63,107,5,769
6,"Oklahoma City, OK",30,6,38,0,14,64,0,385
6,"Omaha, NE",23,2,22,0,15,40,0,434
6,"Ontario, CA",25,0,29,0,35,57,1,412
6,"Orlando, FL",272,9,267,8,161,416,1,3156
6,"Pago Pago, TT",0,0,0,0,0,0,0,2
6,"Palm Springs, CA",25,2,39,0,16,56,2,319
6,"Panama City, FL",4,0,6,0,5,8,0,91
6,"Pasco/Kennewick/Richland, WA",3,2,2,0,2,7,0,78
6,"Pellston, MI",0,0,0,0,0,0,0,12
6,"Pensacola, FL",13,2,15,0,12,21,0,189
6,"Peoria, IL",4,5,5,0,0,10,0,66
6,"Petersburg, AK",0,0,0,0,2,2,0,14
6,"Philadelphia, PA",61,0,66,2,61,120,1,1552
6,"Phoenix, AZ",296,19,230,2,353,543,2,3524
6,"Pittsburgh, PA",15,0,20,0,19,42,1,738
6,"Plattsburgh, NY",0,0,0,0,0,0,0,6
6,"Pocatello, ID",1,0,0,0,0,1,0,14
6,"Ponce, PR",1,0,1,0,1,1,0,16
6,"Portland, ME",2,0,1,0,3,3,0,136
6,"Portland, OR",50,1,82,0,38,121,1,947
6,"Portsmouth, NH",0,0,0,0,0,0,0,4
6,"Prescott, AZ",2,1,1,0,0,3,1,14
6,"Providence, RI",6,0,3,0,6,8,0,211
6,"Provo, UT",4,0,0,0,1,4,0,36
6,"Punta Gorda, FL",11,1,9,0,4,13,0,115
6,"Raleigh/Durham, NC",51,1,66,0,47,115,2,1011
6,"Rapid City, SD",4,1,7,0,3,9,0,70
6,"Redding, CA",0,0,1,0,3,3,0,21
6,"Reno, NV",21,1,43,1,25,58,1,336
6,"Rhinelander, WI",0,0,1,0,0,1,0,14
6,"Richmond, VA",19,0,29,0,13,40,0,296
6,"Riverton/Lander, WY",2,0,0,0,0,2,0,9
6,"Roanoke, VA",3,0,3,0,0,4,0,63
6,"Rochester, MN",0,1,0,0,0,1,0,19
6,"Rochester, NY",10,0,6,0,6,14,0,210
6,"Rock Springs, WY",0,0,0,0,0,0,0,9
6,"Rockford, IL",0,1,0,0,1,1,0,13
6,"Roswell, NM",1,2,2,0,0,3,0,14
6,"Sacramento, CA",48,2,56,2,53,100,3,903
6,"Saginaw/Bay City/Midland, MI",1,1,1,0,1,3,0,39
6,"Saipan, TT",0,0,0,0,0,0,0,7
6,"Salina, KS",0,0,0,0,1,1,0,14
6,"Salt Lake City, UT",217,21,230,0,101,370,1,2084
6,"San Angelo, TX",1,0,2,0,2,4,0,21
6,"San Antonio, TX",33,4,62,0,52,95,0,718
6,"San Diego, CA",87,8,113,3,137,235,7,1561
6,"San Francisco, CA",211,8,211,2,261,474,16,2229
6,"San Jose, CA",53,2,57,0,55,109,1,843
6,"San Juan, PR",79,7,105,0,86,149,5,614
6,"San Luis Obispo, CA",7,1,7,0,2,11,3,74
6,"Sanford, FL",7,2,4,0,1,11,0,157
6,"Santa Ana, CA",51,5,79,0,69,139,4,810
6,"Santa Barbara, CA",11,3,17,0,15,30,7,123
6,"Santa Fe, NM",5,1,2,0,1,7,0,28
6,"Santa Maria, CA",0,0,0,0,0,0,0,2
6,"Santa Rosa, CA",3,0,9,0,6,12,0,54
6,"Sarasota/Bradenton, FL",15,0,26,0,17,36,0,355
6,"Sault Ste. Marie, MI",3,0,1,0,0,3,0,14
6,"Savannah, GA",14,0,10,0,14,21,0,299
6,"Scottsbluff, NE",3,0,0,0,0,2,0,12
6,"Scranton/Wilkes-Barre, PA",2,0,1,0,2,3,0,31
6,"Seattle, WA",115,12,177,1,79,262,2,2569
6,"Sheridan, WY",2,0,1,0,1,3,0,14
6,"Shreveport, LA",3,2,7,0,5,10,0,70
6,"Sioux City, IA",1,0,0,0,0,1,0,14
6,"Sioux Falls, SD",16,5,8,0,9,30,1,132
6,"Sitka, AK",0,0,0,0,0,0,0,21
6,"South Bend, IN",9,2,3,0,4,11,0,115
6,"Spokane, WA",13,0,17,0,13,28,1,284
6,"Springfield, IL",0,0,0,0,0,0,0,2
6,"Springfield, MO",9,1,19,2,7,21,0,133
6,"St. Cloud, MN",1,0,0,0,1,1,0,4
6,"St. George, UT",6,0,3,0,1,8,0,47
6,"St. Louis, MO",60,3,75,0,59,122,2,1096
6,"St. Petersburg, FL",3,1,1,0,2,5,0,115
6,"Stillwater, OK",2,0,0,0,0,2,0,14
6,"Stockton, CA",1,0,2,0,3,2,0,8
6,"Sun Valley/Hailey/Ketchum, ID",9,4,5,0,2,16,0,53
6,"Syracuse, NY",10,0,9,0,7,16,0,251
6,"Tallahassee, FL",8,0,12,0,12,20,0,110
6,"Tampa, FL",60,2,72,1,73,128,1,1499
6,"Texarkana, AR",1,1,1,0,0,2,0,14
6,"Toledo, OH",1,0,1,0,1,1,0,7
6,"Traverse City, MI",3,4,1,0,5,11,0,46
6,"Trenton, NJ",0,0,0,0,1,1,0,54
6,"Tucson, AZ",27,5,35,0,25,58,1,341
6,"Tulsa, OK",20,2,27,0,14,39,0,277
6,"Twin Falls, ID",4,0,1,0,0,3,0,14
6,"Tyler, TX",5,1,3,0,0,6,0,21
6,"Valdosta, GA",0,1,0,0,0,1,0,14
6,"Valparaiso, FL",2,1,11,0,9,14,0,122
6,"Victoria, TX",1,0,0,0,0,1,0,12
6,"Waco, TX",1,1,1,0,0,1,0,21
6,"Walla Walla, WA",0,0,1,0,1,2,1,14
6,"Washington, DC",138,5,131,0,144,288,4,3572
6,"West Palm Beach/Palm Beach, FL",37,1,34,0,30,58,0,644
6,"White Plains, NY",13,0,2,0,6,15,0,247
6,"Wichita Falls, TX",1,1,0,0,0,2,0,14
6,"Wichita, KS",15,1,15,0,5,22,0,166
6,"Williston, ND",10,4,7,0,0,16,3,34
6,"Wilmington, NC",2,1,4,0,5,7,0,115
6,"Worcester, MA",2,0,0,0,1,2,0,25
6,"Wrangell, AK",1,0,0,0,0,1,0,14
6,"Yakutat, AK",0,0,0,0,1,1,0,14
6,"Yuma, AZ",0,1,4,0,2,5,0,25
7,"Aberdeen, SD",1,1,0,0,0,2,0,14
7,"Abilene, TX",0,0,4,0,1,4,0,34
7,"Adak Island, AK",0,0,0,0,0,0,0,2
7,"Aguadilla, PR",3,0,5,0,7,9,4,49
7,"Akron, OH",7,0,5,0,1,8,0,59
7,"Albany, GA",3,0,0,0,0,3,0,14
7,"Albany, NY",24,3,40,0,14,48,2,215
7,"Albuquerque, NM",22,1,19,0,21,38,1,388
7,"Alexandria, LA",1,0,1,0,2,3,1,34
7,"Allentown/Bethlehem/Easton, PA",7,1,13,0,5,18,3,78
7,"Alpena, MI",1,1,1,0,0,2,0,12
7,"Amarillo, TX",8,0,5,0,1,9,0,95
7,"Anchorage, AK",8,1,16,0,6,20,1,258
7,"Appleton, WI",14,0,6,0,5,20,0,102
7,"Arcata/Eureka, CA",8,1,6,0,1,15,0,33
7,"Asheville, NC",9,0,14,0,11,22,1,178
7,"Ashland, WV",3,0,3,0,4,4,0,4
7,"Aspen, CO",20,22,54,4,19,94,10,220
7,"Atlanta, GA",573,25,421,1,275,833,17,5829
7,"Atlantic City, NJ",11,1,25,0,9,31,1,70
7,"Augusta, GA",5,0,3,0,1,6,0,54
7,"Austin, TX",97,5,89,1,124,207,3,1391
7,"Bakersfield, CA",3,0,1,0,0,4,0,42
7,"Baltimore, MD",198,4,229,1,161,355,9,1653
7,"Bangor, ME",3,0,8,0,6,10,4,58
7,"Barrow, AK",0,1,3,0,0,2,1,7
7,"Baton Rouge, LA",11,0,3,0,5,11,1,93
7,"Beaumont/Port Arthur, TX",1,0,1,0,1,2,0,14
7,"Belleville, IL",0,3,2,0,3,4,0,13
7,"Bellingham, WA",2,0,3,0,2,3,0,48
7,"Bemidji, MN",1,0,0,0,0,1,0,14
7,"Bend/Redmond, OR",17,15,35,1,7,47,2,112
7,"Bethel, AK",2,1,6,2,2,7,0,14
7,"Billings, MT",9,1,13,0,1,18,0,57
7,"Binghamton, NY",2,0,1,0,1,2,0,7
7,"Birmingham, AL",23,9,19,0,28,46,2,286
7,"Bishop, CA",1,0,4,0,5,7,0,12
7,"Bismarck/Mandan, ND",5,1,4,0,2,7,0,60
7,"Bloomington/Normal, IL",2,2,5,0,2,6,0,32
7,"Boise, ID",22,4,28,0,20,51,0,352
7,"Boston, MA",285,12,361,5,148,493,90,2440
7,"Bozeman, MT",9,0,26,0,11,34,0,189
7,"Brainerd, MN",0,0,0,0,0,0,0,12
7,"Bristol/Johnson City/Kingsport, TN",2,0,1,0,2,4,0,36
7,"Brownsville, TX",0,0,0,0,0,0,0,25
7,"Brunswick, GA",2,0,1,0,0,2,0,14
7,"Buffalo, NY",38,9,68,3,39,90,10,380
7,"Burbank, CA",24,1,42,0,40,80,0,499
7,"Burlington, VT",9,7,22,0,8,30,2,113
7,"Butte, MT",0,0,0,0,0,0,0,13
7,"Casper, WY",0,0,0,0,0,0,0,7
7,"Cedar City, UT",0,0,0,0,0,0,0,12
7,"Cedar Rapids/Iowa City, IA",13,0,11,0,11,24,1,136
7,"Champaign/Urbana, IL",0,1,1,0,2,2,0,28
7,"Charleston, SC",29,1,28,1,36,54,7,407
7,"Charleston/Dunbar, WV",11,1,6,0,3,14,0,58
7,"Charlotte Amalie, VI",13,0,26,0,25,36,0,124
7,"Charlotte, NC",453,18,416,30,421,732,15,3771
7,"Charlottesville, VA",3,0,5,0,0,5,3,57
7,"Chattanooga, TN",4,3,6,0,10,13,0,112
7,"Cheyenne, WY",0,0,3,0,2,3,0,13
7,"Chicago, IL",392,16,311,4,292,677,26,5939
7,"Christiansted, VI",4,0,9,0,8,12,1,33
7,"Cincinnati, OH",49,15,92,0,46,128,13,714
7,"Clarksburg/Fairmont, WV",1,1,1,0,2,2,0,3
7,"Cleveland, OH",55,4,83,0,61,126,11,707
7,"College Station/Bryan, TX",1,0,0,0,0,1,0,21
7,"Colorado Springs, CO",15,2,23,0,15,34,7,205
7,"Columbia, MO",2,2,3,0,3,5,0,31
7,"Columbia, SC",8,0,9,2,9,17,2,115
7,"Columbus, GA",2,2,1,0,0,4,0,16
7,"Columbus, MS",0,0,0,0,0,0,0,14
7,"Columbus, OH",49,11,92,9,45,121,13,743
7,"Concord, NC",1,0,4,0,3,5,1,14
7,"Cordova, AK",0,0,0,0,1,1,0,14
7,"Corpus Christi, TX",4,0,1,0,1,4,0,74
7,"Dallas, TX",141,1,53,1,121,179,4,1330
7,"Dallas/Fort Worth, TX",554,6,301,1,407,757,9,5392
7,"Dayton, OH",17,3,16,0,9,28,2,130
7,"Daytona Beach, FL",2,0,0,0,2,3,0,62
7,"Deadhorse, AK",0,0,0,0,0,0,0,11
7,"Decatur, IL",2,1,2,0,2,5,0,19
7,"Denver, CO",714,124,687,9,513,1122,64,5241
7,"Des Moines, IA",17,10,34,0,13,53,2,278
7,"Detroit, MI",174,22,174,0,90,306,13,2111
7,"Devils Lake, ND",1,1,2,0,2,4,0,13
7,"Dickinson, ND",2,0,0,0,0,2,0,12
7,"Dodge City, KS",2,0,1,0,1,3,0,12
7,"Dothan, AL",0,0,0,0,0,0,0,14
7,"Duluth, MN",2,0,2,0,1,3,0,30
7,"Durango, CO",6,1,2,0,1,8,1,61
7,"Eagle, CO",15,2,13,0,14,25,1,146
7,"El Paso, TX",9,0,9,0,11,16,0,276
7,"Elko, NV",0,0,0,0,0,0,0,7
7,"Elmira/Corning, NY",5,1,5,0,2,9,0,23
7,"Escanaba, MI",0,0,0,0,0,0,0,12
7,"Eugene, OR",6,2,5,0,5,12,0,130
7,"Evansville, IN",1,0,2,0,2,4,0,32
7,"Everett, WA",0,0,4,0,1,4,0,26
7,"Fairbanks, AK",3,0,6,0,0,6,0,45
7,"Fargo, ND",7,1,7,0,4,12,0,124
7,"Fayetteville, AR",15,7,24,0,11,41,1,217
7,"Fayetteville, NC",2,0,1,0,1,3,0,24
7,"Flagstaff, AZ",3,0,0,0,1,3,0,30
7,"Flint, MI",7,0,14,0,8,20,0,48
7,"Fort Dodge, IA",0,0,0,0,0,0,0,12
7,"Fort Lauderdale, FL",377,77,348,15,382,629,32,1956
7,"Fort Myers, FL",109,3,76,0,162,206,6,918
7,"Fort Smith, AR",1,0,4,0,2,4,0,21
7,"Fort Wayne, IN",6,2,13,0,3,18,0,75
7,"Fresno, CA",10,1,7,1,8,20,0,200
7,"Gainesville, FL",0,0,2,0,1,1,0,43
7,"Garden City, KS",0,1,2,0,0,2,0,14
7,"Gillette, WY",3,0,2,0,0,3,0,14
7,"Grand Forks, ND",3,0,1,0,0,3,0,26
7,"Grand Island, NE",0,0,0,0,0,0,0,18
7,"Grand Junction, CO",8,0,3,0,4,14,0,70
7,"Grand Rapids, MI",20,18,46,0,29,65,4,353
7,"Great Falls, MT",16,0,11,0,1,16,1,48
7,"Green Bay, WI",4,1,4,0,1,8,0,81
7,"Greensboro/High Point, NC",11,0,6,0,10,19,6,212
7,"Greer, SC",15,1,10,0,13,27,10,273
7,"Guam, TT",0,0,0,0,0,0,0,14
7,"Gulfport/Biloxi, MS",3,0,0,0,1,3,0,56
7,"Gunnison, CO",3,0,1,0,0,3,1,22
7,"Hagerstown, MD",2,0,2,0,1,2,0,4
7,"Hancock/Houghton, MI",1,0,1,0,1,2,0,14
7,"Harlingen/San Benito, TX",2,0,2,0,3,6,0,78
7,"Harrisburg, PA",3,3,13,0,4,16,3,86
7,"Hartford, CT",43,0,75,0,31,96,12,375
7,"Hattiesburg/Laurel, MS",0,0,1,0,2,2,0,12
7,"Hayden, CO",15,1,17,0,21,27,1,102
7,"Hays, KS",1,0,2,0,1,2,0,14
7,"Helena, MT",5,2,3,0,1,8,1,35
7,"Hibbing, MN",2,0,0,0,0,2,0,12
7,"Hilo, HI",12,4,1,0,18,18,1,133
7,"Hilton Head, SC",1,0,1,0,1,1,0,18
7,"Honolulu, HI",167,19,23,0,144,215,18,1156
7,"Houston, TX",233,2,208,0,163,384,15,3046
7,"Huntsville, AL",7,1,9,2,11,17,0,156
7,"Idaho Falls, ID",2,2,1,0,2,6,1,41
7,"Indianapolis, IN",73,26,114,0,74,162,17,825
7,"International Falls, MN",0,0,0,0,0,0,0,12
7,"Iron Mountain/Kingsfd, MI",1,1,1,0,0,2,0,14
7,"Islip, NY",15,5,26,0,14,36,5,112
7,"Ithaca/Cortland, NY",1,1,1,0,1,3,1,14
7,"Jackson, WY",22,10,30,1,23,48,0,125
7,"Jackson/Vicksburg, MS",8,0,4,0,6,11,0,118
7,"Jacksonville, FL",39,3,35,0,64,83,6,518
7,"Jacksonville/Camp Lejeune, NC",1,0,0,0,0,1,0,19
7,"Jamestown, ND",1,0,1,0,1,2,0,13
7,"Johnstown, PA",1,0,0,0,0,1,3,14
7,"Joplin, MO",3,0,0,0,0,3,0,12
7,"Juneau, AK",2,0,0,0,1,3,1,77
7,"Kahului, HI",62,11,12,0,85,101,5,502
7,"Kalamazoo, MI",1,1,1,0,0,2,0,16
7,"Kalispell, MT",3,1,10,0,1,10,0,53
7,"Kansas City, MO",54,6,53,1,59,105,6,842
7,"Ketchikan, AK",2,0,2,0,2,3,1,42
7,"Key West, FL",28,9,20,0,42,49,5,194
7,"Killeen, TX",2,0,2,0,1,3,0,28
7,"Knoxville, TN",14,3,13,0,16,29,1,246
7,"Kodiak, AK",0,0,0,0,0,0,0,14
7,"Kona, HI",41,11,17,0,57,69,11,311
7,"Kotzebue, AK",0,0,0,0,0,0,0,7
7,"Lafayette, LA",4,5,0,0,5,7,0,51
7,"Lake Charles, LA",4,0,1,0,1,5,0,21
7,"Lansing, MI",0,1,1,0,1,2,0,22
7,"Laramie, WY",0,0,0,0,0,0,1,12
7,"Laredo, TX",1,0,0,0,3,4,0,29
7,"Las Vegas, NV",325,8,217,1,239,475,6,3411
7,"Latrobe, PA",0,1,3,0,2,3,0,7
7,"Lawton/Fort Sill, OK",0,2,0,0,0,2,1,20
7,"Lewiston, ID",1,2,2,0,1,4,0,21
7,"Lexington, KY",10,3,15,0,9,23,1,144
7,"Liberal, KS",0,0,0,0,1,1,0,11
7,"Lihue, HI",35,10,4,0,53,61,6,293
7,"Lincoln, NE",1,0,0,0,0,1,0,13
7,"Little Rock, AR",11,4,7,0,11,21,2,203
7,"Long Beach, CA",18,0,14,0,19,34,0,335
7,"Longview, TX",1,0,1,0,1,2,0,14
7,"Los Angeles, CA",303,17,304,4,219,537,12,3389
7,"Louisville, KY",20,3,39,0,22,50,5,396
7,"Lubbock, TX",7,1,4,0,3,11,0,105
7,"Madison, WI",9,2,11,0,3,22,2,193
7,"Manchester, NH",4,0,11,0,6,14,1,80
7,"Manhattan/Ft. Riley, KS",1,0,2,0,0,2,0,17
7,"Marquette, MI",0,0,0,0,1,1,0,14
7,"Mason City, IA",0,0,0,0,0,0,0,12
7,"Medford, OR",1,0,10,0,2,11,0,81
7,"Melbourne, FL",4,0,2,0,3,5,0,53
7,"Memphis, TN",21,1,22,0,16,44,3,370
7,"Meridian, MS",0,1,0,0,1,2,0,12
7,"Miami, FL",309,83,251,3,365,559,15,2310
7,"Midland/Odessa, TX",5,0,5,0,6,12,1,151
7,"Milwaukee, WI",30,0,40,0,29,69,8,504
7,"Minneapolis, MN",166,28,175,0,43,304,6,2048
7,"Minot, ND",4,0,2,0,1,4,1,42
7,"Mission/McAllen/Edinburg, TX",3,0,6,0,5,9,0,66
7,"Missoula, MT",3,0,3,1,2,6,0,50
7,"Mobile, AL",7,2,2,0,2,7,0,53
7,"Moline, IL",5,0,5,0,2,9,0,78
7,"Monroe, LA",0,0,0,0,2,2,0,35
7,"Monterey, CA",4,0,2,0,3,7,0,72
7,"Montgomery, AL",5,2,1,0,2,7,1,43
7,"Montrose/Delta, CO",7,1,6,0,10,13,1,85
7,"Mosinee, WI",0,0,0,0,0,0,0,14
7,"Myrtle Beach, SC",7,0,12,0,10,23,4,208
7,"Nashville, TN",122,4,136,1,139,236,12,1669
7,"New Orleans, LA",101,6,66,1,106,174,4,990
7,"New York, NY",594,112,865,1,466,1211,321,5279
7,"Newark, NJ",271,40,374,3,192,508,110,2369
7,"Newburgh/Poughkeepsie, NY",1,0,1,0,2,2,0,8
7,"Niagara Falls, NY",1,2,3,0,2,3,0,10
7,"Nome, AK",0,0,0,0,0,0,0,7
7,"Norfolk, VA",16,2,37,1,30,51,8,339
7,"North Bend/Coos Bay, OR",0,0,2,0,0,2,0,3
7,"North Platte, NE",1,0,1,0,1,2,1,12
7,"Oakland, CA",56,6,44,0,52,107,2,762
7,"Oklahoma City, OK",21,4,30,0,16,52,3,374
7,"Omaha, NE",31,2,28,0,31,60,4,419
7,"Ontario, CA",28,4,25,0,33,57,1,416
7,"Orlando, FL",494,53,426,8,535,820,32,3275
7,"Pago Pago, TT",1,0,0,0,1,1,0,2
7,"Palm Springs, CA",20,3,48,1,24,66,2,344
7,"Panama City, FL",3,2,6,0,12,16,0,107
7,"Pasco/Kennewick/Richland, WA",7,0,4,0,0,8,0,82
7,"Pellston, MI",0,2,1,0,0,2,0,12
7,"Pensacola, FL",10,2,16,0,23,32,1,217
7,"Peoria, IL",9,1,9,0,4,14,0,68
7,"Petersburg, AK",0,0,1,0,1,1,1,14
7,"Philadelphia, PA",140,28,271,1,145,348,15,1551
7,"Phoenix, AZ",260,6,261,2,217,455,5,3676
7,"Pittsburgh, PA",61,4,114,0,50,134,18,751
7,"Plattsburgh, NY",1,2,7,0,3,7,0,15
7,"Pocatello, ID",0,0,0,0,0,0,0,14
7,"Ponce, PR",1,0,0,0,2,2,0,22
7,"Portland, ME",6,1,6,0,7,13,3,139
7,"Portland, OR",62,9,97,1,38,150,2,953
7,"Portsmouth, NH",0,0,2,0,0,2,0,7
7,"Prescott, AZ",3,0,2,0,0,3,0,14
7,"Providence, RI",15,2,46,0,21,53,10,222
7,"Provo, UT",0,0,0,0,0,0,0,36
7,"Punta Gorda, FL",23,1,19,0,25,35,0,144
7,"Raleigh/Durham, NC",68,1,78,0,84,139,15,993
7,"Rapid City, SD",9,1,12,0,0,15,1,67
7,"Redding, CA",2,1,2,0,0,3,0,21
7,"Reno, NV",18,0,21,1,13,38,1,346
7,"Rhinelander, WI",1,1,0,0,0,2,0,14
7,"Richmond, VA",28,1,34,1,24,54,7,300
7,"Riverton/Lander, WY",1,0,1,0,0,1,1,9
7,"Roanoke, VA",4,0,5,0,3,8,2,52
7,"Rochester, MN",0,0,0,0,0,0,0,21
7,"Rochester, NY",28,3,40,0,24,50,5,213
7,"Rock Springs, WY",1,0,0,0,0,1,0,9
7,"Rockford, IL",5,0,5,0,5,5,0,15
7,"Roswell, NM",3,0,1,0,0,3,0,14
7,"Sacramento, CA",43,2,34,1,55,89,3,885
7,"Saginaw/Bay City/Midland, MI",2,1,2,0,2,5,0,34
7,"Saipan, TT",0,0,0,0,0,0,0,7
7,"Salina, KS",2,0,0,0,0,2,0,14
7,"Salt Lake City, UT",149,10,110,2,85,237,4,2040
7,"San Angelo, TX",0,0,0,1,1,2,0,21
7,"San Antonio, TX",38,1,39,0,38,73,3,721
7,"San Diego, CA",92,8,136,2,115,230,3,1572
7,"San Francisco, CA",280,10,277,0,289,563,7,2316
7,"San Jose, CA",47,0,41,0,41,87,2,846
7,"San Juan, PR",91,3,97,2,105,166,10,631
7,"San Luis Obispo, CA",3,2,9,0,1,11,1,78
7,"Sanford, FL",40,7,32,0,38,62,0,187
7,"Santa Ana, CA",37,3,69,1,59,111,1,819
7,"Santa Barbara, CA",9,2,19,0,13,28,2,124
7,"Santa Fe, NM",1,0,0,0,1,2,0,28
7,"Santa Maria, CA",0,0,0,0,0,0,0,2
7,"Santa Rosa, CA",1,0,10,0,14,20,0,55
7,"Sarasota/Bradenton, FL",36,5,36,0,65,87,3,372
7,"Sault Ste. Marie, MI",2,0,0,0,0,2,0,14
7,"Savannah, GA",19,7,10,0,20,32,4,316
7,"Scottsbluff, NE",1,1,2,0,2,4,0,12
7,"Scranton/Wilkes-Barre, PA",1,0,3,0,2,5,1,28
7,"Seattle, WA",170,10,230,0,125,370,4,2659
7,"Sheridan, WY",1,1,2,0,1,3,0,14
7,"Shreveport, LA",7,2,5,1,5,11,0,66
7,"Sioux City, IA",1,0,3,0,2,3,0,14
7,"Sioux Falls, SD",8,6,15,0,9,22,1,141
7,"Sitka, AK",0,0,0,0,1,1,0,21
7,"South Bend, IN",8,0,6,1,5,14,0,113
7,"Spokane, WA",21,6,35,0,16,45,0,282
7,"Springfield, IL",0,0,1,0,0,1,0,2
7,"Springfield, MO",10,2,11,0,7,18,0,127
7,"St. Cloud, MN",0,0,1,0,1,1,0,5
7,"St. George, UT",4,0,1,1,1,5,0,47
7,"St. Louis, MO",131,19,158,1,137,239,12,1099
7,"St. Petersburg, FL",13,6,25,0,23,36,0,150
7,"State College, PA",2,1,1,0,0,3,0,8
7,"Stillwater, OK",2,0,0,0,0,2,0,14
7,"Stockton, CA",0,0,0,0,0,0,0,9
7,"Sun Valley/Hailey/Ketchum, ID",3,0,3,0,1,6,1,54
7,"Syracuse, NY",32,3,52,2,29,67,4,262
7,"Tallahassee, FL",10,0,7,0,8,15,0,111
7,"Tampa, FL",162,3,119,0,197,282,18,1583
7,"Texarkana, AR",3,0,2,0,1,3,0,14
7,"Toledo, OH",2,0,3,0,3,4,0,10
7,"Traverse City, MI",1,3,10,0,2,10,0,51
7,"Trenton, NJ",10,2,21,0,12,24,1,57
7,"Tucson, AZ",17,2,23,1,16,40,0,352
7,"Tulsa, OK",12,0,12,0,13,26,1,272
7,"Twin Falls, ID",2,0,1,0,0,1,0,14
7,"Tyler, TX",1,0,0,0,2,3,0,21
7,"Valdosta, GA",0,1,1,0,1,2,0,14
7,"Valparaiso, FL",11,0,9,0,8,19,0,145
7,"Victoria, TX",1,0,0,0,0,1,0,12
7,"Waco, TX",2,0,4,0,0,2,0,21
7,"Walla Walla, WA",0,0,6,0,2,5,0,14
7,"Washington, DC",270,31,395,2,279,608,39,3620
7,"West Palm Beach/Palm Beach, FL",96,1,50,0,130,160,16,678
7,"White Plains, NY",56,10,57,0,27,87,11,244
7,"Wichita Falls, TX",2,0,0,0,0,2,0,14
7,"Wichita, KS",10,0,5,0,4,16,0,163
7,"Williston, ND",3,0,0,0,0,3,1,34
7,"Wilmington, NC",4,0,5,0,7,11,2,112
7,"Worcester, MA",3,0,8,0,7,9,2,27
7,"Wrangell, AK",0,0,0,0,0,0,0,14
7,"Yakutat, AK",0,0,2,0,1,2,0,14
7,"Yuma, AZ",0,0,0,0,1,1,0,30
8,"Aberdeen, SD",0,0,0,0,0,0,0,14
8,"Abilene, TX",0,0,0,0,0,0,0,34
8,"Adak Island, AK",0,0,0,0,0,0,1,2
8,"Aguadilla, PR",2,0,9,0,11,12,0,53
8,"Akron, OH",2,0,5,0,3,8,0,60
8,"Albany, GA",1,1,0,0,0,2,0,14
8,"Albany, NY",9,0,6,1,8,17,0,234
8,"Albuquerque, NM",26,3,17,0,20,42,0,405
8,"Alexandria, LA",4,0,2,0,1,5,0,35
8,"Allentown/Bethlehem/Easton, PA",5,0,2,0,5,8,0,87
8,"Alpena, MI",1,0,0,0,0,1,0,12
8,"Amarillo, TX",4,0,3,0,4,7,0,102
8,"Anchorage, AK",13,7,26,0,10,40,3,267
8,"Appleton, WI",7,0,3,0,1,9,0,108
8,"Arcata/Eureka, CA",3,1,7,0,4,10,0,33
8,"Asheville, NC",8,1,16,0,4,19,0,187
8,"Ashland, WV",3,0,2,0,2,3,0,4
8,"Aspen, CO",18,15,34,0,29,71,2,225
8,"Atlanta, GA",501,5,390,3,198,688,0,6238
8,"Atlantic City, NJ",1,0,9,1,4,10,0,77
8,"Augusta, GA",6,3,2,0,2,9,0,57
8,"Austin, TX",112,1,131,0,89,195,5,1433
8,"Bakersfield, CA",0,1,3,0,1,4,1,47
8,"Baltimore, MD",126,5,65,0,98,187,2,1669
8,"Bangor, ME",0,0,3,0,1,4,0,57
8,"Barrow, AK",0,0,0,0,0,0,0,7
8,"Baton Rouge, LA",4,0,4,0,2,6,0,90
8,"Beaumont/Port Arthur, TX",0,0,1,0,0,0,0,14
8,"Belleville, IL",3,0,2,0,5,5,0,15
8,"Bellingham, WA",2,0,3,0,1,4,0,52
8,"Bemidji, MN",0,0,0,0,0,0,0,14
8,"Bend/Redmond, OR",14,6,21,0,4,32,1,119
8,"Bethel, AK",2,3,9,3,2,9,1,14
8,"Billings, MT",0,0,1,0,1,2,0,61
8,"Binghamton, NY",0,0,0,0,0,0,0,7
8,"Birmingham, AL",14,0,15,0,11,29,0,304
8,"Bishop, CA",0,0,3,0,1,3,1,12
8,"Bismarck/Mandan, ND",2,0,3,0,0,4,0,65
8,"Bloomington/Normal, IL",0,0,0,0,2,2,0,32
8,"Boise, ID",19,3,13,0,12,35,0,359
8,"Boston, MA",190,4,120,5,105,274,6,2576
8,"Bozeman, MT",8,1,15,0,9,21,0,195
8,"Brainerd, MN",0,0,0,0,0,0,0,12
8,"Bristol/Johnson City/Kingsport, TN",3,1,1,0,2,5,0,38
8,"Brownsville, TX",1,0,0,0,0,1,0,27
8,"Brunswick, GA",0,0,0,0,0,0,0,14
8,"Buffalo, NY",16,0,10,0,15,27,1,394
8,"Burbank, CA",28,1,34,1,40,67,1,492
8,"Burlington, VT",2,0,3,0,1,5,0,107
8,"Butte, MT",1,0,1,0,0,1,0,13
8,"Casper, WY",0,0,0,0,0,0,0,7
8,"Cedar City, UT",0,0,0,0,0,0,0,12
8,"Cedar Rapids/Iowa City, IA",9,0,5,0,8,13,0,143
8,"Champaign/Urbana, IL",0,0,0,0,1,1,0,28
8,"Charleston, SC",36,0,30,0,24,57,0,430
8,"Charleston/Dunbar, WV",8,0,3,0,2,8,0,62
8,"Charlotte Amalie, VI",7,1,29,0,23,38,0,128
8,"Charlotte, NC",434,0,319,20,335,603,1,3853
8,"Charlottesville, VA",3,0,7,0,1,8,0,57
8,"Chattanooga, TN",15,0,11,0,3,18,0,129
8,"Cheyenne, WY",1,0,0,0,0,1,0,13
8,"Chicago, IL",434,66,416,2,313,757,1,6111
8,"Christiansted, VI",3,0,7,0,4,9,0,33
8,"Cincinnati, OH",34,0,29,0,27,59,1,756
8,"Clarksburg/Fairmont, WV",1,0,0,0,1,1,0,4
8,"Cleveland, OH",26,2,20,0,34,59,2,738
8,"College Station/Bryan, TX",1,0,1,0,0,2,0,21
8,"Colorado Springs, CO",3,0,7,0,9,14,0,206
8,"Columbia, MO",2,0,2,0,1,3,0,34
8,"Columbia, SC",12,2,3,0,7,15,0,119
8,"Columbus, GA",3,0,1,0,0,3,0,20
8,"Columbus, MS",0,0,0,0,0,0,0,14
8,"Columbus, OH",47,14,78,0,37,110,1,764
8,"Concord, NC",1,0,0,0,2,2,1,14
8,"Cordova, AK",0,0,0,0,3,2,0,14
8,"Corpus Christi, TX",0,0,2,0,0,1,0,80
8,"Dallas, TX",118,0,78,1,98,154,0,1336
8,"Dallas/Fort Worth, TX",530,6,361,2,305,693,0,5614
8,"Dayton, OH",13,0,8,0,7,18,0,138
8,"Daytona Beach, FL",3,1,2,0,4,7,0,63
8,"Deadhorse, AK",0,0,2,0,2,1,1,11
8,"Decatur, IL",0,0,0,0,0,0,0,19
8,"Denver, CO",534,9,479,0,354,815,5,5312
8,"Des Moines, IA",16,0,5,0,10,26,2,288
8,"Detroit, MI",144,4,75,0,48,187,0,2320
8,"Devils Lake, ND",0,0,1,0,1,1,1,13
8,"Dickinson, ND",0,0,0,0,1,1,0,13
8,"Dodge City, KS",1,0,1,0,1,2,0,12
8,"Dothan, AL",2,0,0,0,2,2,0,14
8,"Duluth, MN",1,0,0,0,0,1,0,34
8,"Durango, CO",4,0,1,0,1,4,0,63
8,"Eagle, CO",9,0,10,0,10,20,0,147
8,"El Paso, TX",17,1,11,0,22,32,0,279
8,"Elko, NV",0,0,0,0,0,0,0,7
8,"Elmira/Corning, NY",2,1,0,0,1,4,0,25
8,"Escanaba, MI",1,0,0,0,0,1,0,12
8,"Eugene, OR",4,2,7,0,4,13,0,131
8,"Evansville, IN",2,0,3,0,2,5,0,36
8,"Everett, WA",2,0,5,0,1,4,0,32
8,"Fairbanks, AK",0,0,2,0,1,2,0,48
8,"Fargo, ND",4,0,1,0,2,5,0,128
8,"Fayetteville, AR",10,2,13,0,8,23,0,231
8,"Fayetteville, NC",1,0,0,0,0,1,0,21
8,"Flagstaff, AZ",1,0,0,0,1,2,0,35
8,"Flint, MI",2,0,3,0,2,5,0,53
8,"Fort Dodge, IA",0,0,0,0,0,0,0,12
8,"Fort Lauderdale, FL",396,3,493,38,267,608,6,2018
8,"Fort Myers, FL",104,1,200,0,101,236,1,969
8,"Fort Smith, AR",0,0,3,0,2,4,0,21
8,"Fort Wayne, IN",7,1,4,0,2,9,0,81
8,"Fresno, CA",12,0,10,0,9,22,0,209
8,"Gainesville, FL",3,0,1,0,1,4,0,48
8,"Garden City, KS",1,0,2,0,1,3,0,14
8,"Gillette, WY",1,0,0,0,0,1,0,14
8,"Grand Forks, ND",0,0,0,0,0,0,0,26
8,"Grand Island, NE",0,0,0,0,0,0,0,18
8,"Grand Junction, CO",5,0,3,0,2,7,0,75
8,"Grand Rapids, MI",13,0,3,0,12,21,0,372
8,"Great Falls, MT",1,1,1,0,0,2,0,52
8,"Green Bay, WI",2,1,2,0,0,3,0,93
8,"Greensboro/High Point, NC",6,0,8,0,7,15,0,223
8,"Greer, SC",14,0,12,1,7,21,0,288
8,"Guam, TT",0,0,0,0,0,0,0,14
8,"Gulfport/Biloxi, MS",3,3,2,0,1,9,0,62
8,"Gunnison, CO",0,0,0,0,0,0,0,22
8,"Hagerstown, MD",0,0,1,0,2,2,0,4
8,"Hancock/Houghton, MI",1,0,0,0,0,1,0,14
8,"Harlingen/San Benito, TX",1,0,4,0,1,4,0,81
8,"Harrisburg, PA",9,0,1,0,7,12,0,92
8,"Hartford, CT",32,0,18,0,29,44,1,410
8,"Hattiesburg/Laurel, MS",1,0,0,0,2,3,0,12
8,"Hayden, CO",7,0,10,1,9,20,0,105
8,"Hays, KS",0,0,0,0,0,0,0,14
8,"Helena, MT",3,0,0,0,1,4,0,35
8,"Hibbing, MN",0,0,0,0,0,0,0,12
8,"Hilo, HI",9,0,0,0,9,10,0,133
8,"Hilton Head, SC",0,0,3,0,4,4,0,21
8,"Honolulu, HI",119,1,39,1,66,156,4,1165
8,"Houston, TX",241,1,196,1,119,351,1,3087
8,"Huntsville, AL",7,0,7,0,9,14,0,169
8,"Idaho Falls, ID",2,0,2,0,0,3,0,46
8,"Indianapolis, IN",54,4,55,1,34,92,0,856
8,"International Falls, MN",0,1,0,0,0,1,0,12
8,"Iron Mountain/Kingsfd, MI",0,0,0,0,0,0,0,14
8,"Islip, NY",3,0,5,0,12,16,0,115
8,"Ithaca/Cortland, NY",0,0,0,0,1,1,0,14
8,"Jackson, WY",18,1,18,0,11,26,0,128
8,"Jackson/Vicksburg, MS",5,0,1,0,4,7,0,125
8,"Jacksonville, FL",47,2,34,0,35,68,0,555
8,"Jacksonville/Camp Lejeune, NC",1,0,0,0,0,0,0,21
8,"Jamestown, ND",0,0,0,0,0,0,2,13
8,"Johnstown, PA",0,0,0,0,0,0,0,14
8,"Joplin, MO",0,0,0,0,0,0,0,12
8,"Juneau, AK",3,0,2,0,8,11,4,77
8,"Kahului, HI",35,0,12,0,32,48,5,503
8,"Kalamazoo, MI",0,0,0,0,0,0,0,20
8,"Kalispell, MT",1,0,5,0,3,7,0,54
8,"Kansas City, MO",50,0,60,0,41,93,1,838
8,"Ketchikan, AK",0,0,0,0,1,1,1,42
8,"Key West, FL",41,1,41,0,23,57,0,196
8,"Killeen, TX",1,0,0,0,0,1,0,28
8,"Knoxville, TN",17,0,15,0,15,33,0,258
8,"Kodiak, AK",0,0,1,0,1,2,0,14
8,"Kona, HI",20,0,12,0,18,32,2,313
8,"Kotzebue, AK",0,0,0,0,2,2,0,7
8,"Lafayette, LA",2,0,2,0,2,5,0,54
8,"Lake Charles, LA",3,0,0,0,0,2,0,21
8,"Lansing, MI",2,0,1,0,2,3,0,26
8,"Laramie, WY",1,0,1,0,1,2,0,12
8,"Laredo, TX",0,0,0,0,1,1,0,29
8,"Las Vegas, NV",241,5,184,0,250,408,5,3401
8,"Latrobe, PA",0,0,0,0,1,1,0,7
8,"Lawton/Fort Sill, OK",0,0,0,0,0,0,0,21
8,"Lewiston, ID",2,0,1,0,1,3,0,21
8,"Lexington, KY",6,1,6,0,4,10,0,163
8,"Liberal, KS",0,0,1,0,3,3,0,12
8,"Lihue, HI",17,1,7,1,18,29,2,295
8,"Lincoln, NE",1,0,0,0,0,1,0,19
8,"Little Rock, AR",5,6,10,0,9,21,0,211
8,"Long Beach, CA",28,0,15,0,32,47,0,335
8,"Longview, TX",4,0,2,0,0,4,0,14
8,"Los Angeles, CA",295,34,226,2,268,510,2,3475
8,"Louisville, KY",27,2,27,0,21,54,0,425
8,"Lubbock, TX",5,0,5,0,2,8,0,109
8,"Madison, WI",12,1,9,0,5,17,0,211
8,"Manchester, NH",5,0,4,0,5,9,0,81
8,"Manhattan/Ft. Riley, KS",1,0,0,0,0,1,0,14
8,"Marquette, MI",2,0,0,0,1,2,0,14
8,"Mason City, IA",0,0,0,0,0,0,0,12
8,"Medford, OR",8,0,11,0,1,17,0,87
8,"Melbourne, FL",1,0,3,0,4,5,0,56
8,"Memphis, TN",19,2,21,0,15,36,0,387
8,"Meridian, MS",1,0,0,0,2,3,0,12
8,"Miami, FL",401,3,565,9,279,684,1,2335
8,"Midland/Odessa, TX",5,0,7,1,3,10,0,155
8,"Milwaukee, WI",31,2,36,4,24,67,0,542
8,"Minneapolis, MN",88,3,74,1,31,152,0,2216
8,"Minot, ND",0,0,1,0,0,1,0,42
8,"Mission/McAllen/Edinburg, TX",4,0,6,0,2,7,1,65
8,"Missoula, MT",5,2,3,0,2,7,0,52
8,"Mobile, AL",1,0,0,0,0,1,0,47
8,"Moline, IL",3,0,2,0,2,5,0,78
8,"Monroe, LA",3,1,1,0,5,8,0,35
8,"Monterey, CA",5,0,4,0,5,10,0,74
8,"Montgomery, AL",1,0,2,0,1,3,0,47
8,"Montrose/Delta, CO",2,0,5,2,9,13,0,88
8,"Mosinee, WI",0,0,0,0,0,0,0,14
8,"Myrtle Beach, SC",6,0,10,0,19,24,1,223
8,"Nashville, TN",85,5,96,2,93,164,1,1709
8,"New Orleans, LA",61,0,82,0,65,115,1,1007
8,"New York, NY",352,1,191,2,203,474,8,5360
8,"Newark, NJ",146,2,90,0,99,198,1,2425
8,"Newburgh/Poughkeepsie, NY",1,0,0,0,0,1,0,8
8,"Niagara Falls, NY",0,0,2,0,3,2,0,14
8,"Nome, AK",1,0,2,0,2,3,1,7
8,"Norfolk, VA",15,0,26,1,11,35,0,348
8,"North Bend/Coos Bay, OR",0,0,2,0,0,2,0,4
8,"North Platte, NE",0,0,0,0,1,1,0,12
8,"Oakland, CA",62,1,40,0,71,101,5,765
8,"Oklahoma City, OK",17,0,16,0,12,30,1,389
8,"Omaha, NE",14,1,13,0,17,29,0,437
8,"Ontario, CA",23,1,17,0,23,45,0,424
8,"Orlando, FL",495,2,617,16,340,811,2,3379
8,"Pago Pago, TT",1,0,0,0,1,1,0,2
8,"Palm Springs, CA",34,2,34,5,34,71,1,368
8,"Panama City, FL",5,0,6,0,2,8,0,121
8,"Pasco/Kennewick/Richland, WA",8,1,5,0,2,13,0,94
8,"Pellston, MI",1,0,0,0,0,1,0,12
8,"Pensacola, FL",13,0,8,0,16,23,0,238
8,"Peoria, IL",0,0,1,0,1,1,0,69
8,"Petersburg, AK",0,0,0,0,1,1,0,14
8,"Philadelphia, PA",115,1,84,1,110,196,1,1618
8,"Phoenix, AZ",274,4,186,4,214,418,2,3851
8,"Pittsburgh, PA",29,0,36,0,33,61,0,770
8,"Plattsburgh, NY",4,0,3,0,3,7,0,19
8,"Pocatello, ID",1,0,0,0,0,1,0,14
8,"Ponce, PR",1,0,6,0,6,7,1,24
8,"Portland, ME",5,0,0,0,5,7,0,141
8,"Portland, OR",42,5,78,0,37,112,2,993
8,"Portsmouth, NH",0,0,0,0,0,0,0,13
8,"Prescott, AZ",3,0,0,0,0,3,0,14
8,"Providence, RI",11,0,7,0,13,17,0,236
8,"Provo, UT",2,0,1,0,1,3,0,38
8,"Punta Gorda, FL",21,1,31,1,10,33,0,170
8,"Raleigh/Durham, NC",79,0,84,0,73,138,1,1051
8,"Rapid City, SD",2,1,0,0,0,3,0,71
8,"Redding, CA",4,0,0,0,0,4,0,21
8,"Reno, NV",18,1,27,0,30,50,1,355
8,"Rhinelander, WI",0,0,0,0,0,0,0,14
8,"Richmond, VA",31,0,35,1,21,55,1,323
8,"Riverton/Lander, WY",1,0,0,0,0,1,0,9
8,"Roanoke, VA",5,0,2,0,5,5,0,50
8,"Rochester, MN",0,0,1,0,1,1,0,32
8,"Rochester, NY",17,0,6,0,10,23,1,218
8,"Rock Springs, WY",0,0,0,0,0,0,0,9
8,"Rockford, IL",1,0,1,0,1,1,0,17
8,"Roswell, NM",1,0,1,0,0,1,0,14
8,"Sacramento, CA",57,3,44,0,60,98,1,898
8,"Saginaw/Bay City/Midland, MI",0,0,1,0,1,1,0,40
8,"Saipan, TT",0,0,0,0,0,0,0,7
8,"Salina, KS",0,0,0,0,0,0,0,14
8,"Salt Lake City, UT",134,3,137,0,72,222,0,2151
8,"San Angelo, TX",0,0,0,0,0,0,0,21
8,"San Antonio, TX",43,1,44,0,42,78,0,740
8,"San Diego, CA",110,10,106,0,146,227,3,1611
8,"San Francisco, CA",275,20,214,0,329,536,10,2417
8,"San Jose, CA",48,7,34,0,55,101,1,869
8,"San Juan, PR",113,4,120,6,99,184,2,642
8,"San Luis Obispo, CA",2,2,8,0,3,14,0,82
8,"Sanford, FL",21,4,40,0,23,47,0,209
8,"Santa Ana, CA",46,2,54,0,56,99,1,830
8,"Santa Barbara, CA",5,0,12,0,5,15,19,125
8,"Santa Fe, NM",2,0,0,0,0,2,0,28
8,"Santa Maria, CA",0,0,0,0,0,0,0,2
8,"Santa Rosa, CA",1,0,5,0,3,3,0,57
8,"Sarasota/Bradenton, FL",22,0,33,1,25,46,1,386
8,"Sault Ste. Marie, MI",2,0,0,0,0,2,0,14
8,"Savannah, GA",16,0,12,0,15,26,0,332
8,"Scottsbluff, NE",0,0,0,0,0,0,0,12
8,"Scranton/Wilkes-Barre, PA",0,0,0,0,3,3,0,28
8,"Seattle, WA",181,21,224,0,139,381,4,2786
8,"Sheridan, WY",0,0,0,0,0,0,0,14
8,"Shreveport, LA",5,1,4,0,5,9,0,69
8,"Sioux City, IA",0,0,0,0,0,0,0,14
8,"Sioux Falls, SD",5,1,4,0,6,10,0,147
8,"Sitka, AK",2,1,1,0,0,3,0,21
8,"South Bend, IN",11,1,7,0,3,14,0,120
8,"Spokane, WA",16,6,11,0,13,30,0,286
8,"Springfield, IL",1,0,0,0,1,1,0,3
8,"Springfield, MO",6,1,5,0,1,10,0,132
8,"St. Cloud, MN",0,0,0,0,0,0,0,6
8,"St. George, UT",4,0,1,0,0,4,0,47
8,"St. Louis, MO",85,0,68,1,71,134,0,1126
8,"St. Petersburg, FL",11,2,17,1,10,24,0,169
8,"State College, PA",0,0,0,0,0,0,0,14
8,"Stillwater, OK",0,0,0,0,0,0,0,14
8,"Stockton, CA",0,0,0,0,0,0,0,10
8,"Sun Valley/Hailey/Ketchum, ID",5,0,6,0,4,11,0,54
8,"Syracuse, NY",16,0,4,0,17,29,1,282
8,"Tallahassee, FL",12,1,10,0,9,15,0,120
8,"Tampa, FL",126,0,211,0,120,261,2,1663
8,"Texarkana, AR",0,0,2,0,0,2,0,14
8,"Toledo, OH",2,0,1,0,2,2,0,12
8,"Traverse City, MI",0,2,3,0,0,5,0,62
8,"Trenton, NJ",3,0,3,0,7,11,0,60
8,"Tucson, AZ",24,13,23,0,15,47,0,367
8,"Tulsa, OK",10,1,9,0,8,18,0,277
8,"Twin Falls, ID",2,0,2,0,0,3,0,14
8,"Tyler, TX",2,0,1,0,1,3,0,21
8,"Valdosta, GA",2,0,1,0,2,2,0,14
8,"Valparaiso, FL",6,0,7,0,3,11,1,161
8,"Victoria, TX",0,0,1,0,0,1,0,12
8,"Waco, TX",2,0,3,0,1,3,0,21
8,"Walla Walla, WA",0,0,0,0,0,0,1,14
8,"Washington, DC",182,4,137,3,170,324,4,3692
8,"West Palm Beach/Palm Beach, FL",97,1,93,0,77,134,2,714
8,"White Plains, NY",16,0,5,0,13,21,0,240
8,"Wichita Falls, TX",1,0,0,0,0,1,0,14
8,"Wichita, KS",4,0,3,0,5,8,0,172
8,"Williston, ND",2,0,0,0,1,3,0,34
8,"Wilmington, NC",7,0,7,0,4,12,0,112
8,"Worcester, MA",7,0,2,0,8,8,0,34
8,"Wrangell, AK",0,0,0,0,0,0,0,14
8,"Yakutat, AK",1,0,2,0,2,3,1,14
8,"Yuma, AZ",4,0,1,0,0,2,0,35
9,"Aberdeen, SD",0,0,0,0,0,0,0,14
9,"Abilene, TX",1,0,2,0,1,3,0,34
9,"Adak Island, AK",0,0,0,0,0,0,0,2
9,"Aguadilla, PR",7,1,8,0,10,13,1,53
9,"Akron, OH",3,0,1,0,4,5,0,60
9,"Albany, GA",0,2,0,0,0,2,0,14
9,"Albany, NY",15,2,13,0,19,29,0,224
9,"Albuquerque, NM",26,1,48,0,35,67,1,405
9,"Alexandria, LA",2,1,1,0,0,4,0,35
9,"Allentown/Bethlehem/Easton, PA",1,0,3,0,2,4,0,86
9,"Alpena, MI",0,2,1,0,0,2,0,13
9,"Amarillo, TX",9,1,9,0,4,14,0,103
9,"Anchorage, AK",18,2,15,0,21,34,1,267
9,"Appleton, WI",8,2,10,0,2,17,0,108
9,"Arcata/Eureka, CA",2,1,11,1,2,14,3,33
9,"Asheville, NC",8,2,15,0,15,23,1,186
9,"Ashland, WV",1,1,1,0,0,1,0,4
9,"Aspen, CO",20,23,35,0,13,60,66,226
9,"Atlanta, GA",589,33,589,4,314,989,11,6225
9,"Atlantic City, NJ",9,0,17,0,4,22,1,77
9,"Augusta, GA",10,3,2,0,4,14,0,57
9,"Austin, TX",114,7,140,0,122,241,4,1434
9,"Bakersfield, CA",2,0,1,0,2,4,0,47
9,"Baltimore, MD",147,3,118,0,154,249,1,1667
9,"Bangor, ME",2,0,9,0,3,10,0,57
9,"Barrow, AK",0,0,0,1,1,1,0,7
9,"Baton Rouge, LA",9,1,5,0,5,11,0,90
9,"Beaumont/Port Arthur, TX",1,1,1,0,1,2,0,14
9,"Belleville, IL",0,0,2,0,2,3,0,15
9,"Bellingham, WA",2,0,4,0,2,5,0,51
9,"Bemidji, MN",0,0,0,0,0,0,0,14
9,"Bend/Redmond, OR",14,5,27,0,7,39,2,118
9,"Bethel, AK",0,0,2,4,1,4,0,14
9,"Billings, MT",5,2,6,0,2,11,0,63
9,"Binghamton, NY",1,0,0,0,1,1,0,7
9,"Birmingham, AL",17,6,25,1,29,45,2,305
9,"Bishop, CA",0,0,2,0,2,4,6,12
9,"Bismarck/Mandan, ND",7,3,11,0,2,17,0,65
9,"Bloomington/Normal, IL",2,0,2,0,2,5,0,32
9,"Boise, ID",29,13,48,1,41,88,1,362
9,"Boston, MA",286,6,230,3,215,454,15,2552
9,"Bozeman, MT",22,20,46,0,27,67,5,194
9,"Brainerd, MN",0,0,0,0,0,0,0,12
9,"Bristol/Johnson City/Kingsport, TN",3,1,1,0,3,3,0,38
9,"Brownsville, TX",0,0,1,0,2,3,0,28
9,"Brunswick, GA",3,2,3,0,0,5,0,14
9,"Buffalo, NY",30,6,41,0,39,73,1,393
9,"Burbank, CA",23,7,57,0,50,97,14,493
9,"Burlington, VT",4,1,7,0,7,13,1,107
9,"Butte, MT",2,2,2,0,0,4,0,13
9,"Casper, WY",0,0,0,0,0,0,0,7
9,"Cedar City, UT",1,0,0,0,0,1,3,12
9,"Cedar Rapids/Iowa City, IA",8,0,8,0,11,18,0,145
9,"Champaign/Urbana, IL",2,0,1,0,1,2,0,28
9,"Charleston, SC",29,5,38,0,44,73,1,431
9,"Charleston/Dunbar, WV",6,2,3,0,4,7,0,62
9,"Charlotte Amalie, VI",10,8,26,0,19,35,0,128
9,"Charlotte, NC",513,34,448,18,447,826,6,3853
9,"Charlottesville, VA",6,0,5,0,6,10,2,57
9,"Chattanooga, TN",18,0,8,0,14,22,1,130
9,"Cheyenne, WY",0,2,1,0,0,2,0,13
9,"Chicago, IL",461,116,530,4,380,969,29,6107
9,"Christiansted, VI",2,0,9,0,3,9,0,33
9,"Cincinnati, OH",39,8,71,0,51,119,4,760
9,"Clarksburg/Fairmont, WV",2,0,0,0,1,2,0,4
9,"Cleveland, OH",54,1,55,1,61,117,4,737
9,"College Station/Bryan, TX",0,0,1,0,1,1,0,21
9,"Colorado Springs, CO",12,4,26,0,18,42,0,206
9,"Columbia, MO",1,0,2,0,1,4,0,34
9,"Columbia, SC",8,2,9,0,11,15,1,119
9,"Columbus, GA",5,0,1,0,0,5,0,20
9,"Columbus, MS",1,0,0,0,1,1,0,14
9,"Columbus, OH",48,22,67,2,54,130,2,765
9,"Concord, NC",2,1,2,0,5,5,0,14
9,"Cordova, AK",0,0,0,0,3,3,1,14
9,"Corpus Christi, TX",3,2,5,0,3,11,0,81
9,"Dallas, TX",116,0,114,1,135,217,0,1336
9,"Dallas/Fort Worth, TX",771,20,529,3,717,1174,15,5680
9,"Dayton, OH",8,1,8,0,7,15,0,139
9,"Daytona Beach, FL",0,0,2,0,5,6,0,58
9,"Deadhorse, AK",0,0,0,0,0,0,0,11
9,"Decatur, IL",3,0,2,0,1,4,0,19
9,"Denver, CO",914,76,821,2,819,1527,43,5320
9,"Des Moines, IA",23,2,18,0,22,40,0,290
9,"Detroit, MI",162,15,147,1,78,295,5,2311
9,"Devils Lake, ND",0,1,1,0,1,3,0,13
9,"Dickinson, ND",0,1,2,0,0,3,1,13
9,"Dodge City, KS",0,0,0,0,0,0,0,12
9,"Dothan, AL",1,0,1,0,0,1,0,14
9,"Duluth, MN",0,1,1,0,1,2,1,34
9,"Durango, CO",3,1,2,0,1,6,1,63
9,"Eagle, CO",21,2,18,0,20,35,1,146
9,"El Paso, TX",13,1,15,0,20,31,1,281
9,"Elko, NV",1,1,1,0,0,2,0,7
9,"Elmira/Corning, NY",2,0,0,0,0,2,0,21
9,"Escanaba, MI",0,0,0,0,0,0,0,12
9,"Eugene, OR",16,8,28,0,9,39,0,131
9,"Evansville, IN",1,0,8,0,5,12,0,36
9,"Everett, WA",4,1,10,0,2,11,1,32
9,"Fairbanks, AK",3,0,4,0,2,6,0,49
9,"Fargo, ND",8,8,8,0,7,23,7,128
9,"Fayetteville, AR",22,3,19,0,16,40,1,232
9,"Fayetteville, NC",1,1,2,0,0,3,0,21
9,"Flagstaff, AZ",1,0,0,0,1,2,1,35
9,"Flint, MI",3,0,6,0,4,7,1,53
9,"Fort Dodge, IA",0,1,0,0,0,1,0,12
9,"Fort Lauderdale, FL",356,78,405,17,314,614,21,2008
9,"Fort Myers, FL",136,2,178,0,148,250,4,959
9,"Fort Smith, AR",0,1,2,0,1,2,0,21
9,"Fort Wayne, IN",4,2,3,0,4,9,0,81
9,"Fresno, CA",16,2,17,1,15,34,4,209
9,"Gainesville, FL",2,0,0,0,3,4,0,48
9,"Garden City, KS",2,2,3,0,0,3,0,14
9,"Gillette, WY",0,0,1,0,1,2,0,14
9,"Grand Forks, ND",2,1,2,0,1,4,2,26
9,"Grand Island, NE",1,0,1,0,0,1,0,18
9,"Grand Junction, CO",3,3,6,0,6,14,1,75
9,"Grand Rapids, MI",22,3,29,0,34,61,1,365
9,"Great Falls, MT",5,5,4,0,2,10,0,52
9,"Green Bay, WI",5,1,3,0,4,10,1,93
9,"Greensboro/High Point, NC",11,2,19,0,14,28,0,225
9,"Greer, SC",21,3,27,0,22,38,1,288
9,"Guam, TT",1,0,1,0,0,1,0,14
9,"Gulfport/Biloxi, MS",5,0,0,0,1,6,0,63
9,"Gunnison, CO",4,1,3,0,3,7,0,22
9,"Hagerstown, MD",2,0,1,0,1,3,0,4
9,"Hancock/Houghton, MI",3,0,1,0,0,3,0,14
9,"Harlingen/San Benito, TX",3,0,6,0,3,6,0,82
9,"Harrisburg, PA",3,1,3,0,4,7,0,91
9,"Hartford, CT",42,1,38,1,49,76,0,404
9,"Hattiesburg/Laurel, MS",1,0,2,0,2,3,0,12
9,"Hayden, CO",5,7,16,0,17,25,2,104
9,"Hays, KS",0,0,1,0,0,1,1,14
9,"Helena, MT",5,0,8,0,3,12,0,35
9,"Hibbing, MN",2,0,0,0,0,2,0,12
9,"Hilo, HI",3,0,0,0,4,4,0,133
9,"Hilton Head, SC",1,0,1,1,4,5,0,21
9,"Honolulu, HI",96,1,22,1,59,116,4,1164
9,"Houston, TX",285,8,282,0,219,501,8,3099
9,"Huntsville, AL",7,2,11,0,12,20,1,170
9,"Idaho Falls, ID",8,3,10,0,4,14,0,48
9,"Indianapolis, IN",42,11,85,1,62,136,1,856
9,"International Falls, MN",0,1,1,0,0,1,0,12
9,"Iron Mountain/Kingsfd, MI",1,1,0,0,0,2,0,14
9,"Islip, NY",1,0,9,0,10,15,1,113
9,"Ithaca/Cortland, NY",1,0,0,0,0,1,0,14
9,"Jackson, WY",18,15,30,0,23,47,13,127
9,"Jackson/Vicksburg, MS",7,4,10,0,12,16,2,126
9,"Jacksonville, FL",51,11,45,0,58,98,2,553
9,"Jacksonville/Camp Lejeune, NC",1,0,0,0,1,1,0,21
9,"Jamestown, ND",1,1,2,0,1,4,0,13
9,"Johnstown, PA",1,0,0,0,1,2,0,14
9,"Joplin, MO",1,0,0,0,0,1,0,12
9,"Juneau, AK",1,2,6,0,4,9,1,77
9,"Kahului, HI",28,0,7,0,30,42,4,502
9,"Kalamazoo, MI",1,0,1,0,0,1,0,20
9,"Kalispell, MT",6,1,11,0,4,17,0,54
9,"Kansas City, MO",52,2,96,0,72,143,1,841
9,"Ketchikan, AK",1,2,5,0,2,6,1,42
9,"Key West, FL",26,1,32,0,30,43,1,193
9,"Killeen, TX",0,0,0,0,1,0,0,28
9,"Knoxville, TN",13,1,16,1,16,31,1,256
9,"Kodiak, AK",0,1,1,0,1,2,0,14
9,"Kona, HI",24,0,6,0,16,29,3,313
9,"Kotzebue, AK",0,0,0,0,0,0,1,7
9,"Lafayette, LA",0,0,3,0,2,3,0,63
9,"Lake Charles, LA",1,1,2,0,3,4,0,20
9,"Lansing, MI",2,0,2,0,1,4,0,26
9,"Laramie, WY",0,1,1,0,0,1,0,12
9,"Laredo, TX",0,0,2,0,2,2,0,30
9,"Las Vegas, NV",517,31,660,1,691,1066,38,3407
9,"Latrobe, PA",1,0,1,0,0,2,0,7
9,"Lawton/Fort Sill, OK",2,1,2,0,2,4,0,21
9,"Lewiston, ID",6,0,0,0,0,5,0,21
9,"Lexington, KY",12,7,11,0,15,32,0,164
9,"Liberal, KS",1,0,1,0,0,1,0,12
9,"Lihue, HI",12,0,5,0,13,21,1,296
9,"Lincoln, NE",1,0,0,0,1,2,0,19
9,"Little Rock, AR",10,9,18,0,9,31,0,212
9,"Long Beach, CA",21,0,25,0,39,53,1,335
9,"Longview, TX",2,0,0,0,0,0,0,14
9,"Los Angeles, CA",326,30,366,2,282,648,28,3471
9,"Louisville, KY",27,7,44,0,32,75,0,425
9,"Lubbock, TX",7,1,9,0,6,16,0,109
9,"Madison, WI",12,2,10,0,10,22,1,211
9,"Manchester, NH",1,1,8,0,4,9,0,81
9,"Manhattan/Ft. Riley, KS",0,0,0,0,0,0,0,14
9,"Marquette, MI",0,1,0,0,2,2,0,14
9,"Mason City, IA",0,0,0,0,1,1,0,12
9,"Medford, OR",8,3,17,0,5,22,1,87
9,"Melbourne, FL",3,0,6,0,7,9,0,56
9,"Memphis, TN",17,3,23,0,16,39,1,385
9,"Meridian, MS",1,0,0,0,0,1,0,12
9,"Miami, FL",361,58,442,8,340,649,7,2315
9,"Midland/Odessa, TX",5,0,7,0,4,13,0,155
9,"Milwaukee, WI",27,3,38,1,36,74,1,542
9,"Minneapolis, MN",152,15,138,0,59,264,12,2209
9,"Minot, ND",5,2,6,0,0,9,2,42
9,"Mission/McAllen/Edinburg, TX",4,0,9,0,8,14,0,66
9,"Missoula, MT",4,0,5,0,2,8,0,52
9,"Mobile, AL",3,1,3,0,2,6,0,48
9,"Moline, IL",3,0,3,0,4,8,0,77
9,"Monroe, LA",2,0,3,0,2,3,0,35
9,"Monterey, CA",6,1,6,0,4,13,0,74
9,"Montgomery, AL",3,0,3,0,7,11,0,47
9,"Montrose/Delta, CO",2,4,13,1,9,18,1,88
9,"Mosinee, WI",1,0,1,0,1,2,0,14
9,"Myrtle Beach, SC",10,0,26,0,20,37,2,223
9,"Nashville, TN",129,6,165,0,144,280,5,1713
9,"New Orleans, LA",75,7,111,0,106,185,3,1008
9,"New York, NY",517,24,435,2,607,1022,43,5350
9,"Newark, NJ",219,9,199,2,215,380,7,2425
9,"Newburgh/Poughkeepsie, NY",0,0,0,0,1,1,0,8
9,"Niagara Falls, NY",0,1,2,0,2,3,0,8
9,"Nome, AK",0,0,0,0,0,0,1,7
9,"Norfolk, VA",20,3,36,0,25,57,2,348
9,"North Bend/Coos Bay, OR",0,0,1,0,0,1,1,4
9,"North Platte, NE",0,0,1,0,0,1,0,12
9,"Oakland, CA",100,4,71,0,112,176,6,768
9,"Oklahoma City, OK",32,4,38,0,25,67,2,390
9,"Omaha, NE",15,3,44,0,33,61,0,438
9,"Ontario, CA",30,1,28,0,37,69,2,425
9,"Orlando, FL",559,63,693,30,548,1006,15,3378
9,"Pago Pago, TT",0,0,0,0,0,0,0,2
9,"Palm Springs, CA",37,5,57,1,47,93,13,367
9,"Panama City, FL",6,2,6,0,13,17,0,122
9,"Pasco/Kennewick/Richland, WA",9,0,8,1,2,16,3,94
9,"Pellston, MI",1,0,0,0,0,1,0,12
9,"Pensacola, FL",13,1,19,0,27,39,1,239
9,"Peoria, IL",8,0,5,0,5,13,1,69
9,"Petersburg, AK",0,1,0,0,1,1,1,14
9,"Philadelphia, PA",127,5,122,1,145,253,2,1620
9,"Phoenix, AZ",383,8,305,3,324,635,9,3847
9,"Pittsburgh, PA",45,19,76,0,54,119,4,768
9,"Plattsburgh, NY",3,0,2,0,3,5,0,11
9,"Pocatello, ID",0,2,2,0,0,2,0,14
9,"Ponce, PR",0,0,4,0,4,5,0,24
9,"Portland, ME",3,0,7,0,6,11,2,138
9,"Portland, OR",65,5,118,1,63,175,4,991
9,"Portsmouth, NH",2,0,1,0,3,3,0,12
9,"Prescott, AZ",1,1,1,0,0,3,0,14
9,"Providence, RI",14,1,13,0,22,29,1,234
9,"Provo, UT",2,0,4,0,1,6,0,38
9,"Punta Gorda, FL",29,1,26,0,19,43,0,154
9,"Raleigh/Durham, NC",68,0,97,1,86,155,5,1055
9,"Rapid City, SD",1,1,3,0,4,7,1,69
9,"Redding, CA",1,0,2,0,0,2,1,21
9,"Reno, NV",40,15,88,0,59,117,17,356
9,"Rhinelander, WI",1,0,0,0,0,1,0,14
9,"Richmond, VA",15,0,33,0,31,55,3,324
9,"Riverton/Lander, WY",0,0,0,0,0,0,1,9
9,"Roanoke, VA",4,1,7,0,4,11,0,50
9,"Rochester, MN",1,0,1,0,1,1,0,32
9,"Rochester, NY",8,2,15,0,17,30,2,213
9,"Rock Springs, WY",1,0,0,0,0,1,1,9
9,"Rockford, IL",0,1,2,0,2,5,0,17
9,"Roswell, NM",2,1,2,0,1,4,0,14
9,"Sacramento, CA",63,5,56,0,91,137,10,898
9,"Saginaw/Bay City/Midland, MI",5,0,0,0,1,6,0,40
9,"Saipan, TT",0,0,0,0,0,0,0,7
9,"Salina, KS",2,0,1,0,0,3,1,14
9,"Salt Lake City, UT",303,86,343,0,192,547,14,2152
9,"San Angelo, TX",0,0,4,0,0,4,0,21
9,"San Antonio, TX",45,1,62,0,69,113,1,740
9,"San Diego, CA",107,14,188,1,165,318,9,1613
9,"San Francisco, CA",347,23,346,0,410,722,77,2419
9,"San Jose, CA",31,3,45,0,60,101,2,872
9,"San Juan, PR",96,2,113,2,85,157,1,641
9,"San Luis Obispo, CA",7,0,13,1,4,18,3,82
9,"Sanford, FL",26,15,32,1,19,47,0,189
9,"Santa Ana, CA",56,7,103,0,91,175,5,832
9,"Santa Barbara, CA",10,2,25,0,20,38,1,125
9,"Santa Fe, NM",3,2,4,0,4,7,0,28
9,"Santa Maria, CA",0,0,2,0,1,2,0,2
9,"Santa Rosa, CA",4,0,5,0,4,8,0,57
9,"Sarasota/Bradenton, FL",31,0,65,0,40,90,1,380
9,"Sault Ste. Marie, MI",2,1,1,0,0,3,1,14
9,"Savannah, GA",18,6,12,0,22,37,1,334
9,"Scottsbluff, NE",0,0,0,0,0,0,0,12
9,"Scranton/Wilkes-Barre, PA",4,0,1,0,2,5,0,28
9,"Seattle, WA",319,40,405,0,211,673,8,2786
9,"Sheridan, WY",1,0,1,0,0,1,0,14
9,"Shreveport, LA",2,1,6,0,4,7,0,69
9,"Sioux City, IA",0,0,0,0,1,1,0,14
9,"Sioux Falls, SD",9,2,10,0,8,20,0,146
9,"Sitka, AK",0,0,2,0,2,2,0,21
9,"South Bend, IN",14,2,9,0,10,21,0,120
9,"Spokane, WA",19,6,37,0,21,60,3,288
9,"Springfield, IL",1,0,1,1,0,2,0,3
9,"Springfield, MO",16,1,10,0,15,25,0,133
9,"St. Cloud, MN",0,0,1,1,1,2,0,6
9,"St. George, UT",2,3,6,0,3,8,0,47
9,"St. Louis, MO",74,6,95,0,104,176,8,1126
9,"St. Petersburg, FL",10,6,37,0,20,45,0,155
9,"State College, PA",1,0,1,0,0,1,1,15
9,"Stillwater, OK",1,1,1,0,1,2,0,14
9,"Stockton, CA",1,0,5,0,2,5,0,11
9,"Sun Valley/Hailey/Ketchum, ID",5,6,12,0,3,20,4,53
9,"Syracuse, NY",17,15,37,0,37,53,0,268
9,"Tallahassee, FL",11,0,7,0,10,16,0,120
9,"Tampa, FL",164,27,344,0,210,436,7,1657
9,"Texarkana, AR",3,0,3,0,1,4,0,14
9,"Toledo, OH",4,0,1,0,4,4,0,12
9,"Traverse City, MI",4,2,4,0,5,7,0,62
9,"Trenton, NJ",8,0,5,0,11,18,0,58
9,"Tucson, AZ",30,8,39,0,37,75,2,369
9,"Tulsa, OK",15,2,19,0,19,34,0,280
9,"Twin Falls, ID",0,0,0,0,0,0,0,14
9,"Tyler, TX",0,0,0,0,2,2,0,21
9,"Valdosta, GA",1,0,1,0,1,1,0,14
9,"Valparaiso, FL",15,1,12,0,15,28,2,162
9,"Victoria, TX",0,0,0,0,0,0,0,12
9,"Waco, TX",3,0,1,0,2,4,0,21
9,"Walla Walla, WA",0,0,2,0,0,2,0,14
9,"Washington, DC",255,10,284,3,308,543,8,3681
9,"West Palm Beach/Palm Beach, FL",97,16,116,0,93,172,1,706
9,"White Plains, NY",14,0,15,0,17,31,0,246
9,"Wichita Falls, TX",2,0,1,0,0,2,0,14
9,"Wichita, KS",8,1,10,0,13,21,0,173
9,"Williston, ND",4,2,8,0,2,10,1,34
9,"Wilmington, NC",2,4,6,0,10,15,1,112
9,"Worcester, MA",5,0,8,0,9,10,1,34
9,"Wrangell, AK",0,0,1,0,1,1,0,14
9,"Yakutat, AK",0,0,0,0,2,2,1,14
9,"Yuma, AZ",0,0,1,0,2,2,0,35
10,"Aberdeen, SD",1,1,0,0,0,2,0,14
10,"Abilene, TX",1,4,6,0,5,9,2,33
10,"Adak Island, AK",0,0,0,0,0,0,0,2
10,"Aguadilla, PR",5,0,5,0,10,11,0,54
10,"Akron, OH",1,0,2,0,1,4,0,61
10,"Albany, GA",1,0,0,0,0,1,0,14
10,"Albany, NY",16,2,23,0,20,38,2,222
10,"Albuquerque, NM",45,4,39,0,49,80,1,420
10,"Alexandria, LA",2,1,3,0,2,5,1,35
10,"Allentown/Bethlehem/Easton, PA",3,1,6,0,6,11,1,88
10,"Alpena, MI",1,1,0,0,0,2,0,12
10,"Amarillo, TX",12,1,13,0,11,21,2,100
10,"Anchorage, AK",26,1,28,1,20,50,2,282
10,"Appleton, WI",7,2,7,0,4,15,0,115
10,"Arcata/Eureka, CA",0,0,4,0,1,5,0,32
10,"Asheville, NC",14,2,23,0,22,37,2,187
10,"Ashland, WV",3,0,2,0,2,4,0,4
10,"Aspen, CO",22,21,47,0,44,102,5,236
10,"Atlanta, GA",723,17,615,3,403,1084,29,6289
10,"Atlantic City, NJ",4,0,12,0,6,16,6,73
10,"Augusta, GA",4,2,3,0,3,7,1,57
10,"Austin, TX",219,20,208,2,261,407,16,1578
10,"Bakersfield, CA",1,0,3,0,0,4,1,40
10,"Baltimore, MD",317,1,227,4,312,481,29,1773
10,"Bangor, ME",0,0,3,0,2,4,2,58
10,"Barrow, AK",1,0,1,1,0,2,1,7
10,"Baton Rouge, LA",7,6,12,0,6,17,1,86
10,"Beaumont/Port Arthur, TX",0,3,1,0,0,3,1,14
10,"Belleville, IL",3,0,1,0,5,4,0,17
10,"Bellingham, WA",5,2,7,0,3,12,0,51
10,"Bemidji, MN",1,0,0,0,0,1,0,14
10,"Bend/Redmond, OR",14,4,25,0,3,32,0,118
10,"Bethel, AK",0,0,2,4,4,5,0,14
10,"Billings, MT",4,2,5,0,3,9,1,64
10,"Binghamton, NY",1,0,0,0,1,1,0,7
10,"Birmingham, AL",24,5,26,0,35,48,3,307
10,"Bishop, CA",0,0,4,0,3,5,1,12
10,"Bismarck/Mandan, ND",1,0,2,0,1,3,0,66
10,"Bloomington/Normal, IL",4,2,3,0,4,8,0,32
10,"Boise, ID",40,2,38,0,12,63,0,371
10,"Boston, MA",212,10,174,3,157,359,13,2513
10,"Bozeman, MT",10,0,14,0,10,22,1,201
10,"Brainerd, MN",1,0,0,0,0,1,0,12
10,"Bristol/Johnson City/Kingsport, TN",0,0,1,0,2,2,1,38
10,"Brownsville, TX",6,3,8,0,4,11,1,40
10,"Brunswick, GA",5,1,2,0,0,6,0,14
10,"Buffalo, NY",28,5,51,0,45,67,8,404
10,"Burbank, CA",24,3,45,0,41,81,6,495
10,"Burlington, VT",6,0,9,0,3,13,1,109
10,"Butte, MT",0,0,0,0,0,0,0,13
10,"Casper, WY",0,0,0,0,0,0,0,7
10,"Cedar City, UT",0,1,0,0,0,1,2,12
10,"Cedar Rapids/Iowa City, IA",10,1,15,0,10,22,5,148
10,"Champaign/Urbana, IL",0,1,3,0,1,4,0,28
10,"Charleston, SC",25,1,39,0,60,80,7,449
10,"Charleston/Dunbar, WV",4,0,5,0,2,9,1,62
10,"Charlotte Amalie, VI",5,1,23,0,14,26,3,137
10,"Charlotte, NC",544,90,517,30,543,923,21,3899
10,"Charlottesville, VA",2,1,2,0,2,5,0,58
10,"Chattanooga, TN",10,4,7,0,12,17,3,130
10,"Cheyenne, WY",0,0,1,0,0,1,0,13
10,"Chicago, IL",648,49,613,5,544,1135,47,6368
10,"Christiansted, VI",3,0,8,0,5,11,0,33
10,"Cincinnati, OH",38,2,70,0,59,107,7,775
10,"Clarksburg/Fairmont, WV",0,0,0,0,0,0,0,4
10,"Cleveland, OH",49,6,84,1,72,137,16,754
10,"College Station/Bryan, TX",2,0,2,0,3,4,1,21
10,"Colorado Springs, CO",17,3,20,0,16,34,1,215
10,"Columbia, MO",4,2,4,0,7,10,1,34
10,"Columbia, SC",11,1,8,0,11,17,2,118
10,"Columbus, GA",3,0,2,0,0,3,0,20
10,"Columbus, MS",0,0,0,0,0,0,0,14
10,"Columbus, OH",81,2,92,2,67,145,14,791
10,"Concord, NC",2,0,2,0,4,6,0,14
10,"Cordova, AK",0,0,1,0,3,3,0,14
10,"Corpus Christi, TX",9,2,6,0,11,15,2,78
10,"Dallas, TX",233,53,233,2,323,435,19,1403
10,"Dallas/Fort Worth, TX",1111,416,1106,4,1247,2040,248,5774
10,"Dayton, OH",6,2,11,0,11,17,0,146
10,"Daytona Beach, FL",7,0,5,0,9,14,1,58
10,"Deadhorse, AK",0,0,0,0,0,0,0,11
10,"Decatur, IL",0,1,1,0,1,2,0,19
10,"Denver, CO",820,27,798,2,676,1351,28,5532
10,"Des Moines, IA",18,1,23,0,16,42,1,301
10,"Detroit, MI",212,16,184,0,116,350,10,2313
10,"Devils Lake, ND",0,0,0,0,0,0,0,13
10,"Dickinson, ND",0,1,1,0,0,2,0,13
10,"Dodge City, KS",0,0,2,0,3,3,0,12
10,"Dothan, AL",0,0,1,0,0,1,0,14
10,"Duluth, MN",3,0,1,0,1,4,0,34
10,"Durango, CO",3,4,6,0,3,11,0,63
10,"Eagle, CO",15,2,33,0,23,46,4,147
10,"El Paso, TX",32,6,18,0,44,56,3,292
10,"Elko, NV",0,1,1,0,0,1,0,7
10,"Elmira/Corning, NY",1,1,2,0,1,4,0,20
10,"Escanaba, MI",4,0,0,0,0,4,0,12
10,"Eugene, OR",9,0,15,0,4,21,1,132
10,"Evansville, IN",1,1,4,0,2,5,0,36
10,"Everett, WA",4,0,6,0,1,7,0,32
10,"Fairbanks, AK",3,0,6,0,6,8,0,66
10,"Fargo, ND",6,1,9,0,7,16,0,128
10,"Fayetteville, AR",16,6,21,0,22,37,6,239
10,"Fayetteville, NC",1,0,1,0,3,3,0,21
10,"Flagstaff, AZ",2,1,1,0,0,3,1,30
10,"Flint, MI",1,0,8,0,2,9,1,53
10,"Fort Dodge, IA",0,0,1,0,1,1,0,12
10,"Fort Lauderdale, FL",425,23,461,17,392,705,64,2065
10,"Fort Myers, FL",139,3,131,0,166,256,46,995
10,"Fort Smith, AR",2,1,5,0,3,7,1,21
10,"Fort Wayne, IN",3,0,11,0,5,13,0,81
10,"Fresno, CA",15,0,12,0,13,25,2,212
10,"Gainesville, FL",3,2,6,0,5,9,0,48
10,"Garden City, KS",4,1,1,0,3,4,1,14
10,"Gillette, WY",0,0,0,0,0,0,0,14
10,"Grand Forks, ND",1,0,0,0,0,1,0,26
10,"Grand Island, NE",1,1,2,0,0,2,0,18
10,"Grand Junction, CO",3,1,10,0,3,12,0,69
10,"Grand Rapids, MI",16,1,33,0,31,52,4,371
10,"Great Falls, MT",4,0,1,0,0,4,0,52
10,"Green Bay, WI",4,2,0,0,1,6,0,86
10,"Greensboro/High Point, NC",10,2,13,0,9,21,2,223
10,"Greer, SC",14,2,19,0,19,38,3,286
10,"Guam, TT",0,0,0,0,0,0,0,14
10,"Gulfport/Biloxi, MS",0,6,7,0,5,11,1,66
10,"Gunnison, CO",3,0,6,0,5,9,0,22
10,"Hagerstown, MD",2,0,2,0,3,3,0,4
10,"Hancock/Houghton, MI",1,0,1,1,1,3,0,14
10,"Harlingen/San Benito, TX",6,0,6,0,13,17,2,82
10,"Harrisburg, PA",4,1,11,0,6,13,0,91
10,"Hartford, CT",45,1,51,0,57,86,5,399
10,"Hattiesburg/Laurel, MS",0,0,4,0,4,5,1,12
10,"Hayden, CO",17,3,30,0,20,33,1,100
10,"Hays, KS",5,0,3,0,0,5,0,14
10,"Helena, MT",1,0,1,0,1,2,0,35
10,"Hibbing, MN",1,0,0,0,0,1,0,12
10,"Hilo, HI",8,0,2,0,10,11,1,132
10,"Hilton Head, SC",0,0,2,0,4,3,0,21
10,"Honolulu, HI",80,0,37,2,46,101,6,1174
10,"Houston, TX",399,16,370,3,382,706,32,3231
10,"Huntsville, AL",26,1,15,1,26,34,2,175
10,"Idaho Falls, ID",3,1,4,0,5,8,0,47
10,"Indianapolis, IN",72,2,82,0,73,140,20,918
10,"International Falls, MN",0,0,0,0,0,0,0,12
10,"Iron Mountain/Kingsfd, MI",0,1,0,0,0,1,0,14
10,"Islip, NY",7,2,12,0,19,27,7,105
10,"Ithaca/Cortland, NY",1,1,0,0,1,3,0,14
10,"Jackson, WY",15,11,28,0,21,46,3,127
10,"Jackson/Vicksburg, MS",16,7,15,0,20,36,3,121
10,"Jacksonville, FL",54,8,68,2,74,108,11,584
10,"Jacksonville/Camp Lejeune, NC",1,0,1,0,0,1,0,21
10,"Jamestown, ND",1,0,1,0,1,2,0,13
10,"Johnstown, PA",1,0,1,0,0,1,2,14
10,"Joplin, MO",0,0,1,0,2,2,0,12
10,"Juneau, AK",1,0,5,0,8,11,2,77
10,"Kahului, HI",36,0,10,0,28,45,3,507
10,"Kalamazoo, MI",1,0,0,0,0,0,0,20
10,"Kalispell, MT",2,0,1,0,2,5,0,54
10,"Kansas City, MO",74,5,83,0,85,137,10,917
10,"Ketchikan, AK",0,0,5,0,4,6,2,42
10,"Key West, FL",39,0,31,2,52,65,1,193
10,"Killeen, TX",4,1,3,0,6,8,2,28
10,"Knoxville, TN",18,4,31,0,27,50,3,269
10,"Kodiak, AK",0,1,2,0,3,5,1,14
10,"Kona, HI",17,1,12,0,8,26,0,309
10,"Kotzebue, AK",0,0,0,0,0,0,0,7
10,"Lafayette, LA",6,5,9,1,6,16,2,76
10,"Lake Charles, LA",1,1,2,0,1,2,1,20
10,"Lansing, MI",2,0,2,0,3,4,0,26
10,"Laramie, WY",0,2,2,0,1,3,0,12
10,"Laredo, TX",1,0,5,0,5,6,2,29
10,"Las Vegas, NV",394,13,369,1,382,701,16,3540
10,"Latrobe, PA",0,0,1,0,0,1,1,7
10,"Lawton/Fort Sill, OK",3,1,0,0,0,3,1,21
10,"Lewiston, ID",1,0,0,0,1,2,0,21
10,"Lexington, KY",6,1,11,0,15,21,3,170
10,"Liberal, KS",0,0,2,0,1,2,1,12
10,"Lihue, HI",17,0,8,0,16,24,2,300
10,"Lincoln, NE",2,0,0,0,0,2,0,14
10,"Little Rock, AR",18,7,26,0,26,41,2,218
10,"Long Beach, CA",27,1,23,0,36,53,0,337
10,"Longview, TX",0,3,2,0,1,4,0,14
10,"Los Angeles, CA",388,14,442,6,312,724,16,3521
10,"Louisville, KY",26,4,46,0,39,74,3,450
10,"Lubbock, TX",11,2,16,0,15,27,3,120
10,"Madison, WI",6,2,10,0,13,21,2,210
10,"Manchester, NH",11,1,15,0,16,22,1,86
10,"Manhattan/Ft. Riley, KS",0,0,1,0,0,1,1,14
10,"Marquette, MI",0,0,0,0,1,1,0,14
10,"Mason City, IA",1,0,1,0,0,2,0,12
10,"Medford, OR",6,3,10,0,4,15,1,83
10,"Melbourne, FL",5,1,3,0,9,9,2,56
10,"Memphis, TN",34,7,36,1,43,71,4,407
10,"Meridian, MS",0,0,0,0,0,0,1,12
10,"Miami, FL",429,18,596,3,487,842,68,2358
10,"Midland/Odessa, TX",9,6,9,0,18,26,3,160
10,"Milwaukee, WI",48,4,44,0,57,97,12,573
10,"Minneapolis, MN",162,6,103,0,60,245,10,2248
10,"Minot, ND",3,0,1,0,0,3,0,44
10,"Mission/McAllen/Edinburg, TX",7,1,11,0,8,17,1,67
10,"Missoula, MT",2,0,1,0,2,2,0,52
10,"Mobile, AL",5,5,7,0,7,12,1,48
10,"Moline, IL",7,2,7,0,7,15,0,77
10,"Monroe, LA",4,0,3,0,4,8,1,35
10,"Monterey, CA",5,1,7,0,2,12,1,71
10,"Montgomery, AL",3,1,6,0,5,9,0,47
10,"Montrose/Delta, CO",4,3,12,0,9,16,0,88
10,"Mosinee, WI",0,0,0,0,0,0,0,14
10,"Myrtle Beach, SC",9,3,22,0,25,38,6,230
10,"Nashville, TN",186,9,206,1,213,353,28,1821
10,"New Orleans, LA",134,28,141,1,167,259,14,1000
10,"New York, NY",440,12,435,3,453,831,44,5336
10,"Newark, NJ",185,8,170,0,176,346,18,2415
10,"Newburgh/Poughkeepsie, NY",1,0,1,0,1,2,0,8
10,"Niagara Falls, NY",0,0,2,0,0,2,0,8
10,"Nome, AK",2,0,0,0,2,2,0,7
10,"Norfolk, VA",26,2,33,0,27,57,4,362
10,"North Bend/Coos Bay, OR",0,0,2,0,0,2,0,4
10,"North Platte, NE",0,2,0,0,0,2,0,12
10,"Oakland, CA",59,0,41,0,63,96,3,778
10,"Oklahoma City, OK",36,6,29,0,40,63,7,402
10,"Omaha, NE",37,13,47,0,43,93,1,448
10,"Ontario, CA",16,3,29,0,41,58,1,438
10,"Orlando, FL",624,45,756,12,628,1111,137,3479
10,"Pago Pago, TT",0,0,0,0,0,0,0,2
10,"Palm Springs, CA",46,3,61,0,44,96,2,389
10,"Panama City, FL",8,2,15,1,15,23,1,154
10,"Pasco/Kennewick/Richland, WA",1,0,3,0,1,4,0,91
10,"Pellston, MI",1,1,0,0,0,2,0,12
10,"Pensacola, FL",28,6,31,1,36,57,4,253
10,"Peoria, IL",2,3,12,0,9,15,0,71
10,"Petersburg, AK",0,0,2,0,3,4,0,14
10,"Philadelphia, PA",164,10,164,2,173,317,21,1656
10,"Phoenix, AZ",433,28,426,10,444,785,19,3980
10,"Pittsburgh, PA",55,3,85,0,77,121,9,796
10,"Plattsburgh, NY",2,0,2,0,3,4,0,9
10,"Pocatello, ID",0,0,0,0,0,0,0,14
10,"Ponce, PR",2,0,2,0,5,7,0,25
10,"Portland, ME",12,0,9,1,18,24,1,135
10,"Portland, OR",58,6,93,1,54,155,2,1023
10,"Portsmouth, NH",0,0,1,0,1,1,0,6
10,"Prescott, AZ",4,0,3,0,1,6,0,14
10,"Providence, RI",18,1,17,1,21,34,6,240
10,"Provo, UT",4,0,4,0,1,6,2,39
10,"Punta Gorda, FL",19,1,20,0,23,39,4,157
10,"Raleigh/Durham, NC",106,1,105,0,119,200,6,1070
10,"Rapid City, SD",5,0,1,0,3,7,1,73
10,"Redding, CA",0,0,1,0,0,1,0,22
10,"Reno, NV",27,1,33,0,28,61,2,364
10,"Rhinelander, WI",0,0,0,0,0,0,0,14
10,"Richmond, VA",30,2,39,0,30,58,5,327
10,"Riverton/Lander, WY",0,0,0,0,0,0,0,9
10,"Roanoke, VA",2,0,4,0,2,7,0,51
10,"Rochester, MN",1,1,1,0,0,2,0,35
10,"Rochester, NY",14,0,18,0,16,25,0,208
10,"Rock Springs, WY",0,0,1,0,0,1,0,9
10,"Rockford, IL",0,1,1,0,2,2,0,19
10,"Roswell, NM",2,2,3,0,1,4,0,14
10,"Sacramento, CA",72,4,50,0,72,123,3,941
10,"Saginaw/Bay City/Midland, MI",2,0,0,0,1,3,0,39
10,"Saipan, TT",0,0,0,0,0,0,0,7
10,"Salina, KS",2,0,3,0,2,5,0,14
10,"Salt Lake City, UT",180,11,170,0,114,318,7,2153
10,"San Angelo, TX",1,0,1,0,2,2,1,21
10,"San Antonio, TX",75,10,85,1,98,152,12,766
10,"San Diego, CA",90,3,152,1,157,265,6,1641
10,"San Francisco, CA",263,11,267,0,290,543,10,2432
10,"San Jose, CA",64,2,48,0,61,110,3,881
10,"San Juan, PR",109,0,128,2,116,182,17,663
10,"San Luis Obispo, CA",5,0,7,1,3,12,0,78
10,"Sanford, FL",31,5,34,1,35,58,6,192
10,"Santa Ana, CA",45,6,77,0,74,135,6,850
10,"Santa Barbara, CA",5,0,14,0,13,22,1,129
10,"Santa Fe, NM",3,3,4,0,2,7,0,28
10,"Santa Maria, CA",0,1,1,0,1,1,0,2
10,"Santa Rosa, CA",6,1,3,0,3,10,0,57
10,"Sarasota/Bradenton, FL",50,2,45,0,88,105,17,417
10,"Sault Ste. Marie, MI",2,1,0,0,0,3,0,14
10,"Savannah, GA",21,3,29,0,34,49,1,348
10,"Scottsbluff, NE",0,0,1,0,1,1,0,12
10,"Scranton/Wilkes-Barre, PA",1,0,2,0,1,3,0,27
10,"Seattle, WA",223,50,303,0,179,502,8,2794
10,"Sheridan, WY",0,1,1,0,0,1,0,14
10,"Shreveport, LA",3,5,5,0,8,11,2,70
10,"Sioux City, IA",0,0,1,0,1,1,0,14
10,"Sioux Falls, SD",4,1,7,0,9,15,1,140
10,"Sitka, AK",0,2,4,0,3,5,2,21
10,"South Bend, IN",4,2,7,1,3,13,1,119
10,"Spokane, WA",19,0,13,0,24,38,1,300
10,"Springfield, IL",3,0,0,0,2,3,0,3
10,"Springfield, MO",9,10,12,0,13,24,2,140
10,"St. Cloud, MN",0,0,0,0,0,0,0,6
10,"St. George, UT",1,0,0,0,0,1,0,47
10,"St. Louis, MO",149,5,110,0,178,265,22,1195
10,"St. Petersburg, FL",15,1,27,0,26,39,4,162
10,"State College, PA",0,1,0,0,0,1,0,14
10,"Stillwater, OK",0,0,0,0,0,0,0,14
10,"Stockton, CA",0,0,1,0,0,1,0,11
10,"Sun Valley/Hailey/Ketchum, ID",2,2,8,0,6,14,2,53
10,"Syracuse, NY",9,1,25,0,24,35,5,262
10,"Tallahassee, FL",15,3,15,0,22,30,2,120
10,"Tampa, FL",314,3,327,1,344,516,73,1764
10,"Texarkana, AR",0,2,2,0,2,3,0,14
10,"Toledo, OH",0,0,2,0,1,2,0,12
10,"Traverse City, MI",3,1,4,0,1,7,0,51
10,"Trenton, NJ",7,0,8,0,13,16,4,54
10,"Tucson, AZ",31,6,40,0,31,66,2,383
10,"Tulsa, OK",22,2,30,1,34,51,8,294
10,"Twin Falls, ID",1,0,0,0,0,1,0,14
10,"Tyler, TX",1,2,3,0,1,6,0,21
10,"Valdosta, GA",0,0,1,0,0,1,0,14
10,"Valparaiso, FL",14,2,20,0,26,37,2,171
10,"Victoria, TX",0,1,0,0,0,1,0,12
10,"Waco, TX",1,0,1,0,2,3,1,21
10,"Walla Walla, WA",0,1,1,0,0,1,0,14
10,"Washington, DC",346,38,364,2,347,668,25,3666
10,"West Palm Beach/Palm Beach, FL",142,0,96,0,154,211,15,702
10,"White Plains, NY",23,1,26,0,20,38,0,246
10,"Wichita Falls, TX",0,1,0,0,0,1,0,14
10,"Wichita, KS",15,4,13,0,21,33,2,175
10,"Williston, ND",6,1,3,0,0,8,0,34
10,"Wilmington, NC",3,3,6,0,7,12,0,113
10,"Worcester, MA",2,0,8,0,6,8,1,34
10,"Wrangell, AK",0,0,1,0,2,2,0,14
10,"Yakutat, AK",0,1,1,0,1,2,0,14
10,"Yuma, AZ",3,2,4,0,2,5,0,30
11,"Aberdeen, SD",1,0,0,0,0,1,0,14
11,"Abilene, TX",0,2,4,0,6,6,0,33
11,"Adak Island, AK",0,0,0,0,1,1,0,2
11,"Aguadilla, PR",5,1,4,0,13,13,2,56
11,"Akron, OH",5,1,5,0,3,10,1,61
11,"Albany, GA",1,0,0,0,0,1,0,14
11,"Albany, NY",21,2,18,0,24,39,0,231
11,"Albuquerque, NM",48,7,47,0,60,87,6,433
11,"Alexandria, LA",1,3,2,0,2,6,1,35
11,"Allentown/Bethlehem/Easton, PA",2,0,3,0,3,8,1,88
11,"Alpena, MI",0,0,0,0,0,0,0,12
11,"Amarillo, TX",6,1,9,0,11,17,2,95
11,"Anchorage, AK",23,0,22,1,23,46,3,310
11,"Appleton, WI",6,3,3,0,4,13,2,122
11,"Arcata/Eureka, CA",0,0,8,0,4,9,1,34
11,"Asheville, NC",15,7,25,0,20,44,1,196
11,"Ashland, WV",1,0,0,0,1,1,0,4
11,"Aspen, CO",22,20,38,1,25,77,26,236
11,"Atlanta, GA",719,23,575,1,456,1105,18,6511
11,"Atlantic City, NJ",3,0,12,0,11,18,0,72
11,"Augusta, GA",8,0,0,0,6,8,1,57
11,"Austin, TX",171,39,158,7,233,374,20,1683
11,"Bakersfield, CA",1,1,3,0,1,5,0,43
11,"Baltimore, MD",258,0,186,0,242,369,12,1865
11,"Bangor, ME",6,0,8,0,5,11,0,58
11,"Barrow, AK",1,0,2,0,1,2,0,7
11,"Baton Rouge, LA",7,4,7,1,6,14,2,83
11,"Beaumont/Port Arthur, TX",1,3,1,0,2,3,1,14
11,"Belleville, IL",4,0,1,0,7,7,1,24
11,"Bellingham, WA",7,0,5,0,8,13,0,58
11,"Bemidji, MN",1,0,0,0,0,1,0,14
11,"Bend/Redmond, OR",6,0,12,0,2,18,1,118
11,"Bethel, AK",1,0,6,6,1,7,0,14
11,"Billings, MT",4,1,5,0,4,7,0,61
11,"Binghamton, NY",0,0,0,0,0,0,0,7
11,"Birmingham, AL",27,4,30,1,31,51,5,313
11,"Bishop, CA",1,0,2,0,1,4,1,13
11,"Bismarck/Mandan, ND",3,0,2,0,2,4,3,66
11,"Bloomington/Normal, IL",3,2,8,0,5,7,0,32
11,"Boise, ID",20,3,34,1,20,54,6,395
11,"Boston, MA",228,3,176,3,179,379,12,2579
11,"Bozeman, MT",9,2,20,0,16,33,3,203
11,"Brainerd, MN",1,1,1,0,0,2,0,12
11,"Bristol/Johnson City/Kingsport, TN",2,1,0,0,7,7,1,38
11,"Brownsville, TX",2,2,0,0,2,5,3,46
11,"Brunswick, GA",0,0,0,0,1,1,0,14
11,"Buffalo, NY",21,2,25,0,26,52,0,420
11,"Burbank, CA",37,9,85,1,63,135,22,512
11,"Burlington, VT",6,0,11,0,7,15,0,109
11,"Butte, MT",0,0,0,0,0,0,0,13
11,"Casper, WY",0,0,0,0,0,0,0,7
11,"Cedar City, UT",1,0,0,0,0,1,0,12
11,"Cedar Rapids/Iowa City, IA",8,4,9,0,14,22,1,154
11,"Champaign/Urbana, IL",1,0,4,0,4,6,0,28
11,"Charleston, SC",30,1,35,0,51,79,0,472
11,"Charleston/Dunbar, WV",4,1,6,0,9,12,0,62
11,"Charlotte Amalie, VI",9,4,28,0,16,33,1,140
11,"Charlotte, NC",529,26,393,23,486,830,4,3953
11,"Charlottesville, VA",4,0,6,0,6,12,0,58
11,"Chattanooga, TN",10,5,11,0,11,23,0,130
11,"Cheyenne, WY",1,1,1,0,0,2,2,13
11,"Chicago, IL",609,94,678,2,688,1269,40,6628
11,"Christiansted, VI",3,0,3,0,5,6,0,35
11,"Cincinnati, OH",42,7,61,0,62,114,7,818
11,"Clarksburg/Fairmont, WV",0,0,1,0,0,1,0,4
11,"Cleveland, OH",56,1,64,0,70,129,5,780
11,"College Station/Bryan, TX",0,0,0,0,1,1,1,21
11,"Colorado Springs, CO",20,6,41,0,24,54,21,223
11,"Columbia, MO",1,4,5,0,3,5,0,33
11,"Columbia, SC",12,2,7,0,13,22,0,119
11,"Columbus, GA",1,0,1,0,0,1,0,20
11,"Columbus, MS",0,0,1,0,2,1,0,14
11,"Columbus, OH",59,11,79,0,73,142,5,810
11,"Concord, NC",1,0,1,0,3,3,0,14
11,"Cordova, AK",1,0,0,0,2,2,0,14
11,"Corpus Christi, TX",2,2,5,1,7,12,3,75
11,"Dallas, TX",177,37,136,0,277,356,20,1440
11,"Dallas/Fort Worth, TX",830,505,712,3,1185,1822,129,5837
11,"Dayton, OH",5,2,14,0,10,20,2,151
11,"Daytona Beach, FL",3,0,1,0,4,5,0,58
11,"Deadhorse, AK",1,0,2,0,1,2,0,11
11,"Decatur, IL",0,0,1,0,1,2,0,19
11,"Denver, CO",719,32,697,0,622,1232,418,5713
11,"Des Moines, IA",20,5,25,0,22,45,3,317
11,"Detroit, MI",224,12,158,0,142,363,4,2466
11,"Devils Lake, ND",1,0,1,0,0,2,2,13
11,"Dickinson, ND",0,1,0,0,0,1,2,13
11,"Dodge City, KS",1,0,1,0,3,4,2,12
11,"Dothan, AL",3,0,2,0,3,4,0,14
11,"Duluth, MN",0,0,1,0,0,1,0,34
11,"Durango, CO",11,3,10,0,0,15,3,63
11,"Eagle, CO",17,3,19,0,19,31,5,146
11,"El Paso, TX",32,7,32,0,57,73,5,304
11,"Elko, NV",0,0,0,0,0,0,0,7
11,"Elmira/Corning, NY",1,0,2,0,1,3,0,20
11,"Escanaba, MI",2,0,0,0,0,2,0,12
11,"Eugene, OR",5,0,15,0,5,20,1,144
11,"Evansville, IN",3,3,3,0,1,6,2,36
11,"Everett, WA",2,0,5,0,1,7,0,32
11,"Fairbanks, AK",3,0,9,0,8,12,0,80
11,"Fargo, ND",6,3,10,0,9,16,5,129
11,"Fayetteville, AR",15,18,26,0,21,48,7,234
11,"Fayetteville, NC",1,0,0,0,1,1,0,21
11,"Flagstaff, AZ",6,3,7,0,1,11,0,30
11,"Flint, MI",3,0,3,0,3,7,0,53
11,"Fort Dodge, IA",2,0,2,0,3,5,0,12
11,"Fort Lauderdale, FL",361,7,320,25,316,587,15,2097
11,"Fort Myers, FL",154,0,136,0,172,254,7,1029
11,"Fort Smith, AR",1,2,3,1,1,4,1,21
11,"Fort Wayne, IN",9,5,9,0,7,20,0,83
11,"Fresno, CA",12,2,34,8,21,49,3,218
11,"Gainesville, FL",5,1,0,0,4,9,0,48
11,"Garden City, KS",1,1,1,0,2,3,1,14
11,"Gillette, WY",1,0,1,0,0,1,2,14
11,"Grand Forks, ND",1,1,1,0,1,3,0,27
11,"Grand Island, NE",0,1,3,0,1,3,0,18
11,"Grand Junction, CO",6,1,10,0,9,13,3,66
11,"Grand Rapids, MI",22,5,28,1,24,55,4,374
11,"Great Falls, MT",1,1,2,0,2,4,2,52
11,"Green Bay, WI",6,3,3,0,2,12,0,89
11,"Greensboro/High Point, NC",8,4,18,0,18,29,1,218
11,"Greer, SC",14,6,22,0,19,40,1,288
11,"Guam, TT",0,0,0,0,0,0,0,14
11,"Gulfport/Biloxi, MS",3,1,4,0,4,6,1,63
11,"Gunnison, CO",2,1,2,0,1,3,1,22
11,"Hagerstown, MD",0,0,0,0,0,0,0,4
11,"Hancock/Houghton, MI",0,0,0,0,1,1,0,14
11,"Harlingen/San Benito, TX",4,0,5,0,11,14,2,79
11,"Harrisburg, PA",4,1,4,0,5,9,0,87
11,"Hartford, CT",33,1,25,0,32,52,3,398
11,"Hattiesburg/Laurel, MS",0,1,1,0,0,1,0,12
11,"Hayden, CO",10,3,18,0,17,27,6,98
11,"Hays, KS",0,0,0,0,1,1,1,14
11,"Helena, MT",2,1,2,0,0,2,2,31
11,"Hibbing, MN",1,0,0,0,0,1,0,12
11,"Hilo, HI",12,0,0,0,12,12,0,125
11,"Hilton Head, SC",0,0,4,0,2,4,0,21
11,"Honolulu, HI",121,4,32,0,70,141,5,1182
11,"Houston, TX",442,61,379,2,513,842,58,3341
11,"Huntsville, AL",11,6,7,0,13,20,4,176
11,"Idaho Falls, ID",1,1,4,0,5,7,1,48
11,"Indianapolis, IN",48,18,94,0,82,138,12,981
11,"International Falls, MN",2,1,1,0,0,3,0,12
11,"Iron Mountain/Kingsfd, MI",1,0,0,0,0,1,0,14
11,"Islip, NY",4,1,6,0,12,18,1,104
11,"Ithaca/Cortland, NY",0,0,0,0,1,1,0,14
11,"Jackson, WY",7,2,11,0,8,17,1,120
11,"Jackson/Vicksburg, MS",6,4,5,0,16,17,2,127
11,"Jacksonville, FL",57,4,46,1,78,110,6,607
11,"Jacksonville/Camp Lejeune, NC",2,0,1,0,2,3,0,21
11,"Jamestown, ND",1,0,0,0,0,1,2,13
11,"Johnstown, PA",2,0,1,0,0,3,0,14
11,"Joplin, MO",1,0,0,0,0,1,1,12
11,"Juneau, AK",6,0,7,0,4,13,0,77
11,"Kahului, HI",38,7,21,0,34,64,1,519
11,"Kalamazoo, MI",1,0,1,0,0,1,0,20
11,"Kalispell, MT",2,0,0,0,1,3,2,56
11,"Kansas City, MO",66,4,65,0,103,145,8,969
11,"Ketchikan, AK",0,0,1,0,2,2,1,42
11,"Key West, FL",30,1,24,2,32,47,1,194
11,"Killeen, TX",3,2,4,0,6,7,1,28
11,"Knoxville, TN",22,7,24,0,29,52,1,274
11,"Kodiak, AK",1,0,0,0,1,1,0,14
11,"Kona, HI",17,7,6,0,18,26,2,308
11,"Kotzebue, AK",0,0,0,0,1,1,0,7
11,"Lafayette, LA",5,6,7,0,6,13,4,76
11,"Lake Charles, LA",2,0,1,0,0,3,0,20
11,"Lansing, MI",5,1,3,0,4,8,0,26
11,"Laramie, WY",1,0,0,0,0,1,2,12
11,"Laredo, TX",0,0,4,0,6,7,2,29
11,"Las Vegas, NV",673,14,509,7,816,1190,73,3695
11,"Latrobe, PA",0,0,1,0,1,1,0,7
11,"Lawton/Fort Sill, OK",2,0,1,0,1,3,2,21
11,"Lewiston, ID",1,0,0,0,0,1,1,21
11,"Lexington, KY",8,6,13,0,19,33,4,178
11,"Liberal, KS",1,0,0,0,1,0,2,12
11,"Lihue, HI",13,1,2,0,16,20,2,298
11,"Lincoln, NE",1,0,0,0,0,1,0,7
11,"Little Rock, AR",19,12,19,0,30,47,5,224
11,"Long Beach, CA",25,1,33,0,39,65,7,344
11,"Longview, TX",2,1,0,0,0,3,0,14
11,"Los Angeles, CA",471,22,563,6,325,824,18,3624
11,"Louisville, KY",35,7,52,0,40,88,2,461
11,"Lubbock, TX",6,4,14,0,21,30,4,125
11,"Madison, WI",18,2,15,1,17,34,0,217
11,"Manchester, NH",5,0,11,0,7,13,2,97
11,"Manhattan/Ft. Riley, KS",0,1,0,0,1,1,1,14
11,"Marquette, MI",0,0,0,0,0,0,0,14
11,"Mason City, IA",1,0,1,0,3,4,0,12
11,"Medford, OR",7,1,7,0,2,12,1,80
11,"Melbourne, FL",7,0,3,1,6,11,0,57
11,"Memphis, TN",37,11,46,0,47,83,4,422
11,"Meridian, MS",0,0,2,0,0,2,0,12
11,"Miami, FL",350,5,282,3,373,591,9,2378
11,"Midland/Odessa, TX",11,8,15,0,21,29,8,166
11,"Milwaukee, WI",44,4,54,0,68,102,8,597
11,"Minneapolis, MN",171,10,100,0,77,264,11,2358
11,"Minot, ND",1,0,2,0,1,2,2,44
11,"Mission/McAllen/Edinburg, TX",8,2,11,1,11,24,4,68
11,"Missoula, MT",3,1,6,0,1,7,0,55
11,"Mobile, AL",3,1,4,0,5,7,2,48
11,"Moline, IL",4,2,10,0,7,14,1,82
11,"Monroe, LA",3,1,3,0,4,8,0,35
11,"Monterey, CA",3,0,8,0,2,10,1,66
11,"Montgomery, AL",3,2,4,0,3,9,0,47
11,"Montrose/Delta, CO",8,3,16,2,19,28,3,88
11,"Mosinee, WI",0,0,0,0,0,0,0,14
11,"Myrtle Beach, SC",9,2,12,0,22,32,0,235
11,"Nashville, TN",161,8,176,1,210,348,15,1911
11,"New Orleans, LA",101,20,107,0,158,232,11,1023
11,"New York, NY",545,10,371,3,504,894,28,5344
11,"Newark, NJ",284,12,205,3,259,448,12,2412
11,"Newburgh/Poughkeepsie, NY",0,0,1,0,1,2,0,8
11,"Niagara Falls, NY",2,0,6,0,4,7,0,13
11,"Nome, AK",1,0,2,1,0,2,0,8
11,"Norfolk, VA",26,1,32,0,26,52,2,368
11,"North Bend/Coos Bay, OR",0,0,0,0,0,0,1,4
11,"North Platte, NE",0,1,1,0,0,2,2,12
11,"Oakland, CA",90,2,93,6,108,168,13,800
11,"Oklahoma City, OK",27,4,40,0,47,74,8,404
11,"Omaha, NE",32,3,29,0,50,72,5,460
11,"Ontario, CA",43,3,55,0,64,100,4,463
11,"Orlando, FL",644,12,476,18,560,954,34,3561
11,"Pago Pago, TT",0,0,0,0,0,0,0,2
11,"Palm Springs, CA",46,2,58,0,51,90,2,396
11,"Panama City, FL",21,2,14,0,30,38,0,167
11,"Pasco/Kennewick/Richland, WA",5,0,5,0,1,8,2,87
11,"Pellston, MI",1,1,0,0,0,2,0,12
11,"Pensacola, FL",16,9,20,0,36,49,2,260
11,"Peoria, IL",7,4,7,0,7,17,1,72
11,"Petersburg, AK",0,0,1,0,2,2,0,14
11,"Philadelphia, PA",140,5,114,3,166,272,11,1690
11,"Phoenix, AZ",429,18,349,9,472,782,34,4127
11,"Pittsburgh, PA",44,4,68,0,53,115,10,823
11,"Plattsburgh, NY",1,0,2,0,2,2,0,9
11,"Pocatello, ID",0,0,0,0,0,0,0,14
11,"Ponce, PR",1,0,1,0,3,3,1,26
11,"Portland, ME",7,2,4,0,11,13,0,136
11,"Portland, OR",77,3,125,3,69,189,10,1075
11,"Portsmouth, NH",0,0,1,0,1,1,0,6
11,"Prescott, AZ",2,0,0,0,1,3,1,14
11,"Providence, RI",16,0,18,1,24,35,1,248
11,"Provo, UT",5,0,5,0,2,9,1,39
11,"Punta Gorda, FL",23,3,25,0,28,48,1,173
11,"Raleigh/Durham, NC",83,2,98,1,100,177,8,1103
11,"Rapid City, SD",4,4,4,0,3,9,4,74
11,"Redding, CA",0,0,0,0,0,0,0,24
11,"Reno, NV",15,3,53,1,39,71,6,390
11,"Rhinelander, WI",0,0,0,0,0,0,0,14
11,"Richmond, VA",30,6,35,0,39,64,1,329
11,"Riverton/Lander, WY",0,0,0,0,0,0,2,9
11,"Roanoke, VA",7,0,6,0,4,9,0,51
11,"Rochester, MN",3,0,1,0,2,4,0,36
11,"Rochester, NY",4,1,5,0,8,11,0,212
11,"Rock Springs, WY",0,1,0,0,0,1,2,9
11,"Rockford, IL",3,0,5,1,5,7,0,21
11,"Roswell, NM",0,1,1,0,1,2,0,14
11,"Sacramento, CA",104,2,120,0,110,207,16,974
11,"Saginaw/Bay City/Midland, MI",1,1,0,0,2,3,0,39
11,"Saipan, TT",0,0,0,0,0,0,0,7
11,"Salina, KS",1,0,1,0,1,2,1,14
11,"Salt Lake City, UT",185,16,180,0,135,327,17,2215
11,"San Angelo, TX",0,1,1,0,3,3,0,21
11,"San Antonio, TX",83,7,81,0,136,176,8,789
11,"San Diego, CA",120,13,192,2,185,341,20,1730
11,"San Francisco, CA",263,12,365,3,290,572,14,2468
11,"San Jose, CA",73,2,77,0,62,142,11,900
11,"San Juan, PR",100,2,98,0,99,174,8,689
11,"San Luis Obispo, CA",10,2,13,0,4,16,2,85
11,"Sanford, FL",24,5,25,0,31,45,0,205
11,"Santa Ana, CA",68,5,128,1,90,180,12,862
11,"Santa Barbara, CA",3,1,15,0,10,20,3,127
11,"Santa Fe, NM",4,2,2,0,1,7,2,28
11,"Santa Maria, CA",0,0,1,0,0,1,0,2
11,"Santa Rosa, CA",9,0,4,1,5,15,1,64
11,"Sarasota/Bradenton, FL",49,2,40,0,63,83,3,437
11,"Sault Ste. Marie, MI",0,1,0,0,0,1,0,14
11,"Savannah, GA",39,2,31,0,45,67,0,360
11,"Scottsbluff, NE",0,0,1,0,0,1,2,12
11,"Scranton/Wilkes-Barre, PA",1,0,2,0,2,3,0,26
11,"Seattle, WA",255,5,317,3,205,524,12,2873
11,"Sheridan, WY",0,0,0,0,0,0,2,14
11,"Shreveport, LA",2,8,8,0,9,15,1,76
11,"Sioux City, IA",1,0,1,0,2,3,1,14
11,"Sioux Falls, SD",4,1,5,0,8,10,2,135
11,"Sitka, AK",0,0,1,0,1,1,1,21
11,"South Bend, IN",12,5,6,0,2,20,0,122
11,"Spokane, WA",18,3,12,0,21,39,1,327
11,"Springfield, IL",1,0,2,0,1,2,0,3
11,"Springfield, MO",14,8,11,0,17,29,7,147
11,"St. Cloud, MN",0,0,2,0,0,2,0,6
11,"St. George, UT",1,0,0,0,0,1,2,52
11,"St. Louis, MO",147,26,140,0,190,293,11,1260
11,"St. Petersburg, FL",18,1,18,0,21,37,0,180
11,"State College, PA",0,0,1,0,1,1,0,14
11,"Stillwater, OK",1,1,1,0,1,2,0,14
11,"Stockton, CA",1,0,10,1,6,11,0,11
11,"Sun Valley/Hailey/Ketchum, ID",1,0,3,0,1,4,2,53
11,"Syracuse, NY",13,1,19,0,19,36,0,268
11,"Tallahassee, FL",14,3,9,0,14,26,1,120
11,"Tampa, FL",220,4,198,1,274,411,18,1853
11,"Texarkana, AR",2,1,2,0,2,3,1,14
11,"Toledo, OH",1,0,3,0,2,4,0,12
11,"Traverse City, MI",9,0,4,0,3,13,0,48
11,"Trenton, NJ",6,0,9,0,14,21,1,47
11,"Tucson, AZ",34,8,30,0,36,67,7,392
11,"Tulsa, OK",16,5,28,0,37,63,3,297
11,"Twin Falls, ID",0,0,0,0,0,0,0,14
11,"Tyler, TX",1,2,1,0,0,3,1,21
11,"Valdosta, GA",1,1,1,0,0,2,0,14
11,"Valparaiso, FL",17,4,17,0,28,37,0,187
11,"Victoria, TX",0,0,2,0,1,2,1,12
11,"Waco, TX",0,1,4,0,3,4,1,21
11,"Walla Walla, WA",1,0,0,0,1,2,0,14
11,"Washington, DC",287,7,247,1,266,516,10,3691
11,"West Palm Beach/Palm Beach, FL",83,1,61,1,96,138,5,712
11,"White Plains, NY",10,0,6,0,15,19,2,246
11,"Wichita Falls, TX",0,2,1,0,0,2,0,14
11,"Wichita, KS",5,4,21,1,21,34,4,172
11,"Williston, ND",4,0,1,0,0,4,3,34
11,"Wilmington, NC",6,4,8,0,11,19,1,113
11,"Worcester, MA",7,0,7,0,8,11,2,34
11,"Wrangell, AK",0,0,2,0,2,2,0,14
11,"Yakutat, AK",0,1,2,0,1,3,0,14
11,"Yuma, AZ",6,1,5,0,0,9,0,30
12,"Aberdeen, SD",0,1,0,0,0,1,0,14
12,"Abilene, TX",3,0,2,0,2,4,0,33
12,"Adak Island, AK",0,0,0,0,0,0,0,2
12,"Aguadilla, PR",13,0,13,0,22,24,2,56
12,"Akron, OH",6,1,10,0,4,15,0,61
12,"Albany, GA",0,0,0,0,0,0,0,14
12,"Albany, NY",25,7,34,1,33,55,16,236
12,"Albuquerque, NM",43,1,47,0,53,78,0,434
12,"Alexandria, LA",3,2,2,0,0,5,1,35
12,"Allentown/Bethlehem/Easton, PA",6,0,1,0,5,10,0,89
12,"Alpena, MI",0,0,1,1,0,1,0,12
12,"Amarillo, TX",1,2,5,0,6,10,0,95
12,"Anchorage, AK",16,4,14,1,20,42,3,299
12,"Appleton, WI",15,6,22,0,10,31,1,123
12,"Arcata/Eureka, CA",0,0,11,0,3,10,0,34
12,"Asheville, NC",9,1,17,0,11,24,0,199
12,"Ashland, WV",2,0,0,0,1,2,1,4
12,"Aspen, CO",14,30,23,6,7,63,9,236
12,"Atlanta, GA",822,9,485,9,474,1115,14,6509
12,"Atlantic City, NJ",7,0,24,0,6,26,0,76
12,"Augusta, GA",6,0,3,0,4,7,0,57
12,"Austin, TX",160,7,169,3,243,340,8,1660
12,"Bakersfield, CA",4,0,3,0,1,7,0,43
12,"Baltimore, MD",338,4,197,2,323,482,8,1866
12,"Bangor, ME",5,3,10,0,12,18,5,58
12,"Barrow, AK",0,0,1,1,1,1,0,7
12,"Baton Rouge, LA",6,1,4,0,3,8,0,83
12,"Beaumont/Port Arthur, TX",2,0,0,0,2,2,0,14
12,"Belleville, IL",2,0,3,0,4,7,0,24
12,"Bellingham, WA",3,3,5,0,2,9,0,61
12,"Bemidji, MN",1,2,1,0,0,3,0,14
12,"Bend/Redmond, OR",9,0,12,0,3,17,0,118
12,"Bethel, AK",1,0,3,3,2,4,0,14
12,"Billings, MT",7,0,16,0,1,17,0,61
12,"Binghamton, NY",1,0,2,0,0,2,0,7
12,"Birmingham, AL",19,4,23,0,28,46,0,313
12,"Bishop, CA",0,0,3,0,0,3,0,14
12,"Bismarck/Mandan, ND",3,1,9,1,1,8,1,66
12,"Bloomington/Normal, IL",1,0,1,0,1,3,0,32
12,"Boise, ID",16,0,23,0,18,40,0,401
12,"Boston, MA",243,8,224,2,167,396,25,2590
12,"Bozeman, MT",8,2,21,0,18,40,0,195
12,"Brainerd, MN",2,1,1,0,0,3,1,12
12,"Bristol/Johnson City/Kingsport, TN",2,0,1,0,5,5,0,38
12,"Brownsville, TX",2,1,1,0,6,6,1,46
12,"Brunswick, GA",1,0,0,0,1,1,0,14
12,"Buffalo, NY",37,10,90,1,61,118,3,421
12,"Burbank, CA",37,6,68,1,51,109,1,520
12,"Burlington, VT",9,3,19,0,6,24,7,109
12,"Butte, MT",1,0,1,0,0,1,0,13
12,"Casper, WY",1,0,1,0,0,1,0,7
12,"Cedar City, UT",1,1,0,0,0,2,0,12
12,"Cedar Rapids/Iowa City, IA",10,3,15,0,10,22,1,145
12,"Champaign/Urbana, IL",4,1,2,0,3,7,0,28
12,"Charleston, SC",32,0,30,0,44,62,3,472
12,"Charleston/Dunbar, WV",6,0,7,0,4,11,0,62
12,"Charlotte Amalie, VI",16,2,42,0,28,55,5,140
12,"Charlotte, NC",568,18,389,40,601,908,25,3953
12,"Charlottesville, VA",2,0,4,0,3,8,0,58
12,"Chattanooga, TN",10,5,10,0,11,21,0,130
12,"Cheyenne, WY",0,0,0,0,0,0,0,13
12,"Chicago, IL",732,62,714,10,653,1353,29,6683
12,"Christiansted, VI",6,0,13,0,6,12,3,35
12,"Cincinnati, OH",54,2,78,0,68,130,3,822
12,"Clarksburg/Fairmont, WV",0,0,1,0,0,1,0,4
12,"Cleveland, OH",86,3,119,1,85,181,5,784
12,"College Station/Bryan, TX",0,1,1,0,0,1,0,21
12,"Colorado Springs, CO",18,1,18,0,21,34,2,223
12,"Columbia, MO",1,1,3,0,0,4,0,33
12,"Columbia, SC",9,0,3,0,7,13,0,119
12,"Columbus, GA",0,0,0,0,1,1,0,20
12,"Columbus, MS",0,0,0,0,0,0,0,14
12,"Columbus, OH",62,3,73,0,73,125,1,811
12,"Concord, NC",1,0,1,0,7,7,1,14
12,"Cordova, AK",0,0,1,0,1,1,0,14
12,"Corpus Christi, TX",4,0,5,0,5,10,1,75
12,"Dallas, TX",180,11,110,0,188,285,2,1440
12,"Dallas/Fort Worth, TX",860,80,681,7,816,1383,40,5788
12,"Dayton, OH",4,2,11,0,7,16,0,151
12,"Daytona Beach, FL",2,0,2,0,4,6,0,58
12,"Deadhorse, AK",0,0,0,0,0,0,0,11
12,"Decatur, IL",0,1,0,0,2,3,0,19
12,"Denver, CO",622,25,471,5,564,986,25,5720
12,"Des Moines, IA",18,2,25,0,20,42,1,298
12,"Detroit, MI",275,28,300,1,152,487,4,2491
12,"Devils Lake, ND",0,0,0,0,0,0,0,13
12,"Dickinson, ND",0,0,1,0,0,1,1,13
12,"Dodge City, KS",0,0,1,0,0,1,1,12
12,"Dothan, AL",1,0,1,0,1,2,0,14
12,"Duluth, MN",1,0,1,0,1,3,1,34
12,"Durango, CO",10,0,6,0,1,11,0,63
12,"Eagle, CO",12,3,15,0,16,26,0,146
12,"El Paso, TX",17,5,25,0,37,48,1,304
12,"Elko, NV",0,0,0,0,0,0,0,7
12,"Elmira/Corning, NY",5,0,3,0,0,6,0,20
12,"Escanaba, MI",1,1,1,0,0,2,0,12
12,"Eugene, OR",8,0,9,0,10,23,0,150
12,"Evansville, IN",3,1,2,0,1,5,0,36
12,"Everett, WA",2,0,4,0,1,5,0,32
12,"Fairbanks, AK",2,0,5,0,6,7,0,69
12,"Fargo, ND",6,2,8,0,4,14,2,122
12,"Fayetteville, AR",9,5,13,0,19,30,0,235
12,"Fayetteville, NC",0,1,1,0,1,1,0,21
12,"Flagstaff, AZ",6,4,4,0,1,11,0,30
12,"Flint, MI",9,2,17,0,12,24,0,59
12,"Fort Dodge, IA",2,1,3,0,2,5,0,12
12,"Fort Lauderdale, FL",466,45,450,21,459,740,27,2086
12,"Fort Myers, FL",147,4,150,1,216,287,10,1035
12,"Fort Smith, AR",1,1,2,1,1,3,0,21
12,"Fort Wayne, IN",9,0,10,1,3,13,0,83
12,"Fresno, CA",12,1,26,1,15,32,0,218
12,"Gainesville, FL",0,0,0,0,0,0,1,48
12,"Garden City, KS",3,0,2,0,0,3,0,14
12,"Gillette, WY",0,0,1,0,1,1,0,14
12,"Grand Forks, ND",2,1,1,0,1,2,1,27
12,"Grand Island, NE",2,0,0,0,1,2,0,18
12,"Grand Junction, CO",1,1,6,0,6,8,1,66
12,"Grand Rapids, MI",44,14,81,0,31,100,1,389
12,"Great Falls, MT",2,0,5,0,2,6,0,52
12,"Green Bay, WI",7,2,11,0,1,15,1,89
12,"Greensboro/High Point, NC",7,1,11,0,6,18,0,217
12,"Greer, SC",13,0,18,0,15,32,0,286
12,"Guam, TT",0,0,0,0,0,0,0,14
12,"Gulfport/Biloxi, MS",1,1,2,0,3,3,0,63
12,"Gunnison, CO",1,0,0,0,0,1,0,22
12,"Hagerstown, MD",1,0,1,0,1,1,0,4
12,"Hancock/Houghton, MI",1,0,0,0,1,1,0,14
12,"Harlingen/San Benito, TX",5,1,7,0,6,10,1,79
12,"Harrisburg, PA",8,0,8,0,4,15,0,87
12,"Hartford, CT",38,0,41,0,54,76,1,397
12,"Hattiesburg/Laurel, MS",2,0,2,0,1,3,0,12
12,"Hayden, CO",4,1,11,0,7,16,1,98
12,"Hays, KS",1,0,0,0,0,1,0,14
12,"Helena, MT",2,0,1,0,0,2,0,28
12,"Hibbing, MN",0,1,1,0,0,1,1,12
12,"Hilo, HI",6,0,1,0,7,9,0,130
12,"Hilton Head, SC",1,0,0,0,2,2,0,21
12,"Honolulu, HI",144,2,54,5,89,182,5,1201
12,"Houston, TX",403,46,336,5,377,672,11,3310
12,"Huntsville, AL",14,1,10,0,12,18,0,176
12,"Idaho Falls, ID",2,0,1,0,1,3,1,48
12,"Indianapolis, IN",87,2,97,1,95,166,2,996
12,"International Falls, MN",0,0,0,0,0,0,0,12
12,"Iron Mountain/Kingsfd, MI",2,1,0,0,0,3,0,14
12,"Islip, NY",10,3,17,0,26,37,1,104
12,"Ithaca/Cortland, NY",2,0,2,0,2,2,0,14
12,"Jackson, WY",9,0,10,0,13,18,0,116
12,"Jackson/Vicksburg, MS",8,1,6,0,8,14,1,127
12,"Jacksonville, FL",57,7,44,0,69,99,6,607
12,"Jacksonville/Camp Lejeune, NC",0,0,0,0,0,0,0,21
12,"Jamestown, ND",0,0,0,0,0,0,0,13
12,"Johnstown, PA",0,0,1,0,1,1,0,14
12,"Joplin, MO",3,0,0,0,0,3,0,12
12,"Juneau, AK",0,1,3,0,4,6,1,77
12,"Kahului, HI",50,0,23,0,40,69,5,526
12,"Kalamazoo, MI",1,2,2,0,0,3,0,20
12,"Kalispell, MT",2,0,7,0,1,9,0,56
12,"Kansas City, MO",52,3,44,0,71,103,3,965
12,"Ketchikan, AK",1,0,2,0,3,4,0,42
12,"Key West, FL",40,14,37,1,45,64,14,193
12,"Killeen, TX",2,0,3,0,1,4,1,28
12,"Knoxville, TN",19,0,18,1,19,38,0,267
12,"Kodiak, AK",0,0,1,0,2,2,0,13
12,"Kona, HI",22,0,18,0,20,36,0,313
12,"Kotzebue, AK",1,0,0,0,1,1,1,7
12,"Lafayette, LA",4,5,5,0,1,10,1,76
12,"Lake Charles, LA",1,1,1,0,0,2,1,20
12,"Lansing, MI",5,2,4,0,3,9,0,26
12,"Laramie, WY",1,0,0,0,0,1,1,12
12,"Laredo, TX",1,0,2,0,3,3,0,29
12,"Las Vegas, NV",494,14,459,24,585,885,13,3688
12,"Latrobe, PA",0,0,2,0,0,2,0,7
12,"Lawton/Fort Sill, OK",2,2,2,0,0,5,0,21
12,"Lewiston, ID",3,0,1,0,1,4,0,21
12,"Lexington, KY",8,2,16,0,9,23,0,178
12,"Liberal, KS",0,0,1,0,1,1,0,12
12,"Lihue, HI",22,1,8,0,22,33,1,304
12,"Lincoln, NE",1,0,1,0,0,0,0,7
12,"Little Rock, AR",8,4,9,0,13,23,0,224
12,"Long Beach, CA",27,0,24,0,31,50,0,344
12,"Longview, TX",0,0,0,0,0,0,0,14
12,"Los Angeles, CA",451,20,467,2,315,771,8,3637
12,"Louisville, KY",28,3,35,1,46,72,3,465
12,"Lubbock, TX",7,2,15,0,14,22,0,126
12,"Madison, WI",20,5,25,0,18,45,1,219
12,"Manchester, NH",7,1,13,0,12,18,1,97
12,"Manhattan/Ft. Riley, KS",0,0,0,0,0,0,0,14
12,"Marquette, MI",1,0,3,0,1,3,0,14
12,"Mason City, IA",1,0,2,0,2,3,0,12
12,"Medford, OR",5,1,7,0,1,11,0,80
12,"Melbourne, FL",4,0,5,0,8,9,0,57
12,"Memphis, TN",21,1,22,0,28,52,2,417
12,"Meridian, MS",0,1,1,0,1,3,0,12
12,"Miami, FL",413,181,516,9,530,847,130,2390
12,"Midland/Odessa, TX",7,3,11,0,13,22,1,166
12,"Milwaukee, WI",58,20,93,0,76,149,0,602
12,"Minneapolis, MN",281,32,350,0,125,514,72,2357
12,"Minot, ND",2,2,4,0,1,6,1,42
12,"Mission/McAllen/Edinburg, TX",4,2,12,1,8,13,1,66
12,"Missoula, MT",2,1,5,0,3,7,0,59
12,"Mobile, AL",3,0,1,0,4,5,1,48
12,"Moline, IL",2,1,8,0,5,10,0,87
12,"Monroe, LA",1,1,2,0,1,3,0,35
12,"Monterey, CA",4,0,6,0,4,9,0,66
12,"Montgomery, AL",5,0,4,0,3,8,0,47
12,"Montrose/Delta, CO",7,0,7,0,7,14,0,88
12,"Mosinee, WI",1,0,1,0,1,2,1,14
12,"Myrtle Beach, SC",5,0,17,1,18,31,0,246
12,"Nashville, TN",167,2,142,1,199,316,7,1914
12,"New Orleans, LA",115,6,106,1,124,198,9,1020
12,"New York, NY",562,22,456,3,489,946,43,5350
12,"Newark, NJ",266,6,223,1,223,428,21,2421
12,"Newburgh/Poughkeepsie, NY",0,0,3,0,1,3,0,8
12,"Niagara Falls, NY",2,0,3,0,2,5,0,14
12,"Nome, AK",0,0,0,1,0,1,0,7
12,"Norfolk, VA",31,2,26,0,37,61,1,369
12,"North Bend/Coos Bay, OR",0,0,3,0,0,3,0,4
12,"North Platte, NE",0,0,0,0,0,0,1,12
12,"Oakland, CA",85,1,48,0,81,129,1,805
12,"Oklahoma City, OK",26,1,24,0,27,47,1,404
12,"Omaha, NE",30,11,21,1,40,70,2,458
12,"Ontario, CA",42,0,43,2,50,85,1,473
12,"Orlando, FL",620,34,588,11,591,992,22,3563
12,"Pago Pago, TT",0,0,0,0,0,0,0,2
12,"Palm Springs, CA",34,1,52,1,31,81,0,392
12,"Panama City, FL",16,0,10,0,22,29,0,167
12,"Pasco/Kennewick/Richland, WA",3,0,2,0,0,4,0,87
12,"Pellston, MI",0,0,0,0,0,0,0,12
12,"Pensacola, FL",19,0,16,0,27,41,2,261
12,"Peoria, IL",6,1,6,0,7,12,0,72
12,"Petersburg, AK",0,0,1,0,1,1,0,14
12,"Philadelphia, PA",174,7,138,2,170,308,10,1709
12,"Phoenix, AZ",436,12,383,5,504,791,16,4125
12,"Pittsburgh, PA",59,5,90,0,67,137,3,832
12,"Plattsburgh, NY",0,0,3,0,3,4,0,9
12,"Pocatello, ID",1,0,0,0,0,1,0,14
12,"Ponce, PR",0,0,3,0,4,4,0,26
12,"Portland, ME",9,2,15,0,9,21,7,137
12,"Portland, OR",57,5,101,1,64,144,5,1075
12,"Portsmouth, NH",1,0,2,0,1,2,0,6
12,"Prescott, AZ",0,0,0,0,1,1,0,14
12,"Providence, RI",22,0,19,0,28,39,1,248
12,"Provo, UT",3,0,3,0,1,5,0,40
12,"Punta Gorda, FL",28,4,22,0,24,45,0,175
12,"Raleigh/Durham, NC",78,4,84,0,105,165,8,1106
12,"Rapid City, SD",5,2,8,0,4,11,1,74
12,"Redding, CA",1,0,1,0,0,2,0,27
12,"Reno, NV",21,1,53,0,32,76,0,393
12,"Rhinelander, WI",1,0,0,0,0,1,1,14
12,"Richmond, VA",35,1,36,0,38,66,3,329
12,"Riverton/Lander, WY",1,0,0,0,0,1,0,9
12,"Roanoke, VA",5,0,3,0,4,6,0,51
12,"Rochester, MN",4,2,4,0,1,7,1,36
12,"Rochester, NY",14,2,36,0,21,42,0,212
12,"Rock Springs, WY",0,0,0,0,0,0,0,9
12,"Rockford, IL",0,1,4,0,1,5,1,22
12,"Roswell, NM",1,0,2,0,0,2,0,14
12,"Sacramento, CA",55,3,60,5,74,123,2,980
12,"Saginaw/Bay City/Midland, MI",5,1,6,0,2,9,0,39
12,"Saipan, TT",1,0,0,0,0,1,0,7
12,"Salina, KS",0,0,1,0,1,2,0,14
12,"Salt Lake City, UT",191,14,151,0,116,294,5,2222
12,"San Angelo, TX",0,0,1,0,0,1,0,21
12,"San Antonio, TX",58,4,54,1,95,121,4,781
12,"San Diego, CA",155,9,216,0,193,370,8,1756
12,"San Francisco, CA",314,5,373,0,368,655,12,2483
12,"San Jose, CA",62,2,60,3,58,122,2,897
12,"San Juan, PR",170,11,251,2,155,319,12,694
12,"San Luis Obispo, CA",8,0,10,0,6,15,0,92
12,"Sanford, FL",39,5,34,1,34,61,1,210
12,"Santa Ana, CA",53,7,101,0,89,172,5,863
12,"Santa Barbara, CA",10,3,26,0,13,31,0,125
12,"Santa Fe, NM",3,2,0,0,3,7,0,28
12,"Santa Maria, CA",0,0,1,0,1,1,0,2
12,"Santa Rosa, CA",8,2,7,0,6,15,0,67
12,"Sarasota/Bradenton, FL",28,0,30,1,52,59,4,446
12,"Sault Ste. Marie, MI",3,0,1,0,0,3,0,14
12,"Savannah, GA",24,3,14,0,40,52,1,362
12,"Scottsbluff, NE",0,0,0,0,0,0,1,12
12,"Scranton/Wilkes-Barre, PA",1,0,3,0,2,5,0,26
12,"Seattle, WA",214,10,273,2,179,460,5,2888
12,"Sheridan, WY",0,0,0,0,0,0,0,14
12,"Shreveport, LA",1,5,7,0,6,11,0,76
12,"Sioux City, IA",3,0,1,0,0,3,0,14
12,"Sioux Falls, SD",8,2,9,0,4,14,1,133
12,"Sitka, AK",1,1,2,0,2,3,0,21
12,"South Bend, IN",15,2,9,0,4,21,0,124
12,"Spokane, WA",16,1,12,0,13,28,0,335
12,"Springfield, IL",1,0,2,0,0,2,0,3
12,"Springfield, MO",15,3,8,0,18,27,0,142
12,"St. Cloud, MN",0,0,0,0,0,0,0,6
12,"St. George, UT",2,1,1,0,0,3,0,52
12,"St. Louis, MO",100,1,80,0,140,181,2,1263
12,"St. Petersburg, FL",17,3,18,0,19,35,2,180
12,"State College, PA",1,0,2,0,0,2,0,14
12,"Stillwater, OK",1,0,0,0,1,1,0,14
12,"Stockton, CA",0,1,2,0,1,2,0,11
12,"Sun Valley/Hailey/Ketchum, ID",2,1,7,0,1,9,0,53
12,"Syracuse, NY",31,1,59,0,29,74,1,273
12,"Tallahassee, FL",11,2,14,1,17,23,2,119
12,"Tampa, FL",238,8,288,1,313,467,15,1851
12,"Texarkana, AR",0,1,1,0,0,1,0,14
12,"Toledo, OH",0,0,4,0,2,5,0,14
12,"Traverse City, MI",1,2,7,0,7,11,0,49
12,"Trenton, NJ",1,0,10,0,10,15,1,48
12,"Tucson, AZ",26,3,25,0,29,54,1,394
12,"Tulsa, OK",13,4,17,0,26,40,0,296
12,"Twin Falls, ID",1,1,0,0,0,2,0,14
12,"Tyler, TX",0,1,1,0,0,1,0,21
12,"Valdosta, GA",2,2,2,0,0,4,0,14
12,"Valparaiso, FL",13,0,10,0,19,23,0,188
12,"Victoria, TX",0,0,0,0,0,0,0,12
12,"Waco, TX",1,0,4,0,4,5,1,21
12,"Walla Walla, WA",0,0,0,0,0,0,0,14
12,"Washington, DC",339,12,258,4,295,558,21,3700
12,"West Palm Beach/Palm Beach, FL",129,2,86,0,154,194,3,718
12,"White Plains, NY",30,2,31,0,22,56,1,246
12,"Wichita Falls, TX",2,0,1,0,0,2,0,14
12,"Wichita, KS",9,3,8,0,9,19,1,172
12,"Williston, ND",2,1,5,0,0,6,1,34
12,"Wilmington, NC",5,0,2,0,3,7,0,113
12,"Worcester, MA",6,0,8,0,8,11,1,34
12,"Wrangell, AK",0,0,0,0,1,1,0,14
12,"Yakutat, AK",0,1,0,0,1,2,0,14
12,"Yuma, AZ",0,0,0,0,0,0,0,30
13,"Aberdeen, SD",4,0,0,0,0,4,1,14
13,"Abilene, TX",2,0,4,0,4,6,0,33
13,"Adak Island, AK",0,0,0,0,0,0,0,2
13,"Aguadilla, PR",12,0,6,0,16,18,0,56
13,"Akron, OH",4,0,6,0,4,8,0,61
13,"Albany, GA",3,0,0,0,0,3,0,14
13,"Albany, NY",19,1,32,0,28,47,2,245
13,"Albuquerque, NM",48,3,33,0,53,79,1,435
13,"Alexandria, LA",1,1,0,0,0,2,0,35
13,"Allentown/Bethlehem/Easton, PA",5,0,5,0,4,12,0,89
13,"Alpena, MI",0,0,0,0,0,0,0,12
13,"Amarillo, TX",3,2,6,0,6,10,0,95
13,"Anchorage, AK",29,3,24,0,27,57,6,295
13,"Appleton, WI",12,3,11,0,3,20,0,123
13,"Arcata/Eureka, CA",3,0,8,0,1,12,1,33
13,"Asheville, NC",11,1,29,2,21,42,0,199
13,"Ashland, WV",2,0,1,0,1,2,0,4
13,"Aspen, CO",30,29,25,2,17,83,25,232
13,"Atlanta, GA",887,18,703,2,488,1294,6,6520
13,"Atlantic City, NJ",11,0,22,0,13,28,2,73
13,"Augusta, GA",5,2,10,0,5,13,0,57
13,"Austin, TX",144,8,152,2,163,283,4,1648
13,"Bakersfield, CA",4,2,4,0,3,10,0,42
13,"Baltimore, MD",326,1,262,3,269,476,8,1867
13,"Bangor, ME",2,0,3,0,2,5,0,58
13,"Barrow, AK",1,0,1,0,1,2,2,7
13,"Baton Rouge, LA",6,1,8,0,4,12,0,83
13,"Beaumont/Port Arthur, TX",0,0,1,0,1,2,0,14
13,"Belleville, IL",2,0,1,0,1,2,1,21
13,"Bellingham, WA",8,0,7,0,4,10,0,61
13,"Bemidji, MN",1,1,1,0,0,2,1,14
13,"Bend/Redmond, OR",13,1,15,0,4,26,1,117
13,"Bethel, AK",1,0,5,2,4,9,0,14
13,"Billings, MT",3,2,12,0,3,12,1,62
13,"Binghamton, NY",1,0,0,0,0,1,0,7
13,"Birmingham, AL",14,1,24,0,30,39,0,313
13,"Bishop, CA",0,1,3,0,2,5,1,13
13,"Bismarck/Mandan, ND",4,1,7,0,4,12,4,66
13,"Bloomington/Normal, IL",2,0,3,0,2,5,0,32
13,"Boise, ID",22,2,26,0,21,44,3,401
13,"Boston, MA",295,4,291,5,229,515,6,2589
13,"Bozeman, MT",12,2,22,0,18,36,0,193
13,"Brainerd, MN",3,2,4,0,0,5,0,12
13,"Bristol/Johnson City/Kingsport, TN",1,0,3,0,3,3,0,38
13,"Brownsville, TX",3,0,3,0,1,6,0,45
13,"Brunswick, GA",1,0,1,0,0,2,0,14
13,"Buffalo, NY",27,1,28,0,34,58,2,422
13,"Burbank, CA",39,0,63,0,45,104,4,520
13,"Burlington, VT",4,0,8,0,2,8,0,109
13,"Butte, MT",1,1,0,0,0,2,0,13
13,"Casper, WY",1,0,0,0,0,1,0,7
13,"Cedar City, UT",0,0,0,0,0,0,0,12
13,"Cedar Rapids/Iowa City, IA",5,1,6,0,7,11,1,134
13,"Champaign/Urbana, IL",3,0,2,0,2,3,0,28
13,"Charleston, SC",44,4,42,0,53,84,2,472
13,"Charleston/Dunbar, WV",5,0,6,0,5,9,0,62
13,"Charlotte Amalie, VI",13,2,14,0,20,28,2,139
13,"Charlotte, NC",647,20,532,31,612,1005,9,3942
13,"Charlottesville, VA",3,0,3,0,0,4,0,58
13,"Chattanooga, TN",14,1,9,0,12,22,0,131
13,"Cheyenne, WY",1,0,1,0,0,1,1,13
13,"Chicago, IL",639,23,697,1,580,1236,17,6729
13,"Christiansted, VI",6,0,6,0,6,8,0,35
13,"Cincinnati, OH",58,1,74,0,63,126,3,821
13,"Clarksburg/Fairmont, WV",0,0,1,0,0,1,0,4
13,"Cleveland, OH",73,2,61,0,69,131,2,785
13,"College Station/Bryan, TX",0,0,1,0,0,1,0,21
13,"Colorado Springs, CO",11,0,18,0,11,27,0,223
13,"Columbia, MO",1,1,2,0,0,3,0,33
13,"Columbia, SC",8,0,10,0,9,16,0,119
13,"Columbus, GA",1,0,1,0,1,1,0,20
13,"Columbus, MS",1,0,0,0,0,1,0,14
13,"Columbus, OH",58,7,83,0,66,131,2,809
13,"Concord, NC",2,0,4,0,4,6,0,14
13,"Cordova, AK",0,1,2,0,3,3,0,14
13,"Corpus Christi, TX",2,0,2,0,5,6,0,75
13,"Dallas, TX",137,2,85,0,139,210,6,1439
13,"Dallas/Fort Worth, TX",851,8,465,4,704,1191,10,5740
13,"Dayton, OH",6,0,9,0,9,13,0,151
13,"Daytona Beach, FL",1,0,3,0,8,9,0,58
13,"Deadhorse, AK",0,0,1,1,1,2,1,11
13,"Decatur, IL",1,0,0,0,0,1,0,19
13,"Denver, CO",682,29,668,3,572,1191,18,5722
13,"Des Moines, IA",19,3,14,0,21,38,0,289
13,"Detroit, MI",217,7,231,0,117,390,6,2513
13,"Devils Lake, ND",1,1,1,0,1,3,0,13
13,"Dickinson, ND",0,0,0,0,0,0,1,13
13,"Dodge City, KS",1,0,2,0,2,3,0,12
13,"Dothan, AL",0,0,2,0,1,2,0,14
13,"Duluth, MN",4,4,7,0,1,11,1,34
13,"Durango, CO",10,0,4,0,2,12,0,63
13,"Eagle, CO",15,1,18,0,15,32,1,141
13,"El Paso, TX",25,1,20,0,28,43,1,303
13,"Elko, NV",3,0,0,0,0,3,0,7
13,"Elmira/Corning, NY",1,0,2,0,0,3,0,20
13,"Escanaba, MI",0,1,0,0,0,1,0,12
13,"Eugene, OR",8,1,9,0,7,20,0,149
13,"Evansville, IN",9,0,5,0,1,11,0,36
13,"Everett, WA",2,0,2,0,0,3,0,32
13,"Fairbanks, AK",5,0,7,0,6,11,1,69
13,"Fargo, ND",6,4,14,0,2,17,1,120
13,"Fayetteville, AR",7,5,14,1,16,25,0,234
13,"Fayetteville, NC",1,0,1,0,2,3,0,21
13,"Flagstaff, AZ",6,2,3,0,0,8,0,29
13,"Flint, MI",4,0,3,0,2,7,0,59
13,"Fort Dodge, IA",0,0,2,0,3,3,0,12
13,"Fort Lauderdale, FL",387,5,445,26,363,672,14,2085
13,"Fort Myers, FL",128,6,183,0,161,260,17,1039
13,"Fort Smith, AR",1,1,2,0,2,4,0,21
13,"Fort Wayne, IN",13,1,5,1,4,16,1,82
13,"Fresno, CA",21,1,20,1,20,39,0,217
13,"Gainesville, FL",5,1,6,0,8,11,0,48
13,"Garden City, KS",2,2,4,0,2,5,0,14
13,"Gillette, WY",1,1,3,0,0,3,0,14
13,"Grand Forks, ND",2,2,2,0,0,4,1,26
13,"Grand Island, NE",3,0,2,0,1,4,0,18
13,"Grand Junction, CO",10,1,5,1,5,13,0,65
13,"Grand Rapids, MI",25,2,32,0,21,56,1,393
13,"Great Falls, MT",6,0,3,0,2,8,0,52
13,"Green Bay, WI",3,3,3,0,4,10,0,89
13,"Greensboro/High Point, NC",8,0,18,0,14,26,0,217
13,"Greer, SC",17,1,21,0,22,36,0,290
13,"Guam, TT",0,0,0,0,0,0,0,14
13,"Gulfport/Biloxi, MS",2,0,3,0,3,5,0,63
13,"Gunnison, CO",1,0,1,0,1,3,0,22
13,"Hagerstown, MD",0,0,1,0,0,1,0,4
13,"Hancock/Houghton, MI",2,2,3,0,0,5,2,14
13,"Harlingen/San Benito, TX",4,2,4,0,9,12,0,79
13,"Harrisburg, PA",5,0,7,0,5,12,1,89
13,"Hartford, CT",23,0,42,0,44,65,4,395
13,"Hattiesburg/Laurel, MS",2,0,1,0,0,2,0,12
13,"Hayden, CO",5,0,11,0,9,16,0,93
13,"Hays, KS",0,0,0,0,0,0,0,14
13,"Helena, MT",2,0,1,1,0,3,0,28
13,"Hibbing, MN",3,1,2,0,0,4,0,12
13,"Hilo, HI",3,0,2,0,4,8,0,130
13,"Hilton Head, SC",1,0,2,0,4,4,0,22
13,"Honolulu, HI",64,0,32,2,43,96,6,1201
13,"Houston, TX",285,9,228,3,247,476,6,3280
13,"Huntsville, AL",18,0,14,1,14,27,0,176
13,"Idaho Falls, ID",8,0,4,0,2,10,0,50
13,"Indianapolis, IN",79,6,107,0,87,170,4,992
13,"International Falls, MN",2,0,1,0,0,2,0,12
13,"Iron Mountain/Kingsfd, MI",2,2,2,0,0,4,0,14
13,"Islip, NY",7,1,15,0,16,28,0,105
13,"Ithaca/Cortland, NY",0,0,0,0,1,1,0,14
13,"Jackson, WY",10,1,20,0,11,28,1,111
13,"Jackson/Vicksburg, MS",3,2,9,0,12,21,0,127
13,"Jacksonville, FL",53,8,49,0,74,110,1,605
13,"Jacksonville/Camp Lejeune, NC",1,0,2,0,1,3,0,21
13,"Jamestown, ND",1,1,2,0,1,3,0,13
13,"Johnstown, PA",0,0,0,0,1,1,0,14
13,"Joplin, MO",0,0,1,0,0,1,0,12
13,"Juneau, AK",2,0,5,0,6,9,1,77
13,"Kahului, HI",19,2,23,0,20,38,1,525
13,"Kalamazoo, MI",0,0,0,0,0,0,0,20
13,"Kalispell, MT",1,0,3,0,1,4,1,54
13,"Kansas City, MO",63,9,95,0,79,147,3,965
13,"Ketchikan, AK",1,1,4,0,6,8,1,42
13,"Key West, FL",47,11,34,4,53,76,0,192
13,"Killeen, TX",3,0,2,0,2,4,0,28
13,"Knoxville, TN",11,0,14,0,17,27,0,265
13,"Kodiak, AK",1,0,0,0,2,2,0,13
13,"Kona, HI",10,0,13,0,12,22,1,313
13,"Kotzebue, AK",0,0,0,0,0,0,2,7
13,"Lafayette, LA",5,2,4,0,4,11,0,74
13,"Lake Charles, LA",4,0,0,0,0,4,0,21
13,"Lansing, MI",1,1,2,0,2,3,0,26
13,"Laramie, WY",1,1,1,0,0,2,0,12
13,"Laredo, TX",3,0,3,0,4,5,1,29
13,"Las Vegas, NV",360,5,323,3,413,657,11,3678
13,"Latrobe, PA",0,0,3,0,1,2,0,7
13,"Lawton/Fort Sill, OK",3,0,0,0,1,3,0,21
13,"Lewiston, ID",1,0,2,0,2,3,0,20
13,"Lexington, KY",10,0,13,0,12,23,0,182
13,"Liberal, KS",0,0,3,0,3,3,0,12
13,"Lihue, HI",15,0,8,0,8,21,1,307
13,"Lincoln, NE",0,0,0,0,0,0,0,8
13,"Little Rock, AR",10,1,14,0,21,24,0,224
13,"Long Beach, CA",24,0,17,0,24,36,1,344
13,"Longview, TX",1,0,1,0,1,2,0,14
13,"Los Angeles, CA",494,25,429,5,387,810,8,3647
13,"Louisville, KY",33,2,40,0,29,62,1,472
13,"Lubbock, TX",2,0,6,0,2,8,0,126
13,"Madison, WI",21,1,17,1,15,36,1,219
13,"Manchester, NH",4,1,11,0,7,15,0,97
13,"Manhattan/Ft. Riley, KS",3,0,1,0,2,4,0,14
13,"Marquette, MI",0,0,0,0,0,0,0,14
13,"Mason City, IA",1,0,2,0,2,4,0,12
13,"Medford, OR",1,0,5,0,1,6,0,80
13,"Melbourne, FL",4,0,2,0,4,7,0,57
13,"Memphis, TN",25,1,23,1,19,46,1,410
13,"Meridian, MS",1,1,1,0,0,2,0,12
13,"Miami, FL",471,17,471,4,469,773,13,2391
13,"Midland/Odessa, TX",4,0,5,0,2,9,0,165
13,"Milwaukee, WI",50,1,60,0,56,111,3,604
13,"Minneapolis, MN",261,95,427,0,175,592,8,2357
13,"Minot, ND",4,0,1,0,1,4,1,42
13,"Mission/McAllen/Edinburg, TX",1,0,3,0,1,4,0,63
13,"Missoula, MT",4,1,6,0,6,12,0,59
13,"Mobile, AL",3,0,3,0,5,9,0,48
13,"Moline, IL",4,2,7,0,4,10,0,85
13,"Monroe, LA",2,0,4,0,3,6,0,35
13,"Monterey, CA",5,0,9,0,4,13,0,65
13,"Montgomery, AL",3,2,3,0,4,6,0,47
13,"Montrose/Delta, CO",3,0,3,0,6,8,0,83
13,"Mosinee, WI",2,0,0,0,2,2,0,14
13,"Myrtle Beach, SC",13,0,21,0,15,35,0,260
13,"Nashville, TN",154,1,168,0,180,298,4,1907
13,"New Orleans, LA",87,0,89,0,107,176,5,1019
13,"New York, NY",505,5,537,6,379,900,5,5355
13,"Newark, NJ",243,10,280,1,211,454,11,2435
13,"Newburgh/Poughkeepsie, NY",1,0,1,0,1,2,0,8
13,"Niagara Falls, NY",2,0,3,0,0,4,0,15
13,"Nome, AK",0,0,1,0,1,1,1,7
13,"Norfolk, VA",30,17,31,1,28,66,0,370
13,"North Bend/Coos Bay, OR",0,0,3,0,3,3,0,4
13,"North Platte, NE",0,0,1,0,1,1,1,12
13,"Oakland, CA",76,6,53,0,85,120,0,808
13,"Oklahoma City, OK",25,0,22,0,24,41,1,404
13,"Omaha, NE",47,5,40,0,34,73,2,453
13,"Ontario, CA",39,0,39,2,41,76,1,468
13,"Orlando, FL",572,37,699,7,601,1082,34,3549
13,"Pago Pago, TT",1,0,0,0,0,1,0,2
13,"Palm Springs, CA",27,1,44,0,22,73,0,389
13,"Panama City, FL",14,2,9,0,17,26,0,167
13,"Pasco/Kennewick/Richland, WA",5,0,4,0,4,10,0,87
13,"Pellston, MI",2,0,1,0,0,2,0,12
13,"Pensacola, FL",23,0,26,0,37,49,0,259
13,"Peoria, IL",4,0,6,0,10,13,0,72
13,"Petersburg, AK",0,0,0,0,1,1,0,14
13,"Philadelphia, PA",162,4,176,4,168,315,11,1724
13,"Phoenix, AZ",489,9,417,7,533,869,8,4090
13,"Pittsburgh, PA",59,2,81,0,54,116,1,837
13,"Plattsburgh, NY",0,0,2,0,0,2,1,9
13,"Pocatello, ID",1,0,0,0,0,1,0,14
13,"Ponce, PR",3,0,3,0,3,5,0,26
13,"Portland, ME",4,0,5,0,11,16,1,138
13,"Portland, OR",56,2,105,0,76,166,3,1077
13,"Portsmouth, NH",0,0,1,0,1,1,0,6
13,"Prescott, AZ",1,0,0,0,0,1,0,14
13,"Providence, RI",11,1,20,0,20,32,1,249
13,"Provo, UT",4,0,5,0,1,7,0,39
13,"Punta Gorda, FL",13,0,17,2,14,26,0,178
13,"Raleigh/Durham, NC",147,6,124,2,144,239,0,1106
13,"Rapid City, SD",3,5,7,0,5,13,1,75
13,"Redding, CA",2,0,0,0,0,2,0,27
13,"Reno, NV",24,9,61,1,33,88,5,393
13,"Rhinelander, WI",1,0,1,0,0,2,1,14
13,"Richmond, VA",32,2,42,0,31,62,1,330
13,"Riverton/Lander, WY",0,0,0,0,0,0,0,9
13,"Roanoke, VA",4,0,1,0,2,4,0,51
13,"Rochester, MN",1,3,2,0,0,4,0,36
13,"Rochester, NY",11,0,9,0,14,23,0,212
13,"Rock Springs, WY",0,0,0,0,1,1,0,9
13,"Rockford, IL",0,0,1,0,0,1,0,19
13,"Roswell, NM",2,0,1,0,1,3,0,14
13,"Sacramento, CA",73,3,49,0,76,125,3,983
13,"Saginaw/Bay City/Midland, MI",1,0,3,0,2,4,0,39
13,"Saipan, TT",1,0,0,0,0,1,0,7
13,"Salina, KS",0,0,1,0,1,1,0,14
13,"Salt Lake City, UT",234,8,223,0,127,372,2,2218
13,"San Angelo, TX",2,0,1,0,4,4,0,21
13,"San Antonio, TX",46,1,49,0,73,112,2,776
13,"San Diego, CA",177,29,209,2,251,402,8,1758
13,"San Francisco, CA",346,14,344,2,509,776,13,2472
13,"San Jose, CA",73,6,40,0,78,119,3,902
13,"San Juan, PR",118,8,121,2,121,207,6,695
13,"San Luis Obispo, CA",6,0,7,0,3,12,0,92
13,"Sanford, FL",21,2,31,0,15,39,0,214
13,"Santa Ana, CA",62,2,115,1,89,176,1,861
13,"Santa Barbara, CA",7,1,17,0,10,27,1,124
13,"Santa Fe, NM",3,0,2,0,0,4,0,28
13,"Santa Maria, CA",0,0,1,0,1,0,0,2
13,"Santa Rosa, CA",6,0,10,0,9,16,0,67
13,"Sarasota/Bradenton, FL",29,2,34,0,54,76,3,441
13,"Sault Ste. Marie, MI",1,1,0,0,0,2,0,14
13,"Savannah, GA",25,0,21,0,28,46,1,363
13,"Scottsbluff, NE",0,1,2,0,0,2,0,12
13,"Scranton/Wilkes-Barre, PA",4,0,3,0,1,4,0,26
13,"Seattle, WA",269,14,306,4,208,542,9,2884
13,"Sheridan, WY",0,0,2,0,1,2,0,14
13,"Shreveport, LA",2,3,3,0,10,11,0,76
13,"Sioux City, IA",1,0,0,0,1,2,0,14
13,"Sioux Falls, SD",6,7,19,0,6,24,0,133
13,"Sitka, AK",0,0,1,0,2,2,0,21
13,"South Bend, IN",7,0,5,0,2,10,0,124
13,"Spokane, WA",26,0,22,0,23,39,1,334
13,"Springfield, IL",0,0,1,0,1,1,0,3
13,"Springfield, MO",10,1,16,0,11,23,0,143
13,"St. Cloud, MN",0,1,0,0,0,1,0,6
13,"St. George, UT",1,0,1,0,0,1,0,52
13,"St. Louis, MO",115,4,137,0,139,229,5,1261
13,"St. Petersburg, FL",1,0,16,0,14,23,0,180
13,"State College, PA",0,0,1,0,0,1,0,14
13,"Stillwater, OK",0,0,0,0,0,0,0,14
13,"Stockton, CA",3,0,1,0,1,3,0,11
13,"Sun Valley/Hailey/Ketchum, ID",1,0,4,0,1,5,0,48
13,"Syracuse, NY",19,0,12,1,26,36,3,273
13,"Tallahassee, FL",12,5,13,0,14,22,0,120
13,"Tampa, FL",343,40,354,1,420,610,15,1844
13,"Texarkana, AR",0,0,1,0,0,1,0,14
13,"Toledo, OH",2,0,1,0,2,3,0,15
13,"Traverse City, MI",4,0,3,0,1,7,0,51
13,"Trenton, NJ",6,0,5,0,12,14,0,49
13,"Tucson, AZ",39,6,32,0,27,69,1,396
13,"Tulsa, OK",11,0,12,0,19,30,0,296
13,"Twin Falls, ID",1,0,0,0,0,1,0,14
13,"Tyler, TX",0,0,1,0,1,1,0,21
13,"Valdosta, GA",2,1,1,0,0,3,0,14
13,"Valparaiso, FL",15,2,14,0,17,25,0,190
13,"Victoria, TX",1,0,0,0,1,2,0,12
13,"Waco, TX",1,0,5,0,4,6,0,21
13,"Walla Walla, WA",0,0,0,0,0,0,0,14
13,"Washington, DC",279,13,374,7,290,616,6,3696
13,"West Palm Beach/Palm Beach, FL",110,0,77,1,130,174,1,705
13,"White Plains, NY",23,0,32,0,22,48,2,246
13,"Wichita Falls, TX",2,0,0,0,0,2,0,14
13,"Wichita, KS",14,0,10,0,9,23,0,175
13,"Williston, ND",4,0,0,0,1,4,0,34
13,"Wilmington, NC",8,0,7,0,10,14,0,113
13,"Worcester, MA",5,0,7,0,9,11,0,34
13,"Wrangell, AK",0,0,0,0,1,1,0,14
13,"Yakutat, AK",0,0,0,0,2,2,0,14
13,"Yuma, AZ",3,0,3,0,0,4,0,29
14,"Aberdeen, SD",1,0,0,0,0,1,0,14
14,"Abilene, TX",0,1,0,0,2,2,0,34
14,"Adak Island, AK",0,0,0,0,0,0,0,2
14,"Aguadilla, PR",6,1,6,0,7,11,1,56
14,"Akron, OH",4,1,8,0,7,15,0,66
14,"Albany, GA",4,0,3,0,0,4,0,14
14,"Albany, NY",18,3,36,1,28,50,1,247
14,"Albuquerque, NM",42,4,31,0,48,65,2,437
14,"Alexandria, LA",1,0,1,0,0,2,0,35
14,"Allentown/Bethlehem/Easton, PA",10,1,5,0,6,17,0,88
14,"Alpena, MI",1,0,1,0,0,1,0,12
14,"Amarillo, TX",1,1,3,0,3,4,0,89
14,"Anchorage, AK",21,7,29,0,23,55,7,289
14,"Appleton, WI",14,6,17,0,9,30,5,124
14,"Arcata/Eureka, CA",2,2,5,0,1,7,0,28
14,"Asheville, NC",22,0,24,0,21,40,1,219
14,"Ashland, WV",3,0,1,0,2,3,0,4
14,"Aspen, CO",30,5,28,2,12,53,22,198
14,"Atlanta, GA",929,42,720,3,482,1369,31,6536
14,"Atlantic City, NJ",3,0,10,0,3,12,1,69
14,"Augusta, GA",5,2,6,1,4,11,0,84
14,"Austin, TX",95,7,106,0,168,235,8,1654
14,"Bakersfield, CA",3,1,4,0,1,8,0,41
14,"Baltimore, MD",294,25,225,3,292,473,26,1881
14,"Bangor, ME",3,1,13,0,6,14,2,58
14,"Barrow, AK",1,0,1,0,1,1,0,7
14,"Baton Rouge, LA",8,1,6,0,7,12,0,93
14,"Beaumont/Port Arthur, TX",0,0,0,0,0,0,0,14
14,"Belleville, IL",0,0,1,0,0,1,0,20
14,"Bellingham, WA",7,0,7,1,5,11,0,60
14,"Bemidji, MN",2,1,1,0,0,3,0,14
14,"Bend/Redmond, OR",8,2,12,0,2,16,1,111
14,"Bethel, AK",2,0,1,2,3,5,0,14
14,"Billings, MT",6,1,10,1,6,15,0,74
14,"Binghamton, NY",0,0,2,0,0,2,0,7
14,"Birmingham, AL",24,1,21,1,34,47,2,327
14,"Bishop, CA",0,0,1,0,1,2,0,3
14,"Bismarck/Mandan, ND",4,0,1,0,1,6,0,66
14,"Bloomington/Normal, IL",2,1,3,1,5,6,1,32
14,"Boise, ID",33,5,45,0,19,61,0,416
14,"Boston, MA",293,140,358,4,312,626,90,2564
14,"Bozeman, MT",7,0,20,0,10,26,0,168
14,"Brainerd, MN",0,0,0,0,0,0,0,12
14,"Bristol/Johnson City/Kingsport, TN",0,0,1,0,1,1,0,38
14,"Brownsville, TX",3,1,1,0,3,4,0,36
14,"Brunswick, GA",0,0,3,0,2,4,0,14
14,"Buffalo, NY",28,5,42,0,43,71,10,424
14,"Burbank, CA",31,3,55,0,42,87,1,526
14,"Burlington, VT",3,5,19,0,10,20,10,113
14,"Butte, MT",1,0,0,0,0,1,0,13
14,"Casper, WY",0,0,0,0,0,0,0,7
14,"Cedar City, UT",3,0,0,0,0,3,0,12
14,"Cedar Rapids/Iowa City, IA",12,3,32,0,18,40,0,140
14,"Champaign/Urbana, IL",4,1,2,0,1,5,0,28
14,"Charleston, SC",43,1,41,1,51,77,8,491
14,"Charleston/Dunbar, WV",8,2,5,0,4,12,0,62
14,"Charlotte Amalie, VI",11,1,18,0,25,33,1,131
14,"Charlotte, NC",662,15,554,14,548,990,50,4122
14,"Charlottesville, VA",5,4,6,0,5,14,4,64
14,"Chattanooga, TN",16,1,11,0,8,24,1,137
14,"Cheyenne, WY",1,0,2,0,1,2,1,13
14,"Chicago, IL",892,96,938,5,868,1706,62,7023
14,"Christiansted, VI",1,0,6,0,5,10,0,32
14,"Cincinnati, OH",67,39,90,0,98,185,10,849
14,"Clarksburg/Fairmont, WV",0,0,0,0,0,0,0,4
14,"Cleveland, OH",64,1,80,1,90,152,16,781
14,"College Station/Bryan, TX",0,0,3,0,2,3,0,21
14,"Colorado Springs, CO",9,0,13,0,16,22,0,229
14,"Columbia, MO",1,1,2,0,3,3,0,30
14,"Columbia, SC",7,3,8,0,9,18,1,123
14,"Columbus, GA",3,0,1,0,0,3,0,20
14,"Columbus, MS",0,0,1,0,0,1,0,14
14,"Columbus, OH",72,18,78,1,88,154,8,823
14,"Concord, NC",1,0,2,0,2,2,0,14
14,"Cordova, AK",0,0,0,0,2,2,1,14
14,"Corpus Christi, TX",2,0,5,0,5,5,1,75
14,"Dallas, TX",134,5,76,0,149,214,6,1444
14,"Dallas/Fort Worth, TX",653,105,520,6,598,1090,39,5740
14,"Dayton, OH",16,2,17,0,18,35,2,158
14,"Daytona Beach, FL",3,1,3,0,8,10,0,58
14,"Deadhorse, AK",1,0,2,0,3,3,0,11
14,"Decatur, IL",2,0,3,0,3,5,0,19
14,"Denver, CO",707,24,442,5,588,1062,26,5761
14,"Des Moines, IA",16,2,15,1,15,31,3,297
14,"Detroit, MI",273,10,188,0,136,425,35,2527
14,"Devils Lake, ND",0,0,0,0,0,0,0,13
14,"Dickinson, ND",0,0,0,0,1,1,0,13
14,"Dodge City, KS",0,0,0,0,0,0,0,12
14,"Dothan, AL",1,0,2,0,1,2,0,14
14,"Duluth, MN",3,1,1,0,0,4,0,40
14,"Durango, CO",5,1,12,0,0,13,0,59
14,"Eagle, CO",10,4,11,0,9,21,1,86
14,"El Paso, TX",22,2,21,0,28,43,0,325
14,"Elko, NV",1,0,0,0,0,0,0,7
14,"Elmira/Corning, NY",2,1,2,0,1,4,0,20
14,"Escanaba, MI",1,0,0,0,0,1,1,12
14,"Eugene, OR",5,0,12,0,6,17,0,148
14,"Evansville, IN",5,3,3,0,3,9,0,36
14,"Everett, WA",1,0,4,0,1,5,0,32
14,"Fairbanks, AK",3,0,6,0,7,12,2,63
14,"Fargo, ND",10,2,7,0,5,16,1,123
14,"Fayetteville, AR",13,2,10,0,14,23,1,244
14,"Fayetteville, NC",2,0,2,0,3,4,0,20
14,"Flagstaff, AZ",0,1,4,0,0,4,0,32
14,"Flint, MI",6,0,5,0,2,11,0,50
14,"Fort Dodge, IA",0,0,1,0,2,2,0,12
14,"Fort Lauderdale, FL",418,3,370,25,289,593,47,2055
14,"Fort Myers, FL",130,2,133,0,145,235,25,1000
14,"Fort Smith, AR",0,1,0,0,0,1,0,21
14,"Fort Wayne, IN",12,0,9,0,4,17,2,86
14,"Fresno, CA",21,2,21,1,17,35,2,216
14,"Gainesville, FL",5,2,3,0,7,11,0,54
14,"Garden City, KS",1,1,2,0,1,2,0,14
14,"Gillette, WY",1,0,1,0,1,2,1,14
14,"Grand Forks, ND",1,0,0,0,0,1,0,26
14,"Grand Island, NE",1,0,0,0,0,1,0,18
14,"Grand Junction, CO",3,3,9,0,3,12,1,58
14,"Grand Rapids, MI",17,0,26,0,29,49,1,396
14,"Great Falls, MT",4,0,0,0,1,5,0,52
14,"Green Bay, WI",13,2,8,0,8,20,8,93
14,"Greensboro/High Point, NC",14,0,20,0,14,33,5,219
14,"Greer, SC",16,2,25,2,22,40,4,302
14,"Guam, TT",0,0,0,0,0,0,0,14
14,"Gulfport/Biloxi, MS",5,1,3,0,5,9,0,63
14,"Gunnison, CO",1,0,1,0,0,1,0,17
14,"Hagerstown, MD",1,0,0,0,1,1,0,4
14,"Hancock/Houghton, MI",1,1,4,0,3,5,2,14
14,"Harlingen/San Benito, TX",4,1,2,0,8,9,0,85
14,"Harrisburg, PA",8,0,11,0,9,13,0,108
14,"Hartford, CT",54,6,62,2,57,101,5,439
14,"Hattiesburg/Laurel, MS",1,0,0,0,1,1,0,12
14,"Hayden, CO",4,0,2,0,5,8,0,49
14,"Hays, KS",1,0,2,0,4,5,0,14
14,"Helena, MT",1,0,1,0,0,1,0,28
14,"Hibbing, MN",1,0,0,0,0,1,0,12
14,"Hilo, HI",8,0,0,1,13,14,0,143
14,"Hilton Head, SC",1,1,7,0,8,10,1,35
14,"Honolulu, HI",107,1,36,2,65,144,8,1209
14,"Houston, TX",326,8,235,2,263,516,15,3273
14,"Huntsville, AL",23,1,9,1,19,35,0,182
14,"Idaho Falls, ID",2,1,2,0,0,5,0,62
14,"Indianapolis, IN",51,11,92,0,73,146,16,982
14,"International Falls, MN",1,1,0,0,0,2,0,12
14,"Iron Mountain/Kingsfd, MI",1,1,1,0,0,2,0,14
14,"Islip, NY",8,3,9,0,14,19,3,107
14,"Ithaca/Cortland, NY",1,1,1,0,2,4,0,14
14,"Jackson, WY",7,0,12,0,4,16,0,78
14,"Jackson/Vicksburg, MS",7,0,5,0,8,15,0,135
14,"Jacksonville, FL",46,9,62,1,76,110,7,610
14,"Jacksonville/Camp Lejeune, NC",0,0,0,0,0,0,0,28
14,"Jamestown, ND",0,0,0,0,0,0,0,13
14,"Johnstown, PA",4,0,3,0,2,6,0,14
14,"Joplin, MO",0,0,0,0,0,0,0,12
14,"Juneau, AK",2,0,1,0,4,6,3,77
14,"Kahului, HI",39,1,24,0,33,63,4,530
14,"Kalamazoo, MI",2,0,0,0,0,2,0,20
14,"Kalispell, MT",4,0,1,0,1,5,1,52
14,"Kansas City, MO",62,4,61,0,96,139,7,982
14,"Ketchikan, AK",3,0,1,0,3,4,1,42
14,"Key West, FL",46,3,32,2,42,70,6,181
14,"Killeen, TX",0,1,1,0,1,2,0,32
14,"Knoxville, TN",22,0,20,0,26,41,4,281
14,"Kodiak, AK",1,0,0,0,0,1,1,13
14,"Kona, HI",14,0,13,1,13,30,2,310
14,"Kotzebue, AK",0,0,2,0,2,2,2,7
14,"Lafayette, LA",2,3,1,2,5,7,0,62
14,"Lake Charles, LA",1,0,0,0,0,1,0,21
14,"Lansing, MI",5,1,5,0,4,9,1,26
14,"Laramie, WY",0,0,0,0,0,0,1,12
14,"Laredo, TX",0,0,3,0,3,3,0,32
14,"Las Vegas, NV",449,5,358,2,445,702,12,3667
14,"Latrobe, PA",1,0,3,0,2,3,0,7
14,"Lawton/Fort Sill, OK",1,1,1,0,2,2,0,21
14,"Lewiston, ID",2,0,0,0,0,2,0,21
14,"Lexington, KY",14,4,18,0,11,27,3,188
14,"Liberal, KS",0,0,0,0,0,0,0,12
14,"Lihue, HI",9,1,7,0,10,20,1,305
14,"Lincoln, NE",3,0,3,0,4,7,0,21
14,"Little Rock, AR",19,2,15,0,15,30,1,250
14,"Long Beach, CA",16,1,18,0,23,38,0,344
14,"Longview, TX",0,0,0,0,0,0,0,14
14,"Los Angeles, CA",406,11,458,0,313,726,11,3622
14,"Louisville, KY",47,7,49,0,51,93,2,480
14,"Lubbock, TX",7,1,9,0,9,17,0,115
14,"Madison, WI",23,11,28,0,28,52,8,226
14,"Manchester, NH",8,0,15,0,16,21,4,101
14,"Manhattan/Ft. Riley, KS",1,0,0,0,0,1,0,14
14,"Marquette, MI",5,1,1,0,0,5,2,14
14,"Mason City, IA",0,0,0,0,3,3,1,12
14,"Medford, OR",5,0,5,0,2,9,0,80
14,"Melbourne, FL",7,0,3,0,9,10,0,57
14,"Memphis, TN",27,5,20,1,27,50,4,430
14,"Meridian, MS",2,0,1,0,0,2,0,12
14,"Miami, FL",381,6,355,8,332,610,52,2316
14,"Midland/Odessa, TX",7,2,7,0,11,18,0,186
14,"Milwaukee, WI",44,4,67,0,71,119,6,603
14,"Minneapolis, MN",222,13,174,0,104,363,11,2397
14,"Minot, ND",4,1,2,0,0,5,0,42
14,"Mission/McAllen/Edinburg, TX",2,1,2,3,5,7,0,59
14,"Missoula, MT",4,1,4,1,1,8,0,53
14,"Mobile, AL",1,1,2,0,3,3,0,48
14,"Moline, IL",10,2,12,0,8,21,0,71
14,"Monroe, LA",3,0,1,0,4,4,0,35
14,"Monterey, CA",7,3,10,0,1,12,0,69
14,"Montgomery, AL",1,0,2,0,2,4,0,47
14,"Montrose/Delta, CO",3,0,4,0,3,6,0,58
14,"Mosinee, WI",0,0,1,0,0,1,0,14
14,"Myrtle Beach, SC",15,0,35,0,33,53,5,272
14,"Nashville, TN",148,9,158,0,191,307,14,1907
14,"New Orleans, LA",61,2,62,0,86,128,6,1017
14,"New York, NY",646,48,635,4,528,1111,244,5395
14,"Newark, NJ",440,60,415,0,412,753,104,2493
14,"Newburgh/Poughkeepsie, NY",0,0,0,0,0,0,0,8
14,"Niagara Falls, NY",2,0,2,0,1,4,0,15
14,"Nome, AK",0,0,1,0,1,1,0,7
14,"Norfolk, VA",33,5,35,0,40,73,12,391
14,"North Bend/Coos Bay, OR",1,0,1,0,1,3,0,7
14,"North Platte, NE",1,0,1,0,1,2,0,13
14,"Oakland, CA",83,0,46,0,65,113,2,807
14,"Oklahoma City, OK",18,0,19,0,27,43,6,431
14,"Omaha, NE",22,3,20,0,25,44,1,456
14,"Ontario, CA",33,0,34,1,38,64,1,467
14,"Orlando, FL",495,69,441,6,410,810,91,3530
14,"Pago Pago, TT",1,0,0,0,0,1,0,2
14,"Palm Springs, CA",28,3,48,0,26,75,2,376
14,"Panama City, FL",7,0,5,0,14,18,1,167
14,"Pasco/Kennewick/Richland, WA",3,0,3,0,0,5,0,87
14,"Pellston, MI",1,0,1,0,0,1,0,12
14,"Pensacola, FL",18,1,17,1,28,35,2,269
14,"Peoria, IL",2,2,12,0,9,19,0,73
14,"Petersburg, AK",0,0,1,0,1,1,0,14
14,"Philadelphia, PA",199,25,217,2,211,391,28,1814
14,"Phoenix, AZ",435,5,357,3,433,743,11,4078
14,"Pittsburgh, PA",56,10,95,2,63,139,14,845
14,"Plattsburgh, NY",2,2,4,0,2,6,0,14
14,"Pocatello, ID",1,0,0,0,0,1,0,14
14,"Ponce, PR",1,0,1,0,2,2,1,26
14,"Portland, ME",12,5,21,0,18,36,13,143
14,"Portland, OR",69,1,94,0,47,142,5,1084
14,"Portsmouth, NH",1,0,3,0,1,4,0,8
14,"Prescott, AZ",1,0,2,0,2,3,0,14
14,"Providence, RI",26,5,23,0,38,52,2,270
14,"Provo, UT",5,0,5,0,3,9,0,38
14,"Punta Gorda, FL",18,4,19,0,16,32,0,168
14,"Raleigh/Durham, NC",115,7,122,0,141,221,24,1120
14,"Rapid City, SD",9,2,9,0,2,17,0,76
14,"Redding, CA",0,1,0,0,0,1,0,27
14,"Reno, NV",36,3,45,0,28,72,0,383
14,"Rhinelander, WI",0,1,0,0,0,1,0,14
14,"Richmond, VA",52,1,41,2,38,81,6,348
14,"Riverton/Lander, WY",0,1,1,0,1,2,0,9
14,"Roanoke, VA",3,0,3,0,4,6,0,51
14,"Rochester, MN",4,1,8,0,5,10,0,32
14,"Rochester, NY",12,2,26,0,24,39,8,214
14,"Rock Springs, WY",1,0,2,0,2,3,0,9
14,"Rockford, IL",0,0,3,0,2,4,0,17
14,"Roswell, NM",2,0,1,0,1,2,0,14
14,"Sacramento, CA",85,6,63,2,92,145,4,1001
14,"Saginaw/Bay City/Midland, MI",7,1,8,0,2,12,0,39
14,"Saipan, TT",0,0,0,0,0,0,0,7
14,"Salina, KS",2,0,3,0,3,5,0,14
14,"Salt Lake City, UT",218,14,179,0,135,358,4,2187
14,"San Angelo, TX",0,1,0,0,2,2,0,21
14,"San Antonio, TX",55,2,43,0,90,117,2,789
14,"San Diego, CA",128,9,199,0,178,309,6,1782
14,"San Francisco, CA",325,10,343,0,377,657,21,2434
14,"San Jose, CA",67,2,55,2,52,104,2,917
14,"San Juan, PR",103,2,91,0,106,161,16,702
14,"San Luis Obispo, CA",11,0,6,0,5,17,1,98
14,"Sanford, FL",20,6,32,2,22,42,0,203
14,"Santa Ana, CA",55,5,82,0,83,150,3,861
14,"Santa Barbara, CA",9,0,21,0,12,30,1,125
14,"Santa Fe, NM",0,2,3,0,1,4,0,35
14,"Santa Maria, CA",0,0,0,0,0,0,0,2
14,"Santa Rosa, CA",4,2,7,0,5,10,0,71
14,"Sarasota/Bradenton, FL",37,2,32,1,58,83,7,428
14,"Sault Ste. Marie, MI",2,0,0,0,0,2,0,14
14,"Savannah, GA",39,3,41,0,48,74,6,372
14,"Scottsbluff, NE",1,0,2,0,2,3,1,12
14,"Scranton/Wilkes-Barre, PA",7,0,5,0,5,8,0,23
14,"Seattle, WA",294,7,425,1,235,639,10,2899
14,"Sheridan, WY",3,0,1,0,0,3,0,14
14,"Shreveport, LA",3,1,6,0,6,9,0,76
14,"Sioux City, IA",1,0,2,0,2,3,0,14
14,"Sioux Falls, SD",10,4,14,0,13,21,1,142
14,"Sitka, AK",4,1,2,0,1,5,1,21
14,"South Bend, IN",11,0,13,0,12,26,2,132
14,"Spokane, WA",18,1,20,0,18,37,4,347
14,"Springfield, IL",0,0,0,0,1,1,0,3
14,"Springfield, MO",12,3,22,0,16,27,1,152
14,"St. Cloud, MN",0,0,0,0,0,0,0,6
14,"St. George, UT",7,0,4,0,0,8,0,57
14,"St. Louis, MO",118,21,113,0,176,248,14,1268
14,"St. Petersburg, FL",12,4,20,0,17,29,0,174
14,"State College, PA",2,0,0,0,1,3,0,14
14,"Stillwater, OK",2,0,0,0,0,2,0,14
14,"Stockton, CA",3,0,5,0,3,5,0,10
14,"Sun Valley/Hailey/Ketchum, ID",2,1,0,0,0,3,0,28
14,"Syracuse, NY",26,0,30,0,22,50,6,258
14,"Tallahassee, FL",5,3,10,1,12,19,0,119
14,"Tampa, FL",227,22,187,1,224,382,59,1830
14,"Texarkana, AR",1,0,2,0,1,3,0,14
14,"Toledo, OH",3,0,3,0,3,5,0,15
14,"Traverse City, MI",8,1,11,0,4,16,0,50
14,"Trenton, NJ",7,1,7,0,13,16,0,51
14,"Tucson, AZ",21,1,30,0,20,48,2,404
14,"Tulsa, OK",14,3,15,0,18,33,3,321
14,"Twin Falls, ID",1,0,0,0,0,1,0,14
14,"Tyler, TX",1,0,0,0,0,1,0,21
14,"Valdosta, GA",1,1,0,0,0,2,0,14
14,"Valparaiso, FL",21,0,14,0,19,30,0,198
14,"Victoria, TX",0,0,0,0,1,1,0,12
14,"Waco, TX",2,1,3,0,4,7,0,21
14,"Walla Walla, WA",0,0,0,0,0,0,0,14
14,"Washington, DC",360,34,460,3,411,763,64,3670
14,"West Palm Beach/Palm Beach, FL",93,6,65,12,101,163,19,676
14,"White Plains, NY",24,5,29,0,23,45,21,244
14,"Wichita Falls, TX",0,0,1,0,1,1,0,14
14,"Wichita, KS",10,3,10,0,16,25,1,199
14,"Williston, ND",2,0,0,0,1,3,0,34
14,"Wilmington, NC",6,3,13,0,9,19,1,128
14,"Worcester, MA",2,1,7,0,6,7,2,29
14,"Wrangell, AK",1,0,0,0,1,2,0,14
14,"Yakutat, AK",0,0,0,0,1,1,1,14
14,"Yuma, AZ",2,0,0,0,1,2,0,30
15,"Aberdeen, SD",0,0,0,0,0,0,0,14
15,"Abilene, TX",2,4,3,1,5,7,0,34
15,"Adak Island, AK",0,0,0,0,0,0,1,2
15,"Aguadilla, PR",3,0,1,0,4,5,0,54
15,"Akron, OH",7,0,9,0,6,15,0,68
15,"Albany, GA",2,1,3,0,0,4,0,14
15,"Albany, NY",17,1,18,0,20,37,0,231
15,"Albuquerque, NM",34,4,36,0,44,66,2,441
15,"Alexandria, LA",5,6,7,0,5,14,1,35
15,"Allentown/Bethlehem/Easton, PA",8,2,7,0,10,21,2,85
15,"Alpena, MI",1,0,1,0,0,1,0,12
15,"Amarillo, TX",9,0,7,0,11,15,2,85
15,"Anchorage, AK",22,1,21,0,27,46,6,296
15,"Appleton, WI",8,1,6,0,3,14,0,118
15,"Arcata/Eureka, CA",1,2,7,0,2,7,0,28
15,"Asheville, NC",24,8,43,0,36,62,1,235
15,"Ashland, WV",0,1,1,0,2,2,0,4
15,"Aspen, CO",15,5,11,0,1,23,1,99
15,"Atlanta, GA",900,33,885,3,650,1488,8,6587
15,"Atlantic City, NJ",2,0,6,0,3,11,0,70
15,"Augusta, GA",32,1,36,2,33,54,0,188
15,"Austin, TX",267,40,227,4,328,472,9,1689
15,"Bakersfield, CA",4,1,2,0,0,6,0,39
15,"Baltimore, MD",335,8,299,5,314,530,12,1906
15,"Bangor, ME",5,0,5,0,6,8,0,56
15,"Barrow, AK",0,0,0,2,1,2,0,8
15,"Baton Rouge, LA",10,7,17,0,11,29,1,101
15,"Beaumont/Port Arthur, TX",2,4,2,0,2,8,0,14
15,"Belleville, IL",1,0,2,0,0,2,0,20
15,"Bellingham, WA",4,0,4,0,2,6,0,59
15,"Bemidji, MN",0,0,0,0,0,0,0,14
15,"Bend/Redmond, OR",18,0,13,0,2,24,0,112
15,"Bethel, AK",1,1,4,1,1,4,1,14
15,"Billings, MT",0,0,2,0,3,3,0,75
15,"Binghamton, NY",0,0,0,0,0,0,0,7
15,"Birmingham, AL",14,9,41,0,47,69,3,334
15,"Bishop, CA",0,0,0,0,1,1,0,2
15,"Bismarck/Mandan, ND",1,1,2,0,2,3,0,65
15,"Bloomington/Normal, IL",1,0,4,0,3,5,1,32
15,"Boise, ID",30,2,22,0,19,55,0,408
15,"Boston, MA",382,9,374,4,330,629,21,2704
15,"Bozeman, MT",7,0,9,0,10,19,2,144
15,"Brainerd, MN",0,0,0,0,0,0,0,12
15,"Bristol/Johnson City/Kingsport, TN",1,1,1,0,2,2,1,38
15,"Brownsville, TX",2,5,8,0,6,11,0,35
15,"Brunswick, GA",4,0,1,0,0,4,0,14
15,"Buffalo, NY",43,2,46,1,41,77,3,417
15,"Burbank, CA",18,0,58,0,58,94,6,527
15,"Burlington, VT",5,0,11,0,6,14,0,117
15,"Butte, MT",0,0,0,1,0,1,0,13
15,"Casper, WY",0,0,0,0,0,0,0,7
15,"Cedar City, UT",1,0,0,1,0,2,0,12
15,"Cedar Rapids/Iowa City, IA",13,1,16,0,5,22,1,147
15,"Champaign/Urbana, IL",3,0,2,0,2,3,0,28
15,"Charleston, SC",38,1,63,0,69,100,3,522
15,"Charleston/Dunbar, WV",15,2,8,0,8,20,0,62
15,"Charlotte Amalie, VI",11,3,24,0,22,36,2,126
15,"Charlotte, NC",682,153,703,15,817,1259,24,4276
15,"Charlottesville, VA",4,0,7,0,6,11,0,63
15,"Chattanooga, TN",16,5,23,0,25,36,2,138
15,"Cheyenne, WY",0,0,0,0,0,0,0,13
15,"Chicago, IL",689,10,569,4,647,1223,19,7110
15,"Christiansted, VI",2,0,3,0,2,4,1,24
15,"Cincinnati, OH",60,17,79,0,73,157,2,842
15,"Clarksburg/Fairmont, WV",1,0,1,0,2,2,0,4
15,"Cleveland, OH",74,7,70,0,74,144,4,775
15,"College Station/Bryan, TX",2,2,4,0,5,7,0,21
15,"Colorado Springs, CO",13,0,13,0,18,32,1,226
15,"Columbia, MO",1,2,4,0,2,5,0,28
15,"Columbia, SC",8,1,12,0,11,19,0,127
15,"Columbus, GA",1,0,0,0,0,1,0,20
15,"Columbus, MS",1,0,0,0,2,2,0,14
15,"Columbus, OH",57,2,79,0,71,125,2,783
15,"Concord, NC",2,0,4,0,2,5,2,14
15,"Cordova, AK",0,0,1,0,1,1,1,14
15,"Corpus Christi, TX",0,2,9,0,11,13,1,74
15,"Dallas, TX",247,6,218,2,275,372,5,1406
15,"Dallas/Fort Worth, TX",951,346,1049,8,1117,1900,93,5807
15,"Dayton, OH",9,2,20,0,7,28,0,161
15,"Daytona Beach, FL",3,0,4,0,7,9,2,58
15,"Deadhorse, AK",0,0,2,0,3,3,1,11
15,"Decatur, IL",1,0,1,0,1,2,0,19
15,"Denver, CO",582,11,316,6,529,923,14,5749
15,"Des Moines, IA",23,0,12,0,11,31,2,294
15,"Detroit, MI",210,17,222,1,123,377,3,2499
15,"Devils Lake, ND",0,0,0,0,0,0,0,13
15,"Dickinson, ND",1,0,0,0,0,1,0,13
15,"Dodge City, KS",0,0,0,0,0,0,0,12
15,"Dothan, AL",3,1,1,0,0,4,0,14
15,"Duluth, MN",0,1,0,0,0,1,0,40
15,"Durango, CO",6,1,2,0,3,9,0,56
15,"Eagle, CO",1,2,3,0,1,4,0,39
15,"El Paso, TX",32,4,16,0,40,56,0,334
15,"Elko, NV",1,0,0,0,0,1,0,7
15,"Elmira/Corning, NY",0,0,0,0,0,0,0,18
15,"Escanaba, MI",0,0,0,0,0,0,0,12
15,"Eugene, OR",8,1,10,0,9,18,0,146
15,"Evansville, IN",4,1,6,0,3,10,1,36
15,"Everett, WA",2,0,3,0,1,5,0,32
15,"Fairbanks, AK",0,0,2,0,4,5,1,62
15,"Fargo, ND",4,1,6,0,3,9,0,125
15,"Fayetteville, AR",10,6,22,0,19,34,0,249
15,"Fayetteville, NC",0,0,1,0,0,0,0,20
15,"Flagstaff, AZ",1,0,2,0,2,4,0,34
15,"Flint, MI",3,0,4,0,4,9,1,45
15,"Fort Dodge, IA",0,0,1,0,2,1,0,12
15,"Fort Lauderdale, FL",260,2,320,14,247,500,22,1928
15,"Fort Myers, FL",72,11,67,1,106,150,13,805
15,"Fort Smith, AR",1,2,1,0,2,4,0,21
15,"Fort Wayne, IN",8,2,7,0,5,16,0,83
15,"Fresno, CA",17,1,19,1,21,39,1,213
15,"Gainesville, FL",9,0,9,0,10,15,0,61
15,"Garden City, KS",3,0,2,0,2,4,0,14
15,"Gillette, WY",2,0,1,0,0,2,0,14
15,"Grand Forks, ND",3,0,1,0,0,3,0,25
15,"Grand Island, NE",1,1,1,0,2,3,0,18
15,"Grand Junction, CO",4,0,4,0,3,6,1,57
15,"Grand Rapids, MI",18,1,20,0,26,45,0,343
15,"Great Falls, MT",2,0,2,0,2,3,0,52
15,"Green Bay, WI",2,0,3,0,1,3,0,93
15,"Greensboro/High Point, NC",15,5,23,0,21,35,0,221
15,"Greer, SC",23,7,28,0,37,54,2,311
15,"Guam, TT",0,0,0,0,0,0,0,14
15,"Gulfport/Biloxi, MS",7,2,8,0,8,13,1,63
15,"Gunnison, CO",0,0,0,0,0,0,0,9
15,"Hagerstown, MD",2,0,2,0,3,3,0,4
15,"Hancock/Houghton, MI",3,0,0,0,2,5,0,14
15,"Harlingen/San Benito, TX",4,2,9,0,10,17,1,90
15,"Harrisburg, PA",8,1,6,0,7,14,2,122
15,"Hartford, CT",42,0,43,3,42,73,0,468
15,"Hattiesburg/Laurel, MS",0,0,2,0,2,2,0,12
15,"Hayden, CO",0,0,0,0,0,0,0,23
15,"Hays, KS",0,0,0,0,1,1,0,14
15,"Helena, MT",0,0,0,0,0,0,0,28
15,"Hibbing, MN",0,0,0,0,0,0,0,12
15,"Hilo, HI",13,0,3,0,14,17,0,132
15,"Hilton Head, SC",4,0,4,0,8,9,0,38
15,"Honolulu, HI",132,6,16,0,104,176,16,1200
15,"Houston, TX",533,26,510,9,513,911,7,3292
15,"Huntsville, AL",14,3,17,0,21,34,1,188
15,"Idaho Falls, ID",2,0,3,1,2,6,0,62
15,"Indianapolis, IN",60,2,78,0,69,135,7,908
15,"International Falls, MN",0,0,0,0,0,0,0,12
15,"Iron Mountain/Kingsfd, MI",1,0,0,0,0,1,0,14
15,"Islip, NY",8,1,10,0,13,18,2,100
15,"Ithaca/Cortland, NY",0,0,2,0,0,1,0,14
15,"Jackson, WY",3,0,4,0,3,4,0,52
15,"Jackson/Vicksburg, MS",14,6,18,0,21,36,1,140
15,"Jacksonville, FL",38,17,76,0,87,131,3,604
15,"Jacksonville/Camp Lejeune, NC",1,0,1,0,2,3,0,35
15,"Jamestown, ND",0,0,0,0,0,0,0,13
15,"Johnstown, PA",3,0,1,0,1,4,0,14
15,"Joplin, MO",1,0,0,0,0,1,0,12
15,"Juneau, AK",1,0,3,0,4,5,3,77
15,"Kahului, HI",39,8,10,0,37,57,4,512
15,"Kalamazoo, MI",1,0,0,0,0,1,0,20
15,"Kalispell, MT",3,0,1,0,0,4,0,45
15,"Kansas City, MO",65,2,62,1,90,133,1,950
15,"Ketchikan, AK",1,0,2,0,2,2,2,42
15,"Key West, FL",28,1,26,0,34,50,5,180
15,"Killeen, TX",6,3,8,0,3,12,1,35
15,"Knoxville, TN",14,4,23,0,29,48,2,281
15,"Kodiak, AK",0,0,1,0,3,3,0,13
15,"Kona, HI",20,1,12,0,33,46,6,310
15,"Kotzebue, AK",1,0,0,0,2,2,1,7
15,"Lafayette, LA",1,4,9,0,7,11,2,62
15,"Lake Charles, LA",2,3,6,0,1,7,1,21
15,"Lansing, MI",1,0,0,0,1,2,0,26
15,"Laramie, WY",1,1,1,0,0,1,0,12
15,"Laredo, TX",4,0,2,0,4,7,1,37
15,"Las Vegas, NV",434,3,382,1,515,789,10,3617
15,"Latrobe, PA",0,0,2,0,1,3,0,12
15,"Lawton/Fort Sill, OK",4,1,4,0,1,7,0,21
15,"Lewiston, ID",1,0,0,0,0,1,0,21
15,"Lexington, KY",4,1,11,0,12,19,0,182
15,"Liberal, KS",1,0,0,0,0,1,0,12
15,"Lihue, HI",30,5,9,0,40,50,8,305
15,"Lincoln, NE",2,0,0,0,0,2,0,21
15,"Little Rock, AR",22,8,27,0,18,45,2,256
15,"Long Beach, CA",20,1,21,0,33,45,5,343
15,"Longview, TX",1,1,1,0,0,3,0,14
15,"Los Angeles, CA",374,17,455,4,351,757,13,3664
15,"Louisville, KY",31,5,42,0,38,71,1,471
15,"Lubbock, TX",4,5,11,0,14,19,0,112
15,"Madison, WI",16,4,12,0,15,30,1,236
15,"Manchester, NH",9,0,12,0,12,22,1,105
15,"Manhattan/Ft. Riley, KS",1,0,0,0,1,1,0,14
15,"Marquette, MI",2,0,0,0,1,3,0,14
15,"Mason City, IA",0,0,0,0,2,2,0,12
15,"Medford, OR",8,0,9,0,2,14,0,80
15,"Melbourne, FL",3,0,5,0,6,9,1,57
15,"Memphis, TN",52,2,39,0,39,81,2,432
15,"Meridian, MS",1,0,1,0,0,1,0,12
15,"Miami, FL",324,3,304,3,304,539,14,2228
15,"Midland/Odessa, TX",3,7,7,0,16,23,1,188
15,"Milwaukee, WI",36,2,32,0,37,68,3,540
15,"Minneapolis, MN",146,6,131,0,80,246,1,2379
15,"Minot, ND",4,0,0,0,0,4,0,42
15,"Mission/McAllen/Edinburg, TX",3,1,4,0,10,12,0,68
15,"Missoula, MT",1,0,1,0,2,3,0,53
15,"Mobile, AL",2,1,6,0,6,8,1,48
15,"Moline, IL",5,0,7,0,5,11,0,71
15,"Monroe, LA",2,2,8,0,6,11,1,35
15,"Monterey, CA",3,1,8,0,4,10,0,77
15,"Montgomery, AL",2,2,6,0,3,9,1,47
15,"Montrose/Delta, CO",3,0,2,0,3,4,0,31
15,"Mosinee, WI",0,0,0,0,0,0,0,14
15,"Myrtle Beach, SC",10,2,28,0,27,48,6,325
15,"Nashville, TN",165,5,172,0,224,347,6,1924
15,"New Orleans, LA",118,35,136,0,177,271,21,1009
15,"New York, NY",606,15,720,7,569,1176,36,5502
15,"Newark, NJ",245,26,337,3,216,512,13,2501
15,"Newburgh/Poughkeepsie, NY",0,0,3,0,2,3,0,8
15,"Niagara Falls, NY",2,0,2,0,3,3,0,13
15,"Nome, AK",2,0,3,0,3,3,1,7
15,"Norfolk, VA",36,2,41,0,42,84,3,394
15,"North Bend/Coos Bay, OR",0,0,5,0,0,5,0,7
15,"North Platte, NE",0,0,0,0,0,0,0,12
15,"Oakland, CA",57,1,59,0,76,122,5,818
15,"Oklahoma City, OK",32,2,34,0,32,63,4,441
15,"Omaha, NE",31,1,29,0,28,52,1,446
15,"Ontario, CA",34,2,36,0,59,81,1,495
15,"Orlando, FL",450,56,428,5,484,826,49,3293
15,"Pago Pago, TT",2,0,0,0,2,2,0,2
15,"Palm Springs, CA",17,1,46,0,34,72,2,382
15,"Panama City, FL",13,5,17,0,24,36,2,173
15,"Pasco/Kennewick/Richland, WA",6,1,6,0,0,10,0,87
15,"Pellston, MI",2,0,0,0,0,2,0,12
15,"Pensacola, FL",21,9,29,0,40,60,8,264
15,"Peoria, IL",5,1,8,0,6,11,0,65
15,"Petersburg, AK",0,0,1,0,2,1,0,14
15,"Philadelphia, PA",200,9,227,2,188,377,10,1857
15,"Phoenix, AZ",407,4,299,6,377,701,8,3964
15,"Pittsburgh, PA",58,4,91,0,67,139,2,818
15,"Plattsburgh, NY",1,0,1,0,1,2,1,19
15,"Pocatello, ID",0,0,0,0,0,0,0,14
15,"Ponce, PR",1,0,1,0,4,4,0,28
15,"Portland, ME",12,0,15,0,16,28,1,142
15,"Portland, OR",78,4,115,1,74,189,3,1117
15,"Portsmouth, NH",0,0,1,0,0,1,1,13
15,"Prescott, AZ",1,0,2,0,1,2,0,14
15,"Providence, RI",24,0,22,0,27,42,1,285
15,"Provo, UT",2,0,1,0,2,3,0,38
15,"Punta Gorda, FL",20,2,14,0,13,33,0,129
15,"Raleigh/Durham, NC",98,2,145,0,140,234,4,1163
15,"Rapid City, SD",3,2,6,0,2,6,0,72
15,"Redding, CA",1,0,4,0,2,5,0,27
15,"Reno, NV",21,1,42,0,31,62,1,375
15,"Rhinelander, WI",0,0,0,0,0,0,0,14
15,"Richmond, VA",48,3,53,0,49,89,4,362
15,"Riverton/Lander, WY",1,0,1,0,0,1,0,9
15,"Roanoke, VA",4,0,6,0,5,9,1,52
15,"Rochester, MN",4,0,1,0,1,3,0,28
15,"Rochester, NY",21,1,21,0,24,36,2,224
15,"Rock Springs, WY",1,0,1,0,0,0,0,9
15,"Rockford, IL",2,0,2,0,3,5,0,17
15,"Roswell, NM",1,0,3,0,2,3,0,14
15,"Sacramento, CA",83,3,64,0,99,168,7,1024
15,"Saginaw/Bay City/Midland, MI",0,0,0,0,0,0,0,39
15,"Saipan, TT",0,0,0,0,0,0,0,7
15,"Salina, KS",2,0,1,0,1,3,0,14
15,"Salt Lake City, UT",195,6,152,2,123,322,2,2169
15,"San Angelo, TX",1,0,1,0,2,3,0,21
15,"San Antonio, TX",85,7,75,3,108,157,3,784
15,"San Diego, CA",152,10,230,3,213,397,6,1769
15,"San Francisco, CA",283,13,351,0,416,694,25,2471
15,"San Jose, CA",71,2,51,1,69,129,3,924
15,"San Juan, PR",63,2,82,0,76,128,4,676
15,"San Luis Obispo, CA",10,0,10,1,5,18,4,98
15,"Sanford, FL",11,5,27,4,17,37,9,178
15,"Santa Ana, CA",59,1,87,1,93,169,3,843
15,"Santa Barbara, CA",6,2,12,0,7,22,3,127
15,"Santa Fe, NM",6,1,9,0,5,14,0,41
15,"Santa Maria, CA",0,0,0,0,0,0,0,2
15,"Santa Rosa, CA",9,0,12,0,7,16,0,74
15,"Sarasota/Bradenton, FL",35,2,28,0,57,73,8,373
15,"Sault Ste. Marie, MI",0,0,0,0,0,0,0,14
15,"Savannah, GA",43,12,55,1,49,79,1,388
15,"Scottsbluff, NE",2,0,1,0,0,2,0,12
15,"Scranton/Wilkes-Barre, PA",5,0,2,0,5,7,0,21
15,"Seattle, WA",268,14,335,1,171,514,5,2978
15,"Sheridan, WY",0,0,0,0,0,0,0,14
15,"Shreveport, LA",5,8,8,0,10,20,4,77
15,"Sioux City, IA",1,0,0,0,0,1,0,14
15,"Sioux Falls, SD",7,1,5,0,2,10,0,139
15,"Sitka, AK",1,0,2,0,0,2,0,21
15,"South Bend, IN",13,0,8,0,9,19,0,126
15,"Spokane, WA",10,0,12,0,11,20,2,345
15,"Springfield, IL",0,0,0,0,0,0,0,2
15,"Springfield, MO",16,10,20,0,16,35,1,156
15,"St. Cloud, MN",0,0,0,0,0,0,0,4
15,"St. George, UT",6,0,3,0,1,8,0,60
15,"St. Louis, MO",123,2,102,0,150,221,8,1260
15,"St. Petersburg, FL",9,5,19,0,10,26,4,152
15,"State College, PA",4,0,1,0,0,4,0,14
15,"Stillwater, OK",1,0,2,0,2,2,0,14
15,"Stockton, CA",1,1,1,0,2,2,0,8
15,"Sun Valley/Hailey/Ketchum, ID",1,0,0,0,0,1,0,23
15,"Syracuse, NY",11,2,19,0,15,31,0,259
15,"Tallahassee, FL",13,3,13,0,19,24,3,117
15,"Tampa, FL",165,25,206,0,241,363,22,1646
15,"Texarkana, AR",0,3,1,0,2,3,0,14
15,"Toledo, OH",1,1,2,0,2,3,0,9
15,"Traverse City, MI",5,0,4,0,5,8,0,53
15,"Trenton, NJ",6,0,8,0,12,16,0,48
15,"Tucson, AZ",25,5,37,0,33,71,1,394
15,"Tulsa, OK",34,2,27,0,28,55,2,319
15,"Twin Falls, ID",0,0,0,0,0,0,0,14
15,"Tyler, TX",0,3,1,0,1,4,0,21
15,"Valdosta, GA",1,1,2,0,0,2,0,14
15,"Valparaiso, FL",14,5,24,0,27,40,4,196
15,"Victoria, TX",0,0,1,0,1,1,0,12
15,"Waco, TX",1,1,3,0,3,4,1,21
15,"Walla Walla, WA",1,0,0,0,0,1,0,14
15,"Washington, DC",363,19,477,6,419,784,11,3685
15,"West Palm Beach/Palm Beach, FL",66,0,67,0,113,148,6,640
15,"White Plains, NY",33,5,35,5,28,61,1,247
15,"Wichita Falls, TX",1,1,2,0,1,3,0,14
15,"Wichita, KS",15,2,12,0,12,27,1,197
15,"Williston, ND",0,0,0,0,0,0,0,34
15,"Wilmington, NC",10,2,24,0,25,37,1,141
15,"Worcester, MA",4,0,2,0,3,4,3,28
15,"Wrangell, AK",0,0,1,0,2,2,1,14
15,"Yakutat, AK",0,0,1,0,1,1,2,14
15,"Yuma, AZ",3,0,2,0,0,4,0,31
16,"Aberdeen, SD",1,1,0,0,0,2,0,14
16,"Abilene, TX",2,2,1,0,4,6,2,34
16,"Adak Island, AK",0,0,0,1,1,1,0,2
16,"Aguadilla, PR",5,1,6,0,4,10,0,54
16,"Akron, OH",9,0,4,0,6,12,1,67
16,"Albany, GA",3,0,2,0,0,3,0,14
16,"Albany, NY",31,2,20,0,21,42,0,228
16,"Albuquerque, NM",45,8,29,0,51,71,5,447
16,"Alexandria, LA",2,1,2,0,0,3,2,35
16,"Allentown/Bethlehem/Easton, PA",5,0,3,0,4,7,0,85
16,"Alpena, MI",0,0,0,0,0,0,1,12
16,"Amarillo, TX",9,3,10,0,6,17,2,84
16,"Anchorage, AK",22,0,20,0,29,51,3,319
16,"Appleton, WI",8,4,3,0,1,13,0,120
16,"Arcata/Eureka, CA",2,0,3,0,1,6,0,28
16,"Asheville, NC",23,2,27,0,26,48,1,241
16,"Ashland, WV",1,0,0,0,1,1,0,4
16,"Aspen, CO",7,6,8,0,4,16,0,84
16,"Atlanta, GA",654,20,593,4,405,1047,12,6673
16,"Atlantic City, NJ",3,0,4,0,3,7,0,70
16,"Augusta, GA",18,1,15,0,15,28,1,109
16,"Austin, TX",187,11,159,1,223,344,13,1684
16,"Bakersfield, CA",0,1,1,0,1,3,1,39
16,"Baltimore, MD",368,8,283,1,304,536,7,1937
16,"Bangor, ME",2,0,0,0,0,2,0,53
16,"Barrow, AK",1,0,2,1,0,3,0,7
16,"Baton Rouge, LA",11,6,12,1,8,22,4,102
16,"Beaumont/Port Arthur, TX",1,1,2,0,0,3,2,14
16,"Belleville, IL",1,0,0,0,2,2,0,20
16,"Bellingham, WA",4,0,2,0,1,5,0,56
16,"Bemidji, MN",1,0,0,0,0,1,0,14
16,"Bend/Redmond, OR",7,0,9,0,1,12,1,101
16,"Bethel, AK",0,0,4,3,4,4,0,14
16,"Billings, MT",4,1,5,0,3,11,1,75
16,"Binghamton, NY",1,0,2,0,0,2,0,7
16,"Birmingham, AL",23,4,23,0,22,47,3,336
16,"Bismarck/Mandan, ND",9,2,3,0,2,10,1,65
16,"Bloomington/Normal, IL",0,1,3,0,0,3,1,32
16,"Boise, ID",31,3,23,0,24,58,0,422
16,"Boston, MA",288,6,348,3,173,496,5,2764
16,"Bozeman, MT",8,0,12,0,13,24,1,144
16,"Brainerd, MN",2,0,0,0,0,2,0,12
16,"Bristol/Johnson City/Kingsport, TN",2,0,4,0,1,4,0,38
16,"Brownsville, TX",1,0,3,0,0,3,2,35
16,"Brunswick, GA",3,1,1,0,0,4,0,14
16,"Buffalo, NY",19,3,26,0,36,53,0,413
16,"Burbank, CA",23,2,45,0,44,79,2,521
16,"Burlington, VT",1,2,10,0,8,16,0,120
16,"Butte, MT",0,0,0,0,0,0,0,13
16,"Casper, WY",0,0,0,0,0,0,0,7
16,"Cedar City, UT",1,0,0,0,0,1,0,12
16,"Cedar Rapids/Iowa City, IA",20,4,22,0,14,32,1,146
16,"Champaign/Urbana, IL",4,0,3,0,1,5,1,28
16,"Charleston, SC",52,2,58,1,68,106,3,508
16,"Charleston/Dunbar, WV",8,0,5,0,5,11,0,62
16,"Charlotte Amalie, VI",12,0,24,0,16,29,1,126
16,"Charlotte, NC",744,205,655,16,855,1330,8,4290
16,"Charlottesville, VA",2,1,8,0,5,12,0,64
16,"Chattanooga, TN",17,2,12,0,19,34,3,138
16,"Cheyenne, WY",1,3,4,0,1,5,0,13
16,"Chicago, IL",779,63,825,5,747,1425,13,7116
16,"Christiansted, VI",1,1,8,0,6,8,1,23
16,"Cincinnati, OH",66,3,56,0,44,111,5,826
16,"Clarksburg/Fairmont, WV",1,0,0,0,0,1,0,4
16,"Cleveland, OH",49,6,52,0,65,109,3,776
16,"College Station/Bryan, TX",0,1,0,0,1,2,2,21
16,"Colorado Springs, CO",24,0,24,0,22,45,4,226
16,"Columbia, MO",2,1,1,0,2,4,1,28
16,"Columbia, SC",11,1,10,0,13,16,1,130
16,"Columbus, GA",2,0,1,0,0,2,0,20
16,"Columbus, MS",2,0,0,0,0,2,0,14
16,"Columbus, OH",53,12,45,0,54,101,1,793
16,"Concord, NC",2,0,1,0,2,4,0,14
16,"Cordova, AK",0,0,0,0,2,2,0,14
16,"Corpus Christi, TX",4,3,3,0,4,8,4,74
16,"Dallas, TX",151,80,124,0,234,309,15,1403
16,"Dallas/Fort Worth, TX",676,384,534,4,652,1297,352,5826
16,"Dayton, OH",10,1,8,0,10,21,2,160
16,"Daytona Beach, FL",1,0,1,0,1,2,0,58
16,"Deadhorse, AK",0,0,2,0,2,2,0,11
16,"Decatur, IL",1,0,2,0,2,3,0,19
16,"Denver, CO",998,137,1106,6,851,1747,35,5752
16,"Des Moines, IA",30,6,28,0,23,52,0,295
16,"Detroit, MI",220,66,223,0,108,398,5,2496
16,"Devils Lake, ND",1,0,3,0,3,4,0,13
16,"Dickinson, ND",0,0,0,0,1,1,0,13
16,"Dodge City, KS",1,0,2,0,1,2,0,12
16,"Dothan, AL",1,0,1,1,0,2,0,14
16,"Duluth, MN",1,0,1,1,0,2,0,40
16,"Durango, CO",3,2,3,0,2,6,1,56
16,"Eagle, CO",7,2,5,0,1,10,1,35
16,"El Paso, TX",31,6,21,1,36,55,6,336
16,"Elko, NV",1,0,0,0,0,1,0,7
16,"Elmira/Corning, NY",0,1,1,0,0,1,0,20
16,"Escanaba, MI",0,0,0,0,0,0,0,12
16,"Eugene, OR",11,2,4,0,9,15,0,133
16,"Evansville, IN",1,1,5,0,1,6,1,36
16,"Everett, WA",3,0,4,0,0,3,0,29
16,"Fairbanks, AK",5,0,2,0,4,8,0,59
16,"Fargo, ND",11,1,7,0,7,17,1,125
16,"Fayetteville, AR",25,11,16,0,25,45,3,256
16,"Fayetteville, NC",0,0,1,0,1,1,0,20
16,"Flagstaff, AZ",2,0,0,0,0,2,1,34
16,"Flint, MI",1,1,0,0,1,3,0,45
16,"Fort Dodge, IA",0,0,0,0,0,0,0,12
16,"Fort Lauderdale, FL",231,1,199,7,171,363,5,1900
16,"Fort Myers, FL",46,3,58,0,52,90,4,753
16,"Fort Smith, AR",1,1,2,0,2,3,2,21
16,"Fort Wayne, IN",5,3,5,0,4,12,1,80
16,"Fresno, CA",18,2,21,1,12,29,1,212
16,"Gainesville, FL",2,1,3,0,3,6,1,61
16,"Garden City, KS",2,1,1,0,0,3,1,14
16,"Gillette, WY",0,0,1,0,1,1,0,14
16,"Grand Forks, ND",1,0,0,0,0,1,0,25
16,"Grand Island, NE",1,0,0,0,1,2,1,18
16,"Grand Junction, CO",6,0,5,0,1,7,1,57
16,"Grand Rapids, MI",22,2,23,0,28,47,1,342
16,"Great Falls, MT",5,1,2,0,2,8,0,52
16,"Green Bay, WI",12,1,5,0,1,16,0,92
16,"Greensboro/High Point, NC",21,1,25,2,18,41,3,226
16,"Greer, SC",20,4,25,0,25,45,1,311
16,"Guam, TT",0,0,0,0,0,0,0,14
16,"Gulfport/Biloxi, MS",2,0,6,0,4,6,2,63
16,"Gunnison, CO",0,0,0,0,0,0,0,7
16,"Hagerstown, MD",0,0,0,0,0,0,1,4
16,"Hancock/Houghton, MI",1,0,0,0,1,2,0,14
16,"Harlingen/San Benito, TX",5,2,8,0,11,16,3,90
16,"Harrisburg, PA",12,0,10,0,8,15,0,122
16,"Hartford, CT",43,2,52,1,48,81,1,468
16,"Hattiesburg/Laurel, MS",1,0,0,0,0,1,0,12
16,"Hayden, CO",1,1,0,0,2,4,0,21
16,"Hays, KS",0,0,1,0,1,1,0,14
16,"Helena, MT",2,2,1,0,0,4,0,28
16,"Hibbing, MN",2,1,0,0,0,3,0,12
16,"Hilo, HI",9,1,0,0,13,12,1,130
16,"Hilton Head, SC",3,0,4,0,4,7,0,38
16,"Honolulu, HI",116,8,26,2,96,158,15,1181
16,"Houston, TX",425,28,310,0,407,666,27,3301
16,"Huntsville, AL",19,6,18,0,19,40,3,188
16,"Idaho Falls, ID",3,1,2,0,2,7,0,62
16,"Indianapolis, IN",60,1,57,0,68,120,2,896
16,"International Falls, MN",1,0,0,0,0,1,0,12
16,"Iron Mountain/Kingsfd, MI",0,0,0,0,0,0,0,14
16,"Islip, NY",11,1,9,0,17,19,2,99
16,"Ithaca/Cortland, NY",0,0,0,0,0,0,0,14
16,"Jackson, WY",5,1,6,0,3,11,1,51
16,"Jackson/Vicksburg, MS",7,3,6,0,18,21,3,140
16,"Jacksonville, FL",61,4,58,0,68,108,4,603
16,"Jacksonville/Camp Lejeune, NC",1,0,0,0,3,3,0,38
16,"Jamestown, ND",0,0,0,0,1,1,0,13
16,"Johnstown, PA",2,0,2,0,1,3,0,14
16,"Joplin, MO",2,0,1,0,0,3,0,12
16,"Juneau, AK",6,0,7,0,8,15,0,83
16,"Kahului, HI",38,7,13,0,38,59,3,495
16,"Kalamazoo, MI",0,1,0,0,0,1,0,20
16,"Kalispell, MT",6,0,3,0,2,8,0,43
16,"Kansas City, MO",85,36,78,1,113,180,9,949
16,"Ketchikan, AK",5,0,1,0,4,7,0,48
16,"Key West, FL",32,2,31,0,27,48,0,180
16,"Killeen, TX",1,1,2,0,1,3,3,35
16,"King Salmon, AK",0,0,0,0,0,0,0,3
16,"Knoxville, TN",22,1,25,1,27,44,2,283
16,"Kodiak, AK",2,0,0,0,0,2,1,14
16,"Kona, HI",14,1,2,1,21,25,4,296
16,"Kotzebue, AK",0,0,1,1,0,1,1,7
16,"Lafayette, LA",3,3,5,0,1,7,2,62
16,"Lake Charles, LA",0,0,0,0,0,0,3,21
16,"Lansing, MI",2,1,2,0,1,4,0,26
16,"Laramie, WY",2,0,1,0,0,2,1,12
16,"Laredo, TX",1,0,3,0,0,3,3,37
16,"Las Vegas, NV",338,9,234,12,368,609,11,3618
16,"Latrobe, PA",0,0,0,0,0,0,0,14
16,"Lawton/Fort Sill, OK",0,1,1,0,2,3,3,21
16,"Lewiston, ID",3,0,0,0,0,2,0,21
16,"Lexington, KY",12,2,17,0,13,27,2,182
16,"Liberal, KS",1,2,0,0,0,3,0,12
16,"Lihue, HI",17,2,5,0,23,29,7,299
16,"Lincoln, NE",3,0,0,0,1,4,0,21
16,"Little Rock, AR",21,6,17,0,21,35,5,254
16,"Long Beach, CA",25,1,18,6,38,59,0,343
16,"Longview, TX",0,2,4,0,0,4,0,14
16,"Los Angeles, CA",356,11,354,3,312,654,7,3690
16,"Louisville, KY",46,2,32,0,25,67,5,479
16,"Lubbock, TX",11,3,10,0,11,22,4,112
16,"Madison, WI",26,3,13,0,13,35,0,241
16,"Manchester, NH",8,0,10,0,10,18,0,112
16,"Manhattan/Ft. Riley, KS",0,0,0,0,1,1,1,14
16,"Marquette, MI",3,1,2,0,0,4,0,14
16,"Mason City, IA",1,0,0,0,0,1,0,12
16,"Medford, OR",6,0,1,0,0,6,1,80
16,"Melbourne, FL",1,0,2,0,2,2,0,57
16,"Memphis, TN",28,4,22,0,28,51,4,431
16,"Meridian, MS",3,0,1,0,0,3,0,12
16,"Miami, FL",283,1,217,4,207,414,5,2213
16,"Midland/Odessa, TX",16,2,12,0,12,27,5,187
16,"Milwaukee, WI",34,1,33,0,42,74,1,534
16,"Minneapolis, MN",201,35,190,0,94,340,7,2384
16,"Minot, ND",7,0,3,0,3,9,0,42
16,"Mission/McAllen/Edinburg, TX",10,3,6,0,6,16,5,68
16,"Missoula, MT",5,0,2,0,4,9,0,58
16,"Mobile, AL",0,0,2,0,1,2,2,48
16,"Moline, IL",1,2,3,0,5,5,1,71
16,"Monroe, LA",3,1,4,0,2,6,1,35
16,"Monterey, CA",10,3,6,0,6,17,1,87
16,"Montgomery, AL",2,1,6,0,2,7,1,47
16,"Montrose/Delta, CO",1,0,2,0,4,4,1,28
16,"Mosinee, WI",0,0,0,0,0,0,0,14
16,"Myrtle Beach, SC",19,6,34,0,34,55,2,344
16,"Nashville, TN",177,9,129,1,193,297,7,1933
16,"New Orleans, LA",103,4,90,2,117,187,4,1007
16,"New York, NY",535,7,465,5,361,856,5,5550
16,"Newark, NJ",308,3,252,1,217,456,16,2498
16,"Newburgh/Poughkeepsie, NY",0,0,0,0,0,0,0,8
16,"Niagara Falls, NY",0,0,0,0,0,0,0,6
16,"Nome, AK",0,0,1,0,1,1,1,7
16,"Norfolk, VA",44,1,57,1,50,87,2,400
16,"North Bend/Coos Bay, OR",0,0,3,0,0,3,0,7
16,"North Platte, NE",3,0,2,0,2,5,0,12
16,"Oakland, CA",60,0,32,0,77,107,4,818
16,"Oklahoma City, OK",39,4,28,0,45,77,10,441
16,"Omaha, NE",36,6,43,0,46,87,3,447
16,"Ontario, CA",34,3,33,0,57,84,5,497
16,"Orlando, FL",331,13,286,4,272,548,16,3230
16,"Pago Pago, TT",0,0,0,0,0,0,0,2
16,"Palm Springs, CA",28,1,49,0,34,77,3,386
16,"Panama City, FL",11,2,16,0,21,27,2,175
16,"Pasco/Kennewick/Richland, WA",3,1,3,0,2,6,0,98
16,"Pellston, MI",1,0,1,0,0,1,0,12
16,"Pensacola, FL",23,2,23,2,33,48,4,265
16,"Peoria, IL",4,3,7,0,7,14,1,65
16,"Petersburg, AK",0,0,1,0,3,3,0,14
16,"Philadelphia, PA",169,8,148,0,147,297,4,1845
16,"Phoenix, AZ",379,5,262,5,383,632,11,3926
16,"Pittsburgh, PA",59,3,82,1,63,120,2,818
16,"Plattsburgh, NY",1,0,1,0,0,1,0,9
16,"Pocatello, ID",0,0,0,0,0,0,0,14
16,"Ponce, PR",1,0,2,0,5,5,0,27
16,"Portland, ME",5,0,8,0,2,10,0,141
16,"Portland, OR",93,5,81,0,81,179,5,1117
16,"Portsmouth, NH",0,0,1,0,1,1,0,15
16,"Prescott, AZ",2,0,1,0,0,2,0,14
16,"Providence, RI",19,0,27,0,28,38,0,288
16,"Provo, UT",0,1,1,0,1,3,0,36
16,"Punta Gorda, FL",3,2,4,0,0,9,0,113
16,"Raleigh/Durham, NC",114,10,127,1,127,212,5,1185
16,"Rapid City, SD",6,8,13,0,6,21,0,72
16,"Redding, CA",2,0,2,0,0,2,0,26
16,"Reno, NV",22,2,30,0,38,61,2,384
16,"Rhinelander, WI",1,1,0,0,0,2,0,14
16,"Richmond, VA",31,8,38,0,34,68,0,371
16,"Riverton/Lander, WY",1,0,0,0,0,1,0,9
16,"Roanoke, VA",5,0,4,0,4,8,0,55
16,"Rochester, MN",3,1,2,0,0,5,0,28
16,"Rochester, NY",19,1,13,0,17,30,0,223
16,"Rock Springs, WY",0,0,1,0,1,1,0,9
16,"Rockford, IL",0,0,0,0,0,0,0,15
16,"Roswell, NM",2,0,2,0,0,2,1,14
16,"Sacramento, CA",125,4,55,1,122,198,3,1035
16,"Saginaw/Bay City/Midland, MI",3,0,1,0,0,3,0,39
16,"Saipan, TT",0,0,0,0,0,0,0,7
16,"Salina, KS",1,0,0,0,0,1,0,14
16,"Salt Lake City, UT",171,9,113,2,130,298,7,2171
16,"San Angelo, TX",3,0,0,0,3,4,2,21
16,"San Antonio, TX",70,11,55,1,76,127,6,792
16,"San Diego, CA",134,10,159,1,174,314,15,1769
16,"San Francisco, CA",210,6,187,0,302,475,20,2493
16,"San Jose, CA",53,2,39,0,75,110,4,914
16,"San Juan, PR",72,0,70,1,76,124,4,678
16,"San Luis Obispo, CA",6,2,8,0,8,14,0,94
16,"Sanford, FL",10,2,7,0,9,14,0,170
16,"Santa Ana, CA",66,6,75,0,86,155,4,826
16,"Santa Barbara, CA",10,4,18,0,16,32,6,132
16,"Santa Fe, NM",6,2,5,0,0,10,3,41
16,"Santa Maria, CA",0,0,0,0,0,0,0,2
16,"Santa Rosa, CA",5,0,6,0,3,8,0,55
16,"Sarasota/Bradenton, FL",25,1,35,0,33,56,1,363
16,"Sault Ste. Marie, MI",4,0,0,0,0,4,0,14
16,"Savannah, GA",47,2,31,0,46,69,3,393
16,"Scottsbluff, NE",0,0,2,0,2,2,1,12
16,"Scranton/Wilkes-Barre, PA",1,0,3,0,5,6,0,21
16,"Seattle, WA",340,17,319,38,275,633,6,3078
16,"Sheridan, WY",4,0,0,0,0,4,0,14
16,"Shreveport, LA",6,3,6,0,8,12,1,77
16,"Sioux City, IA",0,1,0,0,0,1,0,14
16,"Sioux Falls, SD",5,5,15,0,7,20,1,139
16,"Sitka, AK",0,0,1,0,1,1,0,21
16,"South Bend, IN",12,1,8,0,4,16,1,124
16,"Spokane, WA",20,1,18,1,27,44,0,343
16,"Springfield, IL",1,0,0,0,0,1,0,2
16,"Springfield, MO",13,2,12,0,11,20,4,156
16,"St. Cloud, MN",0,0,0,0,0,0,0,2
16,"St. George, UT",3,2,3,0,1,6,0,60
16,"St. Louis, MO",131,27,116,0,175,250,10,1269
16,"St. Petersburg, FL",6,2,7,0,7,16,1,143
16,"State College, PA",2,0,0,0,0,2,0,14
16,"Stillwater, OK",2,1,3,1,3,5,1,14
16,"Stockton, CA",3,0,3,0,1,2,0,8
16,"Sun Valley/Hailey/Ketchum, ID",1,0,0,0,1,2,0,21
16,"Syracuse, NY",15,0,13,0,11,24,1,258
16,"Tallahassee, FL",3,1,9,0,9,13,0,117
16,"Tampa, FL",127,2,125,1,130,237,10,1602
16,"Texarkana, AR",2,0,2,0,1,3,1,14
16,"Toledo, OH",0,0,0,0,1,1,0,7
16,"Traverse City, MI",1,0,3,0,2,5,0,53
16,"Trenton, NJ",4,0,5,0,7,9,0,45
16,"Tucson, AZ",25,2,31,0,32,59,4,380
16,"Tulsa, OK",26,4,28,0,27,50,6,322
16,"Twin Falls, ID",0,0,0,0,0,0,0,14
16,"Tyler, TX",1,1,4,0,0,4,2,21
16,"Valdosta, GA",0,0,1,0,1,2,0,14
16,"Valparaiso, FL",18,2,15,1,20,31,3,198
16,"Victoria, TX",0,0,0,0,0,0,0,12
16,"Waco, TX",2,0,1,0,0,3,2,21
16,"Walla Walla, WA",0,0,0,0,0,0,0,14
16,"Washington, DC",366,48,395,3,421,762,13,3692
16,"West Palm Beach/Palm Beach, FL",68,3,54,1,60,111,3,634
16,"White Plains, NY",21,3,24,0,23,41,0,247
16,"Wichita Falls, TX",1,1,0,0,0,2,0,14
16,"Wichita, KS",11,4,13,0,12,27,4,196
16,"Williston, ND",3,0,3,0,1,4,0,34
16,"Wilmington, NC",9,4,20,0,19,32,1,144
16,"Worcester, MA",2,0,4,0,3,6,0,29
16,"Wrangell, AK",0,0,1,0,3,3,0,14
16,"Yakutat, AK",0,0,1,0,1,1,0,14
16,"Yuma, AZ",1,0,1,0,0,1,1,31
17,"Aberdeen, SD",0,0,0,0,0,0,0,14
17,"Abilene, TX",0,3,4,0,5,8,1,34
17,"Adak Island, AK",0,0,0,0,1,1,0,2
17,"Aguadilla, PR",4,0,4,0,2,7,0,54
17,"Akron, OH",5,0,5,0,3,12,0,67
17,"Albany, GA",4,0,1,0,0,4,0,14
17,"Albany, NY",6,0,8,0,7,17,0,228
17,"Albuquerque, NM",43,7,39,0,44,80,0,445
17,"Alexandria, LA",0,4,4,0,1,6,0,35
17,"Allentown/Bethlehem/Easton, PA",5,0,4,0,5,10,0,84
17,"Alpena, MI",2,1,0,0,0,3,0,12
17,"Amarillo, TX",6,1,10,0,11,16,0,84
17,"Anchorage, AK",16,4,13,0,16,32,1,326
17,"Appleton, WI",11,1,2,0,7,17,0,120
17,"Arcata/Eureka, CA",2,0,6,0,1,8,0,28
17,"Asheville, NC",13,3,18,0,12,30,0,239
17,"Ashland, WV",0,0,0,0,0,0,0,4
17,"Aspen, CO",7,3,4,0,2,12,10,84
17,"Atlanta, GA",572,15,488,3,331,889,6,6689
17,"Atlantic City, NJ",3,0,4,0,3,7,0,70
17,"Augusta, GA",2,0,4,0,6,9,0,81
17,"Austin, TX",183,44,201,5,238,395,7,1760
17,"Bakersfield, CA",3,1,3,0,2,6,0,39
17,"Baltimore, MD",206,2,136,1,183,313,8,1937
17,"Bangor, ME",1,0,1,0,1,1,0,53
17,"Barrow, AK",0,0,2,2,1,2,0,7
17,"Baton Rouge, LA",9,5,8,1,6,20,2,102
17,"Beaumont/Port Arthur, TX",1,0,3,0,0,3,0,14
17,"Belleville, IL",0,0,1,0,1,1,0,20
17,"Bellingham, WA",5,1,6,0,5,10,2,56
17,"Bemidji, MN",0,0,0,0,0,0,0,14
17,"Bend/Redmond, OR",13,1,11,1,2,19,0,98
17,"Bethel, AK",0,0,0,0,1,1,0,14
17,"Billings, MT",2,1,4,0,4,8,1,75
17,"Binghamton, NY",1,0,0,0,1,1,0,7
17,"Birmingham, AL",23,4,27,1,25,46,1,336
17,"Bismarck/Mandan, ND",3,3,2,0,3,7,0,65
17,"Bloomington/Normal, IL",1,1,1,0,2,3,0,34
17,"Boise, ID",25,3,30,1,20,62,0,421
17,"Boston, MA",161,4,151,2,104,284,0,2748
17,"Bozeman, MT",10,0,12,0,10,21,0,145
17,"Brainerd, MN",0,0,0,0,0,0,0,12
17,"Bristol/Johnson City/Kingsport, TN",1,0,1,0,2,2,0,38
17,"Brownsville, TX",1,3,6,0,4,8,0,35
17,"Brunswick, GA",3,3,2,0,0,6,0,14
17,"Buffalo, NY",22,2,17,0,25,42,0,413
17,"Burbank, CA",23,2,61,0,46,92,4,520
17,"Burlington, VT",1,1,5,0,2,8,0,122
17,"Butte, MT",1,0,0,0,0,1,0,13
17,"Casper, WY",0,0,0,0,0,0,0,7
17,"Cedar City, UT",1,0,0,0,0,1,0,12
17,"Cedar Rapids/Iowa City, IA",5,0,10,0,10,15,0,146
17,"Champaign/Urbana, IL",1,0,3,0,3,4,0,28
17,"Charleston, SC",40,0,38,2,50,86,0,533
17,"Charleston/Dunbar, WV",8,0,6,0,3,13,0,62
17,"Charlotte Amalie, VI",8,1,22,0,20,29,2,126
17,"Charlotte, NC",516,9,396,16,374,748,5,4288
17,"Charlottesville, VA",7,0,6,0,5,13,0,64
17,"Chattanooga, TN",17,1,16,1,13,25,1,139
17,"Cheyenne, WY",0,1,1,0,0,1,0,13
17,"Chicago, IL",721,24,683,2,573,1221,8,7124
17,"Christiansted, VI",1,1,5,0,3,5,0,23
17,"Cincinnati, OH",49,3,54,0,42,93,0,828
17,"Clarksburg/Fairmont, WV",0,0,0,0,1,1,0,4
17,"Cleveland, OH",40,2,33,0,45,87,5,776
17,"College Station/Bryan, TX",0,2,4,0,2,4,2,21
17,"Colorado Springs, CO",21,3,22,0,21,45,1,226
17,"Columbia, MO",1,5,7,0,5,8,0,28
17,"Columbia, SC",9,1,9,0,10,15,0,128
17,"Columbus, GA",3,0,1,0,0,3,0,20
17,"Columbus, MS",0,1,1,0,0,2,0,14
17,"Columbus, OH",45,2,50,1,39,90,0,795
17,"Concord, NC",0,0,0,0,1,1,0,14
17,"Cordova, AK",0,0,0,0,2,2,0,14
17,"Corpus Christi, TX",3,4,13,0,12,17,0,74
17,"Dallas, TX",226,14,149,0,293,383,31,1410
17,"Dallas/Fort Worth, TX",777,506,962,3,1158,1815,66,5866
17,"Dayton, OH",7,2,5,0,9,18,0,161
17,"Daytona Beach, FL",5,0,2,0,3,6,0,58
17,"Deadhorse, AK",0,0,1,0,1,1,1,11
17,"Decatur, IL",0,0,1,0,2,2,0,19
17,"Denver, CO",802,29,628,3,699,1252,22,5748
17,"Des Moines, IA",22,4,22,0,19,38,2,295
17,"Detroit, MI",233,19,157,0,86,347,3,2522
17,"Devils Lake, ND",0,0,0,0,0,0,0,13
17,"Dickinson, ND",1,0,0,0,0,1,0,13
17,"Dodge City, KS",1,0,0,0,0,1,0,12
17,"Dothan, AL",4,0,1,0,0,4,0,14
17,"Duluth, MN",2,0,1,0,0,2,0,40
17,"Durango, CO",9,3,3,0,3,15,1,56
17,"Eagle, CO",0,1,2,0,0,3,0,35
17,"El Paso, TX",26,5,26,0,44,59,1,337
17,"Elko, NV",0,0,0,0,0,0,0,7
17,"Elmira/Corning, NY",1,0,0,0,0,1,0,21
17,"Escanaba, MI",2,0,1,0,0,2,0,12
17,"Eugene, OR",12,0,7,0,10,20,0,131
17,"Evansville, IN",6,1,4,0,3,10,0,36
17,"Everett, WA",3,0,5,0,3,8,0,29
17,"Fairbanks, AK",3,0,7,1,5,7,1,62
17,"Fargo, ND",5,2,4,0,3,10,0,123
17,"Fayetteville, AR",17,20,26,0,29,50,2,257
17,"Fayetteville, NC",0,0,1,0,1,1,0,20
17,"Flagstaff, AZ",3,0,5,0,1,6,0,34
17,"Flint, MI",0,0,0,0,1,1,0,43
17,"Fort Dodge, IA",0,0,0,0,1,1,0,12
17,"Fort Lauderdale, FL",201,38,167,7,148,342,1,1891
17,"Fort Myers, FL",52,5,49,0,59,96,1,747
17,"Fort Smith, AR",1,3,2,0,1,4,1,21
17,"Fort Wayne, IN",12,1,7,0,5,17,0,80
17,"Fresno, CA",20,3,16,1,15,36,0,212
17,"Gainesville, FL",2,0,1,0,2,4,1,61
17,"Garden City, KS",2,0,3,0,3,5,0,14
17,"Gillette, WY",2,0,1,0,0,2,0,14
17,"Grand Forks, ND",0,1,0,0,1,1,0,25
17,"Grand Island, NE",4,1,4,0,0,5,1,18
17,"Grand Junction, CO",5,2,7,0,3,10,0,57
17,"Grand Rapids, MI",24,0,21,0,23,42,1,341
17,"Great Falls, MT",3,1,3,0,3,7,0,52
17,"Green Bay, WI",13,0,7,0,3,17,0,92
17,"Greensboro/High Point, NC",13,2,24,0,8,28,1,226
17,"Greer, SC",18,1,27,1,28,43,0,311
17,"Guam, TT",0,0,0,0,0,0,0,14
17,"Gulfport/Biloxi, MS",4,3,5,0,3,9,1,63
17,"Gunnison, CO",0,0,0,0,0,0,0,7
17,"Hagerstown, MD",2,0,0,0,2,2,0,4
17,"Hancock/Houghton, MI",0,1,1,0,1,2,0,14
17,"Harlingen/San Benito, TX",2,4,11,0,8,16,1,90
17,"Harrisburg, PA",4,0,4,0,7,8,0,120
17,"Hartford, CT",32,0,25,0,41,63,2,466
17,"Hattiesburg/Laurel, MS",1,0,1,0,1,2,0,12
17,"Hayden, CO",1,0,1,0,2,3,0,21
17,"Hays, KS",0,0,0,0,0,0,1,14
17,"Helena, MT",0,0,0,0,2,2,0,28
17,"Hibbing, MN",0,0,0,0,0,0,0,12
17,"Hilo, HI",5,0,1,0,5,7,0,130
17,"Hilton Head, SC",2,0,6,0,7,10,0,52
17,"Honolulu, HI",114,1,34,2,50,133,9,1180
17,"Houston, TX",334,21,333,1,318,599,15,3320
17,"Huntsville, AL",12,1,13,0,9,21,1,188
17,"Idaho Falls, ID",4,4,2,0,1,9,0,62
17,"Indianapolis, IN",57,1,55,0,48,103,2,900
17,"International Falls, MN",0,0,0,0,0,0,0,12
17,"Iron Mountain/Kingsfd, MI",1,1,0,0,0,2,0,14
17,"Islip, NY",13,0,3,0,17,20,2,99
17,"Ithaca/Cortland, NY",0,1,0,0,0,1,0,14
17,"Jackson, WY",1,0,4,0,2,5,0,51
17,"Jackson/Vicksburg, MS",7,5,9,0,7,17,1,147
17,"Jacksonville, FL",40,2,50,0,52,87,1,604
17,"Jacksonville/Camp Lejeune, NC",0,0,1,0,1,1,0,35
17,"Jamestown, ND",0,0,0,0,0,0,0,13
17,"Johnstown, PA",2,0,1,0,2,4,0,14
17,"Joplin, MO",0,2,2,0,0,2,0,12
17,"Juneau, AK",3,0,4,0,3,8,0,84
17,"Kahului, HI",33,1,14,1,25,48,6,481
17,"Kalamazoo, MI",1,1,1,0,0,2,0,20
17,"Kalispell, MT",1,0,1,0,1,2,0,43
17,"Kansas City, MO",93,17,96,0,108,177,5,949
17,"Ketchikan, AK",0,0,0,0,1,0,0,49
17,"Key West, FL",27,0,17,0,20,33,0,180
17,"Killeen, TX",3,3,4,0,4,9,1,35
17,"King Salmon, AK",0,0,0,0,0,0,0,3
17,"Knoxville, TN",23,1,20,0,21,40,1,284
17,"Kodiak, AK",1,0,1,0,0,1,0,14
17,"Kona, HI",21,0,7,0,15,28,0,294
17,"Kotzebue, AK",0,0,0,0,0,0,0,7
17,"Lafayette, LA",4,6,10,1,9,15,0,62
17,"Lake Charles, LA",2,3,3,0,1,6,1,21
17,"Lansing, MI",8,0,2,0,2,9,0,26
17,"Laramie, WY",0,0,0,0,0,0,1,12
17,"Laredo, TX",2,0,5,0,6,10,0,37
17,"Las Vegas, NV",415,17,344,1,488,753,10,3633
17,"Latrobe, PA",1,0,0,0,0,1,0,14
17,"Lawton/Fort Sill, OK",2,2,2,0,1,5,3,21
17,"Lewiston, ID",3,0,0,0,0,2,0,21
17,"Lexington, KY",9,0,14,0,13,24,1,182
17,"Liberal, KS",0,0,0,0,0,0,0,12
17,"Lihue, HI",14,0,5,0,17,28,3,299
17,"Lincoln, NE",0,1,0,0,1,2,0,21
17,"Little Rock, AR",16,16,19,0,19,41,4,254
17,"Long Beach, CA",17,1,12,1,28,45,0,343
17,"Longview, TX",0,3,3,0,0,4,0,14
17,"Los Angeles, CA",285,16,378,1,267,621,11,3686
17,"Louisville, KY",41,2,37,3,32,69,1,480
17,"Lubbock, TX",6,7,17,1,16,30,1,112
17,"Madison, WI",14,3,13,0,9,26,0,241
17,"Manchester, NH",8,0,4,0,4,11,0,113
17,"Manhattan/Ft. Riley, KS",0,1,2,0,2,3,0,14
17,"Marquette, MI",1,0,1,0,0,1,0,14
17,"Mason City, IA",1,0,2,0,2,2,0,12
17,"Medford, OR",9,0,6,0,3,14,0,80
17,"Melbourne, FL",3,0,3,0,0,5,0,57
17,"Memphis, TN",33,2,27,1,30,56,0,433
17,"Meridian, MS",0,0,0,0,1,1,0,12
17,"Miami, FL",217,99,235,6,237,429,6,2212
17,"Midland/Odessa, TX",13,13,21,1,25,45,3,206
17,"Milwaukee, WI",40,1,30,0,32,65,0,536
17,"Minneapolis, MN",190,7,130,1,84,283,0,2404
17,"Minot, ND",2,1,1,0,0,3,0,42
17,"Mission/McAllen/Edinburg, TX",10,9,14,0,5,24,1,87
17,"Missoula, MT",6,1,8,0,5,12,0,59
17,"Mobile, AL",1,1,5,0,3,7,0,48
17,"Moline, IL",4,1,5,0,4,8,0,71
17,"Monroe, LA",2,1,4,0,4,8,1,35
17,"Monterey, CA",7,1,7,0,6,13,0,90
17,"Montgomery, AL",4,3,3,0,4,10,2,47
17,"Montrose/Delta, CO",2,1,1,0,3,5,0,28
17,"Mosinee, WI",1,0,0,0,0,1,0,14
17,"Myrtle Beach, SC",8,1,22,0,26,34,2,344
17,"Nashville, TN",129,2,132,0,183,283,4,1956
17,"New Orleans, LA",82,3,93,0,103,167,3,1006
17,"New York, NY",291,11,254,8,224,532,3,5561
17,"Newark, NJ",228,2,119,1,195,329,6,2508
17,"Newburgh/Poughkeepsie, NY",0,0,0,0,0,0,0,8
17,"Niagara Falls, NY",0,0,0,0,0,0,0,6
17,"Nome, AK",0,0,1,0,0,1,0,7
17,"Norfolk, VA",23,1,22,0,31,53,0,401
17,"North Bend/Coos Bay, OR",1,0,4,0,0,4,0,7
17,"North Platte, NE",1,0,0,0,0,1,0,12
17,"Oakland, CA",65,0,28,0,67,103,4,826
17,"Oklahoma City, OK",38,8,41,0,38,82,0,441
17,"Omaha, NE",31,10,41,0,47,84,3,446
17,"Ontario, CA",37,3,51,0,54,93,3,497
17,"Orlando, FL",300,6,246,7,223,464,5,3213
17,"Pago Pago, TT",0,0,0,0,0,0,0,2
17,"Palm Springs, CA",27,5,46,0,22,71,5,369
17,"Panama City, FL",16,1,20,0,13,27,0,175
17,"Pasco/Kennewick/Richland, WA",7,0,6,0,4,10,0,100
17,"Pellston, MI",4,2,2,0,0,6,0,12
17,"Pensacola, FL",24,1,19,0,22,40,2,267
17,"Peoria, IL",7,3,5,0,6,12,0,65
17,"Petersburg, AK",0,0,1,0,1,1,0,14
17,"Philadelphia, PA",113,4,115,2,114,230,5,1853
17,"Phoenix, AZ",383,4,294,3,374,644,9,3929
17,"Pittsburgh, PA",58,1,56,0,57,108,1,818
17,"Plattsburgh, NY",0,0,0,0,0,0,0,8
17,"Pocatello, ID",2,1,0,0,0,3,0,14
17,"Ponce, PR",1,0,1,0,2,4,0,26
17,"Portland, ME",8,0,7,0,5,15,0,147
17,"Portland, OR",80,4,100,0,98,188,2,1128
17,"Portsmouth, NH",0,0,0,0,0,0,0,16
17,"Prescott, AZ",6,0,2,0,2,8,0,14
17,"Providence, RI",9,1,5,0,12,18,0,281
17,"Provo, UT",3,0,3,0,1,5,0,36
17,"Punta Gorda, FL",3,0,3,1,2,7,0,106
17,"Raleigh/Durham, NC",92,9,137,0,119,230,0,1196
17,"Rapid City, SD",7,2,3,0,2,11,0,72
17,"Redding, CA",1,0,1,0,1,3,0,26
17,"Reno, NV",23,2,42,0,28,67,0,384
17,"Rhinelander, WI",0,0,0,0,0,0,0,14
17,"Richmond, VA",20,1,26,0,21,45,0,379
17,"Riverton/Lander, WY",1,0,0,0,0,1,0,9
17,"Roanoke, VA",5,0,3,0,5,9,0,52
17,"Rochester, MN",1,1,0,0,0,2,0,28
17,"Rochester, NY",14,1,4,0,11,18,1,222
17,"Rock Springs, WY",0,0,0,0,0,0,0,9
17,"Rockford, IL",1,0,0,0,1,2,0,14
17,"Roswell, NM",1,1,1,0,1,2,0,14
17,"Sacramento, CA",58,6,60,0,76,139,1,1032
17,"Saginaw/Bay City/Midland, MI",1,0,1,0,2,4,0,39
17,"Saipan, TT",0,0,0,0,0,0,0,7
17,"Salina, KS",2,0,0,0,0,2,1,14
17,"Salt Lake City, UT",200,15,170,0,113,331,2,2178
17,"San Angelo, TX",3,1,4,0,5,6,0,21
17,"San Antonio, TX",61,17,89,0,71,146,6,801
17,"San Diego, CA",137,12,223,1,225,378,8,1766
17,"San Francisco, CA",302,15,342,1,466,718,13,2505
17,"San Jose, CA",50,3,39,0,69,109,3,915
17,"San Juan, PR",71,4,82,0,63,119,2,680
17,"San Luis Obispo, CA",8,0,6,0,6,15,0,93
17,"Sanford, FL",14,3,11,0,5,19,0,167
17,"Santa Ana, CA",50,0,77,0,79,140,6,831
17,"Santa Barbara, CA",12,6,24,0,25,42,3,133
17,"Santa Fe, NM",3,1,5,0,1,9,0,41
17,"Santa Maria, CA",0,0,0,0,0,0,0,2
17,"Santa Rosa, CA",1,0,9,0,9,12,0,51
17,"Sarasota/Bradenton, FL",28,0,20,0,25,41,1,357
17,"Sault Ste. Marie, MI",1,0,0,0,0,1,0,14
17,"Savannah, GA",37,0,26,0,30,55,1,399
17,"Scottsbluff, NE",1,0,1,0,0,1,0,12
17,"Scranton/Wilkes-Barre, PA",4,0,2,0,1,5,0,21
17,"Seattle, WA",303,18,379,1,204,593,2,3088
17,"Sheridan, WY",1,0,0,0,0,1,0,14
17,"Shreveport, LA",3,7,9,0,4,11,3,77
17,"Sioux City, IA",0,0,0,0,0,0,0,14
17,"Sioux Falls, SD",6,1,7,0,5,12,0,139
17,"Sitka, AK",0,0,0,0,0,0,0,21
17,"South Bend, IN",7,4,5,0,4,14,0,124
17,"Spokane, WA",20,1,17,0,11,31,0,342
17,"Springfield, IL",0,0,0,0,0,0,0,2
17,"Springfield, MO",14,22,19,0,25,39,1,156
17,"St. Cloud, MN",0,0,0,0,0,0,0,2
17,"St. George, UT",8,1,3,1,0,9,0,60
17,"St. Louis, MO",106,15,102,0,127,198,1,1271
17,"St. Petersburg, FL",11,0,7,0,4,14,0,138
17,"State College, PA",2,0,1,0,2,4,0,14
17,"Stillwater, OK",2,0,2,0,2,3,0,14
17,"Stockton, CA",0,0,0,0,0,0,0,8
17,"Sun Valley/Hailey/Ketchum, ID",1,1,1,0,0,2,0,21
17,"Syracuse, NY",14,3,2,0,11,20,0,254
17,"Tallahassee, FL",9,0,6,0,10,15,0,117
17,"Tampa, FL",139,3,139,4,130,242,2,1597
17,"Texarkana, AR",1,0,2,0,2,3,0,14
17,"Toledo, OH",0,0,0,0,1,0,0,7
17,"Traverse City, MI",3,1,2,0,4,8,0,53
17,"Trenton, NJ",0,0,0,0,5,5,1,45
17,"Tucson, AZ",31,2,40,1,40,74,1,379
17,"Tulsa, OK",16,15,41,0,33,62,1,332
17,"Twin Falls, ID",5,0,0,0,0,4,0,14
17,"Tyler, TX",0,2,3,0,2,5,1,21
17,"Valdosta, GA",0,0,2,0,2,2,0,14
17,"Valparaiso, FL",20,2,15,0,20,33,0,199
17,"Victoria, TX",0,0,0,0,0,0,0,12
17,"Waco, TX",0,2,3,0,2,5,1,21
17,"Walla Walla, WA",0,0,0,0,1,1,0,14
17,"Washington, DC",229,7,222,2,227,430,4,3702
17,"West Palm Beach/Palm Beach, FL",68,1,55,0,69,111,1,639
17,"White Plains, NY",19,1,4,0,15,22,0,249
17,"Wichita Falls, TX",0,1,0,0,0,1,1,10
17,"Wichita, KS",20,6,18,0,17,42,3,196
17,"Williston, ND",1,0,3,0,2,3,0,34
17,"Wilmington, NC",7,2,12,0,16,26,0,142
17,"Worcester, MA",0,0,1,0,2,3,0,29
17,"Wrangell, AK",0,0,0,0,0,0,0,14
17,"Yakutat, AK",0,0,2,0,2,3,0,14
17,"Yuma, AZ",4,0,3,0,1,6,0,31
18,"Aberdeen, SD",2,0,0,0,0,2,0,14
18,"Abilene, TX",2,4,6,0,5,9,0,34
18,"Adak Island, AK",0,0,0,0,0,0,0,2
18,"Aguadilla, PR",5,0,1,0,5,6,0,58
18,"Akron, OH",4,3,4,0,7,13,1,67
18,"Albany, GA",3,0,1,0,0,1,0,14
18,"Albany, NY",18,0,10,0,18,31,2,227
18,"Albuquerque, NM",44,2,37,0,50,84,7,464
18,"Alexandria, LA",4,4,1,0,1,8,0,35
18,"Allentown/Bethlehem/Easton, PA",2,1,3,0,3,7,0,83
18,"Alpena, MI",1,3,2,0,0,4,0,12
18,"Amarillo, TX",8,0,5,0,7,13,0,84
18,"Anchorage, AK",14,2,7,0,8,25,2,329
18,"Appleton, WI",6,3,1,0,5,13,0,120
18,"Arcata/Eureka, CA",2,0,7,0,1,7,1,28
18,"Asheville, NC",26,2,40,0,32,54,0,242
18,"Ashland, WV",3,0,1,0,3,3,0,4
18,"Aspen, CO",5,3,4,0,5,13,6,84
18,"Atlanta, GA",670,24,573,0,421,1026,4,6695
18,"Atlantic City, NJ",3,0,5,0,2,6,1,70
18,"Augusta, GA",6,3,5,0,6,12,0,79
18,"Austin, TX",224,31,246,3,260,433,15,1762
18,"Bakersfield, CA",6,0,4,0,4,12,0,39
18,"Baltimore, MD",238,2,126,0,217,345,1,1934
18,"Bangor, ME",0,0,1,0,3,3,0,37
18,"Barrow, AK",0,0,0,0,1,1,0,7
18,"Baton Rouge, LA",6,6,15,0,12,23,0,102
18,"Beaumont/Port Arthur, TX",2,2,0,0,0,4,0,14
18,"Belleville, IL",2,0,2,0,4,4,0,20
18,"Bellingham, WA",3,0,3,0,5,7,0,54
18,"Bemidji, MN",1,0,0,0,0,1,0,14
18,"Bend/Redmond, OR",3,0,4,0,0,7,0,98
18,"Bethel, AK",0,0,0,2,2,4,0,14
18,"Billings, MT",7,0,2,0,2,8,0,70
18,"Binghamton, NY",0,0,0,0,0,0,0,7
18,"Birmingham, AL",28,8,31,1,44,60,1,339
18,"Bismarck/Mandan, ND",2,0,3,0,0,4,0,69
18,"Bloomington/Normal, IL",2,1,4,0,2,5,0,35
18,"Boise, ID",31,3,42,0,28,69,2,422
18,"Boston, MA",248,4,210,3,185,412,9,2804
18,"Bozeman, MT",6,1,5,0,6,13,0,148
18,"Brainerd, MN",1,0,0,0,0,1,0,12
18,"Bristol/Johnson City/Kingsport, TN",3,0,2,0,3,5,0,38
18,"Brownsville, TX",3,1,3,0,3,7,1,38
18,"Brunswick, GA",3,0,1,0,0,3,0,14
18,"Buffalo, NY",27,0,28,0,24,50,0,419
18,"Burbank, CA",39,7,87,0,65,133,1,521
18,"Burlington, VT",2,0,8,0,6,11,0,123
18,"Butte, MT",0,0,0,0,0,0,0,13
18,"Casper, WY",0,0,0,0,0,0,0,7
18,"Cedar City, UT",2,0,0,0,0,2,0,12
18,"Cedar Rapids/Iowa City, IA",10,5,13,0,11,29,0,146
18,"Champaign/Urbana, IL",5,1,2,0,5,5,0,28
18,"Charleston, SC",39,3,51,0,50,86,1,537
18,"Charleston/Dunbar, WV",5,0,9,0,9,15,0,67
18,"Charlotte Amalie, VI",9,4,13,0,17,25,1,120
18,"Charlotte, NC",654,249,575,15,710,1172,10,4288
18,"Charlottesville, VA",3,2,7,0,1,10,0,63
18,"Chattanooga, TN",16,4,16,0,16,29,0,139
18,"Cheyenne, WY",0,0,0,0,0,0,0,13
18,"Chicago, IL",891,229,952,5,838,1701,31,7148
18,"Christiansted, VI",1,2,3,0,6,7,0,23
18,"Cincinnati, OH",54,3,64,0,48,108,4,830
18,"Clarksburg/Fairmont, WV",1,1,0,0,1,2,0,4
18,"Cleveland, OH",47,3,55,0,43,98,1,784
18,"College Station/Bryan, TX",0,2,2,0,2,4,0,21
18,"Colorado Springs, CO",17,0,11,0,13,27,2,227
18,"Columbia, MO",2,1,3,0,0,4,0,28
18,"Columbia, SC",10,7,13,0,13,30,0,128
18,"Columbus, GA",2,1,0,0,0,3,0,20
18,"Columbus, MS",0,0,0,0,0,0,0,14
18,"Columbus, OH",48,3,51,0,46,95,0,802
18,"Concord, NC",0,0,0,0,0,0,0,14
18,"Cordova, AK",0,0,0,0,0,0,0,14
18,"Corpus Christi, TX",3,2,11,0,7,15,1,73
18,"Dallas, TX",226,6,114,0,256,353,2,1409
18,"Dallas/Fort Worth, TX",965,94,803,3,812,1523,27,5870
18,"Dayton, OH",6,3,8,0,5,17,1,161
18,"Daytona Beach, FL",4,2,1,0,5,6,0,58
18,"Deadhorse, AK",0,0,0,0,0,0,0,11
18,"Decatur, IL",0,0,3,0,8,9,0,19
18,"Denver, CO",724,22,546,3,594,1143,23,5766
18,"Des Moines, IA",21,11,36,0,15,57,2,295
18,"Detroit, MI",238,17,192,0,110,363,0,2526
18,"Devils Lake, ND",0,0,0,0,0,0,0,13
18,"Dickinson, ND",1,0,1,0,0,1,0,13
18,"Dodge City, KS",1,0,1,0,1,2,0,12
18,"Dothan, AL",3,0,2,0,0,4,0,14
18,"Duluth, MN",2,1,2,0,2,5,0,36
18,"Durango, CO",2,0,2,0,1,4,0,56
18,"Eagle, CO",0,0,0,0,1,1,0,31
18,"El Paso, TX",23,2,26,1,44,60,1,337
18,"Elko, NV",0,0,0,0,0,0,0,7
18,"Elmira/Corning, NY",3,1,0,0,1,4,0,19
18,"Escanaba, MI",2,2,1,0,0,4,0,12
18,"Eugene, OR",19,1,15,0,10,30,0,131
18,"Evansville, IN",2,0,1,0,1,4,0,36
18,"Everett, WA",1,0,3,0,1,4,0,29
18,"Fairbanks, AK",0,0,4,0,4,3,0,66
18,"Fargo, ND",9,0,3,0,1,12,0,124
18,"Fayetteville, AR",13,4,21,1,18,35,0,252
18,"Fayetteville, NC",1,0,1,0,3,3,0,20
18,"Flagstaff, AZ",3,0,1,0,0,3,0,34
18,"Flint, MI",4,2,4,0,0,7,0,42
18,"Fort Dodge, IA",0,0,1,0,1,1,0,12
18,"Fort Lauderdale, FL",211,7,171,10,141,313,6,1852
18,"Fort Myers, FL",33,12,54,1,62,102,3,703
18,"Fort Smith, AR",0,4,3,0,0,6,0,21
18,"Fort Wayne, IN",8,0,6,0,5,14,1,80
18,"Fresno, CA",14,2,20,0,20,36,0,214
18,"Gainesville, FL",2,1,2,1,2,6,0,61
18,"Garden City, KS",2,0,0,0,1,2,0,14
18,"Gillette, WY",2,0,0,0,0,2,0,14
18,"Grand Forks, ND",3,0,0,0,0,2,0,25
18,"Grand Island, NE",1,0,0,0,0,1,0,18
18,"Grand Junction, CO",2,2,7,0,2,10,0,58
18,"Grand Rapids, MI",23,3,21,1,13,36,1,338
18,"Great Falls, MT",5,0,1,0,0,5,0,52
18,"Green Bay, WI",8,1,4,0,6,14,0,92
18,"Greensboro/High Point, NC",22,2,23,0,18,41,1,227
18,"Greer, SC",24,0,29,1,27,48,0,313
18,"Guam, TT",0,0,0,0,0,0,0,14
18,"Gulfport/Biloxi, MS",2,2,9,0,7,13,0,63
18,"Gunnison, CO",0,1,0,0,1,2,0,7
18,"Hagerstown, MD",1,0,0,0,1,1,0,4
18,"Hancock/Houghton, MI",3,2,1,0,1,6,1,14
18,"Harlingen/San Benito, TX",8,2,12,0,11,18,1,89
18,"Harrisburg, PA",7,2,8,0,10,13,0,118
18,"Hartford, CT",30,0,18,0,33,50,0,439
18,"Hattiesburg/Laurel, MS",0,0,1,0,2,2,6,12
18,"Hayden, CO",0,0,0,0,0,0,0,21
18,"Hays, KS",0,0,1,0,1,1,0,14
18,"Helena, MT",0,0,0,0,0,0,0,28
18,"Hibbing, MN",0,1,0,0,0,1,0,12
18,"Hilo, HI",6,0,2,0,8,10,3,130
18,"Hilton Head, SC",5,1,6,0,9,12,0,52
18,"Honolulu, HI",110,0,32,5,57,133,10,1178
18,"Houston, TX",624,334,645,1,787,1279,188,3353
18,"Huntsville, AL",21,8,19,0,18,36,1,189
18,"Idaho Falls, ID",9,1,3,0,0,10,0,67
18,"Indianapolis, IN",74,4,62,0,61,132,10,900
18,"International Falls, MN",0,0,0,0,0,0,0,12
18,"Iron Mountain/Kingsfd, MI",1,0,0,0,0,1,0,14
18,"Islip, NY",6,0,3,0,11,12,0,99
18,"Ithaca/Cortland, NY",0,0,1,0,0,1,0,23
18,"Jackson, WY",1,0,11,0,2,11,0,49
18,"Jackson/Vicksburg, MS",15,8,19,0,18,33,0,146
18,"Jacksonville, FL",43,10,55,0,57,109,4,613
18,"Jacksonville/Camp Lejeune, NC",4,0,3,0,6,8,0,35
18,"Jamestown, ND",1,0,1,0,0,2,0,13
18,"Johnstown, PA",1,0,0,0,4,5,0,14
18,"Joplin, MO",3,0,1,0,1,4,0,12
18,"Juneau, AK",3,0,0,0,3,5,0,84
18,"Kahului, HI",26,0,10,3,20,38,6,481
18,"Kalamazoo, MI",1,0,0,0,0,1,0,20
18,"Kalispell, MT",1,0,1,0,1,3,0,43
18,"Kansas City, MO",75,22,80,0,92,163,4,954
18,"Ketchikan, AK",2,0,1,0,1,3,0,49
18,"Key West, FL",22,0,15,1,24,32,0,172
18,"Killeen, TX",5,3,3,0,2,9,1,35
18,"King Salmon, AK",0,0,0,0,0,0,0,3
18,"Knoxville, TN",28,4,23,0,26,47,1,284
18,"Kodiak, AK",2,0,1,0,1,3,0,14
18,"Kona, HI",16,0,8,0,15,23,1,293
18,"Kotzebue, AK",0,0,0,0,1,1,0,7
18,"Lafayette, LA",2,6,8,0,8,13,0,58
18,"Lake Charles, LA",2,2,2,0,2,6,0,21
18,"Lansing, MI",4,0,3,0,1,6,0,26
18,"Laramie, WY",0,0,0,0,0,0,0,12
18,"Laredo, TX",2,0,3,0,4,8,0,37
18,"Las Vegas, NV",450,18,364,0,471,772,14,3636
18,"Latrobe, PA",0,0,1,0,1,0,0,14
18,"Lawton/Fort Sill, OK",2,0,1,0,1,3,0,21
18,"Lewiston, ID",1,2,0,0,0,3,0,21
18,"Lexington, KY",8,3,14,0,17,23,0,172
18,"Liberal, KS",0,0,1,0,3,3,0,12
18,"Lihue, HI",7,0,4,0,12,18,5,299
18,"Lincoln, NE",3,0,1,0,3,6,0,22
18,"Little Rock, AR",18,14,16,0,23,46,5,258
18,"Long Beach, CA",24,2,18,0,32,46,0,343
18,"Longview, TX",3,0,1,0,1,4,0,14
18,"Los Angeles, CA",401,15,433,2,331,728,12,3695
18,"Louisville, KY",59,2,53,1,59,104,3,569
18,"Lubbock, TX",8,2,12,0,12,19,5,117
18,"Madison, WI",20,4,15,0,17,36,1,241
18,"Manchester, NH",3,0,6,0,8,11,0,108
18,"Manhattan/Ft. Riley, KS",2,0,0,0,0,2,0,14
18,"Marquette, MI",1,2,1,0,0,4,0,14
18,"Mason City, IA",1,0,1,0,0,2,0,12
18,"Medford, OR",8,3,8,0,4,15,2,80
18,"Melbourne, FL",3,0,2,0,6,6,0,57
18,"Memphis, TN",36,10,42,0,38,76,3,437
18,"Meridian, MS",1,1,3,0,1,5,2,12
18,"Miami, FL",255,11,185,4,193,385,5,2186
18,"Midland/Odessa, TX",23,10,22,0,25,48,5,197
18,"Milwaukee, WI",35,2,39,0,52,77,2,536
18,"Minneapolis, MN",214,10,184,3,68,332,0,2404
18,"Minot, ND",4,0,0,0,0,4,0,42
18,"Mission/McAllen/Edinburg, TX",13,4,13,0,6,27,4,90
18,"Missoula, MT",3,0,3,0,2,6,0,63
18,"Mobile, AL",4,2,8,0,3,10,0,48
18,"Moline, IL",1,2,6,0,6,10,0,78
18,"Monroe, LA",1,1,2,0,2,4,0,35
18,"Monterey, CA",9,1,11,0,7,15,1,90
18,"Montgomery, AL",6,0,5,1,4,11,0,47
18,"Montrose/Delta, CO",1,0,0,0,2,2,0,28
18,"Mosinee, WI",0,0,1,0,0,1,0,14
18,"Myrtle Beach, SC",15,0,24,1,27,44,0,346
18,"Nashville, TN",189,25,163,2,229,361,6,1973
18,"New Orleans, LA",118,10,150,0,149,228,8,1009
18,"New York, NY",441,11,389,11,352,790,9,5559
18,"Newark, NJ",294,38,268,2,254,514,15,2560
18,"Newburgh/Poughkeepsie, NY",0,0,0,0,0,0,0,8
18,"Niagara Falls, NY",0,0,1,0,0,0,0,6
18,"Nome, AK",0,0,0,0,0,0,0,7
18,"Norfolk, VA",35,1,28,0,42,67,4,403
18,"North Bend/Coos Bay, OR",0,1,2,0,0,2,0,7
18,"North Platte, NE",0,0,0,0,0,0,0,12
18,"Oakland, CA",62,2,50,1,81,120,1,826
18,"Oklahoma City, OK",29,12,36,0,41,74,3,437
18,"Omaha, NE",50,5,61,1,39,98,6,474
18,"Ontario, CA",45,2,51,1,61,94,0,496
18,"Orlando, FL",359,20,274,15,266,562,7,3198
18,"Pago Pago, TT",1,0,0,0,0,1,0,2
18,"Palm Springs, CA",27,3,49,1,29,68,0,331
18,"Panama City, FL",25,4,13,0,31,46,0,175
18,"Pasco/Kennewick/Richland, WA",4,0,5,0,3,9,0,99
18,"Pellston, MI",2,2,1,0,0,4,0,12
18,"Pensacola, FL",21,10,27,0,33,50,2,268
18,"Peoria, IL",3,2,6,0,5,12,0,65
18,"Petersburg, AK",1,0,0,0,0,1,0,14
18,"Philadelphia, PA",149,10,110,6,148,259,5,1852
18,"Phoenix, AZ",403,9,279,1,364,685,11,3918
18,"Pittsburgh, PA",48,18,74,3,64,127,2,821
18,"Plattsburgh, NY",1,0,0,0,0,1,0,6
18,"Pocatello, ID",2,0,0,0,0,2,0,14
18,"Ponce, PR",0,0,0,0,3,3,1,22
18,"Portland, ME",11,2,7,0,9,19,1,160
18,"Portland, OR",75,5,91,1,85,172,4,1131
18,"Portsmouth, NH",0,0,0,0,0,0,0,6
18,"Prescott, AZ",0,1,0,0,0,1,0,14
18,"Providence, RI",22,0,17,0,27,39,1,280
18,"Provo, UT",2,2,4,0,3,8,0,36
18,"Punta Gorda, FL",7,0,2,0,5,8,0,97
18,"Raleigh/Durham, NC",106,5,101,0,118,206,4,1207
18,"Rapid City, SD",8,0,4,0,4,13,0,72
18,"Redding, CA",1,0,3,0,3,5,0,26
18,"Reno, NV",20,2,30,0,28,57,1,379
18,"Rhinelander, WI",1,0,0,0,0,1,0,14
18,"Richmond, VA",21,5,20,1,26,47,1,383
18,"Riverton/Lander, WY",0,0,0,0,0,0,0,9
18,"Roanoke, VA",6,1,3,0,6,10,0,52
18,"Rochester, MN",6,1,2,0,0,7,0,28
18,"Rochester, NY",14,2,13,0,12,28,0,228
18,"Rock Springs, WY",0,0,0,0,0,0,0,9
18,"Rockford, IL",2,1,0,0,2,3,0,14
18,"Roswell, NM",4,0,1,0,2,5,0,14
18,"Sacramento, CA",77,5,66,0,95,153,0,1033
18,"Saginaw/Bay City/Midland, MI",2,2,2,0,1,6,0,39
18,"Saipan, TT",0,0,0,0,0,0,0,7
18,"Salina, KS",1,0,1,0,0,2,1,14
18,"Salt Lake City, UT",204,22,189,0,133,348,3,2172
18,"San Angelo, TX",1,1,0,0,1,2,0,21
18,"San Antonio, TX",70,3,93,0,93,149,8,801
18,"San Diego, CA",147,8,184,8,191,344,10,1765
18,"San Francisco, CA",317,11,267,2,441,649,20,2510
18,"San Jose, CA",55,1,43,0,79,113,1,926
18,"San Juan, PR",92,15,80,0,96,164,2,684
18,"San Luis Obispo, CA",5,0,3,1,4,11,0,92
18,"Sanford, FL",18,2,3,0,13,22,0,162
18,"Santa Ana, CA",51,2,73,0,68,129,3,834
18,"Santa Barbara, CA",10,0,18,0,13,27,0,134
18,"Santa Fe, NM",3,1,1,0,2,6,0,41
18,"Santa Maria, CA",0,0,1,0,1,1,0,2
18,"Santa Rosa, CA",4,1,7,0,5,11,0,51
18,"Sarasota/Bradenton, FL",20,0,27,0,26,46,1,350
18,"Sault Ste. Marie, MI",2,1,0,0,0,3,0,14
18,"Savannah, GA",35,2,35,1,51,71,0,404
18,"Scottsbluff, NE",0,0,0,0,1,1,0,12
18,"Scranton/Wilkes-Barre, PA",1,1,1,0,1,2,0,21
18,"Seattle, WA",258,22,291,1,192,513,9,3108
18,"Sheridan, WY",0,0,0,0,0,0,0,14
18,"Shreveport, LA",4,9,5,0,12,15,1,77
18,"Sioux City, IA",2,0,3,0,2,4,0,14
18,"Sioux Falls, SD",4,4,10,0,0,11,0,134
18,"Sitka, AK",2,0,2,0,1,2,0,21
18,"South Bend, IN",22,2,13,0,10,30,1,123
18,"Spokane, WA",23,2,17,0,25,47,1,341
18,"Springfield, IL",0,0,0,0,0,0,0,2
18,"Springfield, MO",15,6,20,0,18,33,2,156
18,"St. Cloud, MN",0,0,0,0,0,0,0,2
18,"St. George, UT",1,2,2,0,0,3,0,60
18,"St. Louis, MO",102,18,116,0,144,230,4,1266
18,"St. Petersburg, FL",5,0,1,0,1,7,0,137
18,"State College, PA",1,1,2,0,0,2,0,18
18,"Stillwater, OK",0,1,1,0,1,2,0,14
18,"Stockton, CA",0,0,1,0,1,2,0,8
18,"Sun Valley/Hailey/Ketchum, ID",1,1,2,0,0,2,0,21
18,"Syracuse, NY",16,4,13,0,12,26,1,252
18,"Tallahassee, FL",12,3,10,0,11,18,0,117
18,"Tampa, FL",178,16,178,0,187,306,5,1595
18,"Texarkana, AR",2,1,2,0,1,3,0,14
18,"Toledo, OH",0,0,1,0,2,2,0,7
18,"Traverse City, MI",3,2,4,0,2,7,0,58
18,"Trenton, NJ",3,0,0,0,7,8,1,45
18,"Tucson, AZ",27,1,40,0,31,72,4,376
18,"Tulsa, OK",14,6,23,0,26,47,5,332
18,"Twin Falls, ID",1,0,0,0,0,1,0,14
18,"Tyler, TX",3,0,1,0,0,3,0,21
18,"Valdosta, GA",0,1,2,0,0,2,0,14
18,"Valparaiso, FL",22,7,15,0,30,43,0,199
18,"Victoria, TX",0,1,0,0,0,1,4,12
18,"Waco, TX",2,1,1,0,0,3,0,21
18,"Walla Walla, WA",1,0,1,0,0,1,0,14
18,"Washington, DC",357,30,310,2,345,665,7,3728
18,"West Palm Beach/Palm Beach, FL",63,2,45,0,45,96,2,604
18,"White Plains, NY",29,3,18,0,29,42,0,249
18,"Wichita Falls, TX",7,0,1,0,0,7,0,14
18,"Wichita, KS",21,8,16,0,11,31,1,197
18,"Williston, ND",6,0,3,0,0,6,0,39
18,"Wilmington, NC",6,1,21,0,22,29,1,142
18,"Worcester, MA",1,0,2,0,1,4,0,27
18,"Wrangell, AK",0,0,0,0,2,2,0,14
18,"Yakutat, AK",0,0,0,0,0,0,0,14
18,"Yuma, AZ",4,0,0,0,2,4,0,31
19,"Aberdeen, SD",0,0,0,0,0,0,0,14
19,"Abilene, TX",3,2,3,0,5,8,1,32
19,"Adak Island, AK",0,0,0,0,0,0,0,2
19,"Aguadilla, PR",4,0,3,0,7,9,0,57
19,"Akron, OH",9,3,11,0,4,17,2,67
19,"Albany, GA",2,1,0,0,0,3,1,14
19,"Albany, NY",25,2,30,0,32,59,0,230
19,"Albuquerque, NM",60,4,39,0,71,96,3,491
19,"Alexandria, LA",3,6,5,0,1,9,0,35
19,"Allentown/Bethlehem/Easton, PA",2,1,8,0,5,12,1,85
19,"Alpena, MI",1,0,1,0,0,1,0,12
19,"Amarillo, TX",8,2,15,0,15,27,2,97
19,"Anchorage, AK",25,1,26,0,34,56,2,350
19,"Appleton, WI",12,3,12,0,12,28,4,117
19,"Arcata/Eureka, CA",1,1,5,0,3,8,0,28
19,"Asheville, NC",36,9,44,1,46,78,0,252
19,"Ashland, WV",2,0,3,0,4,4,0,4
19,"Atlanta, GA",1309,89,1395,2,1069,2156,92,6747
19,"Atlantic City, NJ",3,0,8,0,6,11,1,65
19,"Augusta, GA",11,2,11,0,10,17,1,69
19,"Austin, TX",261,45,258,2,339,524,14,1764
19,"Bakersfield, CA",6,1,5,0,3,10,0,48
19,"Baltimore, MD",388,7,312,2,360,588,11,1948
19,"Bangor, ME",2,0,3,0,1,5,0,43
19,"Barrow, AK",0,0,1,2,1,2,0,7
19,"Baton Rouge, LA",10,13,14,0,21,24,2,99
19,"Beaumont/Port Arthur, TX",0,1,1,0,0,1,1,14
19,"Belleville, IL",1,1,3,0,3,5,0,20
19,"Bellingham, WA",5,0,1,0,3,5,0,53
19,"Bemidji, MN",0,1,0,0,0,1,0,14
19,"Bend/Redmond, OR",12,0,12,0,7,24,0,104
19,"Bethel, AK",0,0,4,5,4,6,0,14
19,"Billings, MT",6,8,5,0,6,17,1,75
19,"Binghamton, NY",1,1,2,0,0,2,0,7
19,"Birmingham, AL",51,10,47,0,70,101,3,341
19,"Bismarck/Mandan, ND",7,3,8,0,2,13,2,78
19,"Bloomington/Normal, IL",2,2,10,0,8,14,0,35
19,"Boise, ID",27,1,42,0,35,76,0,440
19,"Boston, MA",332,29,400,3,297,620,8,2857
19,"Bozeman, MT",12,0,22,0,16,33,1,145
19,"Brainerd, MN",0,0,0,0,0,0,0,12
19,"Bristol/Johnson City/Kingsport, TN",5,4,4,0,2,10,0,38
19,"Brownsville, TX",3,2,4,0,2,6,1,41
19,"Brunswick, GA",4,0,0,0,0,4,1,14
19,"Buffalo, NY",39,4,45,0,46,79,2,420
19,"Burbank, CA",24,2,57,0,60,99,3,528
19,"Burlington, VT",7,1,10,0,17,24,0,138
19,"Butte, MT",0,0,0,0,0,0,0,13
19,"Casper, WY",1,0,0,0,0,1,0,14
19,"Cedar City, UT",1,0,1,0,0,1,0,12
19,"Cedar Rapids/Iowa City, IA",22,5,34,0,21,45,4,152
19,"Champaign/Urbana, IL",1,2,5,0,2,6,1,28
19,"Charleston, SC",52,11,84,0,99,142,3,544
19,"Charleston/Dunbar, WV",8,3,9,0,7,19,1,69
19,"Charlotte Amalie, VI",14,5,39,1,23,45,1,122
19,"Charlotte, NC",1107,252,1171,25,1185,1879,45,4334
19,"Charlottesville, VA",10,0,11,0,8,12,2,64
19,"Chattanooga, TN",23,9,22,0,19,41,4,129
19,"Cheyenne, WY",0,1,0,0,0,1,0,13
19,"Chicago, IL",1184,259,1372,7,1313,2316,114,7193
19,"Christiansted, VI",1,0,3,0,4,6,0,23
19,"Cincinnati, OH",65,28,101,2,87,176,9,828
19,"Clarksburg/Fairmont, WV",1,1,3,0,1,3,0,4
19,"Cleveland, OH",80,3,88,1,84,164,8,814
19,"College Station/Bryan, TX",1,0,2,0,1,3,1,21
19,"Colorado Springs, CO",20,6,33,0,29,56,3,234
19,"Columbia, MO",4,3,9,0,6,10,2,35
19,"Columbia, SC",14,5,22,0,21,36,3,134
19,"Columbus, GA",5,1,4,0,0,5,1,20
19,"Columbus, MS",0,0,1,0,1,1,0,14
19,"Columbus, OH",74,14,102,0,100,181,6,817
19,"Concord, NC",1,0,2,0,2,5,0,14
19,"Cordova, AK",2,0,1,0,3,3,0,14
19,"Corpus Christi, TX",7,3,14,0,15,24,2,74
19,"Dallas, TX",272,27,224,0,347,457,5,1403
19,"Dallas/Fort Worth, TX",1516,309,1320,4,1660,2486,193,6171
19,"Dayton, OH",16,3,23,0,29,43,5,160
19,"Daytona Beach, FL",10,1,15,0,13,20,1,62
19,"Deadhorse, AK",0,1,1,0,1,2,1,11
19,"Decatur, IL",1,0,1,0,1,3,1,19
19,"Denver, CO",1040,49,776,3,1208,1813,58,5786
19,"Des Moines, IA",30,4,31,0,34,65,3,282
19,"Detroit, MI",332,26,322,2,198,568,12,2541
19,"Devils Lake, ND",0,1,0,0,1,2,0,13
19,"Dickinson, ND",1,0,3,0,0,4,0,13
19,"Dodge City, KS",0,0,1,0,1,2,0,12
19,"Dothan, AL",1,0,2,0,2,4,0,14
19,"Duluth, MN",2,4,3,0,2,7,1,41
19,"Durango, CO",7,3,9,0,3,16,1,63
19,"Eagle, CO",3,0,4,0,1,6,1,35
19,"El Paso, TX",36,7,29,0,61,78,5,324
19,"Elko, NV",0,0,0,0,0,0,0,7
19,"Elmira/Corning, NY",4,1,1,0,3,5,0,18
19,"Escanaba, MI",1,0,1,0,0,1,0,12
19,"Eugene, OR",18,0,17,0,14,30,2,131
19,"Evansville, IN",7,2,13,0,4,16,1,36
19,"Everett, WA",1,0,1,0,0,2,1,29
19,"Fairbanks, AK",4,0,2,0,6,9,0,69
19,"Fargo, ND",13,3,14,0,10,25,1,123
19,"Fayetteville, AR",21,11,37,0,38,64,3,264
19,"Fayetteville, NC",2,2,2,0,3,7,0,21
19,"Flagstaff, AZ",0,1,1,0,1,1,0,35
19,"Flint, MI",4,0,6,0,3,9,1,39
19,"Fort Dodge, IA",1,0,1,0,3,4,1,12
19,"Fort Lauderdale, FL",301,5,354,6,253,507,16,1793
19,"Fort Myers, FL",73,7,119,0,111,176,3,605
19,"Fort Smith, AR",4,2,8,0,7,9,0,21
19,"Fort Wayne, IN",12,2,11,1,9,25,3,73
19,"Fresno, CA",24,1,21,1,19,45,1,220
19,"Gainesville, FL",9,1,6,0,11,13,0,55
19,"Garden City, KS",1,1,2,0,1,2,0,14
19,"Gillette, WY",0,1,1,0,0,2,0,14
19,"Grand Forks, ND",1,0,0,0,0,1,0,23
19,"Grand Island, NE",1,1,0,0,0,2,1,18
19,"Grand Junction, CO",7,3,7,0,5,14,1,65
19,"Grand Rapids, MI",41,3,42,0,46,72,1,326
19,"Great Falls, MT",5,0,7,0,2,11,0,52
19,"Green Bay, WI",5,2,5,0,3,12,1,79
19,"Greensboro/High Point, NC",31,10,34,0,34,60,5,228
19,"Greer, SC",38,14,39,0,57,85,6,333
19,"Guam, TT",0,0,0,0,0,0,0,14
19,"Gulfport/Biloxi, MS",8,4,9,0,8,16,5,63
19,"Gunnison, CO",1,0,2,0,0,2,0,7
19,"Hagerstown, MD",0,1,1,0,1,2,0,4
19,"Hancock/Houghton, MI",1,1,0,0,0,2,2,14
19,"Harlingen/San Benito, TX",9,1,16,0,16,23,0,82
19,"Harrisburg, PA",17,5,19,1,17,35,2,110
19,"Hartford, CT",46,5,57,2,67,103,6,431
19,"Hattiesburg/Laurel, MS",0,0,2,1,3,4,0,12
19,"Hayden, CO",0,0,5,0,3,6,0,21
19,"Hays, KS",0,0,1,0,2,2,0,14
19,"Helena, MT",3,0,4,0,2,6,0,28
19,"Hibbing, MN",0,0,0,0,0,0,0,12
19,"Hilo, HI",13,4,2,0,23,23,1,130
19,"Hilton Head, SC",11,0,14,0,15,20,0,53
19,"Honolulu, HI",151,8,44,1,105,192,20,1168
19,"Houston, TX",494,36,440,2,515,891,21,3399
19,"Huntsville, AL",25,9,35,0,33,58,5,181
19,"Idaho Falls, ID",5,2,7,0,2,15,0,75
19,"Indianapolis, IN",96,9,131,0,115,207,7,921
19,"International Falls, MN",1,0,0,0,0,1,0,12
19,"Iron Mountain/Kingsfd, MI",1,0,0,0,0,1,0,14
19,"Islip, NY",6,2,10,0,16,21,1,99
19,"Ithaca/Cortland, NY",2,1,1,0,1,4,0,28
19,"Jackson, WY",4,3,13,0,10,21,1,63
19,"Jackson/Vicksburg, MS",13,8,21,0,22,36,4,150
19,"Jacksonville, FL",103,10,112,0,128,186,6,623
19,"Jacksonville/Camp Lejeune, NC",2,1,4,0,5,7,0,22
19,"Jamestown, ND",0,1,1,0,1,2,0,2
19,"Johnstown, PA",2,0,3,0,1,4,0,14
19,"Joplin, MO",1,0,1,0,1,2,0,12
19,"Juneau, AK",4,1,11,0,9,14,3,84
19,"Kahului, HI",41,3,23,0,44,72,5,482
19,"Kalamazoo, MI",3,1,1,0,0,4,1,20
19,"Kalispell, MT",3,1,7,0,6,9,0,50
19,"Kansas City, MO",126,6,141,0,169,258,3,981
19,"Ketchikan, AK",4,0,4,0,8,10,2,49
19,"Key West, FL",27,5,32,0,36,53,0,140
19,"Killeen, TX",4,2,4,0,3,6,1,34
19,"King Salmon, AK",0,0,0,0,0,0,0,3
19,"Knoxville, TN",30,14,58,1,55,95,4,293
19,"Kodiak, AK",0,0,0,0,0,0,0,14
19,"Kona, HI",14,1,9,0,23,33,5,293
19,"Kotzebue, AK",0,0,0,0,0,0,0,7
19,"La Crosse, WI",0,0,2,0,2,2,1,13
19,"Lafayette, LA",4,5,6,0,9,13,2,55
19,"Lake Charles, LA",4,0,1,0,2,5,1,21
19,"Lansing, MI",6,1,3,0,1,8,1,26
19,"Laramie, WY",0,1,1,0,1,3,0,12
19,"Laredo, TX",3,0,7,0,7,9,1,36
19,"Las Vegas, NV",396,6,291,2,457,714,12,3688
19,"Latrobe, PA",1,0,5,0,2,5,0,14
19,"Lawton/Fort Sill, OK",3,3,2,0,1,7,1,21
19,"Lewiston, ID",0,0,0,0,0,0,0,21
19,"Lexington, KY",15,3,24,0,28,46,4,173
19,"Liberal, KS",1,0,1,0,2,4,0,12
19,"Lihue, HI",21,1,7,0,25,39,8,299
19,"Lincoln, NE",3,0,4,0,5,8,1,21
19,"Little Rock, AR",33,19,43,1,34,76,4,255
19,"Long Beach, CA",29,1,14,0,36,52,0,343
19,"Longview, TX",0,1,2,0,1,2,1,14
19,"Los Angeles, CA",446,10,423,2,382,779,11,3717
19,"Louisville, KY",64,13,83,2,80,137,4,502
19,"Lubbock, TX",10,3,13,0,20,27,4,133
19,"Madison, WI",36,8,34,0,33,64,4,237
19,"Manchester, NH",7,1,18,0,16,26,1,107
19,"Manhattan/Ft. Riley, KS",2,0,1,0,3,2,1,14
19,"Marquette, MI",1,2,3,0,3,3,0,20
19,"Mason City, IA",1,0,2,0,2,4,1,12
19,"Medford, OR",7,3,8,0,4,15,0,80
19,"Melbourne, FL",6,1,11,0,12,17,0,55
19,"Memphis, TN",64,12,60,0,68,113,5,452
19,"Meridian, MS",0,0,3,0,2,4,0,12
19,"Miami, FL",441,9,456,10,415,742,9,2155
19,"Midland/Odessa, TX",19,11,25,1,22,48,8,199
19,"Milwaukee, WI",50,14,55,0,68,122,5,539
19,"Minneapolis, MN",269,13,234,0,171,454,4,2450
19,"Minot, ND",3,0,3,0,0,6,0,42
19,"Mission/McAllen/Edinburg, TX",13,4,16,0,8,28,1,90
19,"Missoula, MT",7,2,9,0,9,17,0,78
19,"Mobile, AL",5,3,11,0,9,13,1,48
19,"Moline, IL",14,6,12,0,13,28,1,85
19,"Monroe, LA",3,0,5,0,6,8,0,35
19,"Monterey, CA",7,2,7,0,7,16,0,97
19,"Montgomery, AL",9,3,8,0,4,17,0,47
19,"Montrose/Delta, CO",3,1,11,0,10,14,0,28
19,"Mosinee, WI",0,0,0,0,0,0,0,14
19,"Myrtle Beach, SC",31,3,66,0,49,87,5,358
19,"Nantucket, MA",0,0,0,0,0,0,1,8
19,"Nashville, TN",287,47,346,0,387,576,11,1997
19,"New Orleans, LA",185,8,169,0,204,307,7,1018
19,"New York, NY",578,25,815,4,459,1225,13,5542
19,"Newark, NJ",320,27,439,2,283,621,19,2580
19,"Newburgh/Poughkeepsie, NY",2,0,1,0,1,2,0,7
19,"Niagara Falls, NY",0,1,2,0,1,2,0,6
19,"Nome, AK",0,0,1,0,1,1,0,7
19,"Norfolk, VA",46,6,56,1,67,98,7,401
19,"North Bend/Coos Bay, OR",0,0,4,0,0,3,0,7
19,"North Platte, NE",0,0,1,0,0,1,1,12
19,"Oakland, CA",90,0,36,0,102,133,3,807
19,"Oklahoma City, OK",47,3,56,0,63,104,4,441
19,"Omaha, NE",47,18,57,0,69,114,5,464
19,"Ontario, CA",44,1,48,1,66,100,4,501
19,"Orlando, FL",583,31,586,5,518,948,14,3151
19,"Pago Pago, TT",0,0,0,0,1,1,0,2
19,"Palm Springs, CA",26,2,39,0,31,69,2,284
19,"Panama City, FL",34,6,38,0,46,57,4,191
19,"Pasco/Kennewick/Richland, WA",9,0,8,1,0,13,0,100
19,"Pellston, MI",1,0,0,0,0,1,0,12
19,"Pensacola, FL",41,9,34,0,59,77,8,270
19,"Peoria, IL",5,5,13,0,11,20,1,65
19,"Petersburg, AK",2,0,3,0,5,6,0,14
19,"Philadelphia, PA",266,19,318,2,241,510,7,1959
19,"Phoenix, AZ",450,6,307,2,523,826,6,3900
19,"Pittsburgh, PA",70,16,122,2,102,194,5,842
19,"Plattsburgh, NY",0,0,1,0,1,1,1,6
19,"Pocatello, ID",1,0,0,0,0,1,0,14
19,"Ponce, PR",1,0,2,0,3,3,0,21
19,"Portland, ME",13,0,18,0,9,27,2,180
19,"Portland, OR",86,6,111,0,94,201,9,1149
19,"Portsmouth, NH",1,0,1,0,1,2,0,6
19,"Prescott, AZ",2,2,4,0,4,8,0,14
19,"Providence, RI",32,6,31,0,39,60,3,279
19,"Provo, UT",2,0,2,0,1,2,0,36
19,"Punta Gorda, FL",10,1,18,0,15,23,0,89
19,"Raleigh/Durham, NC",162,22,201,2,205,333,5,1223
19,"Rapid City, SD",4,5,12,0,5,17,1,79
19,"Redding, CA",1,1,4,0,0,5,0,26
19,"Reno, NV",17,8,37,0,31,63,1,381
19,"Rhinelander, WI",0,0,0,0,0,0,0,14
19,"Richmond, VA",45,3,63,2,52,101,3,401
19,"Riverton/Lander, WY",0,0,1,0,0,1,0,9
19,"Roanoke, VA",7,2,9,0,7,14,2,57
19,"Rochester, MN",7,1,5,0,0,9,0,34
19,"Rochester, NY",21,2,23,0,26,44,2,230
19,"Rock Springs, WY",1,0,2,0,1,4,0,9
19,"Rockford, IL",1,0,3,0,1,3,0,12
19,"Roswell, NM",2,1,0,0,0,3,1,21
19,"Sacramento, CA",86,2,75,3,104,169,4,1042
19,"Saginaw/Bay City/Midland, MI",6,0,2,0,3,10,2,39
19,"Saipan, TT",0,0,0,0,0,0,0,7
19,"Salina, KS",1,0,0,0,1,2,1,14
19,"Salt Lake City, UT",220,11,188,0,142,386,5,2170
19,"San Angelo, TX",3,1,3,0,2,4,1,21
19,"San Antonio, TX",76,7,89,0,111,156,6,800
19,"San Diego, CA",147,5,212,0,237,398,6,1792
19,"San Francisco, CA",291,9,228,0,417,626,20,2517
19,"San Jose, CA",66,3,59,0,90,140,1,935
19,"San Juan, PR",82,6,157,1,76,191,10,697
19,"San Luis Obispo, CA",5,1,9,0,9,18,0,99
19,"Sanford, FL",19,7,28,0,23,39,3,160
19,"Santa Ana, CA",60,5,93,0,89,160,7,843
19,"Santa Barbara, CA",5,1,17,0,16,25,1,151
19,"Santa Fe, NM",6,4,4,0,2,11,1,42
19,"Santa Maria, CA",0,0,0,0,0,0,0,2
19,"Santa Rosa, CA",6,2,8,0,5,11,1,51
19,"Sarasota/Bradenton, FL",41,4,58,2,68,98,2,305
19,"Sault Ste. Marie, MI",0,0,0,0,0,0,0,14
19,"Savannah, GA",62,17,58,0,72,116,6,404
19,"Scottsbluff, NE",1,0,1,0,0,2,1,12
19,"Scranton/Wilkes-Barre, PA",5,2,7,0,9,12,1,34
19,"Seattle, WA",405,15,550,14,331,846,14,3153
19,"Sheridan, WY",3,0,1,0,1,4,1,14
19,"Shreveport, LA",5,11,6,0,14,18,2,76
19,"Sioux City, IA",3,0,2,0,0,4,1,14
19,"Sioux Falls, SD",8,2,14,0,15,27,2,126
19,"Sitka, AK",3,0,3,0,2,5,0,21
19,"South Bend, IN",26,4,17,0,14,42,4,123
19,"Spokane, WA",19,2,14,0,24,41,1,341
19,"Springfield, IL",0,0,1,0,0,1,0,2
19,"Springfield, MO",27,13,32,0,34,55,5,154
19,"St. Cloud, MN",0,0,1,0,0,1,0,2
19,"St. George, UT",2,3,1,0,0,6,0,53
19,"St. Louis, MO",187,32,216,0,256,392,4,1277
19,"St. Petersburg, FL",14,2,22,0,17,31,2,134
19,"State College, PA",2,0,2,0,5,7,1,19
19,"Stillwater, OK",0,2,1,0,0,2,1,14
19,"Stockton, CA",2,0,1,0,2,2,0,8
19,"Sun Valley/Hailey/Ketchum, ID",0,0,1,0,0,1,0,21
19,"Syracuse, NY",20,4,18,0,21,39,2,256
19,"Tallahassee, FL",17,8,17,1,23,37,2,124
19,"Tampa, FL",251,8,299,0,302,470,12,1570
19,"Texarkana, AR",1,1,3,0,1,4,1,14
19,"Toledo, OH",1,0,1,0,3,3,0,7
19,"Traverse City, MI",4,1,6,0,5,10,2,59
19,"Trenton, NJ",4,0,6,0,13,14,0,45
19,"Tucson, AZ",42,9,58,0,52,105,3,380
19,"Tulsa, OK",29,5,46,0,46,82,6,344
19,"Twin Falls, ID",1,0,1,0,0,1,0,14
19,"Tyler, TX",2,0,4,0,0,4,0,21
19,"Valdosta, GA",1,0,3,0,3,3,1,14
19,"Valparaiso, FL",33,10,24,0,45,61,3,198
19,"Victoria, TX",0,0,0,0,2,2,0,12
19,"Waco, TX",2,0,2,0,0,4,1,21
19,"Walla Walla, WA",0,0,0,0,0,0,0,14
19,"Washington, DC",489,24,625,6,524,978,9,3734
19,"West Palm Beach/Palm Beach, FL",118,5,110,0,123,181,5,570
19,"West Yellowstone, MT",1,0,0,0,0,1,0,7
19,"White Plains, NY",23,4,32,0,21,52,2,232
19,"Wichita Falls, TX",4,1,1,0,0,5,1,14
19,"Wichita, KS",19,9,28,0,22,46,5,197
19,"Williston, ND",3,0,4,0,2,8,1,41
19,"Wilmington, NC",11,4,22,0,34,40,3,154
19,"Worcester, MA",3,0,4,0,6,6,0,27
19,"Wrangell, AK",0,0,1,0,6,6,0,14
19,"Yakutat, AK",0,1,1,1,2,3,0,14
19,"Yuma, AZ",3,0,4,0,2,6,1,32
20,"Aberdeen, SD",1,0,0,0,0,1,0,14
20,"Abilene, TX",6,0,5,0,7,10,1,32
20,"Adak Island, AK",0,0,0,0,0,0,0,2
20,"Aguadilla, PR",6,0,0,0,8,9,0,57
20,"Akron, OH",6,2,11,0,6,16,0,68
20,"Albany, GA",6,1,3,0,0,6,0,14
20,"Albany, NY",28,2,20,0,26,43,3,230
20,"Albuquerque, NM",56,2,42,0,63,94,8,493
20,"Alexandria, LA",3,4,2,0,0,7,1,35
20,"Allentown/Bethlehem/Easton, PA",7,1,12,0,7,18,1,89
20,"Alpena, MI",2,1,0,0,0,3,0,12
20,"Amarillo, TX",10,2,15,0,14,25,3,97
20,"Anchorage, AK",18,1,7,1,18,37,2,387
20,"Appleton, WI",7,3,17,0,9,27,0,119
20,"Arcata/Eureka, CA",2,0,5,0,1,7,0,28
20,"Asheville, NC",34,7,40,0,39,64,2,255
20,"Ashland, WV",1,1,1,0,3,3,0,6
20,"Atlanta, GA",1129,34,1086,10,840,1834,28,6772
20,"Atlantic City, NJ",2,0,13,0,2,15,2,63
20,"Augusta, GA",8,0,13,0,4,15,0,69
20,"Austin, TX",325,81,259,2,425,600,29,1771
20,"Bakersfield, CA",4,2,4,0,3,6,1,48
20,"Baltimore, MD",468,2,293,1,481,700,12,1956
20,"Bangor, ME",1,0,2,0,0,1,0,43
20,"Barrow, AK",0,0,1,1,1,2,0,7
20,"Baton Rouge, LA",10,1,11,0,9,18,5,100
20,"Beaumont/Port Arthur, TX",1,1,0,0,0,2,0,14
20,"Belleville, IL",4,0,2,0,4,4,0,20
20,"Bellingham, WA",3,0,1,0,2,4,0,53
20,"Bemidji, MN",4,0,1,0,0,4,0,14
20,"Bend/Redmond, OR",3,1,8,0,3,8,0,105
20,"Bethel, AK",1,0,2,3,0,4,0,14
20,"Billings, MT",9,1,2,0,3,9,0,77
20,"Binghamton, NY",0,0,1,0,0,1,0,7
20,"Birmingham, AL",43,15,52,0,63,98,4,341
20,"Bismarck/Mandan, ND",9,1,4,0,3,13,0,81
20,"Bloomington/Normal, IL",3,0,6,0,5,10,0,36
20,"Boise, ID",28,2,35,0,28,64,0,460
20,"Boston, MA",352,8,282,4,293,569,16,2857
20,"Bozeman, MT",5,0,12,0,8,15,0,157
20,"Brainerd, MN",1,0,0,0,0,1,0,12
20,"Bristol/Johnson City/Kingsport, TN",5,1,4,0,2,8,0,38
20,"Brownsville, TX",5,5,8,0,6,13,2,42
20,"Brunswick, GA",5,1,1,0,0,5,0,14
20,"Buffalo, NY",46,2,39,0,52,88,1,422
20,"Burbank, CA",18,1,52,0,42,79,2,533
20,"Burlington, VT",6,2,9,0,2,14,1,139
20,"Butte, MT",0,0,0,0,0,0,0,13
20,"Casper, WY",0,0,0,0,0,0,0,14
20,"Cedar City, UT",1,0,0,0,0,1,0,12
20,"Cedar Rapids/Iowa City, IA",15,0,16,1,17,29,2,151
20,"Champaign/Urbana, IL",5,2,9,0,8,13,0,28
20,"Charleston, SC",43,3,76,0,70,112,6,545
20,"Charleston/Dunbar, WV",14,4,12,0,6,23,1,69
20,"Charlotte Amalie, VI",11,0,22,0,23,32,0,123
20,"Charlotte, NC",1166,300,1098,33,1328,1968,141,4337
20,"Charlottesville, VA",7,0,11,0,7,15,0,64
20,"Chattanooga, TN",23,1,24,0,15,38,2,132
20,"Cheyenne, WY",1,0,1,0,0,1,0,13
20,"Chicago, IL",1137,159,1133,5,1160,2113,38,7207
20,"Christiansted, VI",1,0,1,0,3,3,0,23
20,"Cincinnati, OH",90,10,116,1,88,188,10,835
20,"Clarksburg/Fairmont, WV",1,0,0,0,1,1,0,4
20,"Cleveland, OH",81,3,108,0,102,179,14,837
20,"College Station/Bryan, TX",5,1,0,0,2,6,1,21
20,"Colorado Springs, CO",27,5,19,0,27,48,1,234
20,"Columbia, MO",10,2,9,0,7,12,0,35
20,"Columbia, SC",18,0,14,0,10,25,1,135
20,"Columbus, GA",4,4,2,0,0,8,0,20
20,"Columbus, MS",1,0,0,0,0,1,0,14
20,"Columbus, OH",72,4,89,0,98,164,8,823
20,"Concord, NC",0,1,4,0,5,7,0,14
20,"Cordova, AK",1,0,0,0,0,1,1,14
20,"Corpus Christi, TX",4,7,16,0,20,25,3,74
20,"Dallas, TX",309,48,211,1,374,504,18,1402
20,"Dallas/Fort Worth, TX",1366,424,1149,9,1472,2338,221,6183
20,"Dayton, OH",11,2,19,0,18,31,1,161
20,"Daytona Beach, FL",6,2,11,0,16,20,2,63
20,"Deadhorse, AK",1,0,0,0,1,1,0,11
20,"Decatur, IL",2,0,5,0,7,10,1,19
20,"Denver, CO",808,22,564,3,768,1305,24,5827
20,"Des Moines, IA",35,2,26,0,26,51,3,281
20,"Detroit, MI",322,43,280,3,173,525,10,2556
20,"Devils Lake, ND",0,0,1,0,1,2,0,13
20,"Dickinson, ND",0,0,1,0,0,1,0,13
20,"Dodge City, KS",0,0,1,0,3,3,0,12
20,"Dothan, AL",0,0,3,0,2,5,0,14
20,"Duluth, MN",1,1,2,0,0,2,0,41
20,"Durango, CO",6,0,5,0,4,11,1,63
20,"Eagle, CO",1,0,1,0,0,2,0,35
20,"El Paso, TX",51,4,31,0,60,83,4,329
20,"Elko, NV",0,0,0,0,0,0,0,7
20,"Elmira/Corning, NY",1,0,2,0,1,2,0,18
20,"Escanaba, MI",1,0,0,0,0,1,0,12
20,"Eugene, OR",12,1,10,0,8,21,1,131
20,"Evansville, IN",8,0,6,0,1,10,0,36
20,"Everett, WA",1,0,1,0,1,1,0,20
20,"Fairbanks, AK",3,0,0,0,6,7,2,67
20,"Fargo, ND",11,0,7,0,8,19,0,123
20,"Fayetteville, AR",28,11,40,0,35,62,2,263
20,"Fayetteville, NC",2,1,1,0,0,3,1,21
20,"Flagstaff, AZ",1,0,1,0,1,2,1,35
20,"Flint, MI",2,2,9,0,6,13,0,38
20,"Fort Dodge, IA",1,0,0,0,0,1,0,12
20,"Fort Lauderdale, FL",444,26,505,11,364,712,25,1783
20,"Fort Myers, FL",85,29,128,0,166,223,6,581
20,"Fort Smith, AR",4,3,2,0,4,7,0,21
20,"Fort Wayne, IN",15,1,6,0,5,21,0,74
20,"Fresno, CA",25,4,28,0,22,51,1,230
20,"Gainesville, FL",7,0,3,0,4,7,3,55
20,"Garden City, KS",4,0,2,0,3,6,0,14
20,"Gillette, WY",0,0,0,0,0,0,0,14
20,"Grand Forks, ND",3,0,0,0,1,3,0,24
20,"Grand Island, NE",1,1,1,0,0,2,0,18
20,"Grand Junction, CO",5,1,5,0,2,10,1,65
20,"Grand Rapids, MI",30,2,22,1,29,53,3,324
20,"Great Falls, MT",4,0,1,0,2,5,0,46
20,"Green Bay, WI",12,5,5,0,0,17,0,77
20,"Greensboro/High Point, NC",19,7,29,0,23,43,3,227
20,"Greer, SC",38,4,46,1,60,83,3,334
20,"Guam, TT",0,0,0,0,0,0,1,14
20,"Gulfport/Biloxi, MS",7,5,11,0,14,19,1,65
20,"Gunnison, CO",0,0,0,0,0,0,0,7
20,"Hagerstown, MD",0,0,1,0,1,1,0,4
20,"Hancock/Houghton, MI",3,0,3,0,2,6,0,14
20,"Harlingen/San Benito, TX",16,3,12,0,23,27,4,81
20,"Harrisburg, PA",16,0,20,0,15,27,0,110
20,"Hartford, CT",53,2,43,0,62,91,6,434
20,"Hattiesburg/Laurel, MS",0,0,1,0,2,2,0,12
20,"Hayden, CO",1,0,0,0,0,1,0,21
20,"Hays, KS",1,3,0,0,2,6,0,14
20,"Helena, MT",2,0,2,0,0,3,0,28
20,"Hibbing, MN",1,0,0,0,0,1,0,12
20,"Hilo, HI",23,2,12,0,31,37,2,130
20,"Hilton Head, SC",5,5,11,0,20,22,1,53
20,"Honolulu, HI",240,6,69,7,157,289,25,1170
20,"Houston, TX",659,234,544,6,738,1248,121,3419
20,"Huntsville, AL",17,2,33,0,29,48,4,182
20,"Idaho Falls, ID",2,3,4,0,1,6,0,74
20,"Indianapolis, IN",77,10,89,0,87,169,6,927
20,"International Falls, MN",1,0,0,0,0,1,0,12
20,"Iron Mountain/Kingsfd, MI",2,0,0,0,0,2,0,14
20,"Islip, NY",13,0,10,0,22,24,2,94
20,"Ithaca/Cortland, NY",2,0,2,0,2,4,0,28
20,"Jackson, WY",3,2,4,0,4,8,1,66
20,"Jackson/Vicksburg, MS",14,5,19,0,25,37,1,151
20,"Jacksonville, FL",83,4,109,1,106,163,9,624
20,"Jacksonville/Camp Lejeune, NC",3,0,3,0,4,5,1,21
20,"Johnstown, PA",0,0,0,0,1,1,0,14
20,"Joplin, MO",3,0,1,0,0,3,0,12
20,"Juneau, AK",4,0,4,0,5,8,1,91
20,"Kahului, HI",89,4,45,0,84,130,6,486
20,"Kalamazoo, MI",3,0,1,0,0,3,0,20
20,"Kalispell, MT",6,2,2,0,3,10,0,50
20,"Kansas City, MO",104,9,113,0,139,207,6,990
20,"Ketchikan, AK",2,0,1,0,4,6,1,49
20,"Key West, FL",33,4,35,0,48,59,2,140
20,"Killeen, TX",6,3,4,0,8,11,0,35
20,"King Salmon, AK",0,0,0,0,0,0,1,5
20,"Knoxville, TN",27,2,36,0,35,61,2,302
20,"Kodiak, AK",0,0,0,0,2,2,0,17
20,"Kona, HI",42,4,23,0,53,70,5,297
20,"Kotzebue, AK",0,0,0,0,0,0,0,7
20,"La Crosse, WI",2,0,1,0,1,3,0,14
20,"Lafayette, LA",2,4,5,0,6,9,1,55
20,"Lake Charles, LA",1,1,2,0,1,3,2,21
20,"Lansing, MI",3,1,2,0,3,5,0,26
20,"Laramie, WY",0,0,0,0,0,0,0,12
20,"Laredo, TX",1,0,4,0,9,10,1,36
20,"Las Vegas, NV",510,19,475,3,506,929,22,3720
20,"Latrobe, PA",0,0,2,0,0,2,0,13
20,"Lawton/Fort Sill, OK",3,0,1,0,0,3,2,21
20,"Lewiston, ID",2,0,1,0,0,2,0,21
20,"Lexington, KY",17,4,25,0,26,42,3,178
20,"Liberal, KS",1,0,2,0,1,2,0,12
20,"Lihue, HI",43,5,16,0,54,72,10,299
20,"Lincoln, NE",1,0,1,0,3,5,0,21
20,"Little Rock, AR",40,9,38,0,33,65,5,256
20,"Long Beach, CA",32,1,22,0,44,58,2,343
20,"Longview, TX",5,1,2,0,4,7,1,14
20,"Los Angeles, CA",511,18,516,4,431,865,12,3725
20,"Louisville, KY",71,2,80,0,76,127,3,499
20,"Lubbock, TX",20,4,16,0,17,37,5,133
20,"Madison, WI",33,1,24,0,20,50,4,235
20,"Manchester, NH",9,0,17,0,21,26,0,105
20,"Manhattan/Ft. Riley, KS",3,1,3,0,3,5,0,14
20,"Marquette, MI",2,1,2,0,0,3,0,20
20,"Mason City, IA",0,0,2,0,2,3,0,12
20,"Medford, OR",4,1,3,0,3,7,0,83
20,"Melbourne, FL",4,0,8,0,9,12,0,52
20,"Memphis, TN",57,3,51,0,52,98,9,457
20,"Meridian, MS",1,4,4,0,1,7,0,12
20,"Miami, FL",510,48,559,14,529,879,25,2147
20,"Midland/Odessa, TX",35,6,29,1,30,62,8,200
20,"Milwaukee, WI",37,8,46,0,53,93,3,545
20,"Minneapolis, MN",222,22,214,1,141,388,4,2471
20,"Minot, ND",2,0,0,0,0,2,0,42
20,"Mission/McAllen/Edinburg, TX",19,3,13,0,16,28,2,89
20,"Missoula, MT",7,2,9,0,6,11,0,80
20,"Mobile, AL",5,4,9,0,9,14,0,48
20,"Moline, IL",10,2,19,0,13,27,1,86
20,"Monroe, LA",6,1,4,0,6,10,1,35
20,"Monterey, CA",8,1,9,0,10,17,0,97
20,"Montgomery, AL",7,4,5,0,0,12,0,47
20,"Montrose/Delta, CO",2,0,3,0,4,4,0,28
20,"Mosinee, WI",0,0,1,0,0,1,0,14
20,"Myrtle Beach, SC",20,3,46,0,41,72,4,357
20,"Nantucket, MA",1,0,2,0,4,6,0,29
20,"Nashville, TN",302,34,301,1,407,596,17,2002
20,"New Orleans, LA",180,28,184,1,223,336,21,1024
20,"New York, NY",521,9,510,6,443,948,19,5542
20,"Newark, NJ",314,19,295,5,268,540,22,2584
20,"Newburgh/Poughkeepsie, NY",0,0,1,0,1,1,0,5
20,"Niagara Falls, NY",0,0,0,0,0,0,0,6
20,"Nome, AK",0,0,0,0,0,0,0,7
20,"Norfolk, VA",46,3,49,0,52,87,5,403
20,"North Bend/Coos Bay, OR",0,0,3,0,0,3,0,7
20,"North Platte, NE",0,0,1,0,0,1,0,12
20,"Oakland, CA",88,0,61,2,89,136,1,812
20,"Oklahoma City, OK",61,4,45,0,65,103,6,442
20,"Omaha, NE",52,12,56,0,64,114,5,469
20,"Ontario, CA",55,1,48,0,56,99,4,507
20,"Orlando, FL",664,211,859,5,816,1360,49,3136
20,"Pago Pago, TT",0,0,0,0,0,0,0,2
20,"Palm Springs, CA",20,1,32,0,17,49,1,258
20,"Panama City, FL",46,8,49,0,71,86,1,191
20,"Pasco/Kennewick/Richland, WA",6,1,8,0,4,14,0,99
20,"Pellston, MI",4,3,1,0,0,7,0,12
20,"Pensacola, FL",52,29,53,1,83,111,4,274
20,"Peoria, IL",11,4,10,0,11,21,0,67
20,"Petersburg, AK",1,0,2,0,3,3,0,14
20,"Philadelphia, PA",275,9,247,1,298,481,19,1990
20,"Phoenix, AZ",555,10,383,5,487,884,11,3884
20,"Pittsburgh, PA",83,4,121,1,106,183,9,864
20,"Plattsburgh, NY",1,0,3,0,2,4,1,7
20,"Pocatello, ID",0,1,0,0,0,1,0,14
20,"Ponce, PR",1,0,1,0,5,5,0,21
20,"Portland, ME",19,0,13,0,21,32,0,186
20,"Portland, OR",81,3,84,1,84,176,5,1140
20,"Portsmouth, NH",0,0,1,0,0,1,1,7
20,"Prescott, AZ",1,2,0,0,0,2,0,14
20,"Providence, RI",41,0,37,0,54,75,3,277
20,"Provo, UT",3,0,2,0,2,4,0,36
20,"Punta Gorda, FL",13,7,17,0,13,25,1,90
20,"Raleigh/Durham, NC",179,8,211,2,201,361,15,1245
20,"Rapid City, SD",9,3,3,0,8,16,0,82
20,"Redding, CA",1,1,5,0,1,5,0,26
20,"Reno, NV",39,3,40,1,40,75,2,387
20,"Rhinelander, WI",2,0,1,0,0,2,0,14
20,"Richmond, VA",55,1,63,1,46,97,7,399
20,"Riverton/Lander, WY",0,0,0,0,1,1,0,9
20,"Roanoke, VA",6,1,11,0,5,13,0,57
20,"Rochester, MN",3,0,2,0,0,4,1,34
20,"Rochester, NY",27,2,25,0,27,45,0,230
20,"Rock Springs, WY",1,0,0,0,0,1,0,9
20,"Rockford, IL",3,0,2,0,4,4,0,14
20,"Roswell, NM",2,1,1,0,0,3,2,21
20,"Sacramento, CA",84,5,82,0,112,190,1,1046
20,"Saginaw/Bay City/Midland, MI",3,3,4,0,4,9,0,39
20,"Saipan, TT",0,0,0,0,0,0,0,7
20,"Salina, KS",4,0,4,0,2,7,0,14
20,"Salt Lake City, UT",195,10,169,0,126,339,5,2181
20,"San Angelo, TX",4,2,2,0,3,8,0,21
20,"San Antonio, TX",102,21,101,1,139,210,13,803
20,"San Diego, CA",170,17,226,0,224,388,9,1804
20,"San Francisco, CA",268,9,255,0,319,551,20,2500
20,"San Jose, CA",71,4,63,2,82,140,2,946
20,"San Juan, PR",107,0,108,1,107,178,6,701
20,"San Luis Obispo, CA",9,0,7,0,1,11,0,90
20,"Sanford, FL",22,7,24,0,25,43,0,166
20,"Santa Ana, CA",58,1,73,0,73,137,8,839
20,"Santa Barbara, CA",13,0,11,0,14,21,1,153
20,"Santa Fe, NM",4,4,5,0,4,10,1,42
20,"Santa Maria, CA",0,0,0,0,0,0,0,2
20,"Santa Rosa, CA",13,0,12,0,5,15,0,56
20,"Sarasota/Bradenton, FL",45,8,57,0,77,106,4,303
20,"Sault Ste. Marie, MI",3,0,1,0,0,3,0,14
20,"Savannah, GA",41,18,50,1,69,91,2,408
20,"Scottsbluff, NE",0,0,1,0,0,1,0,12
20,"Scranton/Wilkes-Barre, PA",7,2,7,0,12,17,1,35
20,"Seattle, WA",364,21,345,0,291,655,12,3237
20,"Sheridan, WY",0,0,0,0,0,0,0,14
20,"Shreveport, LA",12,4,1,0,15,17,3,76
20,"Sioux City, IA",0,0,0,0,1,1,0,14
20,"Sioux Falls, SD",6,1,5,0,7,12,1,128
20,"Sitka, AK",0,0,1,0,0,1,0,28
20,"South Bend, IN",23,3,14,0,17,38,1,123
20,"Spokane, WA",18,3,19,0,22,40,1,336
20,"Springfield, IL",1,0,1,0,0,1,0,2
20,"Springfield, MO",30,12,30,0,33,51,2,158
20,"St. Cloud, MN",0,0,0,0,0,0,0,2
20,"St. George, UT",3,1,4,0,1,6,0,53
20,"St. Louis, MO",208,21,157,4,264,381,8,1281
20,"St. Petersburg, FL",11,14,21,0,25,43,0,146
20,"State College, PA",0,0,3,0,2,4,0,19
20,"Stillwater, OK",3,1,0,0,0,4,1,14
20,"Stockton, CA",0,0,2,0,0,2,0,9
20,"Sun Valley/Hailey/Ketchum, ID",0,0,0,0,0,0,0,21
20,"Syracuse, NY",36,2,24,0,24,49,1,261
20,"Tallahassee, FL",22,11,30,0,29,45,2,124
20,"Tampa, FL",317,53,431,1,405,648,27,1553
20,"Texarkana, AR",0,2,3,0,0,3,0,14
20,"Toledo, OH",0,0,3,0,3,4,0,7
20,"Traverse City, MI",7,2,7,0,1,11,0,59
20,"Trenton, NJ",1,0,9,0,10,16,0,37
20,"Tucson, AZ",41,3,35,0,37,75,5,381
20,"Tulsa, OK",30,6,34,0,43,66,4,344
20,"Twin Falls, ID",0,0,0,0,0,0,0,14
20,"Tyler, TX",2,1,1,0,1,4,1,21
20,"Valdosta, GA",1,1,3,0,3,3,0,14
20,"Valparaiso, FL",34,19,33,0,49,64,5,200
20,"Victoria, TX",0,0,1,0,1,1,3,12
20,"Waco, TX",2,0,0,0,0,2,2,21
20,"Walla Walla, WA",0,0,0,0,0,0,0,14
20,"Washington, DC",436,23,516,8,448,837,23,3743
20,"West Palm Beach/Palm Beach, FL",93,27,114,0,141,206,5,551
20,"West Yellowstone, MT",0,1,0,0,0,1,0,7
20,"White Plains, NY",9,1,28,0,22,37,2,230
20,"Wichita Falls, TX",2,0,0,0,0,2,0,14
20,"Wichita, KS",30,6,28,0,26,49,3,197
20,"Williston, ND",2,0,1,0,1,3,0,41
20,"Wilmington, NC",7,2,21,0,17,30,1,156
20,"Worcester, MA",5,0,5,0,6,8,0,27
20,"Wrangell, AK",0,0,1,0,3,2,0,14
20,"Yakutat, AK",0,0,0,0,0,0,2,14
20,"Yuma, AZ",5,0,0,0,0,4,0,32
21,"Aberdeen, SD",3,1,1,0,0,4,0,14
21,"Abilene, TX",1,2,4,0,5,8,0,32
21,"Adak Island, AK",0,0,0,1,1,1,0,2
21,"Aguadilla, PR",7,0,2,0,8,9,1,57
21,"Akron, OH",4,1,8,0,9,14,2,70
21,"Albany, GA",3,0,0,0,0,3,0,14
21,"Albany, NY",19,2,17,0,25,39,1,225
21,"Albuquerque, NM",47,6,33,0,56,83,6,469
21,"Alexandria, LA",5,1,3,0,0,6,2,35
21,"Allentown/Bethlehem/Easton, PA",11,0,11,0,12,18,3,91
21,"Alpena, MI",2,1,2,0,0,3,0,12
21,"Amarillo, TX",9,8,10,0,15,23,3,96
21,"Anchorage, AK",27,0,24,0,31,55,1,429
21,"Appleton, WI",7,5,13,0,9,25,1,120
21,"Arcata/Eureka, CA",0,0,4,0,1,4,0,27
21,"Asheville, NC",36,9,40,1,43,66,3,253
21,"Ashland, WV",3,1,2,0,2,4,0,9
21,"Aspen, CO",9,3,8,0,5,17,0,54
21,"Atlanta, GA",944,91,1047,2,616,1612,18,6606
21,"Atlantic City, NJ",2,0,2,0,4,5,0,63
21,"Augusta, GA",6,2,5,0,5,13,0,67
21,"Austin, TX",279,7,245,7,289,446,13,1736
21,"Bakersfield, CA",3,1,2,0,2,5,0,48
21,"Baltimore, MD",401,4,306,0,370,587,8,1936
21,"Bangor, ME",3,0,6,0,3,8,3,46
21,"Barrow, AK",0,0,1,0,0,1,0,7
21,"Baton Rouge, LA",13,6,20,0,12,29,2,97
21,"Beaumont/Port Arthur, TX",3,0,0,0,0,3,1,14
21,"Belleville, IL",2,1,3,0,3,5,0,23
21,"Bellingham, WA",0,0,1,0,4,3,0,56
21,"Bemidji, MN",1,0,0,0,0,1,0,14
21,"Bend/Redmond, OR",6,2,9,0,6,16,0,104
21,"Bethel, AK",1,0,3,2,0,4,0,14
21,"Billings, MT",7,1,6,0,6,12,1,80
21,"Binghamton, NY",2,0,0,0,2,2,0,7
21,"Birmingham, AL",61,6,63,2,54,95,3,335
21,"Bismarck/Mandan, ND",5,3,7,0,1,9,0,79
21,"Bloomington/Normal, IL",4,3,8,0,6,13,1,36
21,"Boise, ID",35,4,36,0,30,69,1,469
21,"Boston, MA",419,27,488,0,316,730,20,2833
21,"Bozeman, MT",12,3,25,0,19,37,0,177
21,"Brainerd, MN",0,0,0,0,0,0,0,12
21,"Bristol/Johnson City/Kingsport, TN",2,2,5,0,6,7,0,37
21,"Brownsville, TX",5,2,7,0,6,9,3,43
21,"Brunswick, GA",4,1,2,0,0,4,0,14
21,"Buffalo, NY",53,5,60,1,65,103,5,423
21,"Burbank, CA",24,1,54,1,55,91,3,510
21,"Burlington, VT",6,2,12,2,14,24,1,150
21,"Butte, MT",1,0,0,0,0,1,0,13
21,"Casper, WY",1,0,1,0,0,2,0,35
21,"Cedar City, UT",0,1,0,0,0,1,0,12
21,"Cedar Rapids/Iowa City, IA",16,8,33,1,17,43,3,148
21,"Champaign/Urbana, IL",3,3,5,0,5,9,2,28
21,"Charleston, SC",57,7,75,0,75,120,7,541
21,"Charleston/Dunbar, WV",5,3,9,0,6,13,3,68
21,"Charlotte Amalie, VI",10,1,11,0,17,27,2,125
21,"Charlotte, NC",1011,25,995,39,901,1542,19,4351
21,"Charlottesville, VA",7,2,7,0,7,16,3,64
21,"Chattanooga, TN",13,5,17,0,16,30,2,129
21,"Cheyenne, WY",0,1,2,0,1,3,0,13
21,"Chicago, IL",1473,434,1934,7,1558,2951,197,7048
21,"Christiansted, VI",1,1,4,0,7,8,0,24
21,"Cincinnati, OH",99,33,139,1,112,232,6,832
21,"Clarksburg/Fairmont, WV",0,0,1,0,1,1,0,4
21,"Cleveland, OH",88,2,111,0,98,190,11,838
21,"Cody, WY",1,1,1,0,1,4,0,13
21,"College Station/Bryan, TX",2,1,5,0,2,6,1,20
21,"Colorado Springs, CO",30,5,23,0,26,52,1,248
21,"Columbia, MO",8,3,11,0,12,15,1,34
21,"Columbia, SC",12,1,15,0,14,25,3,132
21,"Columbus, GA",3,0,2,0,1,4,0,19
21,"Columbus, MS",0,0,1,0,1,1,0,14
21,"Columbus, OH",106,8,112,0,101,184,9,824
21,"Concord, NC",3,0,0,0,3,2,0,14
21,"Cordova, AK",0,0,0,0,2,2,0,14
21,"Corpus Christi, TX",3,9,17,0,17,24,4,73
21,"Dallas, TX",301,4,250,1,339,467,3,1374
21,"Dallas/Fort Worth, TX",1571,274,1436,7,1514,2459,284,6109
21,"Dayton, OH",10,5,20,1,12,30,3,158
21,"Daytona Beach, FL",6,2,3,0,4,9,0,62
21,"Deadhorse, AK",0,0,0,0,1,1,0,11
21,"Decatur, IL",1,1,4,0,4,6,3,19
21,"Denver, CO",873,192,677,4,918,1579,45,6046
21,"Des Moines, IA",36,20,59,1,38,79,7,276
21,"Detroit, MI",372,32,377,1,188,611,9,2515
21,"Devils Lake, ND",0,0,1,0,1,2,0,13
21,"Dickinson, ND",0,0,0,0,0,0,0,12
21,"Dodge City, KS",0,0,2,0,1,3,0,12
21,"Dothan, AL",0,0,0,0,1,1,0,14
21,"Duluth, MN",2,3,5,0,2,10,2,40
21,"Durango, CO",4,2,4,1,3,10,3,68
21,"Eagle, CO",6,1,3,0,4,11,0,35
21,"El Paso, TX",39,7,28,0,56,74,2,331
21,"Elko, NV",0,0,0,0,0,0,0,7
21,"Elmira/Corning, NY",3,1,0,0,0,4,0,18
21,"Escanaba, MI",2,0,0,0,0,2,0,12
21,"Eugene, OR",12,2,7,0,11,19,0,134
21,"Evansville, IN",3,3,8,0,1,9,1,35
21,"Everett, WA",0,0,0,0,2,2,0,13
21,"Fairbanks, AK",2,0,3,0,9,11,0,70
21,"Fargo, ND",6,9,11,0,10,22,3,119
21,"Fayetteville, AR",26,28,54,0,39,78,4,258
21,"Fayetteville, NC",2,1,3,0,2,5,0,21
21,"Flagstaff, AZ",2,0,0,0,0,2,0,35
21,"Flint, MI",6,2,4,0,2,9,3,36
21,"Fort Dodge, IA",0,0,3,0,2,4,2,12
21,"Fort Lauderdale, FL",270,14,304,12,185,443,6,1752
21,"Fort Myers, FL",44,0,64,0,59,103,4,554
21,"Fort Smith, AR",6,1,8,4,6,12,1,21
21,"Fort Wayne, IN",9,2,13,0,7,19,3,76
21,"Fresno, CA",30,1,12,0,15,39,4,231
21,"Gainesville, FL",2,0,2,0,3,5,0,54
21,"Garden City, KS",3,1,4,0,3,4,1,14
21,"Gillette, WY",0,0,1,0,0,1,0,14
21,"Grand Forks, ND",0,1,0,0,0,1,0,21
21,"Grand Island, NE",3,3,3,1,1,7,1,18
21,"Grand Junction, CO",8,3,6,0,5,15,2,72
21,"Grand Rapids, MI",24,9,47,0,37,65,4,318
21,"Great Falls, MT",2,0,2,0,1,3,0,43
21,"Green Bay, WI",17,3,4,0,4,24,3,74
21,"Greensboro/High Point, NC",23,6,29,0,18,49,3,225
21,"Greer, SC",40,6,44,1,45,79,5,319
21,"Guam, TT",0,0,0,0,0,0,0,14
21,"Gulfport/Biloxi, MS",6,1,5,0,7,11,1,64
21,"Gunnison, CO",1,0,1,0,0,2,0,11
21,"Hagerstown, MD",0,0,0,0,0,0,0,5
21,"Hancock/Houghton, MI",1,0,3,0,5,7,1,14
21,"Harlingen/San Benito, TX",10,0,12,0,17,20,3,75
21,"Harrisburg, PA",8,1,10,0,14,22,2,104
21,"Hartford, CT",41,4,62,2,67,97,1,426
21,"Hattiesburg/Laurel, MS",2,0,3,0,3,6,0,12
21,"Hayden, CO",2,0,2,0,0,2,0,25
21,"Hays, KS",1,0,1,0,5,6,0,14
21,"Helena, MT",3,1,2,0,0,5,0,28
21,"Hibbing, MN",2,0,0,0,0,2,0,12
21,"Hilo, HI",18,0,3,0,21,24,1,129
21,"Hilton Head, SC",11,0,12,0,15,22,1,53
21,"Hobbs, NM",2,0,0,0,1,3,0,6
21,"Honolulu, HI",129,1,17,2,104,160,24,1184
21,"Houston, TX",536,12,464,1,437,826,15,3401
21,"Huntsville, AL",22,11,36,0,24,50,3,178
21,"Hyannis, MA",2,0,2,0,2,2,0,4
21,"Idaho Falls, ID",5,1,5,0,2,8,0,75
21,"Indianapolis, IN",106,24,135,0,113,210,9,948
21,"International Falls, MN",1,1,1,0,0,2,0,12
21,"Iron Mountain/Kingsfd, MI",1,1,1,0,0,2,0,14
21,"Islip, NY",5,1,2,0,10,12,3,89
21,"Ithaca/Cortland, NY",0,1,1,0,1,3,0,26
21,"Jackson, WY",10,4,14,0,8,25,0,89
21,"Jackson/Vicksburg, MS",23,0,16,0,18,35,3,147
21,"Jacksonville, FL",77,5,75,0,90,145,6,612
21,"Jacksonville/Camp Lejeune, NC",0,1,1,0,1,3,0,21
21,"Johnstown, PA",0,0,3,0,6,6,1,14
21,"Joplin, MO",1,1,1,0,1,4,0,12
21,"Juneau, AK",5,2,6,0,8,14,2,95
21,"Kahului, HI",47,0,21,0,47,70,10,497
21,"Kalamazoo, MI",4,0,0,0,0,4,0,19
21,"Kalispell, MT",7,1,4,0,7,14,0,67
21,"Kansas City, MO",116,20,145,0,136,234,11,967
21,"Ketchikan, AK",2,0,3,0,8,10,2,49
21,"Key West, FL",21,15,19,0,35,46,0,135
21,"Killeen, TX",10,4,9,0,8,16,1,34
21,"King Salmon, AK",0,0,1,0,0,1,0,7
21,"Knoxville, TN",43,15,50,0,45,90,3,313
21,"Kodiak, AK",0,0,0,0,0,0,0,18
21,"Kona, HI",28,0,8,0,31,42,4,303
21,"Kotzebue, AK",0,0,0,0,0,0,0,7
21,"La Crosse, WI",2,0,2,0,4,5,0,13
21,"Lafayette, LA",6,4,5,0,10,14,1,53
21,"Lake Charles, LA",4,4,8,0,5,10,1,21
21,"Lansing, MI",1,0,1,0,1,2,0,25
21,"Laramie, WY",1,1,1,0,0,2,0,12
21,"Laredo, TX",5,0,8,0,12,15,2,36
21,"Las Vegas, NV",457,12,331,2,525,769,18,3641
21,"Latrobe, PA",0,0,0,0,0,0,0,14
21,"Lawton/Fort Sill, OK",1,2,1,0,1,4,1,20
21,"Lewiston, ID",2,1,2,0,0,3,0,21
21,"Lexington, KY",12,10,26,0,26,43,4,174
21,"Liberal, KS",0,0,0,0,2,2,0,12
21,"Lihue, HI",25,0,2,0,32,35,8,306
21,"Lincoln, NE",5,3,8,0,2,12,1,38
21,"Little Rock, AR",41,28,62,0,46,95,5,245
21,"Long Beach, CA",36,0,14,0,38,53,0,337
21,"Longview, TX",1,0,1,0,2,3,0,14
21,"Los Angeles, CA",457,16,347,0,409,739,13,3733
21,"Louisville, KY",62,17,71,0,60,118,6,490
21,"Lubbock, TX",5,4,11,0,12,23,4,123
21,"Madison, WI",33,16,37,0,24,70,5,224
21,"Manchester, NH",8,0,13,2,19,25,0,108
21,"Manhattan/Ft. Riley, KS",2,0,0,0,2,2,2,14
21,"Marquette, MI",2,2,6,0,4,8,0,20
21,"Martha's Vineyard, MA",0,1,2,0,2,3,2,19
21,"Mason City, IA",1,0,3,0,2,5,2,12
21,"Medford, OR",7,1,6,0,7,13,0,82
21,"Melbourne, FL",2,0,4,0,3,5,0,53
21,"Memphis, TN",48,11,59,0,51,98,6,453
21,"Meridian, MS",0,0,2,0,1,2,0,12
21,"Miami, FL",412,47,360,5,398,684,3,2131
21,"Midland/Odessa, TX",32,9,35,0,21,50,7,189
21,"Milwaukee, WI",60,25,76,1,72,135,3,539
21,"Minneapolis, MN",320,38,395,0,194,565,10,2410
21,"Minot, ND",1,0,0,0,1,2,0,42
21,"Mission/McAllen/Edinburg, TX",10,4,11,0,12,23,4,85
21,"Missoula, MT",6,0,10,0,6,17,1,87
21,"Mobile, AL",5,1,9,0,6,11,3,46
21,"Moline, IL",12,5,16,0,15,28,4,84
21,"Monroe, LA",3,2,2,0,4,6,1,35
21,"Monterey, CA",4,1,5,0,10,14,1,100
21,"Montgomery, AL",4,3,6,0,1,9,0,46
21,"Montrose/Delta, CO",1,1,4,0,4,8,1,40
21,"Mosinee, WI",0,2,2,0,1,3,0,14
21,"Myrtle Beach, SC",23,4,50,0,47,81,3,377
21,"Nantucket, MA",3,0,5,0,10,11,5,49
21,"Nashville, TN",308,81,343,1,405,645,14,1957
21,"New Orleans, LA",133,3,146,1,142,232,7,1007
21,"New York, NY",787,78,1040,2,733,1552,108,5537
21,"Newark, NJ",448,37,471,8,369,736,22,2502
21,"Newburgh/Poughkeepsie, NY",1,1,1,0,2,2,0,6
21,"Niagara Falls, NY",2,0,0,0,1,2,0,6
21,"Nome, AK",0,0,0,0,0,0,0,7
21,"Norfolk, VA",44,5,51,0,57,89,3,399
21,"North Bend/Coos Bay, OR",3,0,2,0,0,4,0,9
21,"North Platte, NE",1,0,1,0,0,1,0,12
21,"Oakland, CA",71,0,44,0,80,109,3,795
21,"Oklahoma City, OK",46,9,55,1,42,95,6,438
21,"Omaha, NE",66,33,91,1,72,147,7,464
21,"Ontario, CA",43,0,51,0,77,99,2,508
21,"Orlando, FL",393,41,376,10,330,650,14,3065
21,"Pago Pago, TT",0,0,0,0,0,0,0,3
21,"Palm Springs, CA",17,3,22,0,20,41,1,228
21,"Panama City, FL",20,4,28,1,29,39,0,189
21,"Pasco/Kennewick/Richland, WA",3,0,1,0,0,2,0,89
21,"Pellston, MI",0,1,0,0,0,1,0,21
21,"Pensacola, FL",43,5,53,0,55,80,3,284
21,"Peoria, IL",6,3,13,0,10,20,2,69
21,"Petersburg, AK",0,0,0,0,3,2,0,14
21,"Philadelphia, PA",282,6,314,6,279,519,10,1994
21,"Phoenix, AZ",496,10,279,7,574,830,19,3819
21,"Pittsburgh, PA",71,24,119,0,109,187,8,859
21,"Plattsburgh, NY",2,0,2,0,1,2,0,6
21,"Pocatello, ID",1,1,0,0,0,2,0,14
21,"Ponce, PR",0,1,2,0,4,4,0,21
21,"Portland, ME",20,2,16,0,24,41,2,210
21,"Portland, OR",91,3,102,0,109,205,10,1152
21,"Portsmouth, NH",2,0,1,0,2,2,0,6
21,"Prescott, AZ",1,1,2,0,0,3,0,14
21,"Providence, RI",31,0,28,0,40,54,2,282
21,"Provo, UT",6,0,4,0,4,7,0,37
21,"Punta Gorda, FL",14,2,13,0,11,20,0,98
21,"Raleigh/Durham, NC",134,15,177,0,175,306,16,1238
21,"Rapid City, SD",6,2,5,0,3,10,1,93
21,"Redding, CA",2,0,6,0,4,6,0,27
21,"Reno, NV",24,1,20,0,28,48,3,387
21,"Rhinelander, WI",1,0,0,0,0,1,0,19
21,"Richmond, VA",40,9,44,0,51,84,1,401
21,"Riverton/Lander, WY",1,0,1,0,0,1,0,9
21,"Roanoke, VA",5,1,5,0,6,8,2,55
21,"Rochester, MN",6,4,6,0,2,12,1,32
21,"Rochester, NY",26,1,27,1,29,46,3,229
21,"Rock Springs, WY",2,0,1,0,0,2,0,9
21,"Rockford, IL",1,1,2,0,1,3,0,15
21,"Roswell, NM",1,3,1,0,0,4,2,21
21,"Sacramento, CA",103,7,60,1,123,184,6,1024
21,"Saginaw/Bay City/Midland, MI",5,0,8,0,6,13,2,42
21,"Saipan, TT",0,0,0,0,0,0,0,7
21,"Salina, KS",4,0,3,0,5,9,1,14
21,"Salt Lake City, UT",223,11,152,0,143,346,11,2138
21,"San Angelo, TX",4,1,3,0,3,6,2,20
21,"San Antonio, TX",89,2,98,0,98,166,9,783
21,"San Diego, CA",155,11,156,3,249,347,13,1771
21,"San Francisco, CA",249,1,215,1,322,489,14,2419
21,"San Jose, CA",61,6,57,1,95,143,5,932
21,"San Juan, PR",109,6,86,0,102,167,4,712
21,"San Luis Obispo, CA",2,1,3,0,8,12,1,86
21,"Sanford, FL",15,6,20,0,19,37,0,179
21,"Santa Ana, CA",77,3,50,0,105,151,9,816
21,"Santa Barbara, CA",8,2,7,0,9,17,0,149
21,"Santa Fe, NM",0,5,1,0,3,9,1,57
21,"Santa Maria, CA",0,0,0,0,0,0,0,2
21,"Santa Rosa, CA",10,1,9,0,11,14,0,57
21,"Sarasota/Bradenton, FL",35,1,42,0,32,57,1,289
21,"Sault Ste. Marie, MI",3,0,1,0,0,3,0,14
21,"Savannah, GA",39,18,47,0,53,94,4,403
21,"Scottsbluff, NE",0,0,1,0,1,2,0,12
21,"Scranton/Wilkes-Barre, PA",8,2,8,0,11,12,0,35
21,"Seattle, WA",396,20,431,1,372,777,12,3291
21,"Sheridan, WY",0,0,0,0,0,0,0,14
21,"Shreveport, LA",8,5,10,0,10,16,1,77
21,"Sioux City, IA",3,1,3,0,1,5,0,14
21,"Sioux Falls, SD",15,5,16,0,11,32,0,127
21,"Sitka, AK",2,0,2,0,4,5,0,35
21,"South Bend, IN",27,1,13,0,15,39,4,118
21,"Spokane, WA",15,4,12,0,26,40,3,320
21,"Springfield, IL",0,0,0,0,0,0,0,2
21,"Springfield, MO",18,22,31,0,31,53,4,176
21,"St. Cloud, MN",0,0,0,0,0,0,0,2
21,"St. George, UT",1,0,1,0,0,2,1,48
21,"St. Louis, MO",212,53,230,2,255,397,11,1256
21,"St. Petersburg, FL",16,8,24,0,22,35,0,165
21,"State College, PA",3,1,2,0,1,5,2,21
21,"Stillwater, OK",0,1,0,0,0,1,1,14
21,"Stockton, CA",1,0,2,0,1,1,0,10
21,"Sun Valley/Hailey/Ketchum, ID",1,0,0,0,0,1,0,29
21,"Syracuse, NY",30,3,37,0,32,60,1,261
21,"Tallahassee, FL",11,3,14,0,10,22,1,121
21,"Tampa, FL",151,2,179,0,172,302,8,1503
21,"Texarkana, AR",2,0,2,0,0,2,1,14
21,"Toledo, OH",0,0,0,0,0,0,0,6
21,"Traverse City, MI",7,4,9,0,8,14,2,65
21,"Trenton, NJ",2,0,3,0,6,7,0,31
21,"Tucson, AZ",44,3,41,1,45,81,1,355
21,"Tulsa, OK",30,19,61,0,34,82,3,340
21,"Twin Falls, ID",1,0,0,0,0,1,0,14
21,"Tyler, TX",6,0,5,0,2,9,0,21
21,"Valdosta, GA",3,0,1,0,1,3,0,14
21,"Valparaiso, FL",29,4,29,0,31,50,2,214
21,"Victoria, TX",1,0,1,0,0,1,0,12
21,"Waco, TX",3,3,2,0,0,6,0,20
21,"Walla Walla, WA",0,0,1,0,1,1,0,12
21,"Washington, DC",449,78,685,3,461,990,32,3748
21,"West Palm Beach/Palm Beach, FL",50,7,57,0,52,96,2,515
21,"West Yellowstone, MT",0,3,1,0,0,3,0,12
21,"White Plains, NY",20,3,23,0,21,39,1,221
21,"Wichita Falls, TX",0,1,0,0,0,1,1,14
21,"Wichita, KS",26,1,35,0,25,49,4,196
21,"Williston, ND",1,1,4,0,0,4,0,37
21,"Wilmington, NC",5,13,19,0,15,27,1,159
21,"Worcester, MA",1,0,2,0,1,2,2,27
21,"Wrangell, AK",0,0,1,0,3,3,0,14
21,"Yakutat, AK",1,0,2,0,2,2,0,14
21,"Yuma, AZ",4,1,3,0,2,6,1,32
22,"Aberdeen, SD",1,1,0,0,0,2,0,14
22,"Abilene, TX",3,7,6,0,9,14,3,32
22,"Adak Island, AK",0,0,0,0,0,0,0,2
22,"Aguadilla, PR",7,3,4,0,12,14,3,57
22,"Akron, OH",5,1,5,0,4,10,0,75
22,"Albany, GA",1,1,1,0,0,3,0,14
22,"Albany, NY",17,1,18,0,23,37,1,227
22,"Albuquerque, NM",75,6,39,0,64,104,31,471
22,"Alexandria, LA",6,4,5,0,2,12,4,35
22,"Allentown/Bethlehem/Easton, PA",10,1,4,0,6,16,0,93
22,"Alpena, MI",0,0,0,0,0,0,0,12
22,"Amarillo, TX",12,11,21,0,15,36,10,97
22,"Anchorage, AK",35,0,28,0,30,61,2,451
22,"Appleton, WI",10,1,8,0,5,18,1,123
22,"Arcata/Eureka, CA",1,0,3,0,0,4,0,27
22,"Asheville, NC",40,6,44,2,39,70,4,266
22,"Ashland, WV",4,0,1,0,5,5,0,17
22,"Aspen, CO",21,8,18,0,7,40,0,126
22,"Atlanta, GA",1126,183,955,4,943,1847,40,6827
22,"Atlantic City, NJ",0,0,0,0,7,7,0,63
22,"Augusta, GA",7,2,10,0,3,14,1,68
22,"Austin, TX",445,99,410,9,484,765,66,1793
22,"Bakersfield, CA",4,2,8,0,4,9,4,45
22,"Baltimore, MD",319,34,258,1,331,543,24,1969
22,"Bangor, ME",4,0,3,0,4,7,2,77
22,"Barrow, AK",0,0,1,0,1,1,0,7
22,"Baton Rouge, LA",8,18,16,0,15,33,4,100
22,"Beaumont/Port Arthur, TX",1,2,2,0,1,4,0,14
22,"Belleville, IL",5,0,4,0,4,7,1,31
22,"Bellingham, WA",0,0,4,0,1,3,0,58
22,"Bemidji, MN",2,0,0,0,0,2,0,14
22,"Bend/Redmond, OR",14,2,8,0,10,20,1,105
22,"Bethel, AK",0,0,1,1,1,1,0,14
22,"Billings, MT",15,1,8,0,8,19,0,84
22,"Binghamton, NY",0,0,1,0,0,1,0,7
22,"Birmingham, AL",36,25,44,1,51,88,13,349
22,"Bismarck/Mandan, ND",7,4,8,0,7,16,0,81
22,"Bloomington/Normal, IL",3,2,2,0,3,7,1,36
22,"Boise, ID",40,11,42,0,36,76,6,475
22,"Boston, MA",380,4,305,0,288,590,46,2888
22,"Bozeman, MT",24,1,20,0,21,37,1,187
22,"Brainerd, MN",0,0,0,0,0,0,0,12
22,"Bristol/Johnson City/Kingsport, TN",3,0,1,0,3,4,2,38
22,"Brownsville, TX",9,7,11,0,6,18,5,48
22,"Brunswick, GA",2,1,3,0,0,5,0,14
22,"Buffalo, NY",35,3,30,0,32,63,12,435
22,"Burbank, CA",30,1,35,0,52,87,9,527
22,"Burlington, VT",11,0,16,0,14,24,5,159
22,"Butte, MT",1,0,0,0,0,1,0,13
22,"Casper, WY",3,5,3,0,0,10,0,48
22,"Cedar City, UT",1,0,0,0,0,1,0,12
22,"Cedar Rapids/Iowa City, IA",17,2,26,0,19,37,5,152
22,"Champaign/Urbana, IL",5,2,4,0,9,12,0,28
22,"Charleston, SC",68,2,73,0,78,125,13,546
22,"Charleston/Dunbar, WV",3,4,7,0,4,13,1,69
22,"Charlotte Amalie, VI",7,0,21,0,22,36,0,125
22,"Charlotte, NC",955,18,646,32,843,1365,66,4300
22,"Charlottesville, VA",7,1,8,0,4,15,3,64
22,"Chattanooga, TN",14,7,12,0,18,32,4,133
22,"Cheyenne, WY",1,0,1,0,0,2,0,13
22,"Chicago, IL",1161,98,986,5,1135,2037,121,7212
22,"Christiansted, VI",0,1,3,0,3,4,0,25
22,"Cincinnati, OH",102,7,81,1,86,174,21,855
22,"Clarksburg/Fairmont, WV",1,0,0,1,2,2,1,7
22,"Cleveland, OH",74,5,85,1,83,156,23,845
22,"Cody, WY",2,1,4,0,3,6,0,22
22,"College Station/Bryan, TX",0,1,2,0,1,3,4,21
22,"Colorado Springs, CO",34,9,33,0,35,69,13,260
22,"Columbia, MO",6,5,4,0,7,11,3,35
22,"Columbia, SC",20,1,17,0,17,31,4,135
22,"Columbus, GA",1,1,1,0,1,3,0,20
22,"Columbus, MS",0,0,2,0,2,3,0,14
22,"Columbus, OH",88,3,78,0,84,157,22,855
22,"Concord, NC",1,0,0,0,2,2,0,14
22,"Cordova, AK",0,0,1,0,1,1,0,14
22,"Corpus Christi, TX",9,9,19,0,16,31,8,74
22,"Dallas, TX",340,106,209,0,459,605,175,1402
22,"Dallas/Fort Worth, TX",1123,1476,1393,1,1643,2888,1288,6186
22,"Dayton, OH",14,3,13,0,16,30,5,160
22,"Daytona Beach, FL",7,0,3,0,8,11,0,63
22,"Deadhorse, AK",0,0,1,0,2,2,0,11
22,"Decatur, IL",1,0,1,0,0,1,0,18
22,"Denver, CO",1224,139,826,1,1113,1927,75,6329
22,"Des Moines, IA",29,2,27,0,35,56,10,279
22,"Detroit, MI",332,21,239,2,173,480,27,2586
22,"Devils Lake, ND",0,1,1,0,0,2,0,13
22,"Dickinson, ND",0,1,0,0,0,1,0,13
22,"Dodge City, KS",1,0,1,0,1,2,0,12
22,"Dothan, AL",0,0,2,0,1,3,0,14
22,"Duluth, MN",5,3,3,0,0,9,0,41
22,"Durango, CO",6,7,9,0,6,19,2,70
22,"Eagle, CO",2,2,1,0,2,6,1,35
22,"El Paso, TX",43,9,46,0,71,98,26,339
22,"Elko, NV",0,0,0,0,0,0,0,7
22,"Elmira/Corning, NY",3,0,0,0,0,3,0,18
22,"Escanaba, MI",1,0,0,0,0,1,0,12
22,"Eugene, OR",10,0,5,0,7,16,4,134
22,"Evansville, IN",5,5,2,0,2,12,0,38
22,"Everett, WA",1,0,1,0,2,2,0,14
22,"Fairbanks, AK",5,0,2,0,13,15,1,77
22,"Fargo, ND",15,3,8,0,14,27,0,121
22,"Fayetteville, AR",30,13,36,0,41,71,9,263
22,"Fayetteville, NC",0,2,1,0,0,3,0,21
22,"Flagstaff, AZ",4,1,2,0,0,5,1,35
22,"Flint, MI",4,1,3,0,1,6,0,36
22,"Fort Dodge, IA",0,0,0,0,1,1,0,12
22,"Fort Lauderdale, FL",267,12,241,18,207,415,22,1766
22,"Fort Myers, FL",39,8,67,0,78,114,13,541
22,"Fort Smith, AR",1,4,2,0,5,9,3,21
22,"Fort Wayne, IN",9,6,9,0,9,19,1,81
22,"Fresno, CA",34,1,27,1,30,53,9,230
22,"Gainesville, FL",8,4,9,0,5,13,0,55
22,"Garden City, KS",2,2,2,0,2,3,2,14
22,"Gillette, WY",0,1,0,0,0,1,0,14
22,"Grand Forks, ND",0,1,0,0,1,2,0,23
22,"Grand Island, NE",4,1,2,0,2,5,1,18
22,"Grand Junction, CO",6,9,6,0,8,18,1,81
22,"Grand Rapids, MI",29,5,31,0,37,66,15,322
22,"Great Falls, MT",2,1,2,0,2,4,0,44
22,"Green Bay, WI",5,3,4,0,3,12,1,76
22,"Greensboro/High Point, NC",15,7,21,0,16,37,10,234
22,"Greer, SC",35,7,27,0,42,66,7,328
22,"Guam, TT",1,0,0,0,1,1,0,14
22,"Gulfport/Biloxi, MS",5,6,6,0,9,16,2,65
22,"Gunnison, CO",0,1,1,0,1,2,0,15
22,"Gustavus, AK",0,0,0,0,0,0,0,2
22,"Hagerstown, MD",0,0,1,0,2,2,0,6
22,"Hancock/Houghton, MI",1,0,1,0,3,4,0,14
22,"Harlingen/San Benito, TX",10,7,22,0,25,32,4,75
22,"Harrisburg, PA",14,3,13,0,12,25,2,104
22,"Hartford, CT",41,5,53,0,69,98,8,431
22,"Hattiesburg/Laurel, MS",3,0,2,0,0,3,0,12
22,"Hayden, CO",1,4,2,0,2,7,0,28
22,"Hays, KS",0,0,1,0,3,3,0,13
22,"Helena, MT",1,1,1,0,0,2,0,28
22,"Hibbing, MN",1,1,1,0,0,2,0,12
22,"Hilo, HI",20,0,7,0,20,24,1,130
22,"Hilton Head, SC",6,0,5,0,5,10,1,53
22,"Hobbs, NM",2,2,1,0,0,4,0,14
22,"Honolulu, HI",157,0,51,4,88,196,15,1207
22,"Houston, TX",1016,264,913,11,1009,1694,141,3462
22,"Huntsville, AL",27,8,33,1,27,51,9,182
22,"Hyannis, MA",0,0,0,0,1,1,0,7
22,"Idaho Falls, ID",3,4,3,0,3,10,2,81
22,"Indianapolis, IN",105,7,99,1,115,203,24,959
22,"International Falls, MN",0,1,0,0,0,1,0,12
22,"Iron Mountain/Kingsfd, MI",0,0,0,0,0,0,0,14
22,"Islip, NY",3,0,2,0,6,6,2,91
22,"Ithaca/Cortland, NY",1,0,0,0,0,1,2,25
22,"Jackson, WY",4,4,10,0,9,15,3,105
22,"Jackson/Vicksburg, MS",18,14,21,0,28,48,8,151
22,"Jacksonville, FL",74,10,77,0,78,138,19,613
22,"Jacksonville/Camp Lejeune, NC",0,0,1,0,2,3,0,21
22,"Johnstown, PA",0,0,1,0,0,1,0,14
22,"Joplin, MO",0,0,0,0,0,0,0,12
22,"Juneau, AK",3,0,6,0,4,6,2,97
22,"Kahului, HI",62,0,29,1,34,79,9,508
22,"Kalamazoo, MI",2,1,2,0,0,3,0,20
22,"Kalispell, MT",5,1,6,0,6,9,0,80
22,"Kansas City, MO",110,11,87,0,141,202,37,998
22,"Ketchikan, AK",1,0,2,0,4,4,0,49
22,"Key West, FL",21,5,28,2,32,46,0,132
22,"Killeen, TX",3,9,7,0,4,14,3,35
22,"King Salmon, AK",0,0,0,0,1,0,0,7
22,"Knoxville, TN",32,8,32,0,31,62,12,319
22,"Kodiak, AK",4,0,1,0,2,5,0,18
22,"Kona, HI",31,0,21,0,31,50,3,309
22,"Kotzebue, AK",0,0,0,0,0,0,0,7
22,"La Crosse, WI",0,0,1,0,0,1,0,14
22,"Lafayette, LA",2,9,6,0,11,17,7,55
22,"Lake Charles, LA",2,6,4,0,3,10,2,21
22,"Lansing, MI",1,2,1,0,1,4,0,26
22,"Laramie, WY",0,1,1,0,1,3,0,12
22,"Laredo, TX",2,0,13,0,9,15,6,36
22,"Las Vegas, NV",611,26,428,0,553,947,60,3696
22,"Latrobe, PA",1,0,0,0,0,1,0,14
22,"Lawton/Fort Sill, OK",7,1,2,0,0,8,5,21
22,"Lewiston, ID",1,1,0,0,0,2,0,21
22,"Lexington, KY",14,3,21,2,21,38,8,183
22,"Liberal, KS",0,0,0,0,1,1,0,12
22,"Lihue, HI",33,0,20,0,30,45,4,315
22,"Lincoln, NE",5,3,5,0,1,10,0,49
22,"Little Rock, AR",25,25,38,0,41,69,10,252
22,"Long Beach, CA",28,0,22,0,42,53,3,343
22,"Longview, TX",1,3,2,0,2,4,1,14
22,"Los Angeles, CA",521,19,549,2,420,909,66,3830
22,"Louisville, KY",52,3,54,1,60,102,20,507
22,"Lubbock, TX",9,12,18,0,22,33,22,120
22,"Madison, WI",17,5,24,0,23,43,6,227
22,"Manchester, NH",5,0,11,0,12,15,1,110
22,"Manhattan/Ft. Riley, KS",2,0,4,0,4,5,0,14
22,"Marquette, MI",1,0,1,0,0,2,0,20
22,"Martha's Vineyard, MA",2,1,2,1,1,4,1,31
22,"Mason City, IA",0,0,0,0,2,2,0,12
22,"Medford, OR",6,0,6,0,5,9,1,86
22,"Melbourne, FL",4,0,2,0,11,11,0,53
22,"Memphis, TN",78,10,51,0,56,113,25,471
22,"Meridian, MS",3,0,4,0,1,5,0,12
22,"Miami, FL",427,86,328,6,462,739,59,2113
22,"Midland/Odessa, TX",27,32,41,1,40,79,23,192
22,"Milwaukee, WI",45,18,50,0,49,99,17,555
22,"Minneapolis, MN",280,66,269,0,189,489,26,2483
22,"Minot, ND",2,3,4,0,2,8,0,42
22,"Mission/McAllen/Edinburg, TX",20,6,15,0,11,31,18,87
22,"Missoula, MT",8,1,11,0,13,24,1,98
22,"Mobile, AL",4,5,10,0,7,13,3,48
22,"Moline, IL",5,5,11,0,10,17,1,83
22,"Monroe, LA",4,2,4,0,5,11,2,35
22,"Monterey, CA",13,0,14,0,15,23,3,99
22,"Montgomery, AL",8,3,7,0,3,14,2,47
22,"Montrose/Delta, CO",5,2,9,0,6,14,2,49
22,"Mosinee, WI",0,0,1,0,1,2,0,14
22,"Myrtle Beach, SC",29,3,40,0,51,69,5,393
22,"Nantucket, MA",1,0,8,0,5,9,0,59
22,"Nashville, TN",272,4,194,2,317,486,42,1989
22,"New Orleans, LA",167,75,193,0,214,348,35,1039
22,"New York, NY",561,77,677,3,553,1122,177,5595
22,"Newark, NJ",306,46,311,1,293,541,87,2533
22,"Newburgh/Poughkeepsie, NY",2,0,3,0,2,3,0,6
22,"Niagara Falls, NY",2,0,1,0,1,2,0,6
22,"Nome, AK",1,0,0,0,0,1,0,7
22,"Norfolk, VA",34,14,46,1,40,82,19,404
22,"North Bend/Coos Bay, OR",0,0,1,0,0,1,0,9
22,"North Platte, NE",0,1,1,0,0,1,0,12
22,"Oakland, CA",94,2,43,0,83,144,7,825
22,"Oklahoma City, OK",75,15,73,2,79,132,19,457
22,"Omaha, NE",79,22,63,0,85,142,13,473
22,"Ontario, CA",42,2,57,0,65,107,21,528
22,"Orlando, FL",457,36,366,6,374,736,44,3093
22,"Pago Pago, TT",1,0,0,0,0,1,0,3
22,"Palm Springs, CA",17,1,18,0,17,36,8,215
22,"Panama City, FL",15,18,34,0,48,58,7,192
22,"Pasco/Kennewick/Richland, WA",2,3,5,0,3,9,0,92
22,"Pellston, MI",4,0,0,0,0,4,0,22
22,"Pensacola, FL",41,26,42,1,65,95,16,289
22,"Peoria, IL",7,3,7,0,11,17,1,72
22,"Petersburg, AK",0,0,1,0,0,1,0,14
22,"Philadelphia, PA",300,22,294,2,322,546,51,2035
22,"Phoenix, AZ",658,6,360,6,564,971,91,3846
22,"Pittsburgh, PA",87,6,105,1,102,178,25,883
22,"Plattsburgh, NY",0,0,1,0,0,1,0,6
22,"Pocatello, ID",0,0,0,0,0,0,0,14
22,"Ponce, PR",1,0,1,0,4,3,0,20
22,"Portland, ME",11,2,10,0,13,25,12,225
22,"Portland, OR",87,7,116,0,124,217,18,1183
22,"Portsmouth, NH",0,0,0,0,0,0,0,6
22,"Prescott, AZ",1,0,1,0,1,2,0,14
22,"Providence, RI",23,1,31,0,30,52,0,283
22,"Provo, UT",2,0,4,0,2,5,0,37
22,"Punta Gorda, FL",7,4,7,0,6,15,0,106
22,"Raleigh/Durham, NC",165,21,184,1,179,325,26,1255
22,"Rapid City, SD",4,7,3,0,6,13,2,105
22,"Redding, CA",2,0,3,0,1,5,0,27
22,"Reno, NV",31,4,25,0,46,69,16,392
22,"Rhinelander, WI",1,1,0,0,0,2,0,19
22,"Richmond, VA",39,2,45,0,42,80,13,412
22,"Riverton/Lander, WY",0,0,0,0,0,0,0,10
22,"Roanoke, VA",10,1,5,0,6,15,1,58
22,"Rochester, MN",6,2,3,0,1,9,0,34
22,"Rochester, NY",12,3,19,0,20,32,5,236
22,"Rock Springs, WY",0,0,0,0,0,0,0,11
22,"Rockford, IL",1,1,1,0,4,4,0,16
22,"Roswell, NM",5,1,3,0,0,7,3,21
22,"Sacramento, CA",109,3,70,0,120,196,19,1064
22,"Saginaw/Bay City/Midland, MI",2,0,3,0,2,5,0,43
22,"Saipan, TT",1,0,0,0,0,1,0,7
22,"Salina, KS",1,0,2,0,1,3,0,13
22,"Salt Lake City, UT",235,18,148,0,158,389,17,2188
22,"San Angelo, TX",1,3,2,0,1,4,4,21
22,"San Antonio, TX",124,24,120,2,134,227,51,798
22,"San Diego, CA",165,17,206,0,257,400,41,1805
22,"San Francisco, CA",350,14,272,0,379,632,39,2411
22,"San Jose, CA",81,4,61,0,118,159,6,965
22,"San Juan, PR",112,9,118,1,124,196,9,721
22,"San Luis Obispo, CA",7,1,11,0,7,16,1,84
22,"Sanford, FL",27,2,26,0,27,47,0,215
22,"Santa Ana, CA",70,3,76,0,98,167,30,834
22,"Santa Barbara, CA",13,2,11,0,13,26,4,146
22,"Santa Fe, NM",12,6,5,0,5,23,6,70
22,"Santa Maria, CA",0,0,0,0,0,0,0,2
22,"Santa Rosa, CA",8,1,10,0,10,15,0,58
22,"Sarasota/Bradenton, FL",21,2,17,0,27,39,4,287
22,"Sault Ste. Marie, MI",1,0,1,0,0,1,0,14
22,"Savannah, GA",54,9,44,0,57,88,14,416
22,"Scottsbluff, NE",0,1,0,0,0,1,0,12
22,"Scranton/Wilkes-Barre, PA",3,0,5,0,7,9,1,35
22,"Seattle, WA",375,18,378,2,331,686,35,3359
22,"Sheridan, WY",0,0,0,0,1,1,0,14
22,"Shreveport, LA",10,10,17,0,18,30,7,86
22,"Sioux City, IA",2,1,1,0,1,4,0,14
22,"Sioux Falls, SD",9,5,12,0,13,21,2,133
22,"Sitka, AK",1,0,2,0,3,3,0,35
22,"South Bend, IN",15,1,3,0,6,22,2,116
22,"Spokane, WA",19,0,22,0,25,46,4,330
22,"Springfield, IL",0,0,0,0,0,0,0,2
22,"Springfield, MO",29,14,20,0,21,48,8,190
22,"St. Cloud, MN",0,0,0,0,0,0,0,2
22,"St. George, UT",5,0,1,0,0,5,1,48
22,"St. Louis, MO",154,11,110,2,198,290,29,1288
22,"St. Petersburg, FL",17,4,18,0,18,35,0,181
22,"State College, PA",2,1,3,0,0,5,0,21
22,"Stillwater, OK",2,0,3,0,0,5,2,14
22,"Stockton, CA",1,1,1,0,2,3,0,10
22,"Sun Valley/Hailey/Ketchum, ID",2,1,2,0,0,3,0,34
22,"Syracuse, NY",14,4,23,0,17,37,7,267
22,"Tallahassee, FL",15,6,21,0,28,39,0,124
22,"Tampa, FL",180,4,169,1,200,322,29,1511
22,"Texarkana, AR",1,2,4,0,0,5,2,14
22,"Toledo, OH",1,0,2,0,1,2,0,6
22,"Traverse City, MI",5,0,5,0,3,11,1,66
22,"Trenton, NJ",2,1,3,0,3,6,0,32
22,"Tucson, AZ",39,7,39,0,26,71,20,349
22,"Tulsa, OK",33,10,45,0,47,79,20,346
22,"Twin Falls, ID",2,1,0,0,0,3,0,14
22,"Tyler, TX",1,2,2,0,0,4,3,21
22,"Valdosta, GA",0,0,1,0,1,1,0,14
22,"Valparaiso, FL",29,16,29,0,50,71,15,245
22,"Victoria, TX",1,0,2,0,0,1,0,12
22,"Waco, TX",4,3,5,0,1,9,3,21
22,"Walla Walla, WA",0,0,1,0,0,1,0,14
22,"Washington, DC",467,90,550,3,532,975,60,3738
22,"West Palm Beach/Palm Beach, FL",37,4,41,0,54,83,9,501
22,"West Yellowstone, MT",1,0,0,0,0,1,0,14
22,"White Plains, NY",21,9,21,1,20,40,1,218
22,"Wichita Falls, TX",0,2,1,0,0,2,3,14
22,"Wichita, KS",25,6,21,0,24,48,13,203
22,"Williston, ND",3,1,2,0,0,4,0,40
22,"Wilmington, NC",8,2,11,0,17,25,2,161
22,"Worcester, MA",1,0,3,0,3,4,1,27
22,"Wrangell, AK",0,0,0,0,1,0,0,14
22,"Yakutat, AK",0,0,1,0,1,1,0,14
22,"Yuma, AZ",7,1,2,0,3,10,1,32
23,"Aberdeen, SD",2,3,4,1,0,6,0,14
23,"Abilene, TX",3,3,7,0,6,10,0,34
23,"Adak Island, AK",0,0,0,0,0,0,0,2
23,"Aguadilla, PR",7,0,6,0,16,18,0,57
23,"Akron, OH",9,1,10,0,12,18,1,75
23,"Albany, GA",3,0,0,0,0,3,0,14
23,"Albany, NY",23,4,14,0,28,39,2,240
23,"Albuquerque, NM",63,9,36,0,72,100,4,488
23,"Alexandria, LA",2,1,1,1,3,6,0,37
23,"Allentown/Bethlehem/Easton, PA",12,0,5,0,9,18,0,95
23,"Alpena, MI",0,0,0,0,0,0,0,12
23,"Amarillo, TX",13,4,15,0,16,27,0,102
23,"Anchorage, AK",36,3,53,0,29,71,3,465
23,"Appleton, WI",13,6,18,0,11,29,2,122
23,"Arcata/Eureka, CA",5,0,5,0,0,7,0,27
23,"Asheville, NC",52,3,37,2,51,80,3,272
23,"Ashland, WV",4,1,8,0,4,9,0,20
23,"Aspen, CO",10,4,5,0,4,21,42,157
23,"Atlanta, GA",843,36,599,1,492,1248,18,6846
23,"Atlantic City, NJ",4,0,5,0,2,8,1,58
23,"Augusta, GA",4,0,7,0,8,13,0,82
23,"Austin, TX",276,21,195,5,324,466,10,1777
23,"Bakersfield, CA",7,1,10,0,4,12,0,51
23,"Baltimore, MD",376,25,238,12,340,559,23,2052
23,"Bangor, ME",8,1,18,0,13,21,4,110
23,"Barrow, AK",0,0,1,0,1,1,0,7
23,"Baton Rouge, LA",8,12,9,0,13,25,1,101
23,"Beaumont/Port Arthur, TX",2,1,1,0,0,3,0,14
23,"Belleville, IL",4,0,4,0,9,10,0,32
23,"Bellingham, WA",3,0,6,0,3,7,0,60
23,"Bemidji, MN",1,2,2,0,0,3,0,14
23,"Bend/Redmond, OR",7,1,10,0,5,15,0,105
23,"Bethel, AK",1,0,4,3,1,4,0,14
23,"Billings, MT",7,2,5,0,6,13,1,90
23,"Binghamton, NY",3,0,1,0,0,3,0,7
23,"Birmingham, AL",35,7,42,0,50,74,3,340
23,"Bismarck/Mandan, ND",12,5,12,0,5,21,1,78
23,"Bloomington/Normal, IL",2,1,4,0,8,9,0,37
23,"Boise, ID",40,5,55,1,38,82,2,497
23,"Boston, MA",392,8,373,5,345,652,17,2963
23,"Bozeman, MT",16,3,21,0,21,39,0,224
23,"Brainerd, MN",4,1,3,0,0,5,0,12
23,"Bristol/Johnson City/Kingsport, TN",6,1,2,0,4,9,0,42
23,"Brownsville, TX",9,0,7,0,7,15,0,48
23,"Brunswick, GA",4,1,0,0,0,5,0,14
23,"Buffalo, NY",28,1,48,1,49,79,4,443
23,"Burbank, CA",54,2,71,3,95,146,3,610
23,"Burlington, VT",13,6,17,0,12,29,1,171
23,"Butte, MT",2,1,0,0,0,3,0,13
23,"Casper, WY",1,1,4,0,1,6,0,49
23,"Cedar City, UT",1,0,0,0,0,1,0,12
23,"Cedar Rapids/Iowa City, IA",25,2,15,0,14,36,4,156
23,"Champaign/Urbana, IL",2,2,5,0,5,8,0,27
23,"Charleston, SC",43,4,81,1,66,120,6,558
23,"Charleston/Dunbar, WV",14,5,5,0,5,20,2,69
23,"Charlotte Amalie, VI",7,2,18,0,22,28,0,115
23,"Charlotte, NC",777,283,677,28,890,1400,111,4359
23,"Charlottesville, VA",5,0,8,0,4,11,1,61
23,"Chattanooga, TN",16,1,11,1,17,26,0,129
23,"Cheyenne, WY",0,0,0,0,0,0,0,13
23,"Chicago, IL",1193,63,1096,5,976,1975,37,7435
23,"Christiansted, VI",3,0,4,0,6,7,0,25
23,"Cincinnati, OH",101,7,108,2,101,204,10,851
23,"Clarksburg/Fairmont, WV",1,0,2,0,2,3,0,7
23,"Cleveland, OH",88,11,104,0,84,174,14,874
23,"Cody, WY",4,1,3,0,0,5,0,22
23,"College Station/Bryan, TX",2,2,4,0,3,7,1,21
23,"Colorado Springs, CO",29,3,24,0,26,50,1,273
23,"Columbia, MO",6,2,6,0,10,12,0,36
23,"Columbia, SC",11,6,12,0,12,20,1,131
23,"Columbus, GA",2,1,3,0,1,3,0,20
23,"Columbus, MS",1,0,1,0,1,1,0,14
23,"Columbus, OH",77,6,88,0,95,158,11,877
23,"Concord, NC",3,0,3,0,5,5,0,14
23,"Cordova, AK",0,0,2,0,2,3,0,14
23,"Corpus Christi, TX",9,4,13,0,19,26,0,74
23,"Dallas, TX",315,24,209,4,390,500,6,1470
23,"Dallas/Fort Worth, TX",1617,284,1298,3,1627,2527,82,6439
23,"Dayton, OH",13,3,11,0,15,23,1,150
23,"Daytona Beach, FL",3,1,2,0,6,6,1,60
23,"Deadhorse, AK",0,0,1,0,3,3,0,11
23,"Decatur, IL",0,0,0,0,0,0,0,12
23,"Denver, CO",1089,145,810,0,1044,1778,45,6454
23,"Des Moines, IA",30,5,32,0,32,64,1,294
23,"Detroit, MI",331,48,296,1,193,561,17,2652
23,"Devils Lake, ND",1,0,1,0,0,2,0,13
23,"Dickinson, ND",0,0,0,0,0,0,0,13
23,"Dodge City, KS",2,1,1,0,0,3,0,12
23,"Dothan, AL",0,0,0,0,1,1,0,14
23,"Duluth, MN",6,4,8,0,4,14,0,44
23,"Durango, CO",6,3,3,0,3,12,0,81
23,"Eagle, CO",5,2,1,0,2,7,1,48
23,"El Paso, TX",40,4,38,1,50,80,3,356
23,"Elko, NV",0,0,0,0,0,0,0,7
23,"Elmira/Corning, NY",2,3,2,0,0,4,1,18
23,"Escanaba, MI",1,0,2,0,0,2,0,12
23,"Eugene, OR",9,2,11,1,7,20,0,134
23,"Evansville, IN",2,3,5,0,6,7,0,44
23,"Everett, WA",1,0,0,0,1,1,0,14
23,"Fairbanks, AK",10,0,10,0,11,15,0,83
23,"Fargo, ND",14,11,27,0,14,39,1,133
23,"Fayetteville, AR",25,9,31,2,34,64,1,278
23,"Fayetteville, NC",3,0,0,0,1,3,1,30
23,"Flagstaff, AZ",5,0,1,0,0,5,0,34
23,"Flint, MI",4,1,4,0,1,6,0,36
23,"Fort Dodge, IA",1,0,1,0,1,2,0,12
23,"Fort Lauderdale, FL",226,45,266,13,183,403,9,1718
23,"Fort Myers, FL",28,2,39,0,40,67,2,502
23,"Fort Smith, AR",4,3,6,0,10,15,0,25
23,"Fort Wayne, IN",13,0,5,0,8,17,1,87
23,"Fresno, CA",37,1,33,0,23,58,1,234
23,"Gainesville, FL",5,3,4,0,7,8,0,65
23,"Garden City, KS",1,2,2,0,2,3,1,14
23,"Gillette, WY",0,0,2,0,1,2,0,14
23,"Grand Forks, ND",7,1,7,0,0,11,1,23
23,"Grand Island, NE",5,0,2,2,1,7,1,18
23,"Grand Junction, CO",4,2,6,0,9,14,0,80
23,"Grand Rapids, MI",32,4,42,0,45,77,6,352
23,"Great Falls, MT",4,1,2,0,0,4,0,45
23,"Green Bay, WI",11,6,10,0,6,21,2,85
23,"Greensboro/High Point, NC",15,6,17,0,18,31,7,239
23,"Greer, SC",33,9,42,2,28,64,3,330
23,"Guam, TT",4,0,0,0,0,4,0,14
23,"Gulfport/Biloxi, MS",7,4,9,0,8,17,0,67
23,"Gunnison, CO",2,0,1,0,0,2,0,15
23,"Gustavus, AK",0,0,0,0,0,0,0,7
23,"Hagerstown, MD",4,1,1,0,7,7,0,8
23,"Hancock/Houghton, MI",0,0,1,0,1,1,0,14
23,"Harlingen/San Benito, TX",18,0,9,1,19,24,0,74
23,"Harrisburg, PA",15,2,14,0,12,27,1,113
23,"Hartford, CT",39,3,47,0,54,81,6,436
23,"Hattiesburg/Laurel, MS",2,0,1,0,1,3,1,12
23,"Hayden, CO",3,1,3,0,2,7,0,28
23,"Hays, KS",1,0,1,0,0,1,0,12
23,"Helena, MT",2,0,2,0,0,2,0,28
23,"Hibbing, MN",1,1,2,0,0,2,0,12
23,"Hilo, HI",12,1,5,0,17,19,0,128
23,"Hilton Head, SC",11,1,9,0,13,22,1,54
23,"Hobbs, NM",4,0,1,0,0,3,1,14
23,"Honolulu, HI",177,2,34,2,105,215,13,1213
23,"Houston, TX",656,109,438,11,599,1028,68,3527
23,"Huntsville, AL",25,1,17,1,24,39,1,175
23,"Hyannis, MA",0,0,2,0,0,2,1,12
23,"Idaho Falls, ID",7,2,3,0,2,10,0,78
23,"Indianapolis, IN",80,3,112,2,89,184,9,973
23,"International Falls, MN",1,2,2,0,0,2,1,13
23,"Iron Mountain/Kingsfd, MI",6,0,1,0,0,6,0,14
23,"Islip, NY",8,0,3,0,4,11,1,92
23,"Ithaca/Cortland, NY",0,0,2,0,2,4,1,14
23,"Jackson, WY",8,3,10,0,11,22,1,123
23,"Jackson/Vicksburg, MS",19,7,18,1,25,34,1,141
23,"Jacksonville, FL",51,10,54,0,75,117,9,607
23,"Jacksonville/Camp Lejeune, NC",1,1,1,0,2,2,0,29
23,"Johnstown, PA",1,0,0,0,1,2,0,14
23,"Joplin, MO",1,1,2,0,2,4,0,12
23,"Juneau, AK",5,0,7,0,8,13,1,104
23,"Kahului, HI",42,2,15,0,41,66,6,524
23,"Kalamazoo, MI",2,2,0,0,0,4,0,20
23,"Kalispell, MT",6,0,7,0,6,12,0,97
23,"Kansas City, MO",104,6,115,0,149,214,3,1042
23,"Ketchikan, AK",3,1,3,0,5,10,1,52
23,"Key West, FL",15,3,17,0,22,31,0,121
23,"Killeen, TX",9,2,11,0,9,15,1,35
23,"King Salmon, AK",0,0,2,1,1,3,0,7
23,"Knoxville, TN",28,8,25,0,34,55,3,332
23,"Kodiak, AK",1,0,2,0,1,3,0,18
23,"Kona, HI",29,1,5,0,29,39,3,319
23,"Kotzebue, AK",0,0,0,0,0,0,0,7
23,"La Crosse, WI",0,0,0,0,0,0,0,6
23,"Lafayette, LA",11,3,5,0,9,14,1,60
23,"Lake Charles, LA",3,1,3,0,1,4,0,21
23,"Lansing, MI",5,2,4,0,1,9,0,26
23,"Laramie, WY",0,1,0,0,1,2,0,12
23,"Laredo, TX",2,0,9,0,8,11,0,36
23,"Las Vegas, NV",650,42,625,3,615,1074,23,3706
23,"Latrobe, PA",0,0,1,0,1,2,0,14
23,"Lawton/Fort Sill, OK",4,3,5,0,1,8,0,21
23,"Lewiston, ID",1,0,0,0,0,1,0,21
23,"Lexington, KY",16,5,17,0,22,34,3,187
23,"Liberal, KS",0,1,1,0,0,1,0,12
23,"Lihue, HI",28,1,12,1,38,44,2,320
23,"Lincoln, NE",4,1,3,0,2,7,0,49
23,"Little Rock, AR",43,11,45,0,36,80,1,265
23,"Long Beach, CA",26,1,14,0,44,54,0,350
23,"Longview, TX",1,1,1,0,0,2,0,14
23,"Los Angeles, CA",485,14,607,2,393,894,20,3875
23,"Louisville, KY",51,16,57,1,38,99,2,503
23,"Lubbock, TX",17,3,19,0,22,35,1,118
23,"Madison, WI",24,14,32,0,24,59,4,247
23,"Manchester, NH",7,2,12,0,9,20,1,113
23,"Manhattan/Ft. Riley, KS",1,0,2,0,3,4,0,19
23,"Marquette, MI",2,0,2,0,2,4,0,21
23,"Martha's Vineyard, MA",4,2,5,0,3,9,1,31
23,"Mason City, IA",0,0,1,0,1,1,0,12
23,"Medford, OR",12,3,10,0,7,21,1,86
23,"Melbourne, FL",3,0,1,0,3,5,1,53
23,"Memphis, TN",52,3,48,0,53,93,5,488
23,"Meridian, MS",2,0,1,0,1,3,1,12
23,"Miami, FL",317,45,252,5,319,534,8,2023
23,"Midland/Odessa, TX",36,13,40,1,33,67,2,198
23,"Milwaukee, WI",40,7,68,0,57,105,5,563
23,"Minneapolis, MN",451,102,624,1,393,893,16,2581
23,"Minot, ND",8,5,8,0,0,14,0,43
23,"Mission/McAllen/Edinburg, TX",14,6,16,0,13,31,3,92
23,"Missoula, MT",12,1,12,0,12,28,1,112
23,"Mobile, AL",10,1,8,0,9,15,0,49
23,"Moline, IL",5,2,7,0,9,12,0,83
23,"Monroe, LA",4,2,3,0,4,7,0,37
23,"Monterey, CA",11,1,10,0,9,19,0,99
23,"Montgomery, AL",6,1,6,0,4,11,1,52
23,"Montrose/Delta, CO",5,1,6,0,5,13,1,55
23,"Mosinee, WI",1,2,6,0,4,7,0,14
23,"Myrtle Beach, SC",26,2,50,1,56,85,6,446
23,"Nantucket, MA",3,0,6,0,4,9,3,58
23,"Nashville, TN",224,31,216,3,297,449,13,2080
23,"New Orleans, LA",122,20,118,1,159,229,7,1005
23,"New York, NY",581,28,672,0,549,1110,80,5623
23,"Newark, NJ",339,2,269,0,290,499,35,2525
23,"Newburgh/Poughkeepsie, NY",2,0,1,0,1,2,0,7
23,"Niagara Falls, NY",1,0,1,0,2,1,0,6
23,"Nome, AK",0,0,2,0,2,2,0,7
23,"Norfolk, VA",51,6,49,0,49,91,8,428
23,"North Bend/Coos Bay, OR",0,0,1,0,0,1,0,9
23,"North Platte, NE",0,0,0,0,0,0,0,12
23,"Oakland, CA",129,4,92,5,134,201,2,851
23,"Oklahoma City, OK",53,7,46,0,58,97,3,473
23,"Omaha, NE",65,5,55,0,60,108,3,484
23,"Ontario, CA",55,0,63,0,65,107,7,543
23,"Orlando, FL",346,74,349,11,324,639,29,3099
23,"Pago Pago, TT",2,0,0,0,1,2,0,3
23,"Palm Springs, CA",21,1,14,0,18,34,0,167
23,"Panama City, FL",38,1,30,0,51,68,1,230
23,"Pasco/Kennewick/Richland, WA",10,0,5,0,2,11,1,93
23,"Pellston, MI",0,3,0,0,0,3,0,26
23,"Pensacola, FL",27,6,33,0,49,65,3,317
23,"Peoria, IL",12,3,7,0,12,22,1,73
23,"Petersburg, AK",0,0,0,0,2,2,0,14
23,"Philadelphia, PA",304,6,239,3,288,474,34,2167
23,"Phoenix, AZ",533,12,422,5,530,875,14,3736
23,"Pittsburgh, PA",84,3,119,0,112,196,8,915
23,"Plattsburgh, NY",1,0,1,0,0,1,1,6
23,"Pocatello, ID",1,0,0,0,0,1,0,14
23,"Ponce, PR",2,0,0,0,1,3,0,18
23,"Portland, ME",17,7,28,0,34,58,13,282
23,"Portland, OR",87,7,126,0,138,234,9,1250
23,"Portsmouth, NH",0,0,0,0,1,1,1,6
23,"Prescott, AZ",2,3,3,0,1,6,0,14
23,"Providence, RI",21,2,26,0,25,45,2,299
23,"Provo, UT",1,1,2,0,1,3,0,37
23,"Punta Gorda, FL",9,0,17,0,11,19,0,109
23,"Raleigh/Durham, NC",155,28,167,1,154,304,22,1289
23,"Rapid City, SD",17,5,12,0,8,26,1,121
23,"Redding, CA",2,0,1,0,3,5,0,27
23,"Reno, NV",31,3,39,0,50,78,2,416
23,"Rhinelander, WI",6,4,4,0,0,9,0,19
23,"Richmond, VA",49,6,48,0,47,86,5,398
23,"Riverton/Lander, WY",2,0,1,0,1,2,0,14
23,"Roanoke, VA",6,1,3,0,7,13,0,55
23,"Rochester, MN",4,5,7,0,1,11,1,25
23,"Rochester, NY",14,5,15,0,24,36,5,240
23,"Rock Springs, WY",0,0,0,0,0,0,0,14
23,"Rockford, IL",0,0,0,0,0,0,0,16
23,"Roswell, NM",6,2,6,0,2,9,0,21
23,"Sacramento, CA",118,6,98,0,149,226,3,1102
23,"Saginaw/Bay City/Midland, MI",2,2,2,0,0,4,1,44
23,"Saipan, TT",0,0,0,0,1,1,0,7
23,"Salina, KS",1,1,2,0,1,3,0,12
23,"Salt Lake City, UT",241,8,168,1,163,388,9,2236
23,"San Angelo, TX",3,2,6,1,4,7,0,21
23,"San Antonio, TX",111,8,81,3,115,188,10,827
23,"San Diego, CA",271,42,459,0,411,657,14,1890
23,"San Francisco, CA",288,7,257,0,352,572,16,2413
23,"San Jose, CA",116,3,128,0,136,228,3,1020
23,"San Juan, PR",101,2,134,1,115,207,9,777
23,"San Luis Obispo, CA",10,2,11,0,3,15,0,84
23,"Sanford, FL",37,8,27,0,29,56,4,220
23,"Santa Ana, CA",80,3,93,0,105,183,15,830
23,"Santa Barbara, CA",6,0,14,0,10,20,3,151
23,"Santa Fe, NM",12,4,10,0,3,21,0,70
23,"Santa Maria, CA",0,0,0,0,0,0,0,2
23,"Santa Rosa, CA",2,1,9,0,8,13,0,58
23,"Sarasota/Bradenton, FL",15,3,21,1,28,40,1,270
23,"Sault Ste. Marie, MI",0,3,1,0,0,3,0,14
23,"Savannah, GA",46,10,49,1,46,86,4,398
23,"Scottsbluff, NE",0,1,0,0,0,1,0,12
23,"Scranton/Wilkes-Barre, PA",5,0,1,0,6,8,1,34
23,"Seattle, WA",436,25,443,4,338,774,14,3461
23,"Sheridan, WY",1,0,0,0,0,1,0,14
23,"Shreveport, LA",10,12,9,0,17,26,0,93
23,"Sioux City, IA",0,2,1,0,0,2,0,14
23,"Sioux Falls, SD",14,12,20,0,8,38,0,135
23,"Sitka, AK",3,0,4,0,4,7,0,37
23,"South Bend, IN",17,4,4,0,2,21,0,117
23,"Spokane, WA",24,5,25,0,29,56,1,349
23,"Springfield, IL",1,0,0,0,0,1,0,2
23,"Springfield, MO",24,12,27,1,32,58,2,204
23,"St. Cloud, MN",0,0,0,0,0,0,0,2
23,"St. George, UT",4,0,3,0,1,6,0,48
23,"St. Louis, MO",191,5,154,0,225,324,8,1365
23,"St. Petersburg, FL",25,2,29,0,26,41,0,188
23,"State College, PA",1,1,2,0,2,4,0,21
23,"Stillwater, OK",1,1,2,0,0,3,0,14
23,"Stockton, CA",2,0,3,1,3,5,0,10
23,"Sun Valley/Hailey/Ketchum, ID",2,0,1,0,1,3,0,34
23,"Syracuse, NY",16,4,22,0,22,44,5,279
23,"Tallahassee, FL",11,8,16,1,16,31,1,124
23,"Tampa, FL",154,16,134,0,159,281,6,1473
23,"Texarkana, AR",1,2,2,0,2,4,0,14
23,"Toledo, OH",0,0,0,0,1,1,0,6
23,"Traverse City, MI",12,3,12,0,5,21,1,106
23,"Trenton, NJ",0,0,3,0,5,5,2,31
23,"Tucson, AZ",35,4,33,0,35,70,1,327
23,"Tulsa, OK",44,7,29,0,41,67,3,365
23,"Twin Falls, ID",1,0,0,0,0,1,0,14
23,"Tyler, TX",2,4,0,0,0,6,0,21
23,"Valdosta, GA",0,0,0,0,0,0,0,14
23,"Valparaiso, FL",30,2,25,0,33,47,0,259
23,"Victoria, TX",0,0,0,0,3,3,0,12
23,"Waco, TX",5,2,3,0,4,9,0,21
23,"Walla Walla, WA",0,0,1,0,1,2,1,14
23,"Washington, DC",429,24,454,4,429,771,37,3728
23,"West Palm Beach/Palm Beach, FL",32,7,36,0,43,70,6,477
23,"West Yellowstone, MT",1,1,1,0,1,3,1,14
23,"White Plains, NY",8,4,13,0,11,21,1,231
23,"Wichita Falls, TX",0,2,1,0,1,2,0,14
23,"Wichita, KS",28,6,22,0,21,47,1,216
23,"Williston, ND",6,0,4,0,2,8,0,40
23,"Wilmington, NC",9,4,17,0,20,31,2,165
23,"Worcester, MA",0,0,2,0,1,3,1,27
23,"Wrangell, AK",0,0,1,0,0,1,0,14
23,"Yakutat, AK",1,0,1,1,1,2,0,14
23,"Yuma, AZ",3,0,1,1,3,5,0,28
24,"Aberdeen, SD",7,1,2,0,0,8,0,14
24,"Abilene, TX",3,0,3,0,2,5,0,34
24,"Adak Island, AK",0,0,0,0,0,0,0,2
24,"Aguadilla, PR",11,1,6,0,19,21,3,49
24,"Akron, OH",5,0,4,0,9,11,1,76
24,"Albany, GA",0,0,0,0,0,0,0,14
24,"Albany, NY",23,1,14,0,21,40,4,244
24,"Albuquerque, NM",44,5,32,0,62,87,3,489
24,"Alexandria, LA",3,0,3,0,0,4,0,41
24,"Allentown/Bethlehem/Easton, PA",3,0,6,0,4,9,0,98
24,"Alpena, MI",4,1,1,0,0,5,0,12
24,"Amarillo, TX",7,5,5,0,14,19,2,105
24,"Anchorage, AK",42,2,34,1,30,62,3,496
24,"Appleton, WI",20,5,19,0,6,34,0,122
24,"Arcata/Eureka, CA",2,0,2,0,3,3,0,27
24,"Asheville, NC",38,3,50,2,43,78,6,274
24,"Ashland, WV",6,0,4,0,4,8,0,20
24,"Aspen, CO",21,11,15,0,10,42,1,169
24,"Atlanta, GA",813,19,500,1,449,1205,57,6938
24,"Atlantic City, NJ",4,0,9,0,5,12,3,56
24,"Augusta, GA",4,1,3,1,5,10,0,89
24,"Austin, TX",246,22,191,7,273,426,18,1776
24,"Bakersfield, CA",7,1,9,0,5,14,0,53
24,"Baltimore, MD",396,5,234,3,350,563,33,2072
24,"Bangor, ME",8,0,12,0,11,16,5,124
24,"Barrow, AK",1,0,2,1,0,2,0,7
24,"Baton Rouge, LA",9,1,7,0,9,13,1,100
24,"Beaumont/Port Arthur, TX",1,1,0,0,0,2,0,14
24,"Belleville, IL",3,1,2,0,6,8,0,34
24,"Bellingham, WA",5,0,6,0,6,10,0,62
24,"Bemidji, MN",5,0,4,0,0,5,0,14
24,"Bend/Redmond, OR",15,2,7,0,8,17,1,109
24,"Bethel, AK",1,0,2,1,0,3,0,14
24,"Billings, MT",6,0,6,0,11,13,2,92
24,"Binghamton, NY",0,0,0,0,0,0,0,7
24,"Birmingham, AL",33,6,22,0,37,64,4,342
24,"Bismarck/Mandan, ND",16,3,11,0,2,20,1,80
24,"Bloomington/Normal, IL",2,0,3,0,7,7,0,37
24,"Boise, ID",42,2,44,1,43,80,1,488
24,"Boston, MA",394,26,306,3,309,612,39,2967
24,"Bozeman, MT",10,1,20,0,19,33,2,248
24,"Brainerd, MN",3,1,4,0,0,4,0,12
24,"Bristol/Johnson City/Kingsport, TN",1,0,2,0,5,5,0,45
24,"Brownsville, TX",3,0,4,0,5,9,0,46
24,"Brunswick, GA",0,0,0,0,1,1,0,14
24,"Buffalo, NY",51,2,48,0,56,92,6,448
24,"Burbank, CA",52,1,54,2,86,127,2,636
24,"Burlington, VT",11,1,13,0,13,22,5,180
24,"Butte, MT",3,0,1,0,0,3,0,13
24,"Casper, WY",7,0,4,0,3,11,0,49
24,"Cedar City, UT",2,0,0,0,0,2,0,12
24,"Cedar Rapids/Iowa City, IA",22,3,14,0,14,34,1,162
24,"Champaign/Urbana, IL",1,2,1,0,3,4,0,27
24,"Charleston, SC",54,5,46,2,66,97,14,565
24,"Charleston/Dunbar, WV",8,1,3,0,3,10,1,69
24,"Charlotte Amalie, VI",19,1,18,0,22,36,2,114
24,"Charlotte, NC",874,13,505,35,785,1220,56,4380
24,"Charlottesville, VA",7,0,6,0,3,10,1,59
24,"Chattanooga, TN",13,2,8,0,13,21,0,127
24,"Cheyenne, WY",1,0,0,0,0,1,0,13
24,"Chicago, IL",1183,74,928,6,1144,1915,100,7491
24,"Christiansted, VI",4,2,8,0,8,13,2,24
24,"Cincinnati, OH",68,2,70,3,70,133,15,853
24,"Clarksburg/Fairmont, WV",1,0,2,0,1,2,0,7
24,"Cleveland, OH",85,5,85,1,88,179,14,883
24,"Cody, WY",3,0,3,0,5,8,0,22
24,"College Station/Bryan, TX",1,1,1,0,2,3,0,21
24,"Colorado Springs, CO",17,3,16,0,21,34,0,279
24,"Columbia, MO",3,0,1,0,10,10,1,40
24,"Columbia, SC",6,3,8,0,5,13,2,128
24,"Columbus, GA",2,0,1,0,2,3,0,20
24,"Columbus, MS",1,0,2,0,0,2,0,14
24,"Columbus, OH",73,7,70,1,68,140,16,892
24,"Concord, NC",5,0,4,0,6,7,1,14
24,"Cordova, AK",0,0,1,1,1,2,0,14
24,"Corpus Christi, TX",4,3,4,0,12,16,2,74
24,"Dallas, TX",223,2,149,0,220,333,5,1481
24,"Dallas/Fort Worth, TX",1489,118,876,5,1391,2144,84,6534
24,"Dayton, OH",6,2,3,0,4,11,0,146
24,"Daytona Beach, FL",5,0,0,0,2,5,0,56
24,"Deadhorse, AK",0,0,0,0,0,0,0,11
24,"Decatur, IL",0,0,2,0,2,2,0,12
24,"Denver, CO",979,37,678,0,900,1525,47,6467
24,"Des Moines, IA",30,3,32,1,29,65,3,300
24,"Detroit, MI",348,16,240,1,152,497,18,2701
24,"Devils Lake, ND",0,0,2,0,2,3,2,13
24,"Dickinson, ND",0,0,0,0,0,0,0,13
24,"Dillingham, AK",1,0,1,0,1,1,0,4
24,"Dodge City, KS",2,0,2,0,1,4,0,12
24,"Dothan, AL",0,2,0,0,0,2,0,14
24,"Duluth, MN",4,2,8,0,3,12,0,42
24,"Durango, CO",5,3,1,0,8,14,0,85
24,"Eagle, CO",6,1,4,0,3,8,0,53
24,"El Paso, TX",45,5,39,0,54,73,1,357
24,"Elko, NV",1,0,0,0,0,1,0,7
24,"Elmira/Corning, NY",5,1,2,0,0,6,0,18
24,"Escanaba, MI",6,0,3,0,0,6,0,12
24,"Eugene, OR",25,2,10,0,15,31,0,141
24,"Evansville, IN",3,3,2,0,7,10,0,48
24,"Everett, WA",0,0,0,0,0,0,0,13
24,"Fairbanks, AK",7,0,6,0,8,13,0,89
24,"Fargo, ND",19,8,18,0,10,36,0,135
24,"Fayetteville, AR",31,7,22,0,37,53,0,267
24,"Fayetteville, NC",1,1,0,0,0,2,0,38
24,"Flagstaff, AZ",4,0,1,0,0,4,0,34
24,"Flint, MI",2,1,0,0,1,4,0,36
24,"Fort Dodge, IA",1,0,0,0,2,3,0,12
24,"Fort Lauderdale, FL",282,102,390,17,283,560,249,1682
24,"Fort Myers, FL",56,23,49,0,96,131,28,475
24,"Fort Smith, AR",4,3,4,0,10,12,0,26
24,"Fort Wayne, IN",14,2,4,1,9,21,2,95
24,"Fresno, CA",24,4,27,0,23,48,0,231
24,"Gainesville, FL",3,3,1,0,5,7,2,69
24,"Garden City, KS",1,1,3,0,1,3,0,14
24,"Gillette, WY",2,0,1,0,0,2,0,14
24,"Grand Forks, ND",2,2,4,0,0,5,0,23
24,"Grand Island, NE",2,0,1,1,2,3,0,18
24,"Grand Junction, CO",11,1,4,0,4,14,0,81
24,"Grand Rapids, MI",47,8,32,0,41,79,4,361
24,"Great Falls, MT",3,0,2,0,0,3,0,45
24,"Green Bay, WI",12,5,12,0,7,21,1,90
24,"Greensboro/High Point, NC",23,2,18,0,19,40,6,245
24,"Greer, SC",19,6,18,0,19,40,4,333
24,"Guam, TT",4,0,0,0,0,4,0,14
24,"Gulfport/Biloxi, MS",6,0,4,0,6,9,0,71
24,"Gunnison, CO",2,0,0,0,0,2,0,15
24,"Gustavus, AK",0,0,0,0,0,0,0,7
24,"Hagerstown, MD",1,0,0,1,2,2,0,8
24,"Hancock/Houghton, MI",0,0,0,0,2,2,0,14
24,"Harlingen/San Benito, TX",6,2,9,0,13,13,0,75
24,"Harrisburg, PA",15,0,9,0,11,23,2,121
24,"Hartford, CT",40,1,35,0,56,81,6,444
24,"Hattiesburg/Laurel, MS",1,0,1,0,2,2,1,12
24,"Hayden, CO",2,0,0,0,0,2,0,28
24,"Hays, KS",1,0,0,0,0,1,0,12
24,"Helena, MT",2,0,2,0,0,2,0,28
24,"Hibbing, MN",4,1,4,0,0,5,0,12
24,"Hilo, HI",10,0,1,0,10,14,0,128
24,"Hilton Head, SC",1,1,1,0,5,7,0,54
24,"Hobbs, NM",3,2,2,0,0,5,0,14
24,"Honolulu, HI",111,0,38,0,59,140,3,1217
24,"Houston, TX",598,102,496,1,509,1008,44,3542
24,"Huntsville, AL",18,5,9,0,14,26,0,173
24,"Hyannis, MA",1,0,3,0,1,4,0,14
24,"Idaho Falls, ID",6,0,1,0,1,7,0,76
24,"Indianapolis, IN",89,4,86,1,97,168,11,984
24,"International Falls, MN",2,3,4,0,0,5,0,13
24,"Iron Mountain/Kingsfd, MI",5,1,2,0,0,6,0,14
24,"Islip, NY",9,1,9,0,15,20,3,93
24,"Ithaca/Cortland, NY",1,0,1,0,1,1,1,14
24,"Jackson, WY",10,4,6,0,13,22,4,138
24,"Jackson/Vicksburg, MS",20,3,7,0,23,26,0,135
24,"Jacksonville, FL",62,9,46,0,82,118,15,601
24,"Jacksonville/Camp Lejeune, NC",0,0,0,0,0,0,0,37
24,"Jamestown, ND",0,0,1,0,1,1,7,13
24,"Johnstown, PA",1,0,0,0,1,2,0,14
24,"Joplin, MO",0,0,1,0,0,1,0,12
24,"Juneau, AK",8,0,7,0,8,16,0,114
24,"Kahului, HI",34,0,16,1,31,58,5,531
24,"Kalamazoo, MI",5,1,4,0,0,5,0,20
24,"Kalispell, MT",6,1,7,1,12,18,0,113
24,"Kansas City, MO",86,14,91,1,118,182,10,1056
24,"Ketchikan, AK",4,1,3,0,2,6,2,60
24,"Key West, FL",10,13,15,1,26,33,18,116
24,"Killeen, TX",5,2,2,0,6,9,1,34
24,"King Salmon, AK",0,0,1,0,0,1,0,9
24,"Knoxville, TN",32,3,15,0,23,46,6,345
24,"Kodiak, AK",0,0,0,0,1,1,0,17
24,"Kona, HI",15,0,13,0,10,21,1,326
24,"Kotzebue, AK",0,0,2,0,3,3,0,7
24,"La Crosse, WI",0,0,0,0,0,0,0,1
24,"Lafayette, LA",6,5,1,0,6,11,0,62
24,"Lake Charles, LA",3,1,0,0,1,5,0,21
24,"Lansing, MI",9,1,2,0,1,11,0,26
24,"Laramie, WY",1,0,0,0,1,2,0,12
24,"Laredo, TX",2,0,3,0,8,7,2,39
24,"Las Vegas, NV",536,23,396,1,506,847,30,3684
24,"Latrobe, PA",0,0,0,0,0,0,0,14
24,"Lawton/Fort Sill, OK",0,1,0,0,0,1,0,21
24,"Lewiston, ID",1,0,0,0,0,1,0,21
24,"Lexington, KY",14,3,13,0,18,26,2,191
24,"Liberal, KS",1,0,0,0,0,1,0,12
24,"Lihue, HI",14,0,8,0,21,28,1,323
24,"Lincoln, NE",3,1,3,0,2,7,0,49
24,"Little Rock, AR",29,4,24,0,25,48,1,269
24,"Long Beach, CA",29,0,15,0,34,46,1,350
24,"Longview, TX",0,0,0,0,0,0,0,14
24,"Los Angeles, CA",518,16,415,1,414,823,28,3906
24,"Louisville, KY",34,6,38,0,26,63,3,504
24,"Lubbock, TX",8,2,6,0,8,15,0,119
24,"Madison, WI",24,5,21,1,17,44,4,253
24,"Manchester, NH",4,0,3,0,5,8,0,119
24,"Manhattan/Ft. Riley, KS",2,2,1,0,3,5,1,21
24,"Marquette, MI",3,1,3,1,2,5,0,21
24,"Martha's Vineyard, MA",3,0,9,0,7,11,0,44
24,"Mason City, IA",0,0,0,0,2,2,0,12
24,"Medford, OR",11,1,10,0,8,19,0,86
24,"Melbourne, FL",2,0,3,0,2,4,0,53
24,"Memphis, TN",41,2,47,1,41,79,6,491
24,"Meridian, MS",2,0,2,0,1,3,0,12
24,"Miami, FL",348,226,399,2,468,748,340,1984
24,"Midland/Odessa, TX",22,8,16,0,25,43,0,196
24,"Milwaukee, WI",40,5,52,0,55,95,5,574
24,"Minneapolis, MN",438,89,376,0,274,738,4,2673
24,"Minot, ND",9,2,6,0,3,15,0,46
24,"Mission/McAllen/Edinburg, TX",19,2,18,0,16,29,0,95
24,"Missoula, MT",8,1,9,0,9,14,1,121
24,"Mobile, AL",1,0,1,0,2,2,1,49
24,"Moline, IL",11,2,9,0,10,19,0,85
24,"Monroe, LA",3,2,0,0,4,5,0,41
24,"Monterey, CA",8,3,12,0,8,18,0,100
24,"Montgomery, AL",1,3,0,0,2,4,0,54
24,"Montrose/Delta, CO",3,2,2,0,3,8,1,57
24,"Mosinee, WI",0,0,3,0,0,3,0,14
24,"Myrtle Beach, SC",35,4,36,0,51,81,10,459
24,"Nantucket, MA",3,0,6,0,5,11,2,70
24,"Nashville, TN",230,67,234,2,300,465,25,2093
24,"New Orleans, LA",105,11,116,2,146,215,28,984
24,"New York, NY",567,66,484,8,501,1001,153,5655
24,"Newark, NJ",360,34,251,4,319,536,91,2521
24,"Newburgh/Poughkeepsie, NY",1,1,1,0,1,2,0,6
24,"Niagara Falls, NY",0,1,0,0,0,1,1,6
24,"Nome, AK",0,1,1,0,0,1,0,7
24,"Norfolk, VA",59,3,31,0,49,86,6,441
24,"North Bend/Coos Bay, OR",0,0,0,0,0,0,0,9
24,"North Platte, NE",1,0,0,0,0,1,0,12
24,"Oakland, CA",120,1,55,4,123,169,5,855
24,"Oklahoma City, OK",37,5,27,0,30,62,3,482
24,"Omaha, NE",57,11,61,0,48,113,1,486
24,"Ontario, CA",48,4,31,0,54,86,6,543
24,"Orlando, FL",447,132,420,13,457,832,52,3074
24,"Pago Pago, TT",0,0,0,0,0,0,0,3
24,"Palm Springs, CA",11,0,12,0,8,19,0,147
24,"Panama City, FL",21,11,14,0,37,51,0,240
24,"Pasco/Kennewick/Richland, WA",5,1,4,0,4,8,0,96
24,"Pellston, MI",6,0,1,0,0,5,0,26
24,"Pensacola, FL",31,8,30,0,48,65,12,326
24,"Peoria, IL",8,2,1,0,9,14,0,74
24,"Petersburg, AK",0,0,0,0,2,2,0,14
24,"Philadelphia, PA",318,7,231,7,274,506,36,2229
24,"Phoenix, AZ",510,10,325,6,489,796,15,3682
24,"Pittsburgh, PA",80,4,89,0,106,168,9,923
24,"Plattsburgh, NY",0,0,0,0,1,1,1,8
24,"Pocatello, ID",4,0,0,0,0,4,0,14
24,"Ponce, PR",2,0,3,0,4,6,1,20
24,"Portland, ME",20,4,26,0,23,41,7,311
24,"Portland, OR",129,4,94,1,140,229,6,1242
24,"Portsmouth, NH",1,0,0,0,1,1,0,6
24,"Prescott, AZ",0,0,0,0,1,1,0,14
24,"Providence, RI",11,0,15,0,18,31,3,304
24,"Provo, UT",2,0,2,0,2,4,0,37
24,"Punta Gorda, FL",17,5,10,0,14,24,1,111
24,"Raleigh/Durham, NC",150,2,121,3,150,253,30,1302
24,"Rapid City, SD",12,7,14,0,15,25,3,128
24,"Redding, CA",0,0,2,0,4,4,0,28
24,"Reno, NV",37,6,29,1,49,78,5,427
24,"Rhinelander, WI",5,2,4,0,0,7,0,19
24,"Richmond, VA",44,3,32,2,45,78,9,381
24,"Riverton/Lander, WY",1,0,0,0,0,1,0,14
24,"Roanoke, VA",7,1,3,0,5,11,0,53
24,"Rochester, MN",1,1,3,0,3,5,0,22
24,"Rochester, NY",20,1,15,0,18,32,3,238
24,"Rock Springs, WY",0,0,0,0,0,0,0,14
24,"Rockford, IL",0,0,2,0,1,3,1,18
24,"Roswell, NM",4,2,4,0,1,8,0,21
24,"Sacramento, CA",120,4,66,2,148,209,7,1121
24,"Saginaw/Bay City/Midland, MI",13,2,4,0,0,15,1,46
24,"Saipan, TT",3,0,2,0,3,3,0,7
24,"Salina, KS",0,1,0,0,0,1,0,12
24,"Salt Lake City, UT",268,9,157,1,158,393,7,2259
24,"San Angelo, TX",3,2,4,1,2,8,1,21
24,"San Antonio, TX",99,14,97,4,114,191,4,838
24,"San Diego, CA",254,26,298,2,363,542,12,1943
24,"San Francisco, CA",281,12,228,1,320,494,20,2399
24,"San Jose, CA",100,4,94,2,138,204,3,1035
24,"San Juan, PR",156,6,168,0,134,255,36,797
24,"San Luis Obispo, CA",10,1,8,0,8,17,0,96
24,"Sanford, FL",36,6,28,1,29,58,0,220
24,"Santa Ana, CA",63,3,55,1,86,130,8,834
24,"Santa Barbara, CA",13,1,10,0,12,21,1,159
24,"Santa Fe, NM",8,0,8,0,1,10,0,70
24,"Santa Maria, CA",0,0,0,0,0,0,0,2
24,"Santa Rosa, CA",6,2,16,0,18,24,0,67
24,"Sarasota/Bradenton, FL",32,7,18,0,38,61,2,263
24,"Sault Ste. Marie, MI",1,1,1,0,0,2,0,14
24,"Savannah, GA",24,5,21,2,22,49,6,392
24,"Scottsbluff, NE",2,0,1,0,0,2,0,12
24,"Scranton/Wilkes-Barre, PA",0,2,1,0,3,3,0,34
24,"Seattle, WA",461,21,369,0,359,754,14,3566
24,"Sheridan, WY",4,0,2,0,0,4,0,14
24,"Shreveport, LA",10,6,6,0,19,22,1,95
24,"Sioux City, IA",2,0,2,0,1,3,0,14
24,"Sioux Falls, SD",13,13,19,0,13,38,0,134
24,"Sitka, AK",2,0,7,1,0,6,2,42
24,"South Bend, IN",22,2,7,0,5,28,3,118
24,"Spokane, WA",27,4,17,0,24,50,1,356
24,"Springfield, IL",1,0,2,0,2,2,0,2
24,"Springfield, MO",29,6,16,0,31,46,2,211
24,"St. Cloud, MN",0,0,0,0,0,0,0,2
24,"St. George, UT",5,1,3,0,1,8,0,48
24,"St. Louis, MO",180,4,108,2,203,297,7,1377
24,"St. Petersburg, FL",19,18,25,0,30,50,3,192
24,"State College, PA",2,0,2,0,3,5,1,21
24,"Stillwater, OK",1,1,0,0,0,2,0,14
24,"Stockton, CA",3,0,2,0,3,4,0,10
24,"Sun Valley/Hailey/Ketchum, ID",2,0,0,0,0,2,0,34
24,"Syracuse, NY",12,0,12,0,16,30,4,286
24,"Tallahassee, FL",13,4,9,0,12,23,5,124
24,"Tampa, FL",222,71,239,1,267,429,29,1451
24,"Texarkana, AR",0,0,2,0,4,4,0,14
24,"Toledo, OH",1,0,1,0,1,1,0,6
24,"Traverse City, MI",20,2,9,0,9,27,0,127
24,"Trenton, NJ",2,0,6,0,7,9,4,32
24,"Tucson, AZ",38,4,22,0,31,61,2,317
24,"Tulsa, OK",27,3,25,8,26,57,1,371
24,"Twin Falls, ID",0,0,0,0,0,0,0,14
24,"Tyler, TX",1,0,1,0,1,3,0,21
24,"Valdosta, GA",1,0,0,0,0,1,0,14
24,"Valparaiso, FL",21,2,11,0,25,39,1,265
24,"Victoria, TX",0,0,0,0,1,1,0,12
24,"Waco, TX",4,0,2,0,3,8,0,21
24,"Walla Walla, WA",1,0,2,0,1,2,0,14
24,"Washington, DC",325,17,298,2,299,591,53,3745
24,"West Palm Beach/Palm Beach, FL",77,34,77,0,98,168,33,466
24,"West Yellowstone, MT",2,0,1,0,0,2,2,14
24,"White Plains, NY",27,2,18,0,21,43,5,231
24,"Wichita Falls, TX",0,0,0,0,1,1,0,14
24,"Wichita, KS",22,3,12,1,21,42,0,222
24,"Williston, ND",8,1,5,0,3,11,0,40
24,"Wilmington, NC",8,6,15,1,17,31,0,173
24,"Worcester, MA",1,0,2,0,3,5,2,27
24,"Wrangell, AK",0,0,0,0,0,0,0,14
24,"Yakutat, AK",0,0,0,0,1,1,0,14
24,"Yuma, AZ",1,0,2,0,2,3,0,27
25,"Aberdeen, SD",4,2,6,0,0,7,0,14
25,"Abilene, TX",3,0,1,0,6,6,0,34
25,"Adak Island, AK",0,0,0,0,0,0,1,2
25,"Aguadilla, PR",11,0,4,0,12,15,1,44
25,"Akron, OH",5,0,4,0,13,18,0,77
25,"Albany, GA",3,0,0,0,0,3,1,14
25,"Albany, NY",29,10,28,0,25,61,4,249
25,"Albuquerque, NM",46,1,38,0,60,90,1,489
25,"Alexandria, LA",2,0,2,1,2,4,0,41
25,"Allentown/Bethlehem/Easton, PA",6,0,1,0,7,9,1,100
25,"Alpena, MI",5,1,0,0,0,6,2,12
25,"Amarillo, TX",10,0,5,0,8,15,1,105
25,"Anchorage, AK",40,1,45,0,32,77,8,518
25,"Appleton, WI",16,6,11,0,5,29,2,122
25,"Arcata/Eureka, CA",6,1,3,0,1,11,0,27
25,"Asheville, NC",46,1,44,3,46,71,3,283
25,"Ashland, WV",6,1,3,0,7,10,0,21
25,"Aspen, CO",22,14,27,0,13,53,5,169
25,"Atlanta, GA",730,10,446,2,385,1007,24,6949
25,"Atlantic City, NJ",5,0,6,0,3,10,0,56
25,"Augusta, GA",3,0,4,0,2,6,0,89
25,"Austin, TX",226,20,193,7,219,399,6,1777
25,"Bakersfield, CA",6,0,4,0,11,14,0,53
25,"Baltimore, MD",373,7,218,1,318,525,9,2070
25,"Bangor, ME",8,5,25,0,14,31,3,124
25,"Barrow, AK",0,0,1,2,2,3,1,7
25,"Baton Rouge, LA",3,0,2,0,3,4,0,100
25,"Beaumont/Port Arthur, TX",0,0,0,0,0,0,0,14
25,"Belleville, IL",2,0,2,1,8,8,1,34
25,"Bellingham, WA",5,0,3,0,3,5,0,63
25,"Bemidji, MN",3,1,2,0,0,4,1,14
25,"Bend/Redmond, OR",22,0,10,0,9,25,0,112
25,"Bethel, AK",0,0,3,0,1,3,0,14
25,"Billings, MT",12,3,15,0,7,25,1,94
25,"Binghamton, NY",0,0,0,0,0,0,0,7
25,"Birmingham, AL",35,0,17,1,29,51,1,342
25,"Bismarck/Mandan, ND",18,1,19,1,4,28,1,80
25,"Bloomington/Normal, IL",3,0,4,0,4,6,0,37
25,"Boise, ID",45,4,45,1,55,91,1,475
25,"Boston, MA",455,58,494,2,418,820,56,2949
25,"Bozeman, MT",23,3,39,0,37,65,2,253
25,"Brainerd, MN",4,1,4,0,0,6,0,12
25,"Bristol/Johnson City/Kingsport, TN",4,0,3,0,5,7,0,45
25,"Brownsville, TX",6,0,6,0,3,9,0,46
25,"Brunswick, GA",2,1,0,0,0,3,0,14
25,"Buffalo, NY",49,2,46,1,68,95,8,455
25,"Burbank, CA",54,1,51,0,102,134,5,639
25,"Burlington, VT",20,8,15,0,20,36,3,180
25,"Butte, MT",3,1,1,0,0,4,0,13
25,"Casper, WY",7,1,7,0,6,14,2,49
25,"Cedar City, UT",1,2,1,0,0,3,0,12
25,"Cedar Rapids/Iowa City, IA",25,6,24,0,20,45,0,163
25,"Champaign/Urbana, IL",5,0,2,0,2,6,0,27
25,"Charleston, SC",48,0,62,0,65,106,9,558
25,"Charleston/Dunbar, WV",12,1,4,1,4,17,0,69
25,"Charlotte Amalie, VI",8,0,12,0,18,23,0,117
25,"Charlotte, NC",638,8,433,20,595,959,22,4380
25,"Charlottesville, VA",2,0,4,0,1,4,1,59
25,"Chattanooga, TN",11,0,6,1,6,14,0,127
25,"Cheyenne, WY",2,0,1,0,1,3,1,13
25,"Chicago, IL",1251,90,1112,4,1147,2106,37,7488
25,"Christiansted, VI",5,1,6,0,11,12,0,24
25,"Cincinnati, OH",79,3,92,0,72,160,5,850
25,"Clarksburg/Fairmont, WV",2,0,0,0,2,2,0,7
25,"Cleveland, OH",99,13,88,1,109,189,12,875
25,"Cody, WY",7,0,4,0,1,9,2,22
25,"College Station/Bryan, TX",0,0,2,0,4,4,0,21
25,"Colorado Springs, CO",32,2,26,0,29,56,5,279
25,"Columbia, MO",9,2,5,0,11,15,1,41
25,"Columbia, SC",9,1,11,0,7,18,1,133
25,"Columbus, GA",2,0,0,0,1,2,0,20
25,"Columbus, MS",0,0,0,0,0,0,0,14
25,"Columbus, OH",55,9,71,0,60,123,4,888
25,"Concord, NC",2,0,2,0,3,3,0,14
25,"Cordova, AK",0,0,2,0,2,3,0,14
25,"Corpus Christi, TX",5,0,9,0,10,15,2,74
25,"Dallas, TX",224,2,117,0,203,326,3,1478
25,"Dallas/Fort Worth, TX",1148,17,605,2,983,1575,19,6500
25,"Dayton, OH",4,0,7,0,10,14,0,145
25,"Daytona Beach, FL",0,3,0,0,1,3,0,56
25,"Deadhorse, AK",0,0,2,0,1,2,1,11
25,"Decatur, IL",2,0,2,0,3,5,0,12
25,"Denver, CO",1232,52,1001,1,1314,2137,72,6473
25,"Des Moines, IA",31,3,41,2,33,72,2,303
25,"Detroit, MI",416,45,313,2,206,618,18,2695
25,"Devils Lake, ND",3,0,1,0,0,4,0,13
25,"Dickinson, ND",3,0,3,0,1,6,0,13
25,"Dillingham, AK",1,0,0,0,1,1,0,7
25,"Dodge City, KS",0,1,2,0,2,4,1,12
25,"Dothan, AL",2,0,0,0,0,2,0,14
25,"Duluth, MN",5,4,10,0,3,15,0,42
25,"Durango, CO",8,0,6,0,4,14,2,85
25,"Eagle, CO",8,0,6,0,7,15,0,53
25,"El Paso, TX",36,2,21,0,41,61,3,357
25,"Elko, NV",3,0,0,0,0,3,0,7
25,"Elmira/Corning, NY",4,0,4,0,1,6,0,19
25,"Escanaba, MI",4,0,2,0,0,4,0,12
25,"Eugene, OR",18,1,9,0,10,26,2,147
25,"Evansville, IN",3,0,0,0,7,7,1,48
25,"Everett, WA",1,0,0,0,1,2,0,13
25,"Fairbanks, AK",5,0,6,0,10,15,0,90
25,"Fargo, ND",22,6,28,1,9,47,0,134
25,"Fayetteville, AR",23,2,24,0,22,46,3,273
25,"Fayetteville, NC",2,0,1,0,0,2,1,36
25,"Flagstaff, AZ",5,1,1,0,1,7,0,34
25,"Flint, MI",2,5,1,0,4,9,0,37
25,"Fort Dodge, IA",0,0,1,0,4,5,0,12
25,"Fort Lauderdale, FL",215,23,207,24,171,354,7,1682
25,"Fort Myers, FL",31,3,35,0,45,69,2,473
25,"Fort Smith, AR",0,0,4,0,6,6,0,26
25,"Fort Wayne, IN",19,3,5,0,12,28,0,95
25,"Fresno, CA",26,2,24,1,20,49,1,227
25,"Gainesville, FL",5,0,1,0,4,5,0,69
25,"Garden City, KS",2,0,2,0,2,3,0,14
25,"Gillette, WY",2,0,2,0,1,4,0,14
25,"Grand Forks, ND",6,1,12,0,0,14,0,23
25,"Grand Island, NE",1,2,3,1,2,4,0,18
25,"Grand Junction, CO",12,2,12,0,7,25,0,81
25,"Grand Rapids, MI",38,9,49,0,35,82,3,363
25,"Great Falls, MT",4,0,4,0,4,8,1,45
25,"Green Bay, WI",11,4,16,0,5,24,1,90
25,"Greensboro/High Point, NC",17,3,19,0,26,39,4,244
25,"Greer, SC",22,0,30,0,22,48,4,335
25,"Guam, TT",2,0,1,0,0,2,0,14
25,"Gulfport/Biloxi, MS",6,0,2,0,5,7,0,71
25,"Gunnison, CO",2,0,2,0,0,3,0,15
25,"Gustavus, AK",0,0,0,0,0,0,0,7
25,"Hagerstown, MD",3,0,1,0,4,4,1,9
25,"Hancock/Houghton, MI",3,1,1,0,0,4,0,14
25,"Harlingen/San Benito, TX",8,1,13,0,15,21,2,75
25,"Harrisburg, PA",14,0,5,0,12,21,0,122
25,"Hartford, CT",49,15,71,0,74,112,4,448
25,"Hattiesburg/Laurel, MS",2,0,0,0,0,2,0,12
25,"Hayden, CO",3,0,5,0,4,8,1,28
25,"Hays, KS",0,0,1,0,1,1,0,12
25,"Helena, MT",3,0,6,0,1,7,0,28
25,"Hibbing, MN",2,1,2,0,0,3,0,12
25,"Hilo, HI",8,0,1,0,12,11,0,128
25,"Hilton Head, SC",0,1,0,0,2,2,2,54
25,"Hobbs, NM",2,0,2,0,0,3,1,14
25,"Honolulu, HI",111,0,14,2,61,130,4,1221
25,"Houston, TX",587,35,407,1,587,933,16,3534
25,"Huntsville, AL",26,0,15,0,11,35,0,173
25,"Hyannis, MA",1,0,4,0,4,7,1,16
25,"Idaho Falls, ID",8,2,7,0,4,16,1,76
25,"Indianapolis, IN",113,12,105,2,109,197,12,982
25,"International Falls, MN",7,2,5,0,0,9,1,13
25,"Iron Mountain/Kingsfd, MI",7,0,2,0,0,7,0,14
25,"Islip, NY",3,1,2,0,5,6,1,93
25,"Ithaca/Cortland, NY",1,1,0,0,2,2,1,14
25,"Jackson, WY",14,2,16,0,11,31,4,141
25,"Jackson/Vicksburg, MS",19,1,10,0,17,25,0,135
25,"Jacksonville, FL",38,12,45,0,61,102,3,597
25,"Jacksonville/Camp Lejeune, NC",0,0,2,0,1,3,0,37
25,"Jamestown, ND",1,0,1,0,0,1,0,13
25,"Johnstown, PA",2,0,1,0,0,2,0,14
25,"Joplin, MO",0,0,2,0,0,2,0,12
25,"Juneau, AK",5,0,5,0,11,13,1,119
25,"Kahului, HI",35,0,7,0,31,44,3,534
25,"Kalamazoo, MI",4,0,0,0,0,4,2,20
25,"Kalispell, MT",14,3,15,0,19,28,1,115
25,"Kansas City, MO",81,5,96,1,111,183,10,1047
25,"Ketchikan, AK",9,1,5,0,4,12,0,63
25,"Key West, FL",7,0,9,1,12,19,0,117
25,"Killeen, TX",5,0,3,0,9,9,1,34
25,"King Salmon, AK",0,0,0,0,0,0,0,9
25,"Knoxville, TN",21,3,20,0,25,45,2,351
25,"Kodiak, AK",0,0,0,0,0,0,0,18
25,"Kona, HI",20,0,7,1,18,27,1,332
25,"Kotzebue, AK",0,0,0,0,1,1,0,7
25,"La Crosse, WI",0,0,0,0,0,0,0,1
25,"Lafayette, LA",5,3,2,0,3,8,0,62
25,"Lake Charles, LA",0,1,0,0,0,1,0,21
25,"Lansing, MI",4,3,3,0,1,8,0,26
25,"Laramie, WY",3,1,3,0,0,5,1,12
25,"Laredo, TX",4,0,0,0,7,9,0,39
25,"Las Vegas, NV",548,20,398,1,528,872,10,3666
25,"Latrobe, PA",0,0,0,0,0,0,0,14
25,"Lawton/Fort Sill, OK",1,0,1,0,0,1,0,21
25,"Lewiston, ID",1,0,0,0,0,1,0,21
25,"Lexington, KY",20,2,16,0,18,37,2,190
25,"Liberal, KS",1,0,1,0,1,2,1,12
25,"Lihue, HI",21,0,5,0,22,29,1,325
25,"Lincoln, NE",7,0,2,0,2,7,0,49
25,"Little Rock, AR",31,7,21,0,36,56,0,269
25,"Long Beach, CA",20,0,19,0,38,51,0,350
25,"Longview, TX",0,0,0,0,1,1,0,14
25,"Los Angeles, CA",477,25,445,2,419,829,14,3918
25,"Louisville, KY",34,3,45,0,31,74,7,508
25,"Lubbock, TX",11,0,3,0,8,14,1,119
25,"Madison, WI",27,7,33,0,24,59,1,249
25,"Manchester, NH",7,3,6,0,12,14,1,119
25,"Manhattan/Ft. Riley, KS",0,1,1,0,1,2,1,21
25,"Marquette, MI",2,1,2,0,2,3,0,21
25,"Martha's Vineyard, MA",1,6,14,0,8,17,3,68
25,"Mason City, IA",0,0,2,0,3,3,0,12
25,"Medford, OR",7,2,5,0,6,11,0,88
25,"Melbourne, FL",4,1,1,0,4,8,0,53
25,"Memphis, TN",56,4,48,0,51,93,3,492
25,"Meridian, MS",1,0,2,1,0,2,0,12
25,"Miami, FL",307,89,198,8,345,538,2,1971
25,"Midland/Odessa, TX",23,3,16,0,15,41,0,197
25,"Milwaukee, WI",49,0,68,0,62,119,6,578
25,"Minneapolis, MN",594,98,635,0,492,1071,14,2684
25,"Minot, ND",13,2,19,0,3,23,1,49
25,"Mission/McAllen/Edinburg, TX",8,3,11,0,9,21,1,98
25,"Missoula, MT",13,1,14,0,13,25,1,122
25,"Mobile, AL",4,0,1,1,5,7,0,53
25,"Moline, IL",9,0,10,0,7,16,0,85
25,"Monroe, LA",1,0,1,1,6,6,0,41
25,"Monterey, CA",13,2,7,0,11,22,1,100
25,"Montgomery, AL",3,0,6,0,4,8,0,54
25,"Montrose/Delta, CO",9,0,13,0,9,20,0,57
25,"Mosinee, WI",2,1,6,0,2,6,0,14
25,"Myrtle Beach, SC",34,0,45,1,39,77,8,463
25,"Nantucket, MA",10,0,16,0,16,24,7,92
25,"Nashville, TN",217,19,170,1,235,374,10,2093
25,"New Orleans, LA",105,6,113,0,135,202,4,966
25,"New York, NY",663,57,631,3,600,1165,172,5672
25,"Newark, NJ",378,62,407,5,340,645,99,2517
25,"Newburgh/Poughkeepsie, NY",0,0,0,0,0,0,1,10
25,"Niagara Falls, NY",2,0,2,0,2,3,0,8
25,"Nome, AK",0,0,2,0,2,2,0,7
25,"Norfolk, VA",46,3,37,0,41,75,11,438
25,"North Bend/Coos Bay, OR",0,0,0,0,0,0,0,9
25,"North Platte, NE",1,0,2,0,2,4,2,12
25,"Oakland, CA",117,1,62,2,143,193,1,852
25,"Oklahoma City, OK",51,3,32,0,40,82,4,480
25,"Omaha, NE",71,8,65,0,68,121,2,484
25,"Ontario, CA",52,1,42,0,70,103,3,543
25,"Orlando, FL",360,42,275,8,367,618,15,3059
25,"Pago Pago, TT",0,0,0,0,0,0,0,3
25,"Palm Springs, CA",19,1,25,0,14,38,0,144
25,"Panama City, FL",30,1,13,0,35,44,0,240
25,"Pasco/Kennewick/Richland, WA",9,1,6,0,6,16,0,98
25,"Pellston, MI",5,1,1,0,0,6,0,26
25,"Pensacola, FL",25,0,20,0,32,46,1,324
25,"Peoria, IL",8,0,7,0,11,16,0,74
25,"Petersburg, AK",1,0,1,0,1,2,0,14
25,"Philadelphia, PA",277,58,217,4,311,500,57,2215
25,"Phoenix, AZ",555,15,387,7,511,868,12,3679
25,"Pittsburgh, PA",75,32,109,1,105,192,14,927
25,"Plattsburgh, NY",2,0,2,0,1,3,0,8
25,"Pocatello, ID",1,0,0,0,0,1,0,14
25,"Ponce, PR",3,0,1,0,5,5,0,19
25,"Portland, ME",39,23,54,0,52,96,10,314
25,"Portland, OR",109,6,107,1,149,234,3,1230
25,"Portsmouth, NH",2,2,3,0,2,3,0,7
25,"Prescott, AZ",2,1,2,0,2,5,0,14
25,"Providence, RI",36,14,39,0,43,75,1,301
25,"Provo, UT",4,0,4,0,3,7,0,37
25,"Punta Gorda, FL",11,8,8,0,12,22,0,115
25,"Raleigh/Durham, NC",120,3,131,0,126,247,20,1297
25,"Rapid City, SD",27,5,17,0,18,42,7,130
25,"Redding, CA",3,0,2,0,2,6,0,28
25,"Reno, NV",37,2,30,0,46,67,2,428
25,"Rhinelander, WI",9,2,7,0,0,12,0,19
25,"Richmond, VA",36,1,30,1,26,57,6,378
25,"Riverton/Lander, WY",1,1,1,0,1,3,0,14
25,"Roanoke, VA",7,1,6,0,2,10,0,53
25,"Rochester, MN",3,1,5,0,2,8,0,20
25,"Rochester, NY",14,1,13,1,18,32,6,238
25,"Rock Springs, WY",0,0,0,0,0,0,0,14
25,"Rockford, IL",4,0,3,0,3,5,0,18
25,"Roswell, NM",1,1,0,0,0,2,0,21
25,"Sacramento, CA",128,8,80,12,158,221,8,1127
25,"Saginaw/Bay City/Midland, MI",5,1,4,0,2,8,0,46
25,"Saipan, TT",0,0,0,0,0,0,0,7
25,"Salina, KS",0,0,2,0,1,2,0,12
25,"Salt Lake City, UT",309,34,195,0,214,488,4,2264
25,"San Angelo, TX",2,0,1,0,1,2,1,21
25,"San Antonio, TX",64,3,77,1,97,154,1,836
25,"San Diego, CA",223,12,229,2,298,449,11,1977
25,"San Francisco, CA",259,11,203,0,296,504,9,2386
25,"San Jose, CA",112,5,96,5,131,212,3,1044
25,"San Juan, PR",99,10,73,2,101,159,4,802
25,"San Luis Obispo, CA",5,2,9,0,10,19,0,105
25,"Sanford, FL",38,9,25,0,26,55,3,227
25,"Santa Ana, CA",70,1,64,0,97,145,8,836
25,"Santa Barbara, CA",13,1,12,0,17,29,5,156
25,"Santa Fe, NM",9,0,11,0,6,20,2,70
25,"Santa Maria, CA",0,0,1,0,1,1,0,2
25,"Santa Rosa, CA",7,0,10,0,12,17,0,73
25,"Sarasota/Bradenton, FL",20,3,18,0,30,40,2,262
25,"Sault Ste. Marie, MI",3,0,3,0,0,3,0,14
25,"Savannah, GA",31,4,30,0,25,53,4,391
25,"Scottsbluff, NE",2,0,1,0,1,3,1,12
25,"Scranton/Wilkes-Barre, PA",5,1,2,0,5,8,0,34
25,"Seattle, WA",551,27,565,2,503,1003,18,3614
25,"Sheridan, WY",0,0,1,0,1,1,0,14
25,"Shreveport, LA",10,2,6,0,8,13,0,95
25,"Sioux City, IA",3,1,3,0,0,5,0,14
25,"Sioux Falls, SD",13,16,32,1,16,47,1,135
25,"Sitka, AK",5,0,1,0,0,5,0,42
25,"South Bend, IN",17,1,4,0,8,24,0,119
25,"Spokane, WA",20,3,33,0,31,56,2,357
25,"Springfield, IL",0,0,0,0,0,0,0,2
25,"Springfield, MO",23,2,19,1,22,41,0,210
25,"St. Cloud, MN",0,0,0,0,0,0,0,2
25,"St. George, UT",4,4,4,0,2,11,1,48
25,"St. Louis, MO",142,4,120,3,184,263,4,1378
25,"St. Petersburg, FL",18,13,23,0,20,42,0,208
25,"State College, PA",1,1,1,0,2,4,0,21
25,"Stillwater, OK",1,0,0,0,0,1,0,14
25,"Stockton, CA",2,0,2,1,3,5,0,11
25,"Sun Valley/Hailey/Ketchum, ID",2,0,1,0,2,5,0,34
25,"Syracuse, NY",18,2,18,0,21,39,7,288
25,"Tallahassee, FL",5,0,5,0,6,11,0,124
25,"Tampa, FL",146,38,92,1,177,261,8,1443
25,"Texarkana, AR",2,0,0,0,2,2,1,14
25,"Toledo, OH",0,1,1,0,0,2,0,6
25,"Traverse City, MI",22,4,18,0,12,33,0,128
25,"Trenton, NJ",0,0,3,0,3,4,1,31
25,"Tucson, AZ",22,5,30,0,30,60,1,314
25,"Tulsa, OK",25,3,26,0,24,50,0,364
25,"Twin Falls, ID",2,0,0,0,0,2,0,14
25,"Tyler, TX",1,0,1,0,2,3,1,21
25,"Valdosta, GA",0,0,0,0,0,0,0,14
25,"Valparaiso, FL",19,0,18,0,21,32,0,266
25,"Victoria, TX",0,0,1,0,1,1,0,12
25,"Waco, TX",7,0,2,0,4,7,1,21
25,"Walla Walla, WA",0,0,0,0,1,1,0,14
25,"Washington, DC",355,20,317,2,391,678,37,3769
25,"West Palm Beach/Palm Beach, FL",45,1,42,0,40,71,4,462
25,"West Yellowstone, MT",3,1,3,0,0,4,0,14
25,"White Plains, NY",22,2,24,1,15,38,3,231
25,"Wichita Falls, TX",0,0,0,0,0,0,0,14
25,"Wichita, KS",23,3,16,0,18,42,1,216
25,"Williston, ND",6,0,8,0,1,12,0,40
25,"Wilmington, NC",11,4,17,0,14,28,2,172
25,"Worcester, MA",0,3,2,0,0,4,2,27
25,"Wrangell, AK",0,0,1,0,1,1,0,14
25,"Yakutat, AK",0,0,1,0,1,1,0,14
25,"Yuma, AZ",5,1,3,0,1,6,0,27
26,"Aberdeen, SD",5,1,0,0,0,6,0,14
26,"Abilene, TX",1,0,1,0,3,4,0,34
26,"Adak Island, AK",0,0,0,0,0,0,0,2
26,"Aguadilla, PR",13,1,7,0,21,21,2,43
26,"Akron, OH",11,2,10,0,10,24,2,77
26,"Albany, GA",3,0,1,0,0,3,0,14
26,"Albany, NY",38,3,40,1,42,72,4,245
26,"Albuquerque, NM",52,9,43,0,64,96,2,489
26,"Alexandria, LA",1,0,2,0,1,3,0,40
26,"Allentown/Bethlehem/Easton, PA",9,1,7,0,11,17,2,94
26,"Alpena, MI",1,1,0,0,0,2,0,12
26,"Amarillo, TX",11,2,4,0,14,19,1,107
26,"Anchorage, AK",51,1,51,0,44,86,6,518
26,"Appleton, WI",16,2,8,0,7,25,2,119
26,"Arcata/Eureka, CA",0,0,0,0,2,2,0,25
26,"Asheville, NC",55,5,42,2,52,82,9,283
26,"Ashland, WV",10,0,8,0,12,13,2,21
26,"Aspen, CO",24,10,12,3,6,42,4,165
26,"Atlanta, GA",1234,81,936,8,795,1866,35,6785
26,"Atlantic City, NJ",7,7,12,0,5,21,0,56
26,"Augusta, GA",7,0,9,0,7,16,0,88
26,"Austin, TX",282,11,166,4,315,474,8,1764
26,"Bakersfield, CA",6,0,4,0,3,4,0,53
26,"Baltimore, MD",562,36,335,0,546,780,23,2065
26,"Bangor, ME",20,5,28,0,27,50,11,132
26,"Barrow, AK",0,0,2,2,2,2,0,7
26,"Baton Rouge, LA",9,6,5,0,9,18,0,100
26,"Beaumont/Port Arthur, TX",0,0,0,0,1,1,0,14
26,"Belleville, IL",2,1,2,0,6,7,1,35
26,"Bellingham, WA",7,0,6,0,6,14,0,64
26,"Bemidji, MN",3,1,1,0,0,4,0,14
26,"Bend/Redmond, OR",8,1,6,0,6,13,0,115
26,"Bethel, AK",2,0,2,1,2,3,0,14
26,"Billings, MT",7,0,10,0,11,15,0,96
26,"Binghamton, NY",0,0,0,0,0,0,0,7
26,"Birmingham, AL",43,8,38,0,61,84,3,336
26,"Bismarck/Mandan, ND",11,4,9,0,6,19,0,82
26,"Bloomington/Normal, IL",2,0,1,0,4,4,1,37
26,"Boise, ID",42,1,31,0,35,70,5,473
26,"Boston, MA",464,26,541,3,323,784,78,2920
26,"Bozeman, MT",22,6,24,0,34,52,1,258
26,"Brainerd, MN",2,0,1,0,0,3,0,12
26,"Bristol/Johnson City/Kingsport, TN",3,0,3,0,5,7,0,44
26,"Brownsville, TX",1,0,1,0,4,5,0,48
26,"Brunswick, GA",5,0,3,0,0,5,0,14
26,"Buffalo, NY",68,5,73,0,100,137,14,448
26,"Burbank, CA",51,2,40,0,74,110,7,641
26,"Burlington, VT",12,4,25,0,19,37,7,181
26,"Butte, MT",0,0,0,0,0,0,0,13
26,"Casper, WY",7,0,2,0,6,12,1,51
26,"Cedar City, UT",3,0,1,0,0,3,0,12
26,"Cedar Rapids/Iowa City, IA",25,6,20,0,24,48,3,164
26,"Champaign/Urbana, IL",3,3,2,0,3,5,0,27
26,"Charleston, SC",74,12,71,0,87,128,15,556
26,"Charleston/Dunbar, WV",5,1,5,0,4,10,1,67
26,"Charlotte Amalie, VI",12,2,14,0,23,28,1,117
26,"Charlotte, NC",896,184,592,18,928,1424,104,4373
26,"Charlottesville, VA",5,0,8,0,2,9,4,57
26,"Chattanooga, TN",19,3,16,0,19,33,2,128
26,"Cheyenne, WY",1,0,0,0,0,1,0,13
26,"Chicago, IL",1713,339,1534,11,1705,2873,166,7404
26,"Christiansted, VI",3,0,4,1,11,13,0,23
26,"Cincinnati, OH",96,17,101,0,107,204,22,843
26,"Clarksburg/Fairmont, WV",2,0,1,0,4,4,0,8
26,"Cleveland, OH",102,9,102,0,121,209,22,867
26,"Cody, WY",4,1,2,0,1,6,0,25
26,"College Station/Bryan, TX",2,0,2,0,2,3,0,21
26,"Colorado Springs, CO",35,7,33,0,42,71,3,268
26,"Columbia, MO",4,2,6,0,6,9,1,41
26,"Columbia, SC",13,2,11,0,13,28,4,131
26,"Columbus, GA",3,0,2,0,1,4,0,19
26,"Columbus, MS",0,0,3,0,2,4,0,14
26,"Columbus, OH",92,14,87,0,109,179,19,880
26,"Concord, NC",2,1,3,0,5,6,1,14
26,"Cordova, AK",0,0,2,1,1,2,0,14
26,"Corpus Christi, TX",4,0,4,0,6,10,1,75
26,"Dallas, TX",313,0,139,2,311,424,6,1480
26,"Dallas/Fort Worth, TX",1563,34,802,5,1476,2098,34,6481
26,"Dayton, OH",12,2,14,0,17,30,6,146
26,"Daytona Beach, FL",2,2,2,0,7,7,0,56
26,"Deadhorse, AK",1,0,1,0,1,2,0,11
26,"Decatur, IL",0,2,1,0,2,4,0,12
26,"Denver, CO",1221,68,819,6,1111,1902,36,6452
26,"Des Moines, IA",49,7,33,0,46,81,2,308
26,"Detroit, MI",484,110,421,2,319,794,17,2656
26,"Devils Lake, ND",1,1,3,0,5,7,0,13
26,"Dickinson, ND",1,0,1,0,1,2,0,13
26,"Dillingham, AK",0,0,0,0,0,0,1,7
26,"Dodge City, KS",0,0,1,0,2,2,0,12
26,"Dothan, AL",2,0,0,0,0,2,0,14
26,"Duluth, MN",2,0,3,0,1,5,1,42
26,"Durango, CO",12,3,11,0,4,20,0,85
26,"Eagle, CO",6,0,1,0,5,8,2,55
26,"El Paso, TX",39,6,31,0,58,75,4,354
26,"Elko, NV",1,0,0,0,0,1,0,7
26,"Elmira/Corning, NY",3,4,3,0,1,7,0,20
26,"Escanaba, MI",1,1,0,0,0,2,0,12
26,"Eugene, OR",11,0,5,0,4,14,0,149
26,"Evansville, IN",1,0,5,0,6,8,1,47
26,"Everett, WA",0,0,1,0,1,1,0,13
26,"Fairbanks, AK",8,0,7,0,5,13,2,90
26,"Fargo, ND",14,2,11,0,10,24,2,131
26,"Fayetteville, AR",32,15,29,0,41,66,2,276
26,"Fayetteville, NC",3,2,2,0,1,5,0,35
26,"Flagstaff, AZ",5,1,2,0,0,6,0,34
26,"Flint, MI",3,2,2,0,1,6,1,38
26,"Fort Dodge, IA",0,0,2,0,3,3,0,12
26,"Fort Lauderdale, FL",364,92,414,43,366,622,23,1679
26,"Fort Myers, FL",57,16,84,0,104,145,5,469
26,"Fort Smith, AR",1,0,0,0,4,5,0,26
26,"Fort Wayne, IN",19,6,14,0,15,33,3,96
26,"Fresno, CA",24,0,21,0,21,36,0,227
26,"Gainesville, FL",6,4,3,0,12,14,1,68
26,"Garden City, KS",2,0,2,0,2,3,0,14
26,"Gillette, WY",1,0,0,0,1,2,0,14
26,"Grand Forks, ND",5,0,7,0,1,6,0,23
26,"Grand Island, NE",2,0,0,0,0,2,0,18
26,"Grand Junction, CO",8,1,3,0,5,12,0,81
26,"Grand Rapids, MI",38,16,52,1,55,95,9,362
26,"Great Falls, MT",0,2,2,0,1,3,0,44
26,"Green Bay, WI",18,3,13,0,6,32,2,90
26,"Greensboro/High Point, NC",15,5,28,0,28,51,8,241
26,"Greer, SC",20,13,32,0,34,64,11,328
26,"Guam, TT",1,0,1,0,0,1,0,14
26,"Gulfport/Biloxi, MS",5,1,6,0,14,17,0,70
26,"Gunnison, CO",3,0,0,0,1,4,0,15
26,"Gustavus, AK",0,0,0,0,0,0,0,7
26,"Hagerstown, MD",2,1,1,0,3,3,0,10
26,"Hancock/Houghton, MI",2,0,0,0,2,4,1,14
26,"Harlingen/San Benito, TX",6,0,6,0,10,11,0,75
26,"Harrisburg, PA",15,6,16,0,14,30,2,119
26,"Hartford, CT",66,9,81,1,88,141,5,439
26,"Hattiesburg/Laurel, MS",0,0,1,0,2,2,0,12
26,"Hayden, CO",2,0,0,0,0,2,0,30
26,"Hays, KS",0,0,0,0,1,1,0,12
26,"Helena, MT",4,0,3,0,0,4,0,28
26,"Hibbing, MN",2,1,1,0,0,3,0,12
26,"Hilo, HI",16,0,1,0,19,20,0,128
26,"Hilton Head, SC",4,1,4,0,5,8,4,56
26,"Hobbs, NM",2,0,2,0,1,3,0,14
26,"Honolulu, HI",153,0,34,0,99,178,4,1225
26,"Houston, TX",684,11,433,3,557,990,18,3560
26,"Huntsville, AL",29,1,14,0,24,42,2,171
26,"Hyannis, MA",3,2,7,0,7,8,0,21
26,"Idaho Falls, ID",5,0,2,0,5,10,0,77
26,"Indianapolis, IN",97,12,129,0,124,219,21,963
26,"International Falls, MN",1,0,1,0,0,1,0,13
26,"Iron Mountain/Kingsfd, MI",3,1,2,0,0,4,1,14
26,"Islip, NY",18,1,14,0,22,32,2,92
26,"Ithaca/Cortland, NY",2,0,4,0,2,4,3,14
26,"Jackson, WY",9,0,11,1,11,23,1,144
26,"Jackson/Vicksburg, MS",16,2,13,0,19,25,1,133
26,"Jacksonville, FL",68,56,85,0,116,189,9,595
26,"Jacksonville/Camp Lejeune, NC",1,0,1,0,1,2,0,37
26,"Jamestown, ND",2,0,4,0,3,5,0,13
26,"Johnstown, PA",2,0,1,0,1,3,0,14
26,"Joplin, MO",0,2,2,0,2,4,0,12
26,"Juneau, AK",7,2,8,0,6,15,1,119
26,"Kahului, HI",31,0,12,0,41,54,1,537
26,"Kalamazoo, MI",4,0,0,0,0,4,0,19
26,"Kalispell, MT",8,1,10,0,14,21,0,119
26,"Kansas City, MO",150,13,124,1,186,263,10,1037
26,"Ketchikan, AK",3,0,4,0,9,11,1,63
26,"Key West, FL",21,4,20,1,32,40,1,117
26,"Killeen, TX",10,0,3,0,10,11,0,34
26,"King Salmon, AK",0,0,1,0,1,1,0,9
26,"Knoxville, TN",44,5,46,0,47,84,5,354
26,"Kodiak, AK",0,0,0,2,1,2,3,18
26,"Kona, HI",21,0,8,0,28,35,0,331
26,"Kotzebue, AK",0,0,0,0,0,0,0,7
26,"La Crosse, WI",0,0,1,0,1,1,0,1
26,"Lafayette, LA",11,2,7,0,6,14,0,73
26,"Lake Charles, LA",1,1,0,0,1,3,0,21
26,"Lansing, MI",4,7,5,0,1,10,0,25
26,"Laramie, WY",3,0,2,0,1,4,1,12
26,"Laredo, TX",1,0,0,0,3,2,1,40
26,"Las Vegas, NV",632,50,507,0,606,1008,27,3651
26,"Latrobe, PA",1,0,1,0,3,4,0,14
26,"Lawton/Fort Sill, OK",0,0,1,0,1,1,0,21
26,"Lewiston, ID",1,0,0,0,0,1,0,21
26,"Lexington, KY",22,5,20,0,27,45,1,195
26,"Liberal, KS",1,0,1,0,1,2,0,12
26,"Lihue, HI",28,1,11,0,33,43,1,327
26,"Lincoln, NE",4,2,3,0,3,10,0,49
26,"Little Rock, AR",32,14,34,0,46,73,2,261
26,"Long Beach, CA",24,1,14,0,33,45,2,350
26,"Longview, TX",1,0,1,0,2,3,0,14
26,"Los Angeles, CA",653,16,574,2,508,1004,18,3920
26,"Louisville, KY",69,7,72,0,64,124,9,507
26,"Lubbock, TX",7,0,6,0,9,10,1,119
26,"Madison, WI",33,4,37,0,34,65,4,240
26,"Manchester, NH",14,0,14,1,24,32,0,119
26,"Manhattan/Ft. Riley, KS",0,0,0,0,1,0,0,21
26,"Marquette, MI",4,0,3,0,3,4,0,20
26,"Martha's Vineyard, MA",5,2,12,0,15,20,6,80
26,"Mason City, IA",0,0,2,0,4,4,0,12
26,"Medford, OR",9,1,1,0,1,10,0,88
26,"Melbourne, FL",1,0,2,0,5,5,0,53
26,"Memphis, TN",52,8,44,0,52,100,7,491
26,"Meridian, MS",1,0,1,0,1,2,0,12
26,"Miami, FL",398,198,422,4,548,852,32,1967
26,"Midland/Odessa, TX",19,2,9,2,15,31,1,195
26,"Milwaukee, WI",61,10,63,0,79,131,13,576
26,"Minneapolis, MN",433,52,325,1,320,717,14,2655
26,"Minot, ND",6,5,6,1,4,14,0,50
26,"Mission/McAllen/Edinburg, TX",14,1,11,1,16,27,1,100
26,"Missoula, MT",14,1,6,0,13,22,0,127
26,"Mobile, AL",6,0,4,0,12,15,0,52
26,"Moline, IL",7,2,3,0,12,18,3,83
26,"Monroe, LA",3,0,2,0,3,6,0,40
26,"Monterey, CA",8,0,7,0,9,15,0,100
26,"Montgomery, AL",7,4,2,0,9,15,1,53
26,"Montrose/Delta, CO",3,1,7,0,10,14,0,57
26,"Mosinee, WI",0,0,2,0,3,3,0,14
26,"Myrtle Beach, SC",66,12,83,0,99,151,14,463
26,"Nantucket, MA",14,0,17,1,21,30,5,108
26,"Nashville, TN",364,32,274,3,432,632,32,2088
26,"New Orleans, LA",125,7,122,2,182,252,7,952
26,"New York, NY",1080,87,1184,20,907,1866,418,5671
26,"Newark, NJ",545,76,545,4,491,888,157,2533
26,"Newburgh/Poughkeepsie, NY",1,3,2,0,5,5,0,11
26,"Niagara Falls, NY",4,0,5,0,2,6,0,8
26,"Nome, AK",1,0,2,0,1,2,0,7
26,"Norfolk, VA",80,29,66,0,86,152,19,433
26,"North Bend/Coos Bay, OR",0,0,0,0,1,1,0,9
26,"North Platte, NE",1,0,2,0,2,4,0,12
26,"Oakland, CA",105,0,50,2,116,153,5,851
26,"Oklahoma City, OK",49,3,35,0,52,90,3,476
26,"Omaha, NE",77,20,52,2,83,136,15,479
26,"Ontario, CA",47,4,27,0,41,77,5,536
26,"Orlando, FL",694,360,694,20,886,1394,50,3049
26,"Pago Pago, TT",1,0,0,0,0,1,0,3
26,"Palm Springs, CA",14,1,10,0,8,18,0,141
26,"Panama City, FL",46,6,19,2,52,73,5,239
26,"Pasco/Kennewick/Richland, WA",11,0,11,1,9,21,0,98
26,"Pellston, MI",4,2,1,0,0,6,0,26
26,"Pensacola, FL",44,2,45,0,62,93,2,324
26,"Peoria, IL",9,1,8,1,14,22,1,74
26,"Petersburg, AK",2,0,2,0,3,3,0,14
26,"Philadelphia, PA",401,67,360,4,378,683,119,2197
26,"Phoenix, AZ",595,30,411,4,576,910,14,3675
26,"Pittsburgh, PA",100,19,120,6,133,221,24,924
26,"Plattsburgh, NY",1,0,3,0,4,5,0,9
26,"Pocatello, ID",0,0,0,0,0,0,0,14
26,"Ponce, PR",7,0,3,0,10,11,1,19
26,"Portland, ME",37,4,48,0,56,86,14,316
26,"Portland, OR",121,5,93,4,151,228,11,1224
26,"Portsmouth, NH",0,0,0,0,2,2,0,7
26,"Prescott, AZ",2,0,1,0,1,3,0,14
26,"Providence, RI",39,1,50,0,51,88,4,297
26,"Provo, UT",7,1,4,0,3,9,0,37
26,"Punta Gorda, FL",13,9,25,0,21,32,3,119
26,"Raleigh/Durham, NC",211,26,176,2,228,381,42,1291
26,"Rapid City, SD",10,2,10,1,16,24,1,129
26,"Redding, CA",2,0,1,0,3,5,0,25
26,"Reno, NV",35,2,26,0,44,62,2,429
26,"Rhinelander, WI",8,1,3,0,0,9,0,19
26,"Richmond, VA",48,5,55,1,52,94,8,367
26,"Riverton/Lander, WY",1,0,1,0,0,1,2,14
26,"Roanoke, VA",10,3,10,0,10,21,1,53
26,"Rochester, MN",3,0,4,0,2,5,0,19
26,"Rochester, NY",35,5,35,0,40,61,11,236
26,"Rock Springs, WY",1,0,1,0,0,1,0,14
26,"Rockford, IL",1,1,4,1,6,7,1,18
26,"Roswell, NM",3,0,1,0,0,3,0,21
26,"Sacramento, CA",122,7,83,0,145,202,6,1127
26,"Saginaw/Bay City/Midland, MI",8,1,5,0,0,10,1,43
26,"Saipan, TT",2,0,2,0,1,3,0,7
26,"Salina, KS",0,1,0,0,0,1,0,12
26,"Salt Lake City, UT",318,21,171,0,203,445,9,2254
26,"San Angelo, TX",2,0,2,0,1,3,0,21
26,"San Antonio, TX",87,4,80,1,115,176,4,840
26,"San Diego, CA",247,10,211,0,295,450,12,1979
26,"San Francisco, CA",208,4,166,0,231,388,11,2394
26,"San Jose, CA",80,5,69,1,99,152,7,1030
26,"San Juan, PR",150,8,150,1,176,263,10,807
26,"San Luis Obispo, CA",5,2,2,0,4,10,0,104
26,"Sanford, FL",51,19,51,1,45,91,5,233
26,"Santa Ana, CA",58,0,55,0,99,134,7,829
26,"Santa Barbara, CA",14,0,6,0,10,20,0,156
26,"Santa Fe, NM",4,5,7,0,2,16,0,70
26,"Santa Maria, CA",1,0,0,0,1,1,0,2
26,"Santa Rosa, CA",8,0,11,0,8,16,0,72
26,"Sarasota/Bradenton, FL",28,8,30,0,48,62,2,264
26,"Sault Ste. Marie, MI",3,2,1,0,0,4,0,14
26,"Savannah, GA",47,7,37,0,48,84,12,391
26,"Scottsbluff, NE",2,0,1,0,1,4,0,12
26,"Scranton/Wilkes-Barre, PA",2,2,5,0,6,9,0,34
26,"Seattle, WA",521,17,487,5,506,897,14,3614
26,"Sheridan, WY",3,0,0,0,0,3,0,14
26,"Shreveport, LA",4,5,6,0,12,15,2,94
26,"Sioux City, IA",1,1,1,0,0,2,0,14
26,"Sioux Falls, SD",18,10,17,2,17,39,0,131
26,"Sitka, AK",2,1,4,0,5,8,1,42
26,"South Bend, IN",21,4,10,0,11,33,4,118
26,"Spokane, WA",29,2,25,0,28,46,1,356
26,"Springfield, IL",0,0,0,0,0,0,0,2
26,"Springfield, MO",31,5,20,0,34,54,2,211
26,"St. Cloud, MN",0,0,0,0,0,0,0,2
26,"St. George, UT",3,0,2,0,0,3,0,48
26,"St. Louis, MO",205,30,148,5,275,375,14,1369
26,"St. Petersburg, FL",30,32,50,0,32,76,6,218
26,"State College, PA",3,1,2,0,3,7,1,14
26,"Stillwater, OK",1,1,0,0,0,2,0,14
26,"Stockton, CA",2,0,0,0,2,3,0,11
26,"Sun Valley/Hailey/Ketchum, ID",0,0,1,0,1,1,0,38
26,"Syracuse, NY",37,2,40,0,42,67,9,284
26,"Tallahassee, FL",11,6,6,0,17,20,1,123
26,"Tampa, FL",255,94,239,1,339,487,12,1440
26,"Texarkana, AR",5,0,0,0,2,5,0,14
26,"Toledo, OH",0,0,1,0,1,1,0,6
26,"Traverse City, MI",26,3,22,0,25,40,0,130
26,"Trenton, NJ",3,0,6,0,12,13,1,32
26,"Tucson, AZ",25,8,32,1,29,55,1,310
26,"Tulsa, OK",50,6,33,0,50,92,3,360
26,"Twin Falls, ID",0,0,0,0,0,0,0,14
26,"Tyler, TX",1,0,0,0,0,1,0,21
26,"Valdosta, GA",0,1,2,0,3,3,0,14
26,"Valparaiso, FL",34,5,18,0,36,52,2,265
26,"Victoria, TX",0,0,0,0,0,0,0,12
26,"Waco, TX",0,0,2,0,4,4,0,21
26,"Walla Walla, WA",1,0,0,0,2,3,0,14
26,"Washington, DC",577,68,544,6,544,1013,90,3755
26,"West Palm Beach/Palm Beach, FL",77,14,70,0,105,139,10,467
26,"West Yellowstone, MT",2,0,0,0,0,2,0,14
26,"White Plains, NY",37,7,35,0,24,56,5,231
26,"Wichita Falls, TX",2,0,1,0,0,2,0,14
26,"Wichita, KS",21,2,20,1,31,50,2,214
26,"Williston, ND",8,2,5,1,0,11,0,40
26,"Wilmington, NC",15,9,25,0,32,52,8,173
26,"Worcester, MA",5,0,6,0,5,8,1,27
26,"Wrangell, AK",1,0,1,0,2,2,0,14
26,"Yakutat, AK",0,0,0,0,1,1,0,14
26,"Yuma, AZ",3,0,3,0,0,3,0,27
27,"Aberdeen, SD",4,0,2,0,0,4,0,14
27,"Abilene, TX",0,0,4,0,6,7,0,33
27,"Adak Island, AK",0,0,0,0,0,0,0,2
27,"Aguadilla, PR",6,1,4,0,7,9,1,45
27,"Akron, OH",8,0,6,0,8,13,0,73
27,"Albany, GA",3,0,0,0,0,3,1,14
27,"Albany, NY",25,4,17,0,23,38,2,229
27,"Albuquerque, NM",39,4,29,0,50,75,1,449
27,"Alexandria, LA",3,1,2,0,2,6,0,36
27,"Allentown/Bethlehem/Easton, PA",8,0,6,0,5,11,1,84
27,"Alpena, MI",2,0,0,1,0,3,0,12
27,"Amarillo, TX",8,0,9,0,11,16,0,99
27,"Anchorage, AK",42,1,30,0,39,69,5,522
27,"Appleton, WI",14,4,11,0,4,21,1,117
27,"Arcata/Eureka, CA",2,0,1,0,2,4,0,31
27,"Asheville, NC",50,13,38,1,58,80,5,276
27,"Ashland, WV",3,1,3,0,5,6,4,23
27,"Aspen, CO",12,7,16,0,9,33,3,156
27,"Atlanta, GA",797,200,739,5,532,1359,30,6185
27,"Atlantic City, NJ",3,0,2,0,3,6,0,55
27,"Augusta, GA",5,0,11,0,7,18,0,78
27,"Austin, TX",168,46,154,5,222,339,11,1640
27,"Bakersfield, CA",2,0,1,1,5,6,0,60
27,"Baltimore, MD",381,2,179,1,293,498,8,1950
27,"Bangor, ME",16,1,17,0,16,30,5,139
27,"Barrow, AK",0,0,0,0,0,0,0,7
27,"Baton Rouge, LA",6,1,6,0,8,13,2,89
27,"Beaumont/Port Arthur, TX",0,0,1,0,0,1,1,14
27,"Belleville, IL",3,0,4,0,8,9,0,35
27,"Bellingham, WA",5,0,3,0,7,9,0,63
27,"Bemidji, MN",4,1,1,0,0,5,0,14
27,"Bend/Redmond, OR",11,1,4,0,10,16,8,112
27,"Bethel, AK",1,0,4,2,2,5,0,14
27,"Billings, MT",10,1,11,0,8,18,0,86
27,"Binghamton, NY",2,0,0,0,0,2,0,7
27,"Birmingham, AL",30,10,22,0,32,58,3,309
27,"Bishop, CA",0,1,0,0,0,1,0,7
27,"Bismarck/Mandan, ND",9,4,9,1,6,17,0,72
27,"Bloomington/Normal, IL",3,0,2,0,2,5,0,36
27,"Boise, ID",35,1,24,1,30,58,0,448
27,"Boston, MA",284,12,260,2,177,449,20,2740
27,"Bozeman, MT",18,1,25,0,27,42,1,258
27,"Brainerd, MN",4,2,4,0,0,6,0,14
27,"Bristol/Johnson City/Kingsport, TN",1,0,1,0,3,4,3,40
27,"Brownsville, TX",1,1,3,0,2,4,2,43
27,"Brunswick, GA",3,0,0,0,0,2,0,14
27,"Buffalo, NY",49,3,43,0,49,74,3,436
27,"Burbank, CA",40,1,38,0,58,82,4,611
27,"Burlington, VT",9,2,10,0,8,21,5,176
27,"Butte, MT",0,1,0,0,0,1,0,14
27,"Casper, WY",6,1,2,0,1,7,0,53
27,"Cedar City, UT",1,0,0,0,0,1,0,12
27,"Cedar Rapids/Iowa City, IA",24,5,26,0,16,43,3,162
27,"Champaign/Urbana, IL",0,0,1,0,2,3,0,27
27,"Charleston, SC",51,7,56,0,62,94,8,537
27,"Charleston/Dunbar, WV",6,1,2,0,5,11,0,60
27,"Charlotte Amalie, VI",13,2,17,0,12,22,0,112
27,"Charlotte, NC",647,287,594,9,881,1286,59,4031
27,"Charlottesville, VA",5,1,6,0,4,12,2,55
27,"Chattanooga, TN",15,2,7,0,15,24,0,112
27,"Cheyenne, WY",0,0,0,0,0,0,0,13
27,"Chicago, IL",1046,72,843,9,890,1674,49,7018
27,"Christiansted, VI",1,0,3,1,3,4,0,19
27,"Cincinnati, OH",77,20,84,0,78,157,5,806
27,"Clarksburg/Fairmont, WV",1,0,1,0,1,0,0,8
27,"Cleveland, OH",61,0,64,0,57,118,11,826
27,"Cody, WY",2,1,1,0,1,2,0,25
27,"College Station/Bryan, TX",3,0,4,0,5,6,0,20
27,"Colorado Springs, CO",14,3,21,2,25,39,0,262
27,"Columbia, MO",3,0,4,0,9,11,1,38
27,"Columbia, SC",6,1,7,0,11,16,2,120
27,"Columbus, GA",1,0,0,0,0,1,2,16
27,"Columbus, MS",0,1,1,0,0,2,0,14
27,"Columbus, OH",83,10,76,1,77,137,7,855
27,"Concord, NC",4,0,3,0,7,8,0,14
27,"Cordova, AK",0,0,0,1,1,2,0,14
27,"Corpus Christi, TX",3,4,9,0,8,13,1,72
27,"Dallas, TX",179,7,98,1,188,266,4,1372
27,"Dallas/Fort Worth, TX",1083,157,822,4,999,1701,30,6081
27,"Dayton, OH",8,1,9,0,12,16,1,136
27,"Daytona Beach, FL",3,2,4,0,6,9,0,53
27,"Deadhorse, AK",0,0,0,0,1,1,1,11
27,"Decatur, IL",1,0,2,0,0,2,0,12
27,"Denver, CO",753,34,467,1,679,1189,26,6227
27,"Des Moines, IA",28,7,34,0,23,54,5,287
27,"Detroit, MI",249,8,167,1,120,341,16,2427
27,"Devils Lake, ND",1,0,2,0,2,3,0,13
27,"Dickinson, ND",1,0,0,0,0,1,0,13
27,"Dillingham, AK",0,0,1,0,1,1,0,7
27,"Dodge City, KS",1,0,0,0,0,1,0,12
27,"Dothan, AL",2,0,1,0,0,3,0,14
27,"Duluth, MN",2,1,4,0,3,7,0,41
27,"Durango, CO",7,0,10,0,3,13,0,82
27,"Eagle, CO",6,0,4,0,4,7,0,54
27,"El Paso, TX",29,2,18,0,36,52,5,339
27,"Elko, NV",0,0,0,0,0,0,0,7
27,"Elmira/Corning, NY",2,0,1,0,0,2,0,20
27,"Escanaba, MI",0,1,1,0,0,1,0,12
27,"Eugene, OR",9,1,3,0,10,16,1,140
27,"Evansville, IN",0,0,3,0,4,6,0,43
27,"Everett, WA",0,0,1,0,2,2,0,13
27,"Fairbanks, AK",3,0,1,0,5,7,0,87
27,"Fargo, ND",16,3,15,0,11,27,0,124
27,"Fayetteville, AR",35,8,27,1,27,57,0,254
27,"Fayetteville, NC",5,0,2,0,0,5,0,28
27,"Flagstaff, AZ",1,0,2,0,0,3,0,34
27,"Flint, MI",4,2,2,0,2,6,0,37
27,"Fort Dodge, IA",1,0,1,0,2,3,0,12
27,"Fort Lauderdale, FL",252,9,204,17,194,362,12,1636
27,"Fort Myers, FL",32,12,41,0,61,84,1,448
27,"Fort Smith, AR",4,0,2,0,4,6,1,23
27,"Fort Wayne, IN",9,1,6,0,7,13,1,92
27,"Fresno, CA",30,1,10,0,15,39,0,224
27,"Gainesville, FL",3,3,3,0,5,6,0,59
27,"Garden City, KS",3,0,2,0,1,3,0,14
27,"Gillette, WY",0,0,0,0,1,1,0,14
27,"Grand Forks, ND",4,0,2,0,0,5,0,23
27,"Grand Island, NE",0,1,1,0,0,1,1,18
27,"Grand Junction, CO",5,1,4,0,3,10,1,77
27,"Grand Rapids, MI",30,4,29,0,30,60,1,334
27,"Great Falls, MT",1,0,0,0,1,1,0,40
27,"Green Bay, WI",12,1,4,0,4,15,0,66
27,"Greensboro/High Point, NC",14,6,23,0,23,39,7,217
27,"Greer, SC",18,13,26,0,37,56,7,310
27,"Guam, TT",0,0,0,0,0,0,0,14
27,"Gulfport/Biloxi, MS",3,0,1,1,5,9,1,64
27,"Gunnison, CO",1,0,0,0,0,1,0,15
27,"Gustavus, AK",0,0,0,1,0,1,0,7
27,"Hagerstown, MD",1,0,1,0,4,4,0,10
27,"Hancock/Houghton, MI",1,0,0,0,0,1,0,14
27,"Harlingen/San Benito, TX",5,0,6,0,7,12,1,72
27,"Harrisburg, PA",9,1,7,0,11,16,0,107
27,"Hartford, CT",53,7,50,0,55,91,5,413
27,"Hattiesburg/Laurel, MS",2,0,1,0,2,4,1,12
27,"Hayden, CO",4,0,2,0,2,7,0,30
27,"Hays, KS",1,0,1,0,0,1,0,12
27,"Helena, MT",1,0,0,0,0,1,0,28
27,"Hibbing, MN",2,2,2,0,0,4,0,12
27,"Hilo, HI",6,0,3,0,6,10,2,130
27,"Hilton Head, SC",3,0,5,0,2,8,0,55
27,"Hobbs, NM",1,0,0,0,0,1,0,14
27,"Honolulu, HI",117,0,46,0,62,150,14,1244
27,"Houston, TX",577,177,411,0,550,916,101,3368
27,"Huntsville, AL",23,0,12,0,13,32,1,153
27,"Hyannis, MA",1,0,2,0,1,3,2,21
27,"Idaho Falls, ID",5,1,2,0,4,11,0,69
27,"Indianapolis, IN",65,4,73,0,89,140,7,924
27,"International Falls, MN",3,1,3,0,0,4,0,14
27,"Iron Mountain/Kingsfd, MI",1,0,0,0,0,1,0,14
27,"Islip, NY",8,0,6,0,12,12,2,90
27,"Ithaca/Cortland, NY",2,0,3,0,2,4,0,14
27,"Jackson, WY",10,0,9,0,10,19,1,147
27,"Jackson/Vicksburg, MS",20,4,14,0,13,30,1,122
27,"Jacksonville, FL",41,8,37,0,59,90,6,559
27,"Jacksonville/Camp Lejeune, NC",2,2,2,0,3,6,1,40
27,"Jamestown, ND",1,0,2,0,2,3,0,13
27,"Johnstown, PA",2,0,0,0,0,1,0,14
27,"Joplin, MO",0,0,1,0,2,2,0,12
27,"Juneau, AK",5,0,5,0,11,14,0,119
27,"Kahului, HI",28,0,16,0,26,46,11,549
27,"Kalamazoo, MI",3,0,0,0,0,3,0,16
27,"Kalispell, MT",10,4,10,0,11,23,0,121
27,"Kansas City, MO",84,5,73,0,101,157,6,972
27,"Ketchikan, AK",4,1,2,0,6,9,1,62
27,"Key West, FL",17,3,12,0,20,25,0,114
27,"Killeen, TX",10,0,5,0,10,13,0,34
27,"King Salmon, AK",0,0,0,0,0,0,0,9
27,"Knoxville, TN",28,6,34,0,26,54,8,343
27,"Kodiak, AK",1,0,2,0,1,3,0,18
27,"Kona, HI",13,0,13,0,14,23,2,331
27,"Kotzebue, AK",0,0,0,0,1,1,0,7
27,"La Crosse, WI",2,0,2,1,1,2,0,5
27,"Lafayette, LA",4,6,2,0,5,10,2,65
27,"Lake Charles, LA",0,1,1,0,2,1,0,20
27,"Lansing, MI",0,0,2,0,1,2,0,21
27,"Laramie, WY",0,1,0,0,0,1,0,12
27,"Laredo, TX",6,1,7,0,7,11,0,34
27,"Las Vegas, NV",517,39,291,2,477,773,27,3471
27,"Latrobe, PA",1,0,1,0,0,1,0,14
27,"Lawton/Fort Sill, OK",1,1,4,0,0,4,0,20
27,"Lewiston, ID",2,0,0,0,0,2,0,21
27,"Lexington, KY",17,3,15,0,26,33,2,184
27,"Liberal, KS",0,0,0,0,0,0,0,12
27,"Lihue, HI",8,0,15,0,12,20,2,327
27,"Lincoln, NE",4,3,2,0,3,11,0,48
27,"Little Rock, AR",23,21,43,2,45,71,3,247
27,"Long Beach, CA",29,0,10,0,33,45,2,338
27,"Longview, TX",1,2,0,0,2,3,0,14
27,"Los Angeles, CA",442,9,394,3,345,697,18,3777
27,"Louisville, KY",32,8,47,0,34,74,1,468
27,"Lubbock, TX",5,4,6,0,13,17,0,112
27,"Madison, WI",19,3,24,0,21,41,4,221
27,"Manchester, NH",16,0,10,0,13,19,0,111
27,"Manhattan/Ft. Riley, KS",1,0,1,0,3,2,0,21
27,"Marquette, MI",2,1,2,0,3,4,0,20
27,"Martha's Vineyard, MA",10,0,8,1,10,17,2,80
27,"Mason City, IA",0,0,3,0,3,3,0,12
27,"Medford, OR",6,1,0,0,2,8,1,84
27,"Melbourne, FL",5,0,7,0,4,10,0,50
27,"Memphis, TN",46,7,42,1,44,84,4,452
27,"Meridian, MS",1,0,0,0,1,2,2,12
27,"Miami, FL",259,6,159,6,239,398,8,1947
27,"Midland/Odessa, TX",13,3,5,2,18,28,1,165
27,"Milwaukee, WI",37,5,43,0,50,78,3,546
27,"Minneapolis, MN",284,33,273,1,164,496,6,2441
27,"Minot, ND",8,1,3,0,2,10,0,48
27,"Mission/McAllen/Edinburg, TX",12,2,11,0,13,24,0,95
27,"Missoula, MT",15,0,9,0,8,18,1,126
27,"Mobile, AL",2,3,4,0,3,7,0,47
27,"Moline, IL",7,3,3,0,10,11,3,82
27,"Monroe, LA",3,1,2,1,5,6,1,39
27,"Monterey, CA",12,1,7,0,8,18,1,99
27,"Montgomery, AL",5,1,3,0,4,8,1,48
27,"Montrose/Delta, CO",1,0,4,0,4,6,2,56
27,"Mosinee, WI",0,0,0,0,0,0,0,14
27,"Myrtle Beach, SC",23,3,33,0,53,69,6,457
27,"Nantucket, MA",7,0,11,4,13,18,13,109
27,"Nashville, TN",186,6,168,1,208,323,9,1968
27,"New Bern/Morehead/Beaufort, NC",0,0,0,0,0,0,1,1
27,"New Orleans, LA",102,22,100,1,132,194,4,898
27,"New York, NY",660,40,604,6,503,1124,86,5637
27,"Newark, NJ",425,32,430,1,341,681,36,2474
27,"Newburgh/Poughkeepsie, NY",2,0,3,0,4,5,0,12
27,"Niagara Falls, NY",2,0,1,0,2,4,0,8
27,"Nome, AK",0,0,0,0,0,0,0,7
27,"Norfolk, VA",41,6,35,0,44,75,2,412
27,"North Bend/Coos Bay, OR",0,0,0,0,2,2,0,9
27,"North Platte, NE",0,0,0,0,0,0,0,12
27,"Oakland, CA",83,0,57,2,64,123,2,802
27,"Oklahoma City, OK",35,22,29,0,40,87,5,449
27,"Omaha, NE",39,13,53,0,45,91,6,450
27,"Ontario, CA",37,1,31,0,50,74,0,511
27,"Orlando, FL",343,34,237,8,300,532,17,2955
27,"Pago Pago, TT",0,0,0,0,0,0,0,3
27,"Palm Springs, CA",10,0,5,0,6,16,5,133
27,"Panama City, FL",24,4,17,0,31,40,1,228
27,"Pasco/Kennewick/Richland, WA",8,0,3,2,2,12,0,99
27,"Pellston, MI",6,0,0,0,0,6,0,26
27,"Pensacola, FL",37,2,29,4,41,63,1,318
27,"Peoria, IL",10,2,7,0,12,16,1,71
27,"Petersburg, AK",0,0,0,0,0,0,0,14
27,"Philadelphia, PA",360,4,197,1,287,509,47,2124
27,"Phoenix, AZ",399,8,242,3,402,637,22,3530
27,"Pittsburgh, PA",63,0,68,1,93,142,8,891
27,"Plattsburgh, NY",1,0,1,0,1,2,0,10
27,"Pocatello, ID",1,0,0,0,0,1,0,14
27,"Ponce, PR",2,0,1,0,4,5,1,19
27,"Portland, ME",22,0,32,0,28,49,5,310
27,"Portland, OR",93,1,52,0,96,167,4,1188
27,"Portsmouth, NH",1,0,2,0,1,2,0,7
27,"Prescott, AZ",3,0,0,0,0,3,0,14
27,"Providence, RI",31,5,28,0,33,54,2,286
27,"Provo, UT",5,1,2,0,1,7,0,37
27,"Punta Gorda, FL",13,11,17,0,13,28,0,121
27,"Raleigh/Durham, NC",114,24,113,0,131,237,10,1205
27,"Rapid City, SD",12,5,17,0,14,26,0,125
27,"Redding, CA",2,1,0,0,2,5,0,27
27,"Reno, NV",34,1,16,1,41,59,1,410
27,"Rhinelander, WI",6,2,4,0,0,8,0,21
27,"Richmond, VA",30,6,24,0,34,53,4,338
27,"Riverton/Lander, WY",0,0,1,0,2,2,0,14
27,"Roanoke, VA",4,0,5,0,5,8,2,50
27,"Rochester, MN",1,0,3,0,3,4,0,20
27,"Rochester, NY",17,3,15,0,18,31,4,242
27,"Rock Springs, WY",1,0,1,0,0,1,0,14
27,"Rockford, IL",1,0,0,0,1,1,0,18
27,"Roswell, NM",5,1,2,0,0,7,0,20
27,"Sacramento, CA",95,2,75,0,100,170,4,1051
27,"Saginaw/Bay City/Midland, MI",4,1,1,0,1,6,0,39
27,"Saipan, TT",0,0,0,0,0,0,0,7
27,"Salina, KS",0,0,0,0,1,1,0,12
27,"Salt Lake City, UT",171,10,105,0,115,252,9,2107
27,"San Angelo, TX",2,0,1,0,1,3,0,20
27,"San Antonio, TX",72,3,67,0,90,143,8,793
27,"San Diego, CA",192,11,207,2,241,374,10,1882
27,"San Francisco, CA",213,3,161,2,207,365,24,2576
27,"San Jose, CA",63,1,54,1,76,126,5,952
27,"San Juan, PR",137,5,104,1,122,197,3,792
27,"San Luis Obispo, CA",5,0,2,0,7,11,0,105
27,"Sanford, FL",40,6,32,0,41,67,1,234
27,"Santa Ana, CA",52,0,44,1,65,107,9,798
27,"Santa Barbara, CA",14,0,10,0,10,24,7,166
27,"Santa Fe, NM",7,3,1,0,1,11,1,66
27,"Santa Maria, CA",0,0,0,0,0,0,0,2
27,"Santa Rosa, CA",5,0,8,0,8,12,0,71
27,"Sarasota/Bradenton, FL",18,10,29,0,33,50,2,265
27,"Sault Ste. Marie, MI",3,0,1,0,0,3,0,14
27,"Savannah, GA",45,9,32,0,51,71,1,373
27,"Scottsbluff, NE",0,0,0,0,1,1,0,12
27,"Scranton/Wilkes-Barre, PA",1,2,1,0,5,5,0,31
27,"Seattle, WA",347,19,314,2,319,618,10,3524
27,"Sheridan, WY",3,0,0,0,0,3,0,14
27,"Shreveport, LA",6,7,7,0,13,17,3,84
27,"Sioux City, IA",2,0,1,0,4,6,0,14
27,"Sioux Falls, SD",10,3,15,1,17,27,1,121
27,"Sitka, AK",0,0,2,0,2,3,0,42
27,"South Bend, IN",13,3,8,0,4,19,0,115
27,"Spokane, WA",22,5,15,0,20,41,1,336
27,"Springfield, IL",0,0,0,0,0,0,0,2
27,"Springfield, MO",31,0,19,1,18,38,0,190
27,"St. Cloud, MN",0,0,0,0,0,0,0,2
27,"St. George, UT",3,1,4,0,1,5,0,53
27,"St. Louis, MO",164,5,117,2,189,282,8,1288
27,"St. Petersburg, FL",30,19,30,0,22,58,4,226
27,"State College, PA",1,1,0,0,0,2,0,7
27,"Stillwater, OK",2,0,2,0,0,3,0,14
27,"Stockton, CA",3,0,3,0,2,3,0,11
27,"Sun Valley/Hailey/Ketchum, ID",1,0,2,0,2,4,0,44
27,"Syracuse, NY",26,5,19,0,27,43,2,273
27,"Tallahassee, FL",8,1,6,0,7,12,1,105
27,"Tampa, FL",168,23,133,0,196,285,7,1384
27,"Texarkana, AR",4,0,1,0,4,5,0,14
27,"Toledo, OH",2,0,1,0,1,3,0,6
27,"Traverse City, MI",22,2,22,0,15,32,0,144
27,"Trenton, NJ",2,0,3,0,4,5,1,32
27,"Tucson, AZ",21,3,18,1,22,41,2,302
27,"Tulsa, OK",23,3,19,0,28,45,2,336
27,"Twin Falls, ID",1,1,0,0,0,2,0,14
27,"Tyler, TX",3,0,2,0,3,3,1,20
27,"Valdosta, GA",2,1,3,0,1,4,0,14
27,"Valparaiso, FL",22,3,22,0,21,43,2,251
27,"Victoria, TX",0,1,0,0,1,2,0,12
27,"Waco, TX",5,1,4,0,0,7,0,20
27,"Walla Walla, WA",1,0,0,0,0,1,0,14
27,"Washington, DC",367,32,307,2,313,620,23,3685
27,"West Palm Beach/Palm Beach, FL",50,1,42,0,54,80,4,454
27,"West Yellowstone, MT",3,0,1,0,0,3,0,16
27,"White Plains, NY",30,5,23,0,29,49,3,214
27,"Wichita Falls, TX",2,1,0,0,0,3,0,14
27,"Wichita, KS",13,2,18,0,24,37,3,203
27,"Williston, ND",4,4,9,0,2,8,0,34
27,"Wilmington, NC",15,4,20,0,29,38,4,175
27,"Worcester, MA",3,0,0,0,2,3,0,27
27,"Wrangell, AK",1,0,0,0,1,1,0,14
27,"Yakutat, AK",0,0,1,0,2,2,0,14
27,"Yuma, AZ",3,0,0,0,2,4,0,26
28,"Aberdeen, SD",1,1,1,0,0,2,0,14
28,"Abilene, TX",5,1,2,0,7,10,0,34
28,"Adak Island, AK",0,0,0,0,0,0,0,2
28,"Aguadilla, PR",4,2,3,0,13,13,0,45
28,"Akron, OH",14,0,13,0,13,26,2,77
28,"Albany, GA",3,2,3,0,0,5,0,14
28,"Albany, NY",39,4,41,1,46,73,2,242
28,"Albuquerque, NM",51,11,54,0,87,114,6,488
28,"Alexandria, LA",4,2,4,0,4,7,0,41
28,"Allentown/Bethlehem/Easton, PA",12,2,8,0,14,24,0,87
28,"Alpena, MI",1,0,1,0,0,1,0,12
28,"Amarillo, TX",10,1,8,1,15,22,2,107
28,"Anchorage, AK",59,0,52,0,49,93,4,520
28,"Appleton, WI",21,3,12,0,5,31,2,121
28,"Arcata/Eureka, CA",4,0,4,0,4,9,1,32
28,"Asheville, NC",53,2,47,1,51,84,2,287
28,"Ashland, WV",4,0,5,0,4,7,0,21
28,"Aspen, CO",15,10,25,2,8,39,5,162
28,"Atlanta, GA",1376,115,909,7,888,2003,57,6973
28,"Atlantic City, NJ",7,0,11,0,5,15,5,51
28,"Augusta, GA",16,1,6,0,14,22,3,90
28,"Austin, TX",263,53,218,4,370,524,19,1778
28,"Bakersfield, CA",4,0,5,0,4,7,0,60
28,"Baltimore, MD",609,36,427,4,619,904,26,2077
28,"Bangor, ME",13,2,28,0,24,35,5,132
28,"Barrow, AK",0,0,1,1,0,1,0,7
28,"Baton Rouge, LA",19,3,9,0,15,25,1,101
28,"Beaumont/Port Arthur, TX",1,0,1,0,0,2,2,14
28,"Belleville, IL",2,3,4,0,6,10,0,35
28,"Bellingham, WA",8,0,3,0,4,7,0,64
28,"Bemidji, MN",3,1,2,0,0,4,0,14
28,"Bend/Redmond, OR",17,7,7,0,6,27,1,118
28,"Bethel, AK",2,0,0,0,2,3,0,14
28,"Billings, MT",7,1,7,0,13,20,1,98
28,"Binghamton, NY",3,0,2,0,0,3,0,7
28,"Birmingham, AL",53,9,39,1,58,88,8,335
28,"Bishop, CA",0,0,0,0,3,3,1,7
28,"Bismarck/Mandan, ND",10,3,11,0,6,19,0,83
28,"Bloomington/Normal, IL",3,1,4,0,4,7,1,37
28,"Boise, ID",39,0,36,0,42,79,1,493
28,"Boston, MA",412,17,462,3,350,755,35,2970
28,"Bozeman, MT",30,3,43,0,43,68,2,265
28,"Brainerd, MN",1,1,1,0,0,2,0,14
28,"Bristol/Johnson City/Kingsport, TN",3,0,2,0,2,5,0,46
28,"Brownsville, TX",5,1,4,0,4,9,4,46
28,"Brunswick, GA",3,0,1,0,0,3,0,14
28,"Buffalo, NY",53,6,81,1,83,122,15,462
28,"Burbank, CA",52,2,55,1,80,125,8,660
28,"Burlington, VT",24,7,23,0,32,51,7,180
28,"Butte, MT",2,0,0,0,0,2,0,14
28,"Casper, WY",0,0,0,0,1,1,0,56
28,"Cedar City, UT",1,2,0,0,0,2,0,12
28,"Cedar Rapids/Iowa City, IA",21,1,19,1,17,37,1,166
28,"Champaign/Urbana, IL",4,2,2,0,5,7,0,28
28,"Charleston, SC",81,17,77,0,119,166,19,574
28,"Charleston/Dunbar, WV",17,1,8,0,4,22,0,66
28,"Charlotte Amalie, VI",7,0,20,1,24,33,1,113
28,"Charlotte, NC",1185,40,696,22,1249,1701,61,4420
28,"Charlottesville, VA",4,2,5,0,4,12,1,59
28,"Chattanooga, TN",19,3,20,0,15,33,0,122
28,"Cheyenne, WY",1,0,0,0,1,2,0,13
28,"Chicago, IL",1417,166,1350,5,1454,2462,147,7375
28,"Christiansted, VI",3,0,2,0,5,7,0,20
28,"Cincinnati, OH",104,16,94,0,121,201,17,861
28,"Clarksburg/Fairmont, WV",3,1,2,0,5,6,0,8
28,"Cleveland, OH",93,6,108,0,119,194,26,871
28,"Cody, WY",0,0,1,0,3,3,0,28
28,"College Station/Bryan, TX",0,0,1,0,4,4,2,21
28,"Colorado Springs, CO",37,0,26,0,35,54,3,277
28,"Columbia, MO",5,3,6,1,12,15,0,42
28,"Columbia, SC",16,1,17,0,17,28,2,133
28,"Columbus, GA",0,1,2,0,4,5,0,20
28,"Columbus, MS",0,0,0,0,2,2,0,14
28,"Columbus, OH",78,3,102,0,93,170,10,894
28,"Concord, NC",3,0,2,0,2,3,0,14
28,"Cordova, AK",5,0,6,0,5,7,0,14
28,"Corpus Christi, TX",6,1,8,0,11,15,12,84
28,"Dallas, TX",260,7,138,28,325,422,17,1481
28,"Dallas/Fort Worth, TX",1564,84,1041,6,1558,2308,103,6685
28,"Dayton, OH",7,0,12,0,13,22,0,147
28,"Daytona Beach, FL",0,2,5,0,9,9,0,56
28,"Deadhorse, AK",0,0,0,0,0,0,0,11
28,"Decatur, IL",1,0,2,0,1,2,0,12
28,"Denver, CO",920,27,568,0,857,1483,58,6469
28,"Des Moines, IA",28,4,36,0,32,66,3,311
28,"Detroit, MI",464,21,387,3,269,686,15,2726
28,"Devils Lake, ND",2,0,1,0,0,3,0,13
28,"Dickinson, ND",1,0,0,0,0,1,0,13
28,"Dillingham, AK",0,0,0,0,0,0,0,7
28,"Dodge City, KS",1,0,0,0,1,2,1,12
28,"Dothan, AL",2,0,0,0,0,2,0,14
28,"Duluth, MN",1,0,3,0,3,7,0,48
28,"Durango, CO",6,2,5,0,2,11,0,85
28,"Eagle, CO",13,0,6,0,5,15,1,58
28,"El Paso, TX",57,1,27,0,63,86,6,350
28,"Elko, NV",0,0,0,0,0,0,0,7
28,"Elmira/Corning, NY",5,1,2,0,2,7,0,20
28,"Escanaba, MI",3,0,2,0,0,3,0,12
28,"Eugene, OR",17,0,6,0,14,24,0,146
28,"Evansville, IN",3,0,4,0,8,8,0,48
28,"Everett, WA",0,0,1,0,1,2,0,13
28,"Fairbanks, AK",13,0,17,0,16,26,0,88
28,"Fargo, ND",10,4,10,0,11,24,0,134
28,"Fayetteville, AR",33,9,31,3,40,71,2,279
28,"Fayetteville, NC",3,0,1,0,0,3,0,21
28,"Flagstaff, AZ",1,1,3,0,0,4,0,34
28,"Flint, MI",3,0,5,0,4,9,0,38
28,"Fort Dodge, IA",0,0,3,0,1,3,1,12
28,"Fort Lauderdale, FL",360,29,400,26,322,585,34,1686
28,"Fort Myers, FL",46,7,83,0,94,137,4,458
28,"Fort Smith, AR",2,0,2,0,3,3,2,26
28,"Fort Wayne, IN",16,1,17,0,13,31,0,97
28,"Fresno, CA",34,3,27,0,22,53,1,233
28,"Gainesville, FL",7,2,2,0,15,16,0,69
28,"Garden City, KS",5,0,5,0,3,6,0,14
28,"Gillette, WY",0,0,0,0,0,0,0,14
28,"Grand Forks, ND",4,4,2,0,1,10,0,23
28,"Grand Island, NE",0,0,2,0,2,3,0,18
28,"Grand Junction, CO",9,0,7,0,10,15,0,81
28,"Grand Rapids, MI",40,7,51,1,52,91,6,353
28,"Great Falls, MT",1,0,2,0,2,3,0,45
28,"Green Bay, WI",10,3,5,0,0,14,2,64
28,"Greensboro/High Point, NC",33,5,39,0,41,64,4,245
28,"Greer, SC",41,4,45,0,41,80,4,348
28,"Guam, TT",2,0,0,0,0,2,0,14
28,"Gulfport/Biloxi, MS",7,4,0,0,9,12,0,71
28,"Gunnison, CO",0,0,0,0,0,0,0,15
28,"Gustavus, AK",1,0,3,2,1,3,0,7
28,"Hagerstown, MD",3,0,3,0,4,6,0,10
28,"Hancock/Houghton, MI",3,1,2,0,0,5,0,14
28,"Harlingen/San Benito, TX",12,0,18,0,24,25,3,79
28,"Harrisburg, PA",19,1,15,0,15,30,0,116
28,"Hartford, CT",75,8,77,0,94,136,2,443
28,"Hattiesburg/Laurel, MS",1,0,1,0,2,3,3,12
28,"Hayden, CO",4,1,1,0,2,6,1,30
28,"Hays, KS",0,0,0,0,0,0,0,12
28,"Helena, MT",1,3,2,0,1,4,0,28
28,"Hibbing, MN",0,0,0,0,0,0,0,12
28,"Hilo, HI",15,0,0,1,20,21,0,128
28,"Hilton Head, SC",2,0,7,0,10,13,0,54
28,"Hobbs, NM",1,0,1,0,0,1,3,14
28,"Honolulu, HI",194,1,58,5,116,231,12,1242
28,"Houston, TX",638,145,406,4,653,1052,641,3559
28,"Huntsville, AL",43,4,19,0,24,53,2,175
28,"Hyannis, MA",8,0,8,0,6,12,0,21
28,"Idaho Falls, ID",6,0,6,0,5,13,0,74
28,"Indianapolis, IN",107,25,136,0,143,228,19,969
28,"International Falls, MN",1,1,0,0,0,2,0,14
28,"Iron Mountain/Kingsfd, MI",3,0,0,0,0,3,0,14
28,"Islip, NY",11,0,12,0,19,24,1,93
28,"Ithaca/Cortland, NY",1,1,4,0,2,4,0,14
28,"Jackson, WY",17,0,15,0,20,32,0,151
28,"Jackson/Vicksburg, MS",23,1,22,11,29,43,3,142
28,"Jacksonville, FL",76,36,84,0,128,186,11,601
28,"Jacksonville/Camp Lejeune, NC",9,3,5,0,10,15,0,48
28,"Jamestown, ND",0,0,0,0,0,0,0,13
28,"Johnstown, PA",3,0,0,0,0,2,0,14
28,"Joplin, MO",0,1,1,0,0,1,1,12
28,"Juneau, AK",10,0,20,0,20,29,1,119
28,"Kahului, HI",45,0,20,0,59,78,7,548
28,"Kalamazoo, MI",5,1,1,0,0,6,0,20
28,"Kalispell, MT",11,3,9,0,11,19,0,132
28,"Kansas City, MO",120,15,124,0,160,240,18,1054
28,"Ketchikan, AK",4,2,7,1,6,12,0,63
28,"Key West, FL",18,1,14,0,24,32,1,117
28,"Killeen, TX",9,0,6,0,9,13,0,41
28,"King Salmon, AK",0,0,2,2,1,2,0,9
28,"Knoxville, TN",31,5,34,0,47,72,5,351
28,"Kodiak, AK",0,0,0,0,0,0,0,18
28,"Kona, HI",27,1,15,0,33,50,3,331
28,"Kotzebue, AK",0,0,0,0,0,0,0,7
28,"La Crosse, WI",0,0,1,0,1,2,1,14
28,"Lafayette, LA",8,5,4,0,8,16,4,72
28,"Lake Charles, LA",1,1,2,0,3,4,1,21
28,"Lansing, MI",3,1,2,0,1,4,1,26
28,"Laramie, WY",0,0,0,0,0,0,0,12
28,"Laredo, TX",2,0,7,0,8,10,0,40
28,"Las Vegas, NV",751,124,706,6,777,1275,76,3726
28,"Latrobe, PA",2,0,2,0,2,5,0,14
28,"Lawton/Fort Sill, OK",3,1,5,0,1,5,2,21
28,"Lewiston, ID",2,1,0,0,0,3,0,21
28,"Lexington, KY",17,2,21,2,29,45,1,197
28,"Liberal, KS",2,0,1,0,0,2,5,12
28,"Lihue, HI",40,0,25,0,41,71,4,330
28,"Lincoln, NE",3,1,1,0,4,7,0,49
28,"Little Rock, AR",33,18,38,5,40,74,1,275
28,"Long Beach, CA",31,0,21,0,41,59,4,350
28,"Longview, TX",3,0,1,0,2,3,2,14
28,"Los Angeles, CA",624,37,661,6,533,1097,56,4001
28,"Louisville, KY",46,5,66,0,66,113,5,503
28,"Lubbock, TX",6,1,12,0,13,16,0,119
28,"Madison, WI",19,6,27,0,19,45,3,232
28,"Manchester, NH",20,0,15,0,25,31,2,119
28,"Manhattan/Ft. Riley, KS",2,0,2,0,2,4,0,21
28,"Marquette, MI",4,2,2,0,2,6,0,21
28,"Martha's Vineyard, MA",9,7,14,0,12,26,3,80
28,"Mason City, IA",0,0,3,0,2,3,0,12
28,"Medford, OR",4,2,5,0,3,9,0,88
28,"Melbourne, FL",3,1,7,0,10,12,0,53
28,"Memphis, TN",57,2,52,0,59,104,11,492
28,"Meridian, MS",0,1,1,0,1,2,4,12
28,"Miami, FL",420,7,369,6,433,697,23,1984
28,"Midland/Odessa, TX",23,9,24,0,25,47,6,188
28,"Milwaukee, WI",53,8,74,0,73,130,7,604
28,"Minneapolis, MN",450,93,371,2,329,787,8,2725
28,"Minot, ND",9,2,5,1,0,11,0,54
28,"Mission/McAllen/Edinburg, TX",16,5,12,0,18,37,4,109
28,"Missoula, MT",17,1,12,0,15,29,3,129
28,"Mobile, AL",6,1,3,0,8,9,0,53
28,"Moline, IL",9,2,13,0,9,21,0,89
28,"Monroe, LA",4,2,1,0,8,9,0,48
28,"Monterey, CA",15,0,14,0,13,24,1,100
28,"Montgomery, AL",14,2,7,0,11,17,2,54
28,"Montrose/Delta, CO",4,1,2,0,9,12,2,57
28,"Mosinee, WI",0,1,2,0,1,3,0,14
28,"Myrtle Beach, SC",36,15,66,0,86,121,16,445
28,"Nantucket, MA",16,1,24,0,28,41,0,109
28,"Nashville, TN",252,15,216,1,352,494,24,2098
28,"New Bern/Morehead/Beaufort, NC",0,0,0,0,1,1,0,6
28,"New Orleans, LA",162,31,138,3,215,276,25,961
28,"New York, NY",851,47,930,8,886,1637,181,5680
28,"Newark, NJ",486,58,481,3,451,820,86,2536
28,"Newburgh/Poughkeepsie, NY",2,1,3,0,2,3,0,11
28,"Niagara Falls, NY",3,0,3,0,5,5,0,8
28,"Nome, AK",1,0,3,0,3,3,0,7
28,"Norfolk, VA",75,25,70,1,97,148,15,448
28,"North Bend/Coos Bay, OR",2,0,2,0,0,3,0,9
28,"North Platte, NE",2,0,0,0,0,1,0,12
28,"Oakland, CA",122,3,87,0,138,208,7,851
28,"Oklahoma City, OK",49,4,33,0,47,88,7,475
28,"Omaha, NE",50,3,48,0,54,89,6,484
28,"Ontario, CA",30,0,32,0,53,75,7,555
28,"Orlando, FL",591,223,583,19,660,1142,59,3040
28,"Pago Pago, TT",2,0,0,0,1,2,0,3
28,"Palm Springs, CA",13,1,15,0,11,27,1,138
28,"Panama City, FL",37,1,22,0,41,58,3,240
28,"Pasco/Kennewick/Richland, WA",9,2,8,1,3,17,0,106
28,"Pellston, MI",3,0,1,0,0,3,0,26
28,"Pensacola, FL",43,4,37,0,60,74,8,324
28,"Peoria, IL",6,4,8,0,9,16,0,73
28,"Petersburg, AK",1,0,1,0,2,3,0,14
28,"Philadelphia, PA",468,54,417,0,503,798,78,2287
28,"Phoenix, AZ",564,43,431,12,605,970,45,3726
28,"Pittsburgh, PA",95,4,123,1,132,213,29,945
28,"Plattsburgh, NY",3,0,2,0,2,3,0,9
28,"Pocatello, ID",1,0,0,0,0,1,0,14
28,"Ponce, PR",6,0,1,0,6,7,1,21
28,"Portland, ME",37,12,57,0,54,91,5,308
28,"Portland, OR",104,2,123,0,153,237,13,1256
28,"Portsmouth, NH",1,0,1,0,3,3,0,7
28,"Prescott, AZ",2,0,2,0,1,3,0,14
28,"Providence, RI",45,5,54,1,66,96,3,301
28,"Provo, UT",5,0,9,1,5,12,0,37
28,"Punta Gorda, FL",11,9,21,0,20,34,0,119
28,"Raleigh/Durham, NC",163,36,176,3,219,339,43,1302
28,"Rapid City, SD",19,10,21,0,23,40,2,129
28,"Redding, CA",0,1,2,0,4,5,1,28
28,"Reno, NV",57,6,50,0,56,103,5,440
28,"Rhinelander, WI",0,5,4,0,0,5,0,21
28,"Richmond, VA",49,9,55,0,69,106,6,374
28,"Riverton/Lander, WY",0,0,0,0,0,0,0,14
28,"Roanoke, VA",5,1,4,0,7,11,1,53
28,"Rochester, MN",1,3,4,0,3,6,0,30
28,"Rochester, NY",29,0,42,0,42,64,6,258
28,"Rock Springs, WY",1,0,1,0,1,2,1,14
28,"Rockford, IL",1,0,6,2,6,8,0,18
28,"Roswell, NM",1,1,1,0,2,4,0,21
28,"Sacramento, CA",135,8,137,0,170,273,15,1152
28,"Saginaw/Bay City/Midland, MI",6,1,5,0,4,11,0,46
28,"Saipan, TT",1,1,0,0,1,2,0,7
28,"Salina, KS",1,1,2,0,1,3,0,12
28,"Salt Lake City, UT",327,39,224,1,211,518,15,2282
28,"San Angelo, TX",6,0,6,0,6,9,0,21
28,"San Antonio, TX",99,16,113,2,151,235,22,860
28,"San Diego, CA",319,40,466,2,503,743,31,1996
28,"San Francisco, CA",295,8,299,0,277,574,32,2693
28,"San Jose, CA",84,9,106,1,107,197,15,1032
28,"San Juan, PR",144,3,100,3,153,220,15,814
28,"San Luis Obispo, CA",11,1,8,0,6,17,1,105
28,"Sanford, FL",32,18,25,1,32,62,0,230
28,"Santa Ana, CA",57,10,69,0,105,155,17,849
28,"Santa Barbara, CA",10,1,14,1,17,27,2,170
28,"Santa Fe, NM",6,1,7,0,2,16,1,70
28,"Santa Maria, CA",1,0,1,0,1,2,0,2
28,"Santa Rosa, CA",5,0,8,1,6,12,1,73
28,"Sarasota/Bradenton, FL",29,13,36,0,57,77,2,264
28,"Sault Ste. Marie, MI",3,1,2,0,0,4,0,14
28,"Savannah, GA",56,15,42,0,74,108,9,397
28,"Scottsbluff, NE",1,0,0,0,0,1,0,12
28,"Scranton/Wilkes-Barre, PA",4,1,4,0,5,7,1,34
28,"Seattle, WA",515,24,512,1,458,923,46,3691
28,"Sheridan, WY",1,0,1,0,1,2,0,14
28,"Shreveport, LA",14,3,10,0,13,24,6,95
28,"Sioux City, IA",1,0,1,0,1,3,0,14
28,"Sioux Falls, SD",15,8,21,1,15,33,2,128
28,"Sitka, AK",4,0,3,1,3,8,1,42
28,"South Bend, IN",30,3,21,0,5,40,3,125
28,"Spokane, WA",36,1,21,0,47,63,3,370
28,"Springfield, IL",0,0,0,0,0,0,0,2
28,"Springfield, MO",26,3,16,0,28,46,2,203
28,"St. Cloud, MN",0,0,0,0,0,0,0,2
28,"St. George, UT",4,5,3,0,2,12,0,53
28,"St. Louis, MO",192,20,121,1,240,343,16,1382
28,"St. Petersburg, FL",19,20,40,0,33,67,1,218
28,"State College, PA",0,0,2,0,0,2,0,8
28,"Stillwater, OK",0,0,0,0,0,0,0,14
28,"Stockton, CA",3,1,4,0,4,5,0,11
28,"Sun Valley/Hailey/Ketchum, ID",2,1,2,0,1,5,0,44
28,"Syracuse, NY",44,9,46,0,38,77,6,286
28,"Tallahassee, FL",15,2,12,0,17,22,0,110
28,"Tampa, FL",230,63,308,1,332,519,20,1449
28,"Texarkana, AR",2,0,2,0,1,2,2,14
28,"Toledo, OH",0,0,1,0,1,1,0,6
28,"Traverse City, MI",26,3,24,0,15,36,0,135
28,"Trenton, NJ",6,0,6,0,10,13,1,32
28,"Tucson, AZ",27,11,35,0,37,72,5,317
28,"Tulsa, OK",25,6,29,0,45,63,3,357
28,"Twin Falls, ID",2,0,0,0,0,2,0,14
28,"Tyler, TX",5,1,4,0,7,8,2,21
28,"Valdosta, GA",0,0,0,0,0,0,0,14
28,"Valparaiso, FL",21,1,31,0,42,51,1,266
28,"Victoria, TX",1,0,2,0,2,3,4,12
28,"Waco, TX",5,0,1,0,1,6,0,21
28,"Walla Walla, WA",0,0,2,0,2,2,0,12
28,"Washington, DC",518,68,546,2,561,1008,63,3777
28,"West Palm Beach/Palm Beach, FL",82,9,86,0,112,154,4,471
28,"West Yellowstone, MT",4,1,1,0,0,4,0,16
28,"White Plains, NY",44,9,40,0,31,67,2,238
28,"Wichita Falls, TX",0,3,1,0,0,3,0,14
28,"Wichita, KS",21,1,16,0,23,38,7,215
28,"Williston, ND",8,0,1,0,0,8,0,37
28,"Wilmington, NC",20,10,34,0,37,54,2,199
28,"Worcester, MA",7,2,9,0,7,13,1,27
28,"Wrangell, AK",0,0,2,0,1,2,0,14
28,"Yakutat, AK",3,0,4,0,7,8,0,14
28,"Yuma, AZ",1,0,0,0,1,2,0,27
29,"Aberdeen, SD",2,2,2,0,0,4,0,14
29,"Abilene, TX",5,1,5,0,10,12,0,34
29,"Adak Island, AK",0,0,1,2,1,2,0,2
29,"Aguadilla, PR",2,0,2,0,7,7,1,44
29,"Akron, OH",24,3,14,0,13,29,3,77
29,"Albany, GA",7,1,2,0,0,8,2,14
29,"Albany, NY",56,9,41,0,54,89,22,242
29,"Albuquerque, NM",97,10,69,0,120,163,18,490
29,"Alexandria, LA",2,6,5,0,4,11,4,41
29,"Allentown/Bethlehem/Easton, PA",11,3,12,0,13,26,13,87
29,"Alpena, MI",3,1,1,0,0,4,2,12
29,"Amarillo, TX",14,3,12,0,27,35,0,107
29,"Anchorage, AK",113,1,132,0,73,171,26,519
29,"Appleton, WI",26,4,16,0,10,33,6,121
29,"Arcata/Eureka, CA",4,0,5,0,1,7,0,32
29,"Asheville, NC",60,25,58,3,68,116,34,286
29,"Ashland, WV",4,0,5,0,7,8,2,21
29,"Aspen, CO",22,15,29,0,12,53,1,162
29,"Atlanta, GA",2120,157,1343,2,1191,2818,1305,6979
29,"Atlantic City, NJ",13,2,12,1,7,20,4,49
29,"Augusta, GA",15,2,13,0,17,26,17,89
29,"Austin, TX",395,37,251,8,467,673,93,1780
29,"Bakersfield, CA",3,0,7,0,3,10,1,60
29,"Baltimore, MD",641,47,371,3,627,892,83,2075
29,"Bangor, ME",19,2,21,1,21,38,17,132
29,"Barrow, AK",0,0,1,0,1,1,1,7
29,"Baton Rouge, LA",14,12,14,0,20,29,14,101
29,"Beaumont/Port Arthur, TX",0,1,2,0,1,4,0,14
29,"Belleville, IL",12,0,9,0,12,16,8,36
29,"Bellingham, WA",7,0,3,0,6,10,3,64
29,"Bemidji, MN",3,0,0,0,0,3,0,14
29,"Bend/Redmond, OR",28,5,19,0,9,41,3,118
29,"Bethel, AK",3,0,3,1,2,5,0,14
29,"Billings, MT",10,0,9,0,12,18,7,98
29,"Binghamton, NY",1,0,0,0,0,1,2,7
29,"Birmingham, AL",62,16,49,0,68,110,26,336
29,"Bishop, CA",0,0,0,0,0,0,0,7
29,"Bismarck/Mandan, ND",14,4,9,0,6,23,2,83
29,"Bloomington/Normal, IL",6,3,10,0,7,12,4,37
29,"Boise, ID",52,4,42,0,50,90,25,496
29,"Boston, MA",663,13,536,5,441,966,224,2976
29,"Bozeman, MT",44,1,47,0,48,83,11,265
29,"Brainerd, MN",4,1,3,0,0,6,0,14
29,"Bristol/Johnson City/Kingsport, TN",7,2,9,0,12,16,5,46
29,"Brownsville, TX",10,1,13,0,13,20,1,47
29,"Brunswick, GA",6,2,4,0,0,8,0,14
29,"Buffalo, NY",90,12,84,0,94,150,30,463
29,"Burbank, CA",79,4,77,0,124,176,19,662
29,"Burlington, VT",29,2,34,1,24,53,20,180
29,"Butte, MT",3,0,0,0,0,3,0,14
29,"Casper, WY",5,1,2,0,2,10,0,56
29,"Cedar City, UT",3,0,1,0,0,3,0,12
29,"Cedar Rapids/Iowa City, IA",29,6,23,0,25,46,11,164
29,"Champaign/Urbana, IL",6,1,4,0,5,8,1,28
29,"Charleston, SC",105,15,94,0,124,183,68,574
29,"Charleston/Dunbar, WV",21,4,13,0,11,29,4,66
29,"Charlotte Amalie, VI",15,2,28,0,30,40,6,113
29,"Charlotte, NC",1207,842,1028,19,1765,2366,378,4363
29,"Charlottesville, VA",10,2,10,0,10,21,9,59
29,"Chattanooga, TN",27,2,21,0,30,44,16,122
29,"Cheyenne, WY",1,0,0,0,0,1,0,13
29,"Chicago, IL",1713,147,1187,7,1492,2589,436,7400
29,"Christiansted, VI",5,0,5,1,9,11,2,20
29,"Cincinnati, OH",188,4,154,1,149,283,85,868
29,"Clarksburg/Fairmont, WV",4,0,5,0,6,6,1,8
29,"Cleveland, OH",155,3,144,0,154,278,82,870
29,"Cody, WY",2,2,3,0,2,5,0,28
29,"College Station/Bryan, TX",3,2,2,0,8,10,0,21
29,"Colorado Springs, CO",48,7,40,0,54,87,6,279
29,"Columbia, MO",7,2,4,0,16,16,0,42
29,"Columbia, SC",32,9,23,0,27,52,18,133
29,"Columbus, GA",4,1,4,0,7,9,3,20
29,"Columbus, MS",1,1,4,0,2,6,2,14
29,"Columbus, OH",152,7,141,1,141,271,61,900
29,"Concord, NC",3,3,6,0,6,7,2,14
29,"Cordova, AK",0,0,2,1,1,2,1,14
29,"Corpus Christi, TX",9,5,17,0,24,30,0,84
29,"Dallas, TX",394,7,207,0,447,568,15,1481
29,"Dallas/Fort Worth, TX",2137,55,1471,10,2168,3102,284,6719
29,"Dayton, OH",18,1,25,0,21,41,11,147
29,"Daytona Beach, FL",8,8,12,0,19,22,8,56
29,"Deadhorse, AK",0,0,0,0,0,0,0,11
29,"Decatur, IL",0,0,2,0,3,3,0,12
29,"Denver, CO",1719,133,979,3,1634,2601,310,6464
29,"Des Moines, IA",57,4,43,0,54,95,34,312
29,"Detroit, MI",759,23,412,1,344,939,333,2721
29,"Devils Lake, ND",1,0,0,0,1,2,0,13
29,"Dickinson, ND",1,0,0,0,1,2,0,13
29,"Dillingham, AK",0,0,0,2,1,2,0,7
29,"Dodge City, KS",1,0,3,0,1,4,1,12
29,"Dothan, AL",0,1,3,0,0,3,1,14
29,"Duluth, MN",8,1,3,0,8,14,0,50
29,"Durango, CO",5,6,15,1,12,23,2,85
29,"Eagle, CO",10,0,6,1,16,21,2,55
29,"El Paso, TX",62,1,28,1,74,105,8,353
29,"Elko, NV",1,0,0,0,0,1,1,7
29,"Elmira/Corning, NY",7,0,3,0,1,9,1,20
29,"Escanaba, MI",1,1,0,0,0,2,0,12
29,"Eugene, OR",27,1,13,0,17,29,3,146
29,"Evansville, IN",6,3,9,0,12,18,5,48
29,"Everett, WA",1,0,2,0,2,3,0,13
29,"Fairbanks, AK",18,0,23,1,13,28,3,85
29,"Fargo, ND",29,4,14,0,15,42,3,134
29,"Fayetteville, AR",48,30,59,5,58,117,16,280
29,"Fayetteville, NC",6,2,4,0,0,8,2,21
29,"Flagstaff, AZ",4,0,3,0,0,5,0,34
29,"Flint, MI",6,1,1,0,3,9,1,38
29,"Fort Dodge, IA",0,0,1,0,5,5,0,12
29,"Fort Lauderdale, FL",455,17,394,15,346,645,126,1688
29,"Fort Myers, FL",73,28,98,1,127,181,39,464
29,"Fort Smith, AR",4,2,4,0,9,11,0,26
29,"Fort Wayne, IN",21,5,23,0,13,38,3,96
29,"Fresno, CA",36,1,27,0,29,55,10,233
29,"Gainesville, FL",13,5,9,0,14,23,10,69
29,"Garden City, KS",3,0,4,0,3,4,0,14
29,"Gillette, WY",2,0,0,0,0,2,0,14
29,"Grand Forks, ND",5,1,1,0,0,6,0,23
29,"Grand Island, NE",3,0,2,0,1,5,1,18
29,"Grand Junction, CO",9,3,11,0,11,23,1,81
29,"Grand Rapids, MI",68,7,56,0,57,115,31,354
29,"Great Falls, MT",3,0,5,0,1,7,3,45
29,"Green Bay, WI",8,4,7,0,2,16,3,62
29,"Greensboro/High Point, NC",50,10,48,0,51,93,25,245
29,"Greer, SC",73,11,54,0,70,117,30,346
29,"Guam, TT",0,0,0,0,0,0,0,14
29,"Gulfport/Biloxi, MS",13,4,12,0,21,28,7,71
29,"Gunnison, CO",2,0,1,0,1,2,0,15
29,"Gustavus, AK",0,0,0,0,1,1,1,7
29,"Hagerstown, MD",2,0,2,0,5,5,2,11
29,"Hancock/Houghton, MI",0,1,0,0,1,2,0,14
29,"Harlingen/San Benito, TX",16,1,22,0,30,32,0,79
29,"Harrisburg, PA",33,4,25,1,21,51,9,116
29,"Hartford, CT",96,10,84,1,79,150,40,445
29,"Hattiesburg/Laurel, MS",2,0,2,0,2,4,0,12
29,"Hayden, CO",6,1,3,0,6,13,0,30
29,"Hays, KS",3,0,4,0,2,6,0,12
29,"Helena, MT",5,0,4,0,2,8,0,28
29,"Hibbing, MN",3,0,2,0,0,3,0,12
29,"Hilo, HI",6,0,2,0,5,9,0,128
29,"Hilton Head, SC",7,2,13,0,9,17,4,54
29,"Hobbs, NM",7,0,0,0,0,7,0,14
29,"Honolulu, HI",184,0,40,0,107,217,15,1241
29,"Houston, TX",1073,56,620,7,1000,1565,190,3570
29,"Huntsville, AL",33,9,26,0,23,54,17,175
29,"Hyannis, MA",3,0,7,0,4,6,0,21
29,"Idaho Falls, ID",9,0,8,0,8,20,2,74
29,"Indianapolis, IN",191,8,164,2,172,307,66,967
29,"International Falls, MN",6,1,3,0,0,7,0,14
29,"Iron Mountain/Kingsfd, MI",3,1,0,0,0,4,0,14
29,"Islip, NY",19,0,9,0,16,26,2,93
29,"Ithaca/Cortland, NY",2,1,4,0,2,4,1,14
29,"Jackson, WY",36,1,32,0,28,57,10,151
29,"Jackson/Vicksburg, MS",40,5,26,1,36,61,13,142
29,"Jacksonville, FL",104,53,100,0,154,223,64,601
29,"Jacksonville/Camp Lejeune, NC",15,3,13,0,9,21,2,48
29,"Jamestown, ND",1,0,0,0,1,2,0,13
29,"Johnstown, PA",1,0,0,0,0,1,0,14
29,"Joplin, MO",2,1,0,0,0,3,1,12
29,"Juneau, AK",13,2,20,0,11,25,3,119
29,"Kahului, HI",69,0,15,0,57,91,10,548
29,"Kalamazoo, MI",4,1,1,0,0,5,0,20
29,"Kalispell, MT",29,0,20,0,23,46,4,132
29,"Kansas City, MO",185,17,157,0,221,323,65,1056
29,"Ketchikan, AK",2,2,6,2,7,11,1,63
29,"Key West, FL",22,4,23,0,46,50,11,117
29,"Killeen, TX",10,2,7,0,14,18,0,41
29,"King Salmon, AK",0,0,3,1,1,3,0,12
29,"Knoxville, TN",49,11,38,0,50,97,39,356
29,"Kodiak, AK",2,0,3,0,1,3,0,18
29,"Kona, HI",33,0,16,0,33,49,10,331
29,"Kotzebue, AK",1,0,0,0,1,0,0,7
29,"La Crosse, WI",4,0,2,0,4,6,1,14
29,"Lafayette, LA",14,19,18,1,14,39,3,73
29,"Lake Charles, LA",0,1,2,0,4,5,0,21
29,"Lansing, MI",6,0,3,0,6,11,2,26
29,"Laramie, WY",0,0,2,0,1,2,0,12
29,"Laredo, TX",3,0,9,0,13,15,0,40
29,"Las Vegas, NV",1051,122,828,6,915,1550,251,3756
29,"Latrobe, PA",4,0,3,0,5,6,1,14
29,"Lawton/Fort Sill, OK",7,1,6,0,1,9,0,21
29,"Lewiston, ID",1,1,0,0,0,2,0,21
29,"Lexington, KY",40,2,44,0,48,75,16,198
29,"Liberal, KS",1,0,1,0,2,3,1,12
29,"Lihue, HI",32,1,15,0,30,51,7,330
29,"Lincoln, NE",10,0,4,0,2,14,0,48
29,"Little Rock, AR",61,20,70,1,63,112,10,275
29,"Long Beach, CA",39,1,24,0,67,84,1,350
29,"Longview, TX",3,1,2,0,4,5,0,14
29,"Los Angeles, CA",692,21,466,3,506,1014,278,4010
29,"Louisville, KY",107,3,93,0,80,160,37,501
29,"Lubbock, TX",8,2,13,0,24,28,0,119
29,"Madison, WI",42,3,42,0,37,73,27,232
29,"Manchester, NH",22,1,21,0,23,36,8,119
29,"Manhattan/Ft. Riley, KS",1,0,2,0,2,4,0,21
29,"Marquette, MI",7,1,3,1,1,9,0,21
29,"Martha's Vineyard, MA",11,3,13,1,11,22,5,80
29,"Mason City, IA",2,0,1,0,3,5,1,12
29,"Medford, OR",20,2,12,0,12,28,7,88
29,"Melbourne, FL",10,3,14,0,13,20,8,53
29,"Memphis, TN",98,8,86,1,97,166,48,491
29,"Meridian, MS",2,0,4,0,3,6,0,12
29,"Miami, FL",539,11,387,9,494,793,108,1983
29,"Midland/Odessa, TX",30,10,34,0,39,62,2,189
29,"Milwaukee, WI",134,3,96,1,105,191,35,603
29,"Minneapolis, MN",714,48,352,2,416,958,321,2725
29,"Minot, ND",6,3,4,0,1,11,1,54
29,"Mission/McAllen/Edinburg, TX",16,6,17,0,19,34,7,110
29,"Missoula, MT",29,1,12,1,25,41,11,129
29,"Mobile, AL",9,2,9,0,11,16,10,53
29,"Moline, IL",21,3,15,0,22,31,8,87
29,"Monroe, LA",5,2,7,0,9,15,3,48
29,"Monterey, CA",15,3,16,0,15,27,3,100
29,"Montgomery, AL",10,3,11,0,7,18,5,54
29,"Montrose/Delta, CO",10,0,9,0,16,20,1,57
29,"Mosinee, WI",3,0,2,0,2,5,1,14
29,"Myrtle Beach, SC",88,8,78,0,100,162,63,438
29,"Nantucket, MA",14,0,20,0,14,27,8,109
29,"Nashville, TN",474,39,300,1,534,744,99,2097
29,"New Bern/Morehead/Beaufort, NC",0,0,1,0,3,3,2,6
29,"New Orleans, LA",199,56,174,1,273,369,76,960
29,"New York, NY",1203,53,918,2,976,1892,679,5679
29,"Newark, NJ",703,63,518,2,544,998,296,2536
29,"Newburgh/Poughkeepsie, NY",3,0,4,0,4,7,1,11
29,"Niagara Falls, NY",1,0,4,0,4,5,1,8
29,"Nome, AK",0,0,1,0,1,1,0,7
29,"Norfolk, VA",90,15,73,1,95,147,63,449
29,"North Bend/Coos Bay, OR",1,0,0,0,0,1,0,9
29,"North Platte, NE",1,1,2,0,0,2,0,12
29,"Oakland, CA",187,0,93,2,152,256,20,851
29,"Oklahoma City, OK",73,7,64,1,86,136,13,475
29,"Omaha, NE",109,2,74,1,92,148,31,482
29,"Ontario, CA",67,3,55,0,97,135,28,552
29,"Orlando, FL",769,118,648,16,759,1237,198,3028
29,"Pago Pago, TT",1,0,0,0,0,1,0,3
29,"Palm Springs, CA",11,1,19,0,19,31,0,138
29,"Panama City, FL",48,8,46,0,67,95,16,240
29,"Pasco/Kennewick/Richland, WA",12,0,12,1,6,22,2,106
29,"Pellston, MI",7,1,1,0,0,8,1,26
29,"Pensacola, FL",60,14,76,2,105,139,22,325
29,"Peoria, IL",12,7,19,1,16,25,2,74
29,"Petersburg, AK",1,0,1,0,3,3,1,14
29,"Philadelphia, PA",542,43,401,3,457,790,186,2293
29,"Phoenix, AZ",776,32,486,12,755,1157,141,3722
29,"Pittsburgh, PA",179,12,156,3,171,308,90,942
29,"Plattsburgh, NY",2,1,3,0,4,4,2,11
29,"Pocatello, ID",0,0,0,0,0,0,0,14
29,"Ponce, PR",2,0,0,0,7,7,0,21
29,"Portland, ME",57,5,45,0,51,92,21,308
29,"Portland, OR",175,7,152,0,181,319,88,1257
29,"Portsmouth, NH",1,0,2,0,2,3,0,7
29,"Prescott, AZ",2,0,1,0,3,4,0,14
29,"Providence, RI",54,2,59,0,66,104,15,301
29,"Provo, UT",7,0,4,0,1,8,3,37
29,"Punta Gorda, FL",16,7,14,0,14,28,14,118
29,"Raleigh/Durham, NC",284,44,239,0,295,480,128,1298
29,"Rapid City, SD",34,4,24,0,25,54,9,129
29,"Redding, CA",3,0,1,0,3,6,0,28
29,"Reno, NV",74,6,50,0,89,133,21,441
29,"Rhinelander, WI",9,3,4,0,0,12,1,21
29,"Richmond, VA",89,4,68,0,74,133,42,375
29,"Riverton/Lander, WY",4,0,4,0,2,6,0,14
29,"Roanoke, VA",11,3,13,0,9,22,7,53
29,"Rochester, MN",4,1,2,0,4,7,1,30
29,"Rochester, NY",48,3,44,0,47,82,31,258
29,"Rock Springs, WY",4,0,2,0,0,3,0,14
29,"Rockford, IL",0,2,3,1,3,3,3,18
29,"Roswell, NM",1,2,3,0,1,5,1,21
29,"Sacramento, CA",181,12,123,1,192,306,39,1157
29,"Saginaw/Bay City/Midland, MI",10,2,1,0,1,13,0,46
29,"Saipan, TT",2,0,2,0,0,2,0,7
29,"Salina, KS",1,0,1,0,1,2,0,12
29,"Salt Lake City, UT",532,21,246,0,283,689,237,2287
29,"San Angelo, TX",6,1,5,0,4,9,0,21
29,"San Antonio, TX",178,20,160,4,210,318,70,866
29,"San Diego, CA",355,22,338,1,448,651,84,1994
29,"San Francisco, CA",490,7,321,0,401,785,189,2695
29,"San Jose, CA",141,4,118,1,156,253,22,1033
29,"San Juan, PR",173,5,134,2,166,266,35,810
29,"San Luis Obispo, CA",11,1,8,0,9,21,1,105
29,"Sanford, FL",58,8,50,2,45,88,14,230
29,"Santa Ana, CA",124,6,80,1,141,218,46,849
29,"Santa Barbara, CA",16,0,15,0,15,33,2,170
29,"Santa Fe, NM",8,5,8,0,4,18,0,70
29,"Santa Maria, CA",1,0,1,0,1,1,0,2
29,"Santa Rosa, CA",6,2,12,0,11,17,0,73
29,"Sarasota/Bradenton, FL",36,13,44,0,58,86,19,264
29,"Sault Ste. Marie, MI",1,1,0,0,0,2,0,14
29,"Savannah, GA",83,27,70,1,103,157,40,398
29,"Scottsbluff, NE",1,0,3,0,3,4,0,12
29,"Scranton/Wilkes-Barre, PA",6,2,8,0,11,17,2,34
29,"Seattle, WA",676,18,543,12,492,1047,161,3695
29,"Sheridan, WY",1,0,2,0,1,2,0,14
29,"Shreveport, LA",21,10,21,0,28,43,8,95
29,"Sioux City, IA",5,1,3,0,1,8,0,14
29,"Sioux Falls, SD",26,5,25,0,16,43,11,128
29,"Sitka, AK",4,0,7,0,7,12,0,42
29,"South Bend, IN",34,7,20,0,13,46,6,126
29,"Spokane, WA",54,1,26,0,42,77,20,370
29,"Springfield, IL",0,0,0,0,0,0,1,2
29,"Springfield, MO",56,8,45,0,54,91,10,203
29,"St. Cloud, MN",0,0,0,0,0,0,1,2
29,"St. George, UT",8,0,4,0,0,10,0,53
29,"St. Louis, MO",298,51,236,1,381,529,61,1381
29,"St. Petersburg, FL",24,43,34,0,32,78,23,219
29,"State College, PA",0,0,1,0,1,1,0,8
29,"Stillwater, OK",2,1,1,0,0,3,0,14
29,"Stockton, CA",5,0,2,0,3,7,1,11
29,"Sun Valley/Hailey/Ketchum, ID",6,1,3,0,1,9,0,44
29,"Syracuse, NY",61,5,47,0,53,95,27,287
29,"Tallahassee, FL",23,4,15,0,16,36,14,110
29,"Tampa, FL",357,52,289,0,373,582,99,1448
29,"Texarkana, AR",3,0,2,0,3,4,0,14
29,"Toledo, OH",2,1,2,0,1,3,0,6
29,"Traverse City, MI",41,4,27,0,33,55,10,139
29,"Trenton, NJ",1,1,5,0,6,7,2,31
29,"Tucson, AZ",36,10,38,0,42,86,8,317
29,"Tulsa, OK",44,2,41,0,64,95,18,356
29,"Twin Falls, ID",3,0,1,0,0,3,0,14
29,"Tyler, TX",5,1,2,0,7,8,0,21
29,"Valdosta, GA",1,0,2,0,2,4,4,14
29,"Valparaiso, FL",62,15,48,2,65,112,22,266
29,"Victoria, TX",2,0,2,0,1,3,0,12
29,"Waco, TX",0,2,2,0,1,5,0,21
29,"Walla Walla, WA",0,0,0,0,2,2,0,14
29,"Washington, DC",711,94,626,6,718,1244,247,3766
29,"West Palm Beach/Palm Beach, FL",93,5,92,0,109,157,48,469
29,"West Yellowstone, MT",5,0,2,0,0,5,0,16
29,"White Plains, NY",45,9,38,0,37,69,19,238
29,"Wichita Falls, TX",2,2,1,0,0,4,0,14
29,"Wichita, KS",30,2,30,0,39,64,10,219
29,"Williston, ND",10,2,7,0,2,15,0,38
29,"Wilmington, NC",27,7,46,1,46,69,24,200
29,"Worcester, MA",2,0,4,0,8,9,1,27
29,"Wrangell, AK",0,0,1,0,1,2,0,14
29,"Yakutat, AK",1,0,2,0,1,2,1,14
29,"Yuma, AZ",4,0,2,0,2,5,1,27
30,"Aberdeen, SD",1,0,3,0,0,3,0,14
30,"Abilene, TX",1,0,2,0,1,3,0,34
30,"Adak Island, AK",0,0,0,0,0,0,0,2
30,"Aguadilla, PR",5,0,3,0,8,9,0,44
30,"Akron, OH",20,0,16,0,14,30,0,76
30,"Albany, GA",4,0,1,0,0,4,0,14
30,"Albany, NY",43,3,38,0,36,70,15,242
30,"Albuquerque, NM",66,1,41,0,66,97,5,488
30,"Alexandria, LA",6,6,3,0,3,12,1,41
30,"Allentown/Bethlehem/Easton, PA",9,1,10,0,12,16,0,87
30,"Alpena, MI",2,0,0,0,0,2,0,12
30,"Amarillo, TX",12,0,11,0,14,24,0,107
30,"Anchorage, AK",90,1,85,0,57,134,8,520
30,"Appleton, WI",19,3,18,0,11,31,4,122
30,"Arcata/Eureka, CA",1,0,3,0,1,2,0,32
30,"Asheville, NC",52,11,49,3,58,93,6,287
30,"Ashland, WV",2,3,2,0,3,7,1,21
30,"Aspen, CO",20,6,18,0,11,39,1,162
30,"Atlanta, GA",1969,299,1245,3,1288,2741,372,6973
30,"Atlantic City, NJ",4,0,4,0,5,7,0,52
30,"Augusta, GA",13,1,17,0,17,26,2,89
30,"Austin, TX",346,37,255,4,424,575,37,1780
30,"Bakersfield, CA",6,0,3,0,8,11,0,59
30,"Baltimore, MD",652,3,424,2,604,862,23,2071
30,"Bangor, ME",16,0,20,0,25,37,5,132
30,"Barrow, AK",0,0,2,3,0,3,1,7
30,"Baton Rouge, LA",13,6,17,0,20,29,6,101
30,"Beaumont/Port Arthur, TX",0,0,3,0,0,3,0,14
30,"Belleville, IL",7,1,8,0,12,14,0,35
30,"Bellingham, WA",4,0,3,0,5,7,0,64
30,"Bemidji, MN",2,1,2,0,0,3,0,14
30,"Bend/Redmond, OR",21,4,12,0,9,27,0,118
30,"Bethel, AK",1,0,4,2,1,5,1,14
30,"Billings, MT",6,0,8,0,12,17,2,98
30,"Binghamton, NY",0,0,0,0,0,0,0,7
30,"Birmingham, AL",64,29,54,0,76,119,16,335
30,"Bishop, CA",0,0,0,0,2,2,0,7
30,"Bismarck/Mandan, ND",12,0,9,0,1,14,2,83
30,"Bloomington/Normal, IL",3,0,3,0,5,5,0,37
30,"Boise, ID",73,7,50,0,53,106,8,492
30,"Boston, MA",492,15,479,10,398,789,81,2980
30,"Bozeman, MT",28,1,47,1,39,70,3,265
30,"Brainerd, MN",0,1,1,0,0,2,0,14
30,"Bristol/Johnson City/Kingsport, TN",2,3,3,0,7,8,0,46
30,"Brownsville, TX",4,3,7,0,6,13,2,47
30,"Brunswick, GA",1,0,0,0,0,1,0,14
30,"Buffalo, NY",61,3,66,0,84,116,10,464
30,"Burbank, CA",62,2,53,1,99,129,10,662
30,"Burlington, VT",19,3,24,0,20,40,12,181
30,"Butte, MT",0,0,0,0,0,0,0,14
30,"Casper, WY",6,0,3,0,5,10,0,56
30,"Cedar City, UT",1,0,0,0,0,1,0,12
30,"Cedar Rapids/Iowa City, IA",27,4,26,0,16,46,3,165
30,"Champaign/Urbana, IL",1,1,1,0,1,3,0,28
30,"Charleston, SC",77,11,98,0,94,161,20,573
30,"Charleston/Dunbar, WV",10,1,6,0,7,17,1,66
30,"Charlotte Amalie, VI",12,0,23,0,26,34,2,113
30,"Charlotte, NC",1302,245,773,32,1420,1945,169,4352
30,"Charlottesville, VA",4,3,12,0,8,18,1,59
30,"Chattanooga, TN",12,1,15,0,19,28,2,122
30,"Cheyenne, WY",0,0,0,0,1,1,0,13
30,"Chicago, IL",1391,131,1158,10,1368,2276,97,7397
30,"Christiansted, VI",2,1,2,1,5,8,0,20
30,"Cincinnati, OH",141,27,125,1,124,226,33,861
30,"Clarksburg/Fairmont, WV",2,0,1,0,3,3,0,8
30,"Cleveland, OH",132,4,108,0,132,217,20,868
30,"Cody, WY",3,0,0,1,4,8,0,28
30,"College Station/Bryan, TX",3,0,1,0,2,3,1,21
30,"Colorado Springs, CO",23,2,23,0,33,53,5,279
30,"Columbia, MO",6,2,10,0,8,15,0,42
30,"Columbia, SC",14,3,21,0,16,30,9,133
30,"Columbus, GA",2,2,2,0,3,4,1,20
30,"Columbus, MS",0,0,2,0,1,1,0,14
30,"Columbus, OH",121,5,104,1,118,213,25,899
30,"Concord, NC",1,1,4,0,4,5,0,14
30,"Cordova, AK",0,0,2,1,2,2,0,14
30,"Corpus Christi, TX",5,6,15,0,19,21,0,89
30,"Dallas, TX",293,3,156,3,348,439,9,1479
30,"Dallas/Fort Worth, TX",1716,45,1020,4,1664,2385,93,6723
30,"Dayton, OH",16,0,16,0,16,36,11,147
30,"Daytona Beach, FL",3,0,8,0,8,11,4,56
30,"Deadhorse, AK",0,0,1,0,1,1,0,11
30,"Decatur, IL",2,0,3,0,2,4,0,12
30,"Denver, CO",1163,18,752,2,936,1692,50,6470
30,"Des Moines, IA",49,3,41,0,50,89,8,311
30,"Detroit, MI",555,12,321,4,292,704,112,2718
30,"Devils Lake, ND",1,0,1,0,0,1,0,13
30,"Dickinson, ND",1,0,0,0,0,1,0,13
30,"Dillingham, AK",0,0,3,2,2,4,0,7
30,"Dodge City, KS",1,0,0,0,1,2,0,12
30,"Dothan, AL",0,0,1,0,0,1,0,14
30,"Duluth, MN",4,0,4,0,1,7,2,48
30,"Durango, CO",18,0,9,0,3,20,0,85
30,"Eagle, CO",7,1,2,0,6,12,1,55
30,"El Paso, TX",38,0,34,0,53,74,0,353
30,"Elko, NV",1,0,0,0,0,1,0,7
30,"Elmira/Corning, NY",4,0,1,0,0,3,0,20
30,"Escanaba, MI",4,0,3,0,0,4,0,12
30,"Eugene, OR",18,0,11,0,16,27,0,146
30,"Evansville, IN",1,3,3,0,7,7,0,48
30,"Everett, WA",0,0,2,0,2,2,0,13
30,"Fairbanks, AK",9,1,10,0,11,21,3,84
30,"Fargo, ND",19,1,16,0,12,28,2,133
30,"Fayetteville, AR",28,7,36,2,37,64,1,281
30,"Fayetteville, NC",1,3,4,1,0,4,3,21
30,"Flagstaff, AZ",1,1,1,0,0,3,0,34
30,"Flint, MI",6,1,6,0,1,9,0,38
30,"Fort Dodge, IA",0,0,1,0,2,2,0,12
30,"Fort Lauderdale, FL",324,37,353,11,312,547,36,1687
30,"Fort Myers, FL",59,21,71,1,111,148,15,464
30,"Fort Smith, AR",3,1,3,0,4,7,0,26
30,"Fort Wayne, IN",14,5,13,0,9,25,2,94
30,"Fresno, CA",39,2,21,0,26,50,2,235
30,"Gainesville, FL",7,8,6,0,16,23,3,69
30,"Garden City, KS",0,0,0,0,0,0,0,14
30,"Gillette, WY",3,0,3,0,0,3,0,14
30,"Grand Forks, ND",4,0,1,0,0,4,0,23
30,"Grand Island, NE",2,0,0,0,0,2,0,18
30,"Grand Junction, CO",8,0,3,0,10,15,0,81
30,"Grand Rapids, MI",40,2,45,2,46,81,14,352
30,"Great Falls, MT",1,0,0,0,1,1,0,45
30,"Green Bay, WI",8,0,7,0,2,12,0,64
30,"Greensboro/High Point, NC",27,6,33,0,41,66,15,245
30,"Greer, SC",44,5,49,2,48,88,13,345
30,"Guam, TT",0,0,0,0,0,0,0,14
30,"Gulfport/Biloxi, MS",11,0,9,0,13,17,4,71
30,"Gunnison, CO",6,0,3,0,0,5,0,15
30,"Gustavus, AK",0,1,0,0,1,2,1,7
30,"Hagerstown, MD",1,2,1,0,2,4,0,10
30,"Hancock/Houghton, MI",1,0,0,0,1,2,0,14
30,"Harlingen/San Benito, TX",13,1,16,0,25,30,0,79
30,"Harrisburg, PA",20,3,15,0,16,30,6,116
30,"Hartford, CT",73,3,67,0,83,123,19,443
30,"Hattiesburg/Laurel, MS",2,0,1,0,3,4,0,12
30,"Hayden, CO",6,1,2,0,1,8,0,30
30,"Hays, KS",1,0,0,0,0,1,0,12
30,"Helena, MT",4,0,2,0,0,4,0,28
30,"Hibbing, MN",2,0,1,0,0,2,0,12
30,"Hilo, HI",6,0,2,0,8,10,1,128
30,"Hilton Head, SC",5,1,8,0,7,13,1,54
30,"Hobbs, NM",2,0,2,0,1,3,0,14
30,"Honolulu, HI",143,0,30,27,84,178,8,1241
30,"Houston, TX",1110,101,786,5,1029,1645,90,3574
30,"Huntsville, AL",38,2,23,0,24,51,6,175
30,"Hyannis, MA",3,0,6,0,7,8,0,21
30,"Idaho Falls, ID",7,0,3,0,4,11,0,74
30,"Indianapolis, IN",147,21,133,2,154,255,21,961
30,"International Falls, MN",4,1,2,0,0,4,0,14
30,"Iron Mountain/Kingsfd, MI",3,0,0,0,0,3,0,14
30,"Islip, NY",18,0,9,0,17,19,11,93
30,"Ithaca/Cortland, NY",2,0,2,0,3,5,0,14
30,"Jackson, WY",23,0,17,0,11,35,2,151
30,"Jackson/Vicksburg, MS",15,14,22,0,27,43,5,142
30,"Jacksonville, FL",91,26,107,1,137,199,21,601
30,"Jacksonville/Camp Lejeune, NC",8,1,10,0,8,11,7,48
30,"Jamestown, ND",2,0,1,0,1,3,0,13
30,"Johnstown, PA",1,0,0,0,0,1,0,14
30,"Joplin, MO",1,0,1,0,0,1,0,12
30,"Juneau, AK",10,1,15,0,18,28,2,119
30,"Kahului, HI",43,0,9,0,51,61,1,547
30,"Kalamazoo, MI",2,0,0,0,0,2,0,20
30,"Kalispell, MT",11,1,15,0,14,22,4,132
30,"Kansas City, MO",126,6,123,0,198,262,25,1057
30,"Ketchikan, AK",7,3,9,0,8,15,0,63
30,"Key West, FL",24,0,21,0,32,38,5,117
30,"Killeen, TX",3,1,2,0,5,7,0,41
30,"King Salmon, AK",0,0,3,3,3,4,0,13
30,"Knoxville, TN",45,8,43,0,52,92,11,353
30,"Kodiak, AK",2,0,3,2,4,7,1,18
30,"Kona, HI",27,0,13,1,25,36,2,331
30,"Kotzebue, AK",0,0,3,0,2,3,0,7
30,"La Crosse, WI",1,0,1,0,1,1,0,13
30,"Lafayette, LA",13,5,12,1,8,21,3,73
30,"Lake Charles, LA",6,2,8,0,4,11,0,21
30,"Lansing, MI",2,0,1,0,5,6,0,26
30,"Laramie, WY",0,0,0,0,0,0,4,12
30,"Laredo, TX",5,0,6,0,10,10,0,40
30,"Las Vegas, NV",814,59,592,1,666,1143,66,3755
30,"Latrobe, PA",2,0,0,0,1,3,0,14
30,"Lawton/Fort Sill, OK",4,1,2,0,0,5,0,21
30,"Lewiston, ID",2,0,0,0,0,2,0,21
30,"Lexington, KY",30,8,26,0,36,57,12,198
30,"Liberal, KS",1,1,0,0,0,2,2,12
30,"Lihue, HI",22,0,9,0,24,38,2,330
30,"Lincoln, NE",7,0,3,0,3,9,0,49
30,"Little Rock, AR",36,16,46,0,45,76,10,275
30,"Long Beach, CA",40,0,14,0,46,60,1,350
30,"Longview, TX",2,0,0,0,2,2,0,14
30,"Los Angeles, CA",579,11,378,2,504,879,64,4009
30,"Louisville, KY",76,6,65,0,80,125,13,502
30,"Lubbock, TX",9,4,6,0,11,18,0,119
30,"Madison, WI",37,4,28,0,30,59,10,234
30,"Manchester, NH",17,0,17,1,25,30,5,119
30,"Manhattan/Ft. Riley, KS",0,0,0,0,0,0,0,21
30,"Marquette, MI",3,1,2,0,3,4,0,21
30,"Martha's Vineyard, MA",4,1,9,0,6,12,0,80
30,"Mason City, IA",0,0,1,0,3,2,0,12
30,"Medford, OR",10,1,5,0,11,17,1,88
30,"Melbourne, FL",7,1,10,0,13,17,1,53
30,"Memphis, TN",89,5,69,1,79,144,17,492
30,"Meridian, MS",4,0,2,0,2,6,1,12
30,"Miami, FL",498,52,391,7,506,785,40,1979
30,"Midland/Odessa, TX",23,6,18,0,28,47,0,188
30,"Milwaukee, WI",97,1,77,0,100,156,16,599
30,"Minneapolis, MN",546,37,264,1,376,740,139,2723
30,"Minot, ND",5,1,3,0,2,9,0,54
30,"Mission/McAllen/Edinburg, TX",23,8,21,0,17,37,3,110
30,"Missoula, MT",18,1,15,1,13,30,2,129
30,"Mobile, AL",10,0,11,0,9,16,4,53
30,"Moline, IL",13,2,12,0,11,20,2,90
30,"Monroe, LA",5,1,8,0,6,13,0,48
30,"Monterey, CA",12,3,13,0,15,22,3,100
30,"Montgomery, AL",1,4,8,1,7,13,1,54
30,"Montrose/Delta, CO",7,0,11,0,11,16,0,57
30,"Mosinee, WI",1,0,0,0,0,1,0,14
30,"Myrtle Beach, SC",57,11,55,0,96,134,23,440
30,"Nantucket, MA",4,0,10,0,12,17,4,109
30,"Nashville, TN",362,18,285,1,422,608,23,2097
30,"New Bern/Morehead/Beaufort, NC",2,0,1,0,3,4,0,6
30,"New Orleans, LA",222,74,206,1,288,408,24,963
30,"New York, NY",858,25,1160,7,778,1676,213,5683
30,"Newark, NJ",445,21,534,2,392,802,107,2523
30,"Newburgh/Poughkeepsie, NY",0,0,2,0,3,3,0,11
30,"Niagara Falls, NY",1,0,1,0,1,2,0,8
30,"Nome, AK",1,0,3,0,3,3,0,7
30,"Norfolk, VA",69,19,75,0,89,140,18,449
30,"North Bend/Coos Bay, OR",0,1,0,0,1,2,0,9
30,"North Platte, NE",2,0,1,0,1,3,0,12
30,"Oakland, CA",89,0,64,2,100,142,9,851
30,"Oklahoma City, OK",55,2,44,0,49,90,7,475
30,"Omaha, NE",73,3,56,0,75,114,11,482
30,"Ontario, CA",58,2,37,1,70,98,14,553
30,"Orlando, FL",646,180,658,16,690,1186,70,3040
30,"Pago Pago, TT",0,0,0,0,0,0,0,3
30,"Palm Springs, CA",13,1,13,0,6,21,0,138
30,"Panama City, FL",49,6,34,0,53,81,6,240
30,"Pasco/Kennewick/Richland, WA",11,1,9,0,3,17,1,106
30,"Pellston, MI",4,1,1,0,0,5,0,26
30,"Pensacola, FL",56,1,50,0,77,102,13,324
30,"Peoria, IL",5,0,5,1,10,13,1,74
30,"Petersburg, AK",2,0,1,0,1,2,0,14
30,"Philadelphia, PA",529,7,399,2,430,766,51,2290
30,"Phoenix, AZ",695,27,552,9,720,1088,47,3724
30,"Pittsburgh, PA",102,15,121,2,128,213,27,942
30,"Plattsburgh, NY",3,1,4,0,1,5,0,14
30,"Pocatello, ID",1,0,0,0,0,1,0,14
30,"Ponce, PR",2,0,0,0,2,3,0,21
30,"Portland, ME",37,4,41,0,52,72,12,308
30,"Portland, OR",133,7,137,0,150,263,18,1254
30,"Portsmouth, NH",3,0,2,0,3,4,0,7
30,"Prescott, AZ",3,0,1,0,1,4,0,14
30,"Providence, RI",41,4,46,0,49,81,9,301
30,"Provo, UT",8,0,6,0,3,11,0,37
30,"Punta Gorda, FL",16,10,22,0,13,31,1,118
30,"Raleigh/Durham, NC",216,39,222,0,278,411,53,1301
30,"Rapid City, SD",17,5,25,0,11,36,2,129
30,"Redding, CA",2,0,2,0,3,5,0,28
30,"Reno, NV",48,3,48,0,64,90,5,442
30,"Rhinelander, WI",4,5,7,0,0,9,0,20
30,"Richmond, VA",66,7,52,0,59,109,15,375
30,"Riverton/Lander, WY",0,0,0,0,0,0,0,14
30,"Roanoke, VA",13,1,8,0,5,19,3,53
30,"Rochester, MN",4,2,7,0,2,10,0,29
30,"Rochester, NY",41,1,34,0,36,58,10,258
30,"Rock Springs, WY",1,0,1,0,1,1,0,14
30,"Rockford, IL",4,3,6,0,5,9,0,18
30,"Roswell, NM",3,0,2,0,1,5,0,21
30,"Sacramento, CA",156,1,102,0,155,235,13,1159
30,"Saginaw/Bay City/Midland, MI",3,0,3,0,3,7,0,46
30,"Saipan, TT",0,0,0,0,0,0,0,7
30,"Salina, KS",1,1,1,0,0,2,0,12
30,"Salt Lake City, UT",399,15,239,0,236,542,63,2287
30,"San Angelo, TX",1,0,2,0,0,2,0,21
30,"San Antonio, TX",128,14,128,1,214,274,22,864
30,"San Diego, CA",287,9,293,5,341,527,37,2002
30,"San Francisco, CA",339,6,282,4,304,580,33,2695
30,"San Jose, CA",98,2,77,1,114,178,14,1048
30,"San Juan, PR",172,2,132,2,153,249,10,812
30,"San Luis Obispo, CA",10,0,4,0,9,16,0,105
30,"Sanford, FL",25,16,30,0,29,57,1,231
30,"Santa Ana, CA",87,1,74,1,122,170,16,849
30,"Santa Barbara, CA",14,1,8,0,10,23,1,170
30,"Santa Fe, NM",5,1,2,0,7,13,0,70
30,"Santa Maria, CA",0,0,0,0,0,0,0,2
30,"Santa Rosa, CA",10,1,8,0,10,17,0,73
30,"Sarasota/Bradenton, FL",41,5,36,0,55,73,6,260
30,"Sault Ste. Marie, MI",2,0,0,0,0,2,0,14
30,"Savannah, GA",56,12,40,0,72,101,20,398
30,"Scottsbluff, NE",1,0,0,0,0,1,0,12
30,"Scranton/Wilkes-Barre, PA",3,1,5,0,6,8,2,34
30,"Seattle, WA",567,19,632,1,460,976,53,3698
30,"Sheridan, WY",1,0,0,0,0,1,0,14
30,"Shreveport, LA",11,12,9,0,23,29,2,95
30,"Sioux City, IA",0,0,1,0,2,2,0,14
30,"Sioux Falls, SD",21,4,14,0,12,31,3,128
30,"Sitka, AK",3,0,7,0,8,11,0,42
30,"South Bend, IN",23,1,11,0,9,29,2,126
30,"Spokane, WA",49,4,35,0,46,76,11,370
30,"Springfield, IL",0,0,0,0,0,0,0,2
30,"Springfield, MO",34,3,25,0,34,50,1,203
30,"St. Cloud, MN",0,0,0,0,0,0,0,2
30,"St. George, UT",4,3,1,0,0,7,0,53
30,"St. Louis, MO",257,3,152,1,291,388,25,1382
30,"St. Petersburg, FL",21,38,32,0,35,68,0,218
30,"State College, PA",1,0,0,0,0,1,0,8
30,"Stillwater, OK",2,0,1,0,0,3,0,14
30,"Stockton, CA",1,0,3,1,2,3,0,11
30,"Sun Valley/Hailey/Ketchum, ID",1,0,0,0,1,2,1,44
30,"Syracuse, NY",36,5,30,0,40,61,9,288
30,"Tallahassee, FL",18,2,18,0,22,33,1,110
30,"Tampa, FL",280,66,283,2,342,512,40,1443
30,"Texarkana, AR",2,0,2,0,1,4,0,14
30,"Toledo, OH",0,0,0,0,0,0,0,6
30,"Traverse City, MI",18,2,17,0,14,30,3,138
30,"Trenton, NJ",2,0,5,0,8,10,0,32
30,"Tucson, AZ",26,10,34,0,34,69,7,318
30,"Tulsa, OK",33,3,25,0,65,81,9,357
30,"Twin Falls, ID",0,0,0,0,0,0,0,14
30,"Tyler, TX",3,0,5,0,3,6,0,21
30,"Valdosta, GA",2,0,1,0,2,2,0,14
30,"Valparaiso, FL",36,7,37,0,54,69,7,266
30,"Victoria, TX",1,2,3,0,1,4,0,12
30,"Waco, TX",2,1,2,0,0,4,0,21
30,"Walla Walla, WA",1,0,1,0,3,4,0,14
30,"Washington, DC",604,89,700,4,646,1112,133,3755
30,"West Palm Beach/Palm Beach, FL",91,4,92,1,99,162,15,468
30,"West Yellowstone, MT",1,0,0,0,0,1,0,16
30,"White Plains, NY",42,1,50,1,34,69,4,238
30,"Wichita Falls, TX",1,0,1,0,0,1,0,14
30,"Wichita, KS",20,1,11,0,23,34,3,222
30,"Williston, ND",10,0,3,0,2,12,0,39
30,"Wilmington, NC",16,7,34,0,37,50,11,201
30,"Worcester, MA",2,0,4,0,5,6,1,27
30,"Wrangell, AK",0,0,1,0,1,1,0,14
30,"Yakutat, AK",0,0,2,0,1,2,0,14
30,"Yuma, AZ",3,0,1,0,0,3,0,27
31,"Aberdeen, SD",3,0,2,0,0,4,0,14
31,"Abilene, TX",1,0,3,0,4,6,0,34
31,"Adak Island, AK",0,0,0,0,0,0,0,2
31,"Aguadilla, PR",5,2,4,0,11,12,1,45
31,"Akron, OH",10,2,17,0,13,27,4,76
31,"Albany, GA",6,2,1,0,0,8,0,14
31,"Albany, NY",43,7,53,1,48,82,9,241
31,"Albuquerque, NM",50,6,38,0,64,86,5,488
31,"Alexandria, LA",9,2,4,0,5,13,1,41
31,"Allentown/Bethlehem/Easton, PA",12,4,13,0,14,26,7,86
31,"Alpena, MI",2,0,1,0,0,2,0,12
31,"Amarillo, TX",9,0,4,0,11,17,0,106
31,"Anchorage, AK",56,1,35,0,53,90,4,521
31,"Appleton, WI",19,3,15,0,9,29,2,119
31,"Arcata/Eureka, CA",4,2,5,0,1,9,0,32
31,"Asheville, NC",47,19,73,0,63,108,19,283
31,"Ashland, WV",4,0,7,0,7,9,0,20
31,"Aspen, CO",8,9,10,0,8,29,0,162
31,"Atlanta, GA",1445,337,1513,1,1182,2546,138,6952
31,"Atlantic City, NJ",3,0,6,0,4,9,2,56
31,"Augusta, GA",11,5,16,0,17,28,3,88
31,"Austin, TX",220,35,203,3,298,461,31,1776
31,"Bakersfield, CA",4,0,2,0,6,8,1,60
31,"Baltimore, MD",587,73,451,0,598,888,105,2073
31,"Bangor, ME",12,5,32,0,22,46,17,132
31,"Barrow, AK",0,0,0,1,0,1,0,7
31,"Baton Rouge, LA",12,4,7,1,16,22,1,104
31,"Beaumont/Port Arthur, TX",1,0,0,0,0,1,0,14
31,"Belleville, IL",8,1,9,0,12,16,1,35
31,"Bellingham, WA",4,0,7,1,4,8,0,64
31,"Bemidji, MN",0,0,0,0,0,0,0,14
31,"Bend/Redmond, OR",12,2,10,0,9,20,1,118
31,"Bethel, AK",0,0,1,2,2,3,0,14
31,"Billings, MT",6,0,4,0,6,8,2,96
31,"Binghamton, NY",1,0,0,0,0,1,1,7
31,"Birmingham, AL",36,10,35,0,57,84,11,337
31,"Bishop, CA",0,0,0,0,0,0,0,7
31,"Bismarck/Mandan, ND",11,4,7,0,4,19,0,82
31,"Bloomington/Normal, IL",3,1,1,0,8,11,1,37
31,"Boise, ID",46,4,43,0,44,93,3,494
31,"Boston, MA",585,58,540,2,542,966,194,2990
31,"Bozeman, MT",25,1,44,0,34,60,6,265
31,"Brainerd, MN",2,0,0,0,0,2,0,14
31,"Bristol/Johnson City/Kingsport, TN",1,0,5,0,7,9,1,45
31,"Brownsville, TX",1,0,2,0,4,6,0,47
31,"Brunswick, GA",5,0,2,0,0,4,0,14
31,"Buffalo, NY",58,8,78,0,87,126,35,458
31,"Burbank, CA",38,1,50,0,50,93,16,663
31,"Burlington, VT",19,15,35,1,25,51,14,180
31,"Butte, MT",0,0,0,0,0,0,0,14
31,"Casper, WY",2,0,1,0,1,4,1,56
31,"Cedar City, UT",0,0,0,0,0,0,0,12
31,"Cedar Rapids/Iowa City, IA",38,7,29,0,25,56,5,166
31,"Champaign/Urbana, IL",3,0,1,0,3,4,0,28
31,"Charleston, SC",65,11,105,0,95,159,34,565
31,"Charleston/Dunbar, WV",12,4,12,0,11,22,2,66
31,"Charlotte Amalie, VI",9,8,24,0,25,35,2,112
31,"Charlotte, NC",766,608,856,18,1249,1818,299,4355
31,"Charlottesville, VA",6,2,7,0,9,11,5,59
31,"Chattanooga, TN",23,4,20,0,22,40,4,121
31,"Cheyenne, WY",0,1,1,0,0,2,0,13
31,"Chicago, IL",1525,113,1493,6,1457,2622,157,7416
31,"Christiansted, VI",5,0,7,1,7,11,0,20
31,"Cincinnati, OH",107,37,122,0,117,231,46,868
31,"Clarksburg/Fairmont, WV",1,1,2,2,2,4,0,8
31,"Cleveland, OH",97,8,136,0,112,207,42,856
31,"Cody, WY",3,1,4,0,2,8,0,28
31,"College Station/Bryan, TX",2,0,2,0,8,8,0,21
31,"Colorado Springs, CO",25,2,14,0,27,46,2,279
31,"Columbia, MO",1,0,8,0,3,9,0,42
31,"Columbia, SC",18,10,20,0,17,36,6,133
31,"Columbus, GA",0,0,3,0,4,5,1,20
31,"Columbus, MS",0,0,1,0,2,2,0,14
31,"Columbus, OH",99,7,115,0,123,208,34,891
31,"Concord, NC",0,3,3,0,3,5,2,14
31,"Cordova, AK",2,0,1,0,1,4,1,14
31,"Corpus Christi, TX",8,1,7,0,8,12,0,87
31,"Dallas, TX",218,2,95,2,237,332,17,1480
31,"Dallas/Fort Worth, TX",1482,23,843,6,1257,2043,155,6710
31,"Dayton, OH",10,5,17,0,16,32,3,147
31,"Daytona Beach, FL",2,1,7,0,9,12,4,56
31,"Deadhorse, AK",0,0,1,0,1,1,0,11
31,"Decatur, IL",2,0,2,0,4,6,0,12
31,"Denver, CO",993,25,687,4,876,1595,74,6476
31,"Des Moines, IA",38,16,51,0,53,94,9,310
31,"Detroit, MI",515,25,375,0,282,753,80,2717
31,"Devils Lake, ND",1,0,2,0,0,2,0,13
31,"Dickinson, ND",0,0,0,0,1,1,0,13
31,"Dillingham, AK",0,0,1,0,0,1,0,7
31,"Dodge City, KS",0,0,0,0,1,1,0,12
31,"Dothan, AL",3,0,1,0,0,3,1,14
31,"Duluth, MN",3,1,4,0,8,10,0,51
31,"Durango, CO",13,1,12,0,4,19,0,85
31,"Eagle, CO",4,0,2,0,3,6,0,55
31,"El Paso, TX",28,1,18,0,45,60,3,356
31,"Elko, NV",0,1,0,0,0,1,0,7
31,"Elmira/Corning, NY",1,1,1,0,1,4,0,20
31,"Escanaba, MI",0,0,0,0,0,0,0,12
31,"Eugene, OR",11,0,8,0,8,14,2,146
31,"Evansville, IN",8,3,10,0,13,18,1,48
31,"Everett, WA",1,0,1,0,0,1,0,13
31,"Fairbanks, AK",3,0,2,0,8,12,1,88
31,"Fargo, ND",12,3,13,0,8,24,2,133
31,"Fayetteville, AR",38,8,34,0,36,67,2,290
31,"Fayetteville, NC",2,2,5,0,0,5,0,21
31,"Flagstaff, AZ",4,1,0,0,0,5,0,34
31,"Flint, MI",7,1,6,1,4,11,2,41
31,"Fort Dodge, IA",0,0,0,0,5,5,0,12
31,"Fort Lauderdale, FL",309,69,392,12,303,582,88,1681
31,"Fort Myers, FL",53,19,86,1,105,157,29,461
31,"Fort Smith, AR",1,0,1,0,0,2,0,26
31,"Fort Wayne, IN",20,3,17,0,17,34,0,91
31,"Fresno, CA",30,0,13,0,19,36,0,235
31,"Gainesville, FL",6,3,10,0,14,19,3,69
31,"Garden City, KS",1,0,1,0,1,1,0,14
31,"Gillette, WY",2,0,2,0,0,2,0,14
31,"Grand Forks, ND",8,0,5,0,0,10,0,23
31,"Grand Island, NE",3,1,4,0,2,6,0,18
31,"Grand Junction, CO",5,1,7,0,7,12,1,81
31,"Grand Rapids, MI",39,8,54,0,57,91,14,355
31,"Great Falls, MT",6,1,3,0,2,6,2,44
31,"Green Bay, WI",11,1,11,0,5,19,0,71
31,"Greensboro/High Point, NC",25,12,38,0,32,65,13,239
31,"Greer, SC",33,8,46,0,47,85,16,350
31,"Guam, TT",4,0,1,0,0,4,0,14
31,"Gulfport/Biloxi, MS",5,4,6,0,5,13,0,71
31,"Gunnison, CO",2,0,0,0,0,2,0,15
31,"Gustavus, AK",1,0,0,0,2,2,0,7
31,"Hagerstown, MD",2,1,5,0,5,6,0,10
31,"Hancock/Houghton, MI",2,0,1,0,0,2,0,14
31,"Harlingen/San Benito, TX",10,0,16,0,17,20,0,79
31,"Harrisburg, PA",17,3,16,0,20,32,0,114
31,"Hartford, CT",68,26,93,0,95,146,19,443
31,"Hattiesburg/Laurel, MS",0,0,0,0,1,1,0,12
31,"Hayden, CO",4,0,0,0,2,4,0,29
31,"Hays, KS",1,0,1,0,0,1,0,12
31,"Helena, MT",0,0,0,0,0,0,0,28
31,"Hibbing, MN",0,0,0,0,0,0,0,12
31,"Hilo, HI",5,0,1,0,9,10,1,128
31,"Hilton Head, SC",7,3,14,0,9,19,2,54
31,"Hobbs, NM",0,0,0,0,0,0,0,14
31,"Honolulu, HI",126,0,28,0,80,147,7,1234
31,"Houston, TX",588,43,426,2,565,1001,81,3622
31,"Huntsville, AL",27,5,19,0,20,43,0,175
31,"Hyannis, MA",4,0,4,0,4,6,4,21
31,"Idaho Falls, ID",6,2,2,0,2,8,0,74
31,"Indianapolis, IN",70,13,121,0,120,204,40,938
31,"International Falls, MN",0,2,2,0,0,2,0,14
31,"Iron Mountain/Kingsfd, MI",3,0,0,0,0,3,0,14
31,"Islip, NY",11,1,14,0,17,24,2,93
31,"Ithaca/Cortland, NY",0,1,1,0,1,1,3,14
31,"Jackson, WY",8,1,15,0,12,24,4,151
31,"Jackson/Vicksburg, MS",13,1,14,0,19,27,1,142
31,"Jacksonville, FL",66,20,95,0,123,179,33,593
31,"Jacksonville/Camp Lejeune, NC",7,1,7,0,9,12,2,48
31,"Jamestown, ND",1,0,1,0,0,1,0,13
31,"Johnstown, PA",2,0,2,0,1,4,0,14
31,"Joplin, MO",0,0,0,0,0,0,0,12
31,"Juneau, AK",8,0,16,0,18,28,0,119
31,"Kahului, HI",28,0,7,0,40,48,2,547
31,"Kalamazoo, MI",3,1,0,0,0,4,1,20
31,"Kalispell, MT",12,1,13,0,12,25,0,132
31,"Kansas City, MO",123,7,138,0,162,246,29,1057
31,"Ketchikan, AK",6,0,8,0,5,13,0,63
31,"Key West, FL",7,4,15,1,17,28,28,117
31,"Killeen, TX",3,0,3,0,5,7,0,41
31,"King Salmon, AK",2,0,3,1,2,4,0,9
31,"Knoxville, TN",32,14,50,1,59,92,12,351
31,"Kodiak, AK",0,0,0,0,0,0,0,18
31,"Kona, HI",19,0,6,0,25,29,1,331
31,"Kotzebue, AK",0,0,0,0,0,0,0,7
31,"La Crosse, WI",1,0,0,0,0,1,0,14
31,"Lafayette, LA",10,1,5,0,4,14,0,76
31,"Lake Charles, LA",3,2,0,0,2,6,0,21
31,"Lansing, MI",4,1,5,0,5,9,1,26
31,"Laramie, WY",1,1,1,0,1,4,0,12
31,"Laredo, TX",2,0,1,0,2,3,0,40
31,"Las Vegas, NV",509,35,412,0,470,838,57,3745
31,"Latrobe, PA",1,0,2,0,2,3,1,14
31,"Lawton/Fort Sill, OK",3,1,1,0,0,3,0,21
31,"Lewiston, ID",2,0,0,0,0,2,0,21
31,"Lexington, KY",10,11,30,0,37,53,6,195
31,"Liberal, KS",1,1,1,0,0,1,0,12
31,"Lihue, HI",11,0,2,1,18,23,2,330
31,"Lincoln, NE",6,2,4,0,3,11,0,49
31,"Little Rock, AR",35,11,29,0,46,67,4,274
31,"Long Beach, CA",22,0,8,0,26,41,2,350
31,"Longview, TX",2,0,2,0,0,3,0,14
31,"Los Angeles, CA",487,12,464,4,360,842,59,4003
31,"Louisville, KY",53,17,90,1,71,135,17,494
31,"Lubbock, TX",11,0,8,0,10,16,0,119
31,"Madison, WI",31,4,23,0,27,49,3,237
31,"Manchester, NH",16,4,19,0,19,31,6,119
31,"Manhattan/Ft. Riley, KS",2,0,0,0,2,2,0,21
31,"Marquette, MI",2,1,1,0,1,3,0,21
31,"Martha's Vineyard, MA",6,7,18,0,16,28,11,80
31,"Mason City, IA",2,0,3,0,5,7,0,12
31,"Medford, OR",10,0,4,0,8,13,0,88
31,"Melbourne, FL",5,2,7,0,8,11,4,53
31,"Memphis, TN",52,2,67,0,64,119,15,493
31,"Meridian, MS",1,0,1,0,1,2,0,12
31,"Miami, FL",298,220,384,1,440,726,187,1971
31,"Midland/Odessa, TX",14,3,9,0,20,33,1,189
31,"Milwaukee, WI",60,6,73,0,73,122,18,596
31,"Minneapolis, MN",516,77,451,2,370,849,46,2720
31,"Minot, ND",7,3,3,0,0,11,0,53
31,"Mission/McAllen/Edinburg, TX",10,4,17,0,11,30,0,110
31,"Missoula, MT",18,1,16,1,16,29,2,128
31,"Mobile, AL",2,0,3,0,6,8,0,53
31,"Moline, IL",8,5,12,0,17,27,1,88
31,"Monroe, LA",1,0,4,0,7,8,1,48
31,"Monterey, CA",14,0,16,0,15,27,0,103
31,"Montgomery, AL",8,2,5,0,6,11,2,54
31,"Montrose/Delta, CO",4,0,7,0,7,10,1,57
31,"Mosinee, WI",0,0,1,0,1,1,1,14
31,"Myrtle Beach, SC",54,14,87,0,99,143,26,440
31,"Nantucket, MA",16,0,29,1,20,36,19,109
31,"Nashville, TN",289,39,253,2,418,585,56,2087
31,"New Bern/Morehead/Beaufort, NC",2,1,0,0,2,3,0,6
31,"New Orleans, LA",130,16,127,0,171,265,24,968
31,"New York, NY",987,162,1299,6,939,1986,674,5679
31,"Newark, NJ",517,85,523,4,512,891,287,2369
31,"Newburgh/Poughkeepsie, NY",0,1,6,0,2,5,1,11
31,"Niagara Falls, NY",2,0,2,0,1,3,0,7
31,"Nome, AK",0,0,2,0,2,2,0,7
31,"Norfolk, VA",84,15,76,2,97,144,34,442
31,"North Bend/Coos Bay, OR",0,1,0,0,3,4,0,9
31,"North Platte, NE",2,0,1,0,0,2,0,12
31,"Oakland, CA",86,0,62,2,91,142,12,851
31,"Oklahoma City, OK",58,4,47,0,49,98,4,472
31,"Omaha, NE",48,8,54,0,75,119,10,482
31,"Ontario, CA",39,1,38,0,62,86,6,559
31,"Orlando, FL",527,178,555,5,620,1046,132,3037
31,"Pago Pago, TT",0,0,0,0,0,0,0,3
31,"Palm Springs, CA",17,1,23,0,9,33,0,138
31,"Panama City, FL",41,11,26,0,42,68,6,240
31,"Pasco/Kennewick/Richland, WA",6,1,10,0,5,13,0,105
31,"Pellston, MI",3,2,1,0,0,5,0,26
31,"Pensacola, FL",25,20,49,0,63,92,8,320
31,"Peoria, IL",7,4,8,0,12,19,1,74
31,"Petersburg, AK",0,0,0,0,3,3,0,14
31,"Philadelphia, PA",416,123,406,3,438,785,211,2288
31,"Phoenix, AZ",453,27,376,2,462,803,61,3690
31,"Pittsburgh, PA",119,14,158,1,144,246,56,929
31,"Plattsburgh, NY",0,0,4,0,4,5,0,13
31,"Pocatello, ID",0,0,0,0,0,0,0,14
31,"Ponce, PR",1,0,1,0,5,5,0,21
31,"Portland, ME",34,19,71,0,65,98,27,311
31,"Portland, OR",123,4,150,1,143,253,13,1268
31,"Portsmouth, NH",2,1,3,0,2,5,0,7
31,"Prescott, AZ",2,0,0,0,0,2,0,14
31,"Providence, RI",47,6,64,0,67,92,9,300
31,"Provo, UT",4,1,4,0,3,7,0,36
31,"Punta Gorda, FL",12,11,14,0,16,31,1,107
31,"Raleigh/Durham, NC",208,37,234,1,247,412,81,1297
31,"Rapid City, SD",13,2,14,2,14,27,0,135
31,"Redding, CA",1,0,3,0,3,5,0,28
31,"Reno, NV",43,0,37,0,50,78,3,438
31,"Rhinelander, WI",3,2,3,0,0,5,0,20
31,"Richmond, VA",54,8,56,1,73,108,21,375
31,"Riverton/Lander, WY",1,0,2,0,2,3,0,14
31,"Roanoke, VA",9,1,7,0,4,13,6,53
31,"Rochester, MN",1,0,3,0,3,3,0,30
31,"Rochester, NY",22,3,34,0,41,59,16,247
31,"Rock Springs, WY",1,0,0,0,0,1,0,14
31,"Rockford, IL",4,3,3,0,6,8,0,18
31,"Roswell, NM",4,0,1,0,2,6,0,21
31,"Sacramento, CA",106,4,85,0,134,202,10,1158
31,"Saginaw/Bay City/Midland, MI",4,1,9,0,6,12,0,46
31,"Saipan, TT",1,0,0,0,2,2,0,7
31,"Salina, KS",0,1,1,0,3,4,0,13
31,"Salt Lake City, UT",289,14,209,0,206,478,24,2282
31,"San Angelo, TX",2,0,1,0,0,3,0,21
31,"San Antonio, TX",78,1,95,0,101,179,18,866
31,"San Diego, CA",238,13,336,2,322,544,28,2005
31,"San Francisco, CA",321,15,318,1,338,649,38,2704
31,"San Jose, CA",84,0,78,0,83,158,7,1049
31,"San Juan, PR",131,13,131,0,148,235,21,810
31,"San Luis Obispo, CA",17,1,8,0,8,24,0,105
31,"Sanford, FL",36,25,34,0,39,73,8,226
31,"Santa Ana, CA",63,3,89,0,78,145,7,849
31,"Santa Barbara, CA",12,2,11,0,7,22,1,170
31,"Santa Fe, NM",7,1,3,0,5,12,0,70
31,"Santa Maria, CA",0,0,1,1,1,1,0,2
31,"Santa Rosa, CA",11,0,17,1,16,23,0,73
31,"Sarasota/Bradenton, FL",21,17,36,0,52,74,19,257
31,"Sault Ste. Marie, MI",1,0,1,0,0,0,0,14
31,"Savannah, GA",48,17,63,0,70,110,20,392
31,"Scottsbluff, NE",0,0,0,0,1,1,0,12
31,"Scranton/Wilkes-Barre, PA",0,0,4,0,9,8,1,34
31,"Seattle, WA",562,39,727,6,444,1049,34,3688
31,"Sheridan, WY",1,0,1,0,1,2,1,14
31,"Shreveport, LA",7,1,10,0,9,15,2,95
31,"Sioux City, IA",2,1,1,0,0,3,0,14
31,"Sioux Falls, SD",23,4,13,0,10,33,1,127
31,"Sitka, AK",1,0,1,0,2,3,0,42
31,"South Bend, IN",29,5,16,0,18,41,0,126
31,"Spokane, WA",36,4,26,0,38,65,2,371
31,"Springfield, IL",0,0,0,0,0,0,0,2
31,"Springfield, MO",36,6,25,0,34,56,3,206
31,"St. Cloud, MN",0,0,0,0,0,0,0,2
31,"St. George, UT",6,4,1,0,1,11,0,53
31,"St. Louis, MO",187,34,198,2,271,403,36,1382
31,"St. Petersburg, FL",31,38,40,0,31,78,10,213
31,"State College, PA",1,0,1,0,0,1,0,8
31,"Stillwater, OK",0,0,0,0,0,0,0,14
31,"Stockton, CA",2,0,3,0,1,2,0,11
31,"Sun Valley/Hailey/Ketchum, ID",5,0,4,0,0,8,0,44
31,"Syracuse, NY",43,5,43,0,40,73,24,286
31,"Tallahassee, FL",11,4,15,0,19,26,4,110
31,"Tampa, FL",168,95,261,0,300,438,101,1444
31,"Texarkana, AR",2,1,1,0,1,3,0,14
31,"Toledo, OH",0,2,0,0,0,2,0,6
31,"Traverse City, MI",22,10,28,0,20,47,2,140
31,"Trenton, NJ",3,0,7,0,7,10,2,31
31,"Tucson, AZ",23,7,23,0,25,50,3,314
31,"Tulsa, OK",34,2,28,0,39,67,3,357
31,"Twin Falls, ID",0,0,0,0,0,0,0,14
31,"Tyler, TX",2,0,1,0,3,5,0,21
31,"Valdosta, GA",2,0,5,0,1,6,1,14
31,"Valparaiso, FL",42,15,26,0,53,80,5,266
31,"Victoria, TX",0,0,1,0,1,1,0,12
31,"Waco, TX",3,0,2,0,1,4,0,21
31,"Walla Walla, WA",0,0,3,0,5,5,0,14
31,"Washington, DC",611,164,670,5,700,1251,232,3771
31,"West Palm Beach/Palm Beach, FL",61,6,98,0,89,143,33,459
31,"West Yellowstone, MT",0,1,0,0,0,1,0,16
31,"White Plains, NY",37,10,47,0,28,69,14,238
31,"Wichita Falls, TX",0,0,1,0,0,0,0,14
31,"Wichita, KS",21,1,9,0,19,40,4,219
31,"Williston, ND",5,0,3,0,1,6,0,39
31,"Wilmington, NC",23,15,32,0,35,54,17,201
31,"Worcester, MA",2,0,8,0,6,8,2,27
31,"Wrangell, AK",0,1,1,0,2,3,0,14
31,"Yakutat, AK",0,0,0,0,1,1,0,14
31,"Yuma, AZ",2,0,2,0,2,3,1,27
32,"Aberdeen, SD",1,3,4,0,0,4,0,14
32,"Abilene, TX",1,0,1,0,2,2,0,33
32,"Adak Island, AK",0,0,0,0,1,1,0,2
32,"Aguadilla, PR",3,0,3,0,10,11,3,45
32,"Akron, OH",8,1,17,0,13,22,2,75
32,"Albany, GA",5,0,1,0,0,5,0,14
32,"Albany, NY",41,10,58,0,51,84,7,248
32,"Albuquerque, NM",58,3,50,0,72,105,3,464
32,"Alexandria, LA",0,0,0,0,2,2,0,41
32,"Allentown/Bethlehem/Easton, PA",10,4,11,0,11,23,3,91
32,"Alpena, MI",2,0,0,0,0,2,0,12
32,"Amarillo, TX",7,0,11,0,15,23,1,107
32,"Anchorage, AK",73,2,65,1,64,126,8,521
32,"Appleton, WI",15,3,11,0,7,27,0,118
32,"Arcata/Eureka, CA",5,1,7,0,2,10,0,32
32,"Asheville, NC",60,1,58,1,61,96,12,288
32,"Ashland, WV",6,0,5,0,6,9,1,21
32,"Aspen, CO",23,12,28,0,9,51,0,148
32,"Atlanta, GA",1092,21,755,7,580,1564,103,6803
32,"Atlantic City, NJ",10,0,10,0,6,15,3,56
32,"Augusta, GA",4,2,8,0,7,15,5,83
32,"Austin, TX",161,12,145,1,224,335,17,1632
32,"Bakersfield, CA",6,0,9,0,5,13,0,58
32,"Baltimore, MD",545,20,454,1,541,832,68,2018
32,"Bangor, ME",23,2,39,5,25,51,18,148
32,"Barrow, AK",0,0,5,3,2,5,0,7
32,"Baton Rouge, LA",3,1,4,0,9,11,1,94
32,"Beaumont/Port Arthur, TX",2,0,0,0,0,2,0,14
32,"Belleville, IL",3,0,3,0,6,9,3,36
32,"Bellingham, WA",3,0,6,1,5,10,0,42
32,"Bemidji, MN",2,0,1,0,0,2,0,14
32,"Bend/Redmond, OR",17,1,16,0,8,25,1,118
32,"Bethel, AK",4,0,7,0,7,8,0,14
32,"Billings, MT",14,0,16,0,6,21,0,95
32,"Binghamton, NY",1,0,1,0,0,1,2,7
32,"Birmingham, AL",28,9,29,0,41,61,9,333
32,"Bishop, CA",0,0,0,0,0,0,0,7
32,"Bismarck/Mandan, ND",13,4,10,0,6,22,0,81
32,"Bloomington/Normal, IL",2,0,2,0,5,5,0,37
32,"Boise, ID",50,3,57,0,49,106,3,483
32,"Boston, MA",681,14,666,5,468,1023,190,3002
32,"Bozeman, MT",28,8,47,0,48,71,3,262
32,"Brainerd, MN",5,0,2,0,0,5,0,14
32,"Bristol/Johnson City/Kingsport, TN",2,0,2,0,3,3,1,45
32,"Brownsville, TX",1,0,5,0,4,5,0,48
32,"Brunswick, GA",4,0,1,0,0,4,0,14
32,"Buffalo, NY",59,6,89,2,91,132,27,467
32,"Burbank, CA",43,3,76,0,76,125,10,622
32,"Burlington, VT",26,6,41,1,25,53,20,196
32,"Butte, MT",0,0,0,0,0,0,0,14
32,"Casper, WY",9,2,4,0,3,16,0,56
32,"Cedar City, UT",0,1,0,0,0,1,0,12
32,"Cedar Rapids/Iowa City, IA",31,2,30,0,18,53,6,182
32,"Champaign/Urbana, IL",3,1,2,0,6,10,0,28
32,"Charleston, SC",58,9,86,0,91,145,66,535
32,"Charleston/Dunbar, WV",11,1,12,0,7,17,0,66
32,"Charlotte Amalie, VI",8,0,20,0,14,23,0,97
32,"Charlotte, NC",982,238,649,22,1088,1586,156,4428
32,"Charlottesville, VA",8,2,10,0,9,18,6,59
32,"Chattanooga, TN",17,0,15,0,15,28,1,126
32,"Cheyenne, WY",1,0,1,0,3,3,1,13
32,"Chicago, IL",1555,159,1481,9,1523,2685,146,7361
32,"Christiansted, VI",2,1,1,0,2,3,0,13
32,"Cincinnati, OH",113,7,129,1,122,223,41,874
32,"Clarksburg/Fairmont, WV",1,0,3,1,1,4,1,8
32,"Cleveland, OH",116,11,134,0,119,215,42,849
32,"Cody, WY",0,0,6,0,3,7,0,28
32,"College Station/Bryan, TX",1,0,1,0,1,2,1,21
32,"Colorado Springs, CO",35,6,35,0,40,72,3,261
32,"Columbia, MO",7,2,4,0,4,9,0,41
32,"Columbia, SC",17,2,18,0,19,31,8,135
32,"Columbus, GA",3,0,1,0,0,3,4,20
32,"Columbus, MS",0,0,0,0,0,0,0,14
32,"Columbus, OH",90,3,119,0,107,198,34,877
32,"Concord, NC",0,0,4,0,5,5,1,14
32,"Cordova, AK",0,0,0,1,3,3,0,14
32,"Corpus Christi, TX",3,0,5,0,5,8,1,73
32,"Dallas, TX",169,13,107,0,223,283,13,1314
32,"Dallas/Fort Worth, TX",1171,102,628,3,1131,1731,80,6386
32,"Dayton, OH",13,3,19,0,11,32,2,148
32,"Daytona Beach, FL",5,7,10,0,15,17,5,56
32,"Deadhorse, AK",0,0,2,0,1,3,0,11
32,"Decatur, IL",0,0,5,0,2,5,0,12
32,"Denver, CO",1272,121,971,2,1213,2110,70,6215
32,"Des Moines, IA",42,3,35,1,36,79,9,312
32,"Detroit, MI",548,68,438,1,294,809,67,2700
32,"Devils Lake, ND",0,0,4,0,2,6,0,13
32,"Dickinson, ND",0,0,1,0,0,1,0,13
32,"Dillingham, AK",0,0,0,0,0,0,1,7
32,"Dodge City, KS",2,0,4,0,2,7,0,12
32,"Dothan, AL",1,0,1,0,0,1,0,14
32,"Duluth, MN",4,2,11,0,7,18,1,54
32,"Durango, CO",14,0,8,0,5,20,0,82
32,"Eagle, CO",12,3,7,1,12,26,1,55
32,"El Paso, TX",22,2,32,0,49,71,6,360
32,"Elko, NV",0,0,0,0,0,0,0,7
32,"Elmira/Corning, NY",4,1,3,0,1,6,0,20
32,"Escanaba, MI",3,2,2,0,0,5,0,12
32,"Eugene, OR",20,0,15,0,18,31,0,134
32,"Evansville, IN",1,2,5,1,4,8,0,41
32,"Everett, WA",0,0,1,0,3,3,0,13
32,"Fairbanks, AK",5,0,3,0,14,13,1,88
32,"Fargo, ND",15,3,21,0,11,32,0,133
32,"Fayetteville, AR",26,7,40,0,35,64,3,290
32,"Fayetteville, NC",3,1,3,0,4,6,1,27
32,"Flagstaff, AZ",2,0,1,0,0,2,0,33
32,"Flint, MI",3,2,11,0,6,16,0,44
32,"Fort Dodge, IA",0,0,3,0,7,8,1,12
32,"Fort Lauderdale, FL",409,65,431,10,359,641,105,1591
32,"Fort Myers, FL",73,8,88,0,93,137,39,433
32,"Fort Smith, AR",0,0,0,0,3,3,0,27
32,"Fort Wayne, IN",13,3,14,0,4,21,1,84
32,"Fresno, CA",19,0,17,0,21,40,1,225
32,"Gainesville, FL",5,2,4,0,6,11,10,69
32,"Garden City, KS",2,1,1,0,1,3,0,14
32,"Gillette, WY",1,0,3,0,2,3,0,15
32,"Grand Forks, ND",4,0,4,0,0,4,0,23
32,"Grand Island, NE",2,0,3,1,0,3,0,18
32,"Grand Junction, CO",6,0,8,0,5,12,1,79
32,"Grand Rapids, MI",45,7,45,0,54,89,13,343
32,"Great Falls, MT",2,0,2,0,2,4,0,44
32,"Green Bay, WI",12,3,15,0,5,25,0,88
32,"Greensboro/High Point, NC",19,4,34,1,30,57,12,256
32,"Greer, SC",41,2,46,0,46,81,11,346
32,"Guam, TT",0,0,0,0,0,0,0,14
32,"Gulfport/Biloxi, MS",6,2,4,0,7,11,1,70
32,"Gunnison, CO",3,0,2,0,2,5,0,15
32,"Gustavus, AK",1,0,1,0,0,1,2,7
32,"Hagerstown, MD",0,0,4,0,3,4,2,10
32,"Hancock/Houghton, MI",2,0,4,0,2,7,0,14
32,"Harlingen/San Benito, TX",0,0,4,0,6,8,0,79
32,"Harrisburg, PA",21,6,23,0,17,37,2,115
32,"Hartford, CT",88,6,82,0,84,144,23,452
32,"Hattiesburg/Laurel, MS",1,0,0,0,0,1,0,12
32,"Hayden, CO",8,1,5,0,2,11,0,30
32,"Hays, KS",0,0,1,0,0,1,0,12
32,"Helena, MT",2,0,3,0,0,4,0,28
32,"Hibbing, MN",4,1,4,0,0,5,0,12
32,"Hilo, HI",5,0,0,0,6,6,0,129
32,"Hilton Head, SC",5,1,10,0,10,15,9,53
32,"Hobbs, NM",1,0,0,0,0,1,0,14
32,"Honolulu, HI",89,0,18,0,62,116,1,1207
32,"Houston, TX",438,14,283,0,407,698,61,3416
32,"Huntsville, AL",21,2,17,0,21,37,2,174
32,"Hyannis, MA",6,1,10,0,6,11,1,21
32,"Idaho Falls, ID",5,2,9,0,6,17,0,74
32,"Indianapolis, IN",83,13,114,0,113,194,38,893
32,"International Falls, MN",3,2,3,0,0,5,0,14
32,"Iron Mountain/Kingsfd, MI",2,0,2,1,0,3,2,14
32,"Islip, NY",28,3,24,0,34,43,6,86
32,"Ithaca/Cortland, NY",0,0,0,0,1,1,2,14
32,"Jackson, WY",17,4,22,0,24,44,0,157
32,"Jackson/Vicksburg, MS",6,1,5,0,13,18,1,124
32,"Jacksonville, FL",68,15,86,0,99,161,54,578
32,"Jacksonville/Camp Lejeune, NC",8,0,4,0,8,13,0,48
32,"Jamestown, ND",0,0,0,0,2,2,0,13
32,"Johnstown, PA",1,0,3,0,0,4,0,14
32,"Joplin, MO",2,0,0,0,0,2,0,12
32,"Juneau, AK",9,2,13,1,14,25,4,119
32,"Kahului, HI",28,0,7,0,35,50,2,519
32,"Kalamazoo, MI",6,0,0,0,0,6,1,20
32,"Kalispell, MT",19,1,22,0,21,38,0,132
32,"Kansas City, MO",93,3,118,2,145,214,24,1005
32,"Ketchikan, AK",7,1,10,4,13,22,0,63
32,"Key West, FL",20,1,10,0,24,27,8,116
32,"Killeen, TX",1,0,1,0,4,4,0,35
32,"King Salmon, AK",0,0,3,1,3,3,0,9
32,"Knoxville, TN",37,4,37,0,40,76,17,357
32,"Kodiak, AK",2,0,4,2,2,6,2,18
32,"Kona, HI",25,0,6,1,20,35,1,319
32,"Kotzebue, AK",0,0,1,0,0,0,0,7
32,"La Crosse, WI",1,0,2,0,1,3,1,9
32,"Lafayette, LA",7,0,0,0,2,8,0,75
32,"Lake Charles, LA",1,2,0,0,1,4,0,21
32,"Lansing, MI",7,2,5,0,2,10,2,26
32,"Laramie, WY",1,0,1,0,4,5,0,12
32,"Laredo, TX",0,0,4,0,7,7,0,39
32,"Las Vegas, NV",723,53,714,1,813,1318,48,3657
32,"Latrobe, PA",0,0,0,0,0,0,4,14
32,"Lawton/Fort Sill, OK",0,0,0,0,0,0,0,21
32,"Lewiston, ID",2,0,0,0,0,2,0,21
32,"Lexington, KY",26,4,27,0,25,49,6,188
32,"Liberal, KS",4,0,4,0,3,6,0,12
32,"Lihue, HI",11,0,2,0,15,18,0,325
32,"Lincoln, NE",12,0,10,0,5,20,1,49
32,"Little Rock, AR",17,14,19,0,30,49,2,255
32,"Long Beach, CA",23,1,27,0,26,54,0,324
32,"Longview, TX",2,0,1,0,3,3,0,14
32,"Los Angeles, CA",500,15,421,3,401,813,43,3949
32,"Louisville, KY",57,6,56,1,55,103,23,470
32,"Lubbock, TX",6,0,7,0,8,13,0,123
32,"Madison, WI",33,2,41,0,28,64,4,254
32,"Manchester, NH",15,2,31,0,24,42,3,132
32,"Manhattan/Ft. Riley, KS",0,0,2,0,1,2,0,21
32,"Marquette, MI",6,0,5,0,3,7,0,21
32,"Martha's Vineyard, MA",12,0,23,2,19,28,8,78
32,"Mason City, IA",1,0,4,0,4,6,1,12
32,"Medford, OR",14,2,11,0,7,21,0,88
32,"Melbourne, FL",5,4,5,0,10,14,6,53
32,"Memphis, TN",36,2,47,0,47,82,18,475
32,"Meridian, MS",1,0,1,0,1,2,0,12
32,"Miami, FL",435,122,354,6,442,738,118,1926
32,"Midland/Odessa, TX",21,2,10,0,16,31,0,190
32,"Milwaukee, WI",70,4,80,1,72,133,18,591
32,"Minneapolis, MN",492,57,499,0,312,821,28,2711
32,"Minot, ND",13,2,9,1,0,16,1,53
32,"Mission/McAllen/Edinburg, TX",7,2,5,0,9,17,3,109
32,"Missoula, MT",19,2,12,0,16,28,3,121
32,"Mobile, AL",3,0,1,0,3,4,0,53
32,"Moline, IL",12,2,14,0,13,26,3,85
32,"Monroe, LA",4,0,2,0,1,6,0,42
32,"Monterey, CA",13,1,12,0,11,25,0,102
32,"Montgomery, AL",3,0,2,0,4,5,1,54
32,"Montrose/Delta, CO",3,1,7,0,4,10,0,56
32,"Mosinee, WI",2,0,2,0,2,5,0,14
32,"Myrtle Beach, SC",36,1,58,0,66,99,56,412
32,"Nantucket, MA",8,0,23,0,19,28,10,107
32,"Nashville, TN",229,7,232,1,312,460,60,2009
32,"New Bern/Morehead/Beaufort, NC",1,1,0,0,2,2,0,6
32,"New Orleans, LA",95,4,77,0,135,183,26,871
32,"New York, NY",1196,60,1413,10,981,2073,678,5676
32,"Newark, NJ",530,36,613,4,423,890,254,2366
32,"Newburgh/Poughkeepsie, NY",2,1,0,0,1,2,1,11
32,"Niagara Falls, NY",1,0,2,0,2,2,1,7
32,"Nome, AK",3,0,3,0,1,3,1,7
32,"Norfolk, VA",77,9,83,0,97,144,25,459
32,"North Bend/Coos Bay, OR",1,0,0,0,0,1,0,9
32,"North Platte, NE",1,0,5,0,2,5,0,12
32,"Oakland, CA",97,1,76,2,115,178,5,808
32,"Oklahoma City, OK",59,27,61,0,63,128,4,454
32,"Omaha, NE",42,4,50,1,53,95,7,456
32,"Ontario, CA",44,2,55,1,62,104,9,567
32,"Orlando, FL",526,129,504,25,564,940,184,2746
32,"Pago Pago, TT",0,0,0,0,1,1,0,3
32,"Palm Springs, CA",12,1,25,0,15,36,0,135
32,"Panama City, FL",31,1,17,0,31,38,0,187
32,"Pasco/Kennewick/Richland, WA",6,1,12,1,9,18,0,103
32,"Pellston, MI",8,0,0,0,0,8,0,26
32,"Pensacola, FL",23,2,20,0,30,42,5,277
32,"Peoria, IL",5,3,9,0,6,16,2,72
32,"Petersburg, AK",0,0,2,0,3,3,0,14
32,"Philadelphia, PA",666,35,705,4,556,1031,182,2376
32,"Phoenix, AZ",520,25,418,8,557,887,30,3596
32,"Pittsburgh, PA",106,28,138,1,135,232,46,916
32,"Plattsburgh, NY",0,1,3,0,2,4,0,9
32,"Pocatello, ID",0,0,0,0,0,0,0,14
32,"Ponce, PR",2,0,3,0,9,10,2,21
32,"Portland, ME",63,5,90,0,64,121,20,328
32,"Portland, OR",116,5,120,0,134,245,15,1261
32,"Portsmouth, NH",1,0,1,0,1,1,0,7
32,"Prescott, AZ",2,0,4,0,1,4,0,14
32,"Providence, RI",40,0,70,0,58,94,12,312
32,"Provo, UT",1,0,0,0,0,1,0,36
32,"Punta Gorda, FL",19,8,19,0,13,29,9,105
32,"Raleigh/Durham, NC",192,36,189,0,256,388,66,1279
32,"Rapid City, SD",23,7,17,0,19,40,1,134
32,"Redding, CA",2,0,3,0,2,5,0,28
32,"Reno, NV",46,4,50,0,66,99,4,429
32,"Rhinelander, WI",2,3,3,0,0,5,0,20
32,"Richmond, VA",48,4,51,0,57,93,25,365
32,"Riverton/Lander, WY",3,0,3,0,1,6,0,14
32,"Roanoke, VA",6,0,7,0,5,13,4,58
32,"Rochester, MN",1,0,7,0,7,7,0,28
32,"Rochester, NY",34,4,52,0,47,72,21,243
32,"Rock Springs, WY",3,0,3,0,0,3,0,14
32,"Rockford, IL",6,1,3,0,4,8,0,16
32,"Roswell, NM",1,0,0,0,0,1,0,21
32,"Sacramento, CA",119,2,105,0,147,243,12,1141
32,"Saginaw/Bay City/Midland, MI",11,0,4,0,3,15,1,46
32,"Saipan, TT",0,0,0,0,0,0,0,7
32,"Salina, KS",0,0,0,0,0,0,0,14
32,"Salt Lake City, UT",343,21,254,0,245,548,19,2262
32,"San Angelo, TX",1,0,1,0,1,2,0,21
32,"San Antonio, TX",73,2,80,0,108,162,13,828
32,"San Diego, CA",236,17,395,0,345,587,25,1965
32,"San Francisco, CA",308,11,256,0,339,573,25,2714
32,"San Jose, CA",72,2,84,1,102,174,9,1040
32,"San Juan, PR",139,2,116,0,135,226,18,738
32,"San Luis Obispo, CA",14,0,11,0,7,20,1,102
32,"Sanford, FL",29,16,33,0,32,66,10,220
32,"Santa Ana, CA",73,1,90,0,101,168,8,845
32,"Santa Barbara, CA",11,1,14,0,8,17,1,156
32,"Santa Fe, NM",10,5,7,0,2,19,0,70
32,"Santa Maria, CA",0,0,1,0,1,1,0,2
32,"Santa Rosa, CA",10,0,10,0,12,20,0,73
32,"Sarasota/Bradenton, FL",29,3,25,0,46,55,21,235
32,"Sault Ste. Marie, MI",3,0,2,1,0,4,0,14
32,"Savannah, GA",32,19,50,1,56,96,42,377
32,"Scottsbluff, NE",2,0,3,0,1,4,0,12
32,"Scranton/Wilkes-Barre, PA",9,0,9,0,10,14,1,35
32,"Seattle, WA",533,42,550,7,492,1002,35,3676
32,"Sheridan, WY",1,0,3,0,1,3,0,14
32,"Shreveport, LA",6,5,8,0,9,16,2,96
32,"Sioux City, IA",3,0,3,0,2,5,0,14
32,"Sioux Falls, SD",17,5,19,0,13,36,1,127
32,"Sitka, AK",2,5,3,1,6,13,4,42
32,"South Bend, IN",23,4,19,0,11,36,1,131
32,"Spokane, WA",36,4,44,2,41,75,1,376
32,"Springfield, IL",0,0,1,0,1,1,0,2
32,"Springfield, MO",26,9,31,0,31,55,1,211
32,"St. Cloud, MN",0,0,0,0,0,0,0,2
32,"St. George, UT",3,0,2,0,3,6,0,53
32,"St. Louis, MO",200,3,125,1,212,320,28,1305
32,"St. Petersburg, FL",16,9,20,0,20,42,9,210
32,"State College, PA",0,1,1,0,2,3,0,8
32,"Stillwater, OK",4,0,2,0,0,3,0,14
32,"Stockton, CA",3,0,3,0,3,5,0,11
32,"Sun Valley/Hailey/Ketchum, ID",6,1,6,0,1,10,0,44
32,"Syracuse, NY",43,11,53,0,49,81,15,262
32,"Tallahassee, FL",13,5,15,0,17,25,12,128
32,"Tampa, FL",236,21,203,2,241,385,114,1339
32,"Texarkana, AR",2,0,1,0,1,2,0,14
32,"Toledo, OH",0,0,1,0,1,1,0,6
32,"Traverse City, MI",22,7,28,0,23,46,2,143
32,"Trenton, NJ",2,0,2,0,6,10,0,33
32,"Tucson, AZ",28,9,27,0,38,66,0,319
32,"Tulsa, OK",25,3,33,1,42,68,3,349
32,"Twin Falls, ID",0,0,0,0,0,0,0,14
32,"Tyler, TX",3,0,1,0,0,3,0,21
32,"Valdosta, GA",1,0,1,0,2,2,2,14
32,"Valparaiso, FL",41,1,33,0,40,66,3,251
32,"Victoria, TX",0,0,0,0,2,2,0,12
32,"Waco, TX",3,1,2,0,3,5,1,21
32,"Walla Walla, WA",0,0,5,0,5,5,0,14
32,"Washington, DC",697,52,648,6,692,1202,163,3754
32,"West Palm Beach/Palm Beach, FL",102,19,108,1,141,184,35,443
32,"West Yellowstone, MT",2,0,1,0,0,2,0,16
32,"White Plains, NY",41,10,58,0,32,75,15,238
32,"Wichita Falls, TX",0,1,1,0,0,1,0,14
32,"Wichita, KS",17,3,22,0,17,43,3,215
32,"Williston, ND",2,1,4,0,2,6,0,39
32,"Wilmington, NC",19,10,38,0,46,64,14,200
32,"Worcester, MA",3,0,7,0,8,10,4,27
32,"Wrangell, AK",0,0,2,0,4,4,0,14
32,"Yakutat, AK",0,0,2,1,3,4,0,14
32,"Yuma, AZ",0,0,2,0,1,2,0,38
33,"Aberdeen, SD",1,3,4,1,0,5,0,14
33,"Abilene, TX",0,0,3,0,2,3,0,33
33,"Adak Island, AK",0,0,0,1,0,1,0,2
33,"Aguadilla, PR",7,0,9,0,12,13,1,42
33,"Akron, OH",7,1,8,0,6,18,0,67
33,"Albany, GA",3,1,0,0,0,4,0,14
33,"Albany, NY",36,3,28,0,32,53,3,249
33,"Albuquerque, NM",39,1,28,0,37,56,0,465
33,"Alexandria, LA",2,0,1,0,1,3,0,41
33,"Allentown/Bethlehem/Easton, PA",3,3,4,0,9,11,0,84
33,"Alpena, MI",1,0,2,0,0,2,0,12
33,"Amarillo, TX",4,2,3,0,2,8,1,107
33,"Anchorage, AK",37,1,35,0,41,66,6,520
33,"Appleton, WI",19,2,16,0,5,26,0,114
33,"Arcata/Eureka, CA",0,1,5,0,3,6,0,31
33,"Asheville, NC",49,9,46,1,46,82,4,268
33,"Ashland, WV",0,0,0,0,0,0,0,8
33,"Aspen, CO",21,6,21,0,20,50,0,146
33,"Atlanta, GA",725,102,652,6,423,1225,35,6715
33,"Atlantic City, NJ",1,0,3,0,2,5,1,66
33,"Augusta, GA",6,1,4,0,4,12,0,82
33,"Austin, TX",95,3,83,1,109,193,5,1612
33,"Bakersfield, CA",2,0,2,0,1,4,0,58
33,"Baltimore, MD",269,41,268,1,287,465,39,2020
33,"Bangor, ME",10,3,20,0,10,24,2,150
33,"Barrow, AK",0,0,3,3,2,3,0,7
33,"Baton Rouge, LA",7,3,8,0,10,17,0,93
33,"Beaumont/Port Arthur, TX",2,0,0,0,0,1,0,14
33,"Belleville, IL",1,1,0,0,3,3,0,18
33,"Bellingham, WA",4,0,3,0,4,8,0,38
33,"Bemidji, MN",3,0,2,0,0,4,0,14
33,"Bend/Redmond, OR",14,1,10,0,7,21,0,118
33,"Bethel, AK",0,0,0,0,0,0,0,14
33,"Billings, MT",9,0,7,0,5,13,1,92
33,"Binghamton, NY",0,0,0,0,0,0,0,7
33,"Birmingham, AL",19,4,19,1,32,52,2,329
33,"Bishop, CA",0,0,0,0,0,0,0,7
33,"Bismarck/Mandan, ND",7,0,8,0,3,13,0,77
33,"Bloomington/Normal, IL",1,0,1,0,0,2,0,33
33,"Boise, ID",36,4,27,0,32,70,1,465
33,"Boston, MA",405,32,381,2,363,666,47,3017
33,"Bozeman, MT",28,3,37,0,28,58,0,258
33,"Brainerd, MN",2,1,4,0,0,5,0,14
33,"Bristol/Johnson City/Kingsport, TN",2,1,2,0,4,6,0,44
33,"Brownsville, TX",2,0,1,0,2,4,0,48
33,"Brunswick, GA",2,0,0,0,0,1,0,14
33,"Buffalo, NY",33,9,52,2,55,83,9,468
33,"Burbank, CA",44,3,48,0,58,99,4,623
33,"Burlington, VT",17,5,22,0,18,34,2,200
33,"Butte, MT",1,0,0,0,0,1,0,14
33,"Casper, WY",6,0,4,0,3,10,1,56
33,"Cedar City, UT",1,0,0,0,0,1,0,12
33,"Cedar Rapids/Iowa City, IA",28,5,28,0,15,44,1,177
33,"Champaign/Urbana, IL",1,0,0,0,3,3,0,28
33,"Charleston, SC",28,2,40,0,44,74,10,525
33,"Charleston/Dunbar, WV",13,2,14,0,6,21,0,66
33,"Charlotte Amalie, VI",8,3,16,0,19,28,5,96
33,"Charlotte, NC",750,14,548,20,657,1093,32,4451
33,"Charlottesville, VA",3,0,11,0,3,13,2,59
33,"Chattanooga, TN",12,0,13,0,11,20,0,126
33,"Cheyenne, WY",0,0,0,0,0,0,0,13
33,"Chicago, IL",1012,89,1099,9,991,1893,52,7390
33,"Christiansted, VI",2,0,4,0,4,5,1,12
33,"Cincinnati, OH",61,12,71,0,62,123,11,800
33,"Clarksburg/Fairmont, WV",1,0,0,0,0,1,0,4
33,"Cleveland, OH",56,3,65,3,63,118,17,818
33,"Cody, WY",2,0,4,0,2,5,0,28
33,"College Station/Bryan, TX",1,0,0,0,2,3,0,21
33,"Colorado Springs, CO",31,3,22,0,31,54,1,248
33,"Columbia, MO",6,0,3,0,3,7,0,41
33,"Columbia, SC",10,0,14,0,8,23,3,136
33,"Columbus, GA",0,1,3,0,2,3,0,20
33,"Columbus, MS",0,0,0,0,0,0,0,14
33,"Columbus, OH",61,2,71,0,57,118,8,851
33,"Concord, NC",1,0,0,0,2,2,0,11
33,"Cordova, AK",0,0,1,1,3,4,0,14
33,"Corpus Christi, TX",2,0,4,0,2,4,0,72
33,"Dallas, TX",105,1,64,16,107,181,3,1308
33,"Dallas/Fort Worth, TX",1134,20,523,4,1105,1568,22,6324
33,"Dayton, OH",12,5,12,0,15,26,1,143
33,"Daytona Beach, FL",2,0,2,0,2,5,0,56
33,"Deadhorse, AK",1,0,0,0,0,1,0,11
33,"Decatur, IL",1,0,5,0,4,5,0,12
33,"Denver, CO",876,52,633,4,779,1425,28,6176
33,"Des Moines, IA",31,2,34,0,34,67,0,295
33,"Detroit, MI",349,18,262,0,139,521,17,2704
33,"Devils Lake, ND",0,0,0,0,0,0,3,13
33,"Dickinson, ND",0,0,0,0,0,0,0,13
33,"Dillingham, AK",0,0,1,0,0,0,0,7
33,"Dodge City, KS",3,0,3,0,1,4,0,12
33,"Dothan, AL",0,0,0,0,0,0,0,14
33,"Duluth, MN",8,1,9,0,6,14,0,56
33,"Durango, CO",5,0,3,0,5,11,1,82
33,"Eagle, CO",4,0,4,0,5,9,0,55
33,"El Paso, TX",18,0,21,0,25,39,0,364
33,"Elko, NV",0,0,0,0,0,0,0,7
33,"Elmira/Corning, NY",1,0,0,0,0,1,0,20
33,"Escanaba, MI",3,1,1,0,0,4,0,12
33,"Eugene, OR",22,0,13,0,13,25,0,128
33,"Evansville, IN",0,0,1,0,3,2,0,39
33,"Everett, WA",3,1,2,0,1,4,0,13
33,"Fairbanks, AK",10,0,6,0,8,15,1,88
33,"Fargo, ND",14,4,16,0,6,30,1,131
33,"Fayetteville, AR",18,5,20,0,13,43,1,282
33,"Fayetteville, NC",4,0,4,0,1,5,0,28
33,"Flagstaff, AZ",4,0,2,0,1,5,0,33
33,"Flint, MI",2,1,6,0,3,9,0,36
33,"Fort Dodge, IA",0,0,2,0,5,5,0,12
33,"Fort Lauderdale, FL",202,64,208,9,159,366,23,1546
33,"Fort Myers, FL",26,1,27,0,42,57,2,431
33,"Fort Smith, AR",1,1,1,0,1,3,0,27
33,"Fort Wayne, IN",13,4,11,0,6,22,0,79
33,"Fresno, CA",25,1,14,0,18,40,2,225
33,"Gainesville, FL",6,0,3,0,5,7,0,68
33,"Garden City, KS",0,0,0,0,2,1,0,14
33,"Gillette, WY",2,0,3,0,1,2,0,15
33,"Grand Forks, ND",2,1,4,0,0,4,0,23
33,"Grand Island, NE",4,0,1,0,0,4,0,18
33,"Grand Junction, CO",6,3,6,0,4,13,1,77
33,"Grand Rapids, MI",35,6,35,0,34,64,3,325
33,"Great Falls, MT",1,1,4,0,1,5,0,44
33,"Green Bay, WI",15,1,11,0,6,23,1,86
33,"Greensboro/High Point, NC",16,0,22,0,26,39,2,250
33,"Greer, SC",17,2,33,0,27,46,4,342
33,"Guam, TT",1,0,0,0,0,1,0,14
33,"Gulfport/Biloxi, MS",5,1,6,0,7,12,0,68
33,"Gunnison, CO",1,0,1,0,0,1,0,15
33,"Gustavus, AK",0,0,0,0,0,0,2,7
33,"Hagerstown, MD",0,0,1,0,0,1,0,7
33,"Hancock/Houghton, MI",2,0,3,0,2,5,0,14
33,"Harlingen/San Benito, TX",4,1,6,0,4,9,0,79
33,"Harrisburg, PA",15,2,8,0,10,22,0,109
33,"Hartford, CT",46,9,58,1,55,94,5,463
33,"Hattiesburg/Laurel, MS",3,0,0,0,0,3,0,12
33,"Hayden, CO",5,1,3,0,0,7,0,30
33,"Hays, KS",1,0,0,0,0,1,0,12
33,"Helena, MT",3,2,3,0,1,7,0,28
33,"Hibbing, MN",1,1,1,0,0,2,0,12
33,"Hilo, HI",8,0,0,0,7,11,0,128
33,"Hilton Head, SC",1,0,6,0,6,9,1,53
33,"Hobbs, NM",8,0,3,0,1,9,0,14
33,"Honolulu, HI",86,2,12,0,58,113,14,1206
33,"Houston, TX",378,17,239,1,296,558,32,3434
33,"Huntsville, AL",22,4,12,0,15,34,1,173
33,"Hyannis, MA",1,0,4,0,1,4,0,21
33,"Idaho Falls, ID",9,1,8,0,4,16,0,70
33,"Indianapolis, IN",65,12,80,0,59,131,11,875
33,"International Falls, MN",1,1,2,0,0,3,0,14
33,"Iron Mountain/Kingsfd, MI",1,1,1,0,0,2,0,14
33,"Islip, NY",9,1,7,0,12,15,2,84
33,"Ithaca/Cortland, NY",2,1,2,0,2,5,2,22
33,"Jackson, WY",14,3,23,0,22,36,0,158
33,"Jackson/Vicksburg, MS",16,2,5,0,12,22,0,119
33,"Jacksonville, FL",34,9,55,2,65,96,4,565
33,"Jacksonville/Camp Lejeune, NC",5,0,4,0,1,6,1,48
33,"Jamestown, ND",2,0,0,0,0,1,2,13
33,"Johnstown, PA",1,0,0,0,1,2,0,14
33,"Joplin, MO",0,0,0,0,0,0,0,12
33,"Juneau, AK",11,0,11,0,8,21,5,119
33,"Kahului, HI",32,1,6,0,31,46,3,517
33,"Kalamazoo, MI",4,1,0,0,0,5,0,20
33,"Kalispell, MT",15,0,14,0,19,29,0,127
33,"Kansas City, MO",53,5,76,0,66,118,7,985
33,"Ketchikan, AK",7,0,4,0,5,11,1,63
33,"Key West, FL",6,1,7,0,13,17,0,110
33,"Killeen, TX",2,0,3,0,5,5,0,33
33,"King Salmon, AK",0,0,1,0,1,1,0,9
33,"Knoxville, TN",27,2,25,0,30,48,2,332
33,"Kodiak, AK",0,1,0,0,3,3,0,18
33,"Kona, HI",23,0,4,0,29,32,2,319
33,"Kotzebue, AK",0,0,1,0,0,1,0,7
33,"La Crosse, WI",0,0,0,0,0,0,0,7
33,"Lafayette, LA",11,1,3,0,0,13,0,75
33,"Lake Charles, LA",0,0,0,0,1,1,0,21
33,"Lansing, MI",2,0,1,0,3,4,0,26
33,"Laramie, WY",1,1,2,0,0,4,0,12
33,"Laredo, TX",1,0,2,0,2,4,0,37
33,"Las Vegas, NV",387,28,340,3,329,640,9,3636
33,"Latrobe, PA",0,0,0,0,0,0,0,10
33,"Lawton/Fort Sill, OK",1,0,1,0,1,2,0,21
33,"Lewiston, ID",0,1,1,0,0,1,0,21
33,"Lexington, KY",15,3,22,0,17,33,0,172
33,"Liberal, KS",5,0,0,0,1,6,0,12
33,"Lihue, HI",13,0,1,0,18,23,7,325
33,"Lincoln, NE",4,1,5,0,4,11,0,49
33,"Little Rock, AR",17,6,22,0,18,37,0,247
33,"Long Beach, CA",14,2,17,0,15,30,0,324
33,"Longview, TX",0,0,0,0,1,1,0,14
33,"Los Angeles, CA",376,11,317,3,291,605,16,3935
33,"Louisville, KY",29,7,41,0,27,69,4,468
33,"Lubbock, TX",4,1,2,0,7,10,1,125
33,"Madison, WI",28,7,35,0,31,59,0,270
33,"Manchester, NH",8,0,10,0,11,15,0,135
33,"Manhattan/Ft. Riley, KS",0,0,1,0,2,3,0,21
33,"Marquette, MI",3,1,6,1,2,5,0,21
33,"Martha's Vineyard, MA",5,4,10,3,10,17,4,78
33,"Mason City, IA",0,0,3,0,3,3,0,12
33,"Medford, OR",6,3,3,0,4,9,0,80
33,"Melbourne, FL",3,1,4,0,3,7,0,54
33,"Memphis, TN",24,0,27,1,26,52,3,461
33,"Meridian, MS",1,0,0,0,0,1,0,12
33,"Miami, FL",234,95,177,4,297,468,16,1914
33,"Midland/Odessa, TX",18,0,8,0,11,26,0,190
33,"Milwaukee, WI",37,5,50,0,37,83,6,594
33,"Minneapolis, MN",319,49,320,2,227,581,4,2683
33,"Minot, ND",5,5,8,0,4,15,0,50
33,"Mission/McAllen/Edinburg, TX",5,0,4,0,9,13,0,103
33,"Missoula, MT",11,3,9,1,6,20,0,115
33,"Mobile, AL",3,0,7,0,4,9,0,53
33,"Moline, IL",5,0,5,0,4,10,0,78
33,"Monroe, LA",2,0,0,0,1,2,0,41
33,"Monterey, CA",5,0,9,0,8,15,0,102
33,"Montgomery, AL",5,2,4,0,3,8,1,54
33,"Montrose/Delta, CO",3,0,6,0,6,9,0,56
33,"Mosinee, WI",0,0,1,0,1,2,0,14
33,"Myrtle Beach, SC",25,2,37,1,37,60,7,375
33,"Nantucket, MA",8,0,12,1,15,18,5,107
33,"Nashville, TN",136,7,166,1,164,278,12,1975
33,"New Bern/Morehead/Beaufort, NC",1,0,0,0,0,1,0,7
33,"New Orleans, LA",79,15,66,1,98,151,4,828
33,"New York, NY",550,36,642,2,452,1030,271,5670
33,"Newark, NJ",258,30,199,6,213,412,143,2505
33,"Newburgh/Poughkeepsie, NY",0,0,0,0,1,1,0,7
33,"Niagara Falls, NY",0,0,0,0,0,0,0,5
33,"Nome, AK",2,0,2,1,3,2,0,7
33,"Norfolk, VA",42,3,43,0,36,79,7,449
33,"North Bend/Coos Bay, OR",1,0,1,0,1,2,0,9
33,"North Platte, NE",0,0,0,0,1,1,0,12
33,"Oakland, CA",66,1,41,0,74,115,0,804
33,"Oklahoma City, OK",38,2,35,0,26,66,1,446
33,"Omaha, NE",39,10,39,0,30,72,1,446
33,"Ontario, CA",29,0,28,0,39,63,3,554
33,"Orlando, FL",277,51,264,8,228,511,27,2726
33,"Pago Pago, TT",0,0,0,0,1,1,0,3
33,"Palm Springs, CA",8,1,13,0,4,21,0,136
33,"Panama City, FL",18,0,15,0,12,26,0,183
33,"Pasco/Kennewick/Richland, WA",9,1,7,0,3,15,0,101
33,"Pellston, MI",4,1,0,0,0,5,0,26
33,"Pensacola, FL",22,1,22,1,22,35,0,256
33,"Peoria, IL",6,0,5,0,6,10,0,65
33,"Petersburg, AK",0,0,1,0,3,4,0,14
33,"Philadelphia, PA",445,58,401,3,331,654,46,2351
33,"Phoenix, AZ",299,4,210,4,313,535,9,3577
33,"Pittsburgh, PA",71,21,102,0,87,160,9,905
33,"Plattsburgh, NY",3,0,3,0,3,5,0,7
33,"Pocatello, ID",0,1,0,0,0,1,0,14
33,"Ponce, PR",1,0,0,0,1,1,5,17
33,"Portland, ME",25,6,43,0,33,68,7,328
33,"Portland, OR",89,13,127,1,92,186,8,1240
33,"Portsmouth, NH",1,0,0,0,1,1,0,5
33,"Prescott, AZ",2,0,1,0,4,6,0,14
33,"Providence, RI",20,2,38,0,37,60,2,309
33,"Provo, UT",4,0,2,0,0,4,0,32
33,"Punta Gorda, FL",10,4,5,0,6,15,0,70
33,"Raleigh/Durham, NC",118,4,166,0,143,267,21,1253
33,"Rapid City, SD",13,1,18,0,10,25,0,130
33,"Redding, CA",1,0,0,0,2,3,0,28
33,"Reno, NV",37,2,32,0,39,68,4,422
33,"Rhinelander, WI",3,4,2,0,0,6,0,21
33,"Richmond, VA",34,1,40,0,31,68,4,355
33,"Riverton/Lander, WY",1,0,3,0,1,3,0,14
33,"Roanoke, VA",5,1,5,0,1,11,1,59
33,"Rochester, MN",3,1,6,0,4,9,0,27
33,"Rochester, NY",24,6,29,1,22,45,4,248
33,"Rock Springs, WY",3,0,3,0,0,3,0,14
33,"Rockford, IL",1,0,1,0,1,2,0,13
33,"Roswell, NM",6,0,1,0,0,6,0,21
33,"Sacramento, CA",79,3,62,0,100,150,5,1152
33,"Saginaw/Bay City/Midland, MI",5,1,2,0,0,7,0,46
33,"Saipan, TT",0,0,0,0,0,0,0,7
33,"Salina, KS",1,0,3,0,2,4,0,14
33,"Salt Lake City, UT",297,81,236,0,200,501,9,2217
33,"San Angelo, TX",1,0,1,0,1,1,1,21
33,"San Antonio, TX",45,2,47,0,62,109,6,822
33,"San Diego, CA",143,7,191,2,203,327,4,1976
33,"San Francisco, CA",268,11,213,2,260,494,10,2709
33,"San Jose, CA",65,5,54,0,66,134,4,1055
33,"San Juan, PR",163,38,182,2,169,283,31,662
33,"San Luis Obispo, CA",7,0,3,0,5,10,0,102
33,"Sanford, FL",9,3,3,0,5,13,0,132
33,"Santa Ana, CA",57,2,48,1,76,115,4,838
33,"Santa Barbara, CA",12,1,11,0,10,18,0,155
33,"Santa Fe, NM",5,4,4,0,5,15,0,70
33,"Santa Maria, CA",1,0,0,0,1,1,0,2
33,"Santa Rosa, CA",5,1,3,0,5,8,0,73
33,"Sarasota/Bradenton, FL",10,0,16,0,12,28,0,211
33,"Sault Ste. Marie, MI",1,1,1,0,0,2,0,14
33,"Savannah, GA",27,2,24,0,34,51,6,362
33,"Scottsbluff, NE",0,0,0,0,1,1,1,12
33,"Scranton/Wilkes-Barre, PA",4,1,6,0,5,8,0,35
33,"Seattle, WA",446,76,565,4,339,836,25,3670
33,"Sheridan, WY",1,0,2,0,0,2,0,14
33,"Shreveport, LA",5,1,4,0,8,13,0,93
33,"Sioux City, IA",1,0,1,0,0,2,0,14
33,"Sioux Falls, SD",15,7,16,0,10,28,0,116
33,"Sitka, AK",2,0,0,0,0,2,1,42
33,"South Bend, IN",24,3,14,0,6,28,0,130
33,"Spokane, WA",23,1,28,1,24,44,0,370
33,"Springfield, IL",0,0,0,0,0,0,0,1
33,"Springfield, MO",17,3,18,0,19,38,2,206
33,"St. Cloud, MN",0,0,0,0,0,0,0,1
33,"St. George, UT",6,4,4,0,1,11,0,53
33,"St. Louis, MO",91,3,101,0,101,190,6,1298
33,"St. Petersburg, FL",12,7,7,0,6,21,0,135
33,"State College, PA",0,0,0,0,1,1,1,12
33,"Stillwater, OK",1,0,0,0,0,1,0,14
33,"Stockton, CA",3,0,2,1,3,4,0,9
33,"Sun Valley/Hailey/Ketchum, ID",4,0,3,0,0,6,0,44
33,"Syracuse, NY",22,0,25,0,22,39,6,262
33,"Tallahassee, FL",7,0,6,0,11,15,2,131
33,"Tampa, FL",124,15,104,0,130,211,11,1320
33,"Texarkana, AR",0,0,0,0,0,0,0,14
33,"Toledo, OH",0,0,0,0,0,0,0,3
33,"Traverse City, MI",27,3,21,0,23,43,0,138
33,"Trenton, NJ",5,0,3,0,5,8,0,29
33,"Tucson, AZ",27,4,19,0,25,50,0,320
33,"Tulsa, OK",16,13,17,0,26,52,0,346
33,"Twin Falls, ID",2,0,1,0,0,1,0,14
33,"Tyler, TX",1,0,1,0,0,1,0,21
33,"Valdosta, GA",0,0,0,0,0,0,0,14
33,"Valparaiso, FL",21,2,16,0,27,37,0,205
33,"Victoria, TX",0,0,0,0,0,0,0,12
33,"Waco, TX",2,0,3,0,2,4,0,21
33,"Walla Walla, WA",0,0,0,0,0,0,0,14
33,"Washington, DC",331,65,409,3,381,706,44,3727
33,"West Palm Beach/Palm Beach, FL",43,2,52,0,52,82,3,436
33,"West Yellowstone, MT",1,1,0,0,0,2,0,16
33,"White Plains, NY",27,1,14,0,19,38,7,238
33,"Wichita Falls, TX",0,0,0,0,0,0,0,14
33,"Wichita, KS",21,5,14,0,18,42,2,209
33,"Williston, ND",5,1,4,0,0,7,0,38
33,"Wilmington, NC",16,3,22,0,25,37,4,200
33,"Worcester, MA",2,2,2,0,2,5,2,27
33,"Wrangell, AK",1,0,0,0,2,2,0,14
33,"Yakutat, AK",1,0,1,0,2,2,0,14
33,"Yuma, AZ",2,0,3,0,2,5,0,40
34,"Aberdeen, SD",1,0,0,0,0,1,0,14
34,"Abilene, TX",4,0,0,0,1,3,0,33
34,"Adak Island, AK",0,0,0,1,0,1,0,2
34,"Aguadilla, PR",10,1,7,0,12,14,2,42
34,"Akron, OH",6,0,8,0,9,15,0,66
34,"Albany, GA",1,0,0,0,0,1,1,14
34,"Albany, NY",17,8,19,0,24,40,2,249
34,"Albuquerque, NM",31,2,36,0,35,61,1,476
34,"Alexandria, LA",2,0,1,0,1,3,0,41
34,"Allentown/Bethlehem/Easton, PA",7,0,4,0,5,12,0,77
34,"Alpena, MI",2,1,0,0,0,3,0,12
34,"Amarillo, TX",10,0,8,0,8,18,0,102
34,"Anchorage, AK",40,0,33,0,33,59,3,482
34,"Appleton, WI",5,1,4,0,4,10,0,113
34,"Arcata/Eureka, CA",2,0,7,0,3,8,0,34
34,"Asheville, NC",20,2,17,0,25,36,6,260
34,"Ashland, WV",2,1,1,0,0,3,0,6
34,"Aspen, CO",20,2,16,0,4,32,0,142
34,"Atlanta, GA",595,4,343,2,333,869,23,6666
34,"Atlantic City, NJ",6,0,19,0,12,25,1,70
34,"Augusta, GA",7,0,2,0,7,10,0,82
34,"Austin, TX",114,16,102,0,126,244,7,1602
34,"Bakersfield, CA",3,0,5,0,2,7,0,64
34,"Baltimore, MD",294,4,172,1,274,429,7,2032
34,"Bangor, ME",7,2,18,0,14,24,5,147
34,"Barrow, AK",0,0,0,1,1,1,0,7
34,"Baton Rouge, LA",8,0,7,0,7,12,0,92
34,"Beaumont/Port Arthur, TX",0,0,0,0,0,0,0,14
34,"Belleville, IL",0,0,1,0,0,1,0,14
34,"Bellingham, WA",7,1,8,0,2,10,0,36
34,"Bemidji, MN",1,0,0,0,0,1,0,14
34,"Bend/Redmond, OR",10,3,24,0,7,27,0,128
34,"Bethel, AK",3,0,2,0,3,3,0,14
34,"Billings, MT",9,0,8,0,6,16,0,92
34,"Binghamton, NY",0,0,0,0,0,0,1,7
34,"Birmingham, AL",29,2,20,1,23,44,0,318
34,"Bishop, CA",0,0,0,0,0,0,0,7
34,"Bismarck/Mandan, ND",7,1,5,0,5,15,0,83
34,"Bloomington/Normal, IL",1,0,1,0,1,2,0,32
34,"Boise, ID",38,1,42,0,27,73,1,473
34,"Boston, MA",366,11,371,3,313,619,51,2997
34,"Bozeman, MT",19,10,28,0,20,49,0,245
34,"Brainerd, MN",0,0,1,0,0,1,0,14
34,"Bristol/Johnson City/Kingsport, TN",0,0,3,0,3,4,0,43
34,"Brownsville, TX",2,0,2,0,2,3,0,41
34,"Brunswick, GA",4,1,0,0,0,5,0,14
34,"Buffalo, NY",50,1,45,1,67,94,7,480
34,"Burbank, CA",28,1,54,0,47,88,8,611
34,"Burlington, VT",16,7,26,0,20,34,2,201
34,"Butte, MT",0,1,0,0,0,1,0,14
34,"Casper, WY",1,1,4,1,3,8,0,49
34,"Cedar City, UT",1,0,0,0,0,1,0,12
34,"Cedar Rapids/Iowa City, IA",12,5,25,0,9,32,0,182
34,"Champaign/Urbana, IL",1,0,0,0,1,2,0,28
34,"Charleston, SC",34,2,31,0,51,78,8,516
34,"Charleston/Dunbar, WV",12,0,7,0,5,16,0,68
34,"Charlotte Amalie, VI",16,3,10,0,20,29,1,82
34,"Charlotte, NC",651,123,460,13,719,1104,25,4454
34,"Charlottesville, VA",7,0,6,0,8,12,3,59
34,"Chattanooga, TN",7,0,4,0,7,13,0,125
34,"Cheyenne, WY",0,0,0,0,1,1,0,13
34,"Chicago, IL",797,12,723,3,783,1455,20,7577
34,"Christiansted, VI",3,0,3,0,4,5,0,12
34,"Cincinnati, OH",65,3,59,0,53,118,10,780
34,"Clarksburg/Fairmont, WV",0,0,0,0,0,0,0,2
34,"Cleveland, OH",44,1,54,1,55,98,16,800
34,"Cody, WY",8,2,4,0,1,11,0,22
34,"College Station/Bryan, TX",1,0,0,0,0,1,0,21
34,"Colorado Springs, CO",18,4,10,0,16,39,0,252
34,"Columbia, MO",1,0,2,0,1,3,0,41
34,"Columbia, SC",8,0,5,0,8,12,0,136
34,"Columbus, GA",1,0,0,0,1,1,0,20
34,"Columbus, MS",0,0,0,0,1,1,0,14
34,"Columbus, OH",57,0,61,0,70,130,8,862
34,"Concord, NC",1,0,3,0,5,5,0,10
34,"Cordova, AK",2,0,2,0,2,2,0,14
34,"Corpus Christi, TX",1,0,4,0,0,4,0,70
34,"Dallas, TX",88,1,54,0,87,141,2,1308
34,"Dallas/Fort Worth, TX",905,14,439,4,813,1280,24,6311
34,"Dayton, OH",9,0,11,0,12,21,1,142
34,"Daytona Beach, FL",3,2,1,0,3,6,0,56
34,"Deadhorse, AK",0,0,0,0,0,0,0,11
34,"Decatur, IL",0,0,0,0,0,0,0,12
34,"Denver, CO",738,83,665,1,742,1408,21,6097
34,"Des Moines, IA",20,0,18,0,17,37,2,294
34,"Detroit, MI",279,11,190,2,138,399,11,2739
34,"Devils Lake, ND",0,0,1,0,0,1,0,13
34,"Dickinson, ND",1,0,1,0,0,2,0,13
34,"Dillingham, AK",0,0,0,0,1,1,0,7
34,"Dodge City, KS",0,1,1,0,2,3,0,12
34,"Dothan, AL",3,0,0,0,0,3,1,14
34,"Duluth, MN",3,1,6,0,5,9,0,52
34,"Durango, CO",6,1,5,0,2,11,0,82
34,"Eagle, CO",3,0,2,0,5,9,0,53
34,"El Paso, TX",13,5,16,0,27,42,0,364
34,"Elko, NV",0,0,0,0,0,0,0,7
34,"Elmira/Corning, NY",3,0,0,0,1,4,0,18
34,"Escanaba, MI",2,1,1,0,0,3,0,12
34,"Eugene, OR",5,1,6,1,1,11,0,121
34,"Evansville, IN",2,0,1,0,4,4,0,38
34,"Everett, WA",0,0,2,0,0,2,0,14
34,"Fairbanks, AK",7,1,4,0,9,14,2,91
34,"Fargo, ND",13,2,17,0,8,29,0,130
34,"Fayetteville, AR",19,0,16,1,16,35,1,279
34,"Fayetteville, NC",4,1,5,0,0,7,0,28
34,"Flagstaff, AZ",2,0,1,0,1,2,0,33
34,"Flint, MI",1,0,1,0,1,2,0,34
34,"Fort Dodge, IA",0,0,2,0,3,3,0,12
34,"Fort Lauderdale, FL",253,85,276,10,279,481,18,1517
34,"Fort Myers, FL",35,24,41,0,61,99,5,431
34,"Fort Smith, AR",1,0,0,0,2,3,0,27
34,"Fort Wayne, IN",7,2,7,0,4,15,0,82
34,"Fresno, CA",15,0,11,0,13,30,3,232
34,"Gainesville, FL",6,0,2,0,7,8,1,67
34,"Garden City, KS",0,0,1,0,2,2,0,14
34,"Gillette, WY",0,1,3,0,1,3,0,14
34,"Grand Forks, ND",1,2,4,0,0,4,0,23
34,"Grand Island, NE",2,0,2,0,0,4,0,18
34,"Grand Junction, CO",8,1,9,0,5,15,1,77
34,"Grand Rapids, MI",23,0,26,0,26,46,6,335
34,"Great Falls, MT",1,0,3,0,1,4,0,43
34,"Green Bay, WI",3,1,9,0,6,13,0,93
34,"Greensboro/High Point, NC",15,7,24,0,20,43,5,249
34,"Greer, SC",24,1,16,0,25,46,3,332
34,"Guam, TT",2,0,0,0,0,2,0,14
34,"Gulfport/Biloxi, MS",1,0,2,0,2,3,0,68
34,"Gunnison, CO",4,0,0,0,1,5,0,15
34,"Gustavus, AK",0,0,0,0,0,0,0,7
34,"Hagerstown, MD",1,0,0,0,1,0,0,6
34,"Hancock/Houghton, MI",2,0,0,0,2,4,0,14
34,"Harlingen/San Benito, TX",1,0,1,0,0,1,0,79
34,"Harrisburg, PA",10,0,7,0,7,15,0,103
34,"Hartford, CT",58,7,51,0,52,99,3,482
34,"Hattiesburg/Laurel, MS",0,0,0,0,0,0,0,12
34,"Hayden, CO",4,0,3,0,2,8,0,30
34,"Hays, KS",0,0,0,0,1,1,0,12
34,"Helena, MT",2,1,5,0,1,5,0,28
34,"Hibbing, MN",1,0,0,0,0,1,0,12
34,"Hilo, HI",8,0,0,0,6,7,26,132
34,"Hilton Head, SC",0,0,3,0,6,6,1,52
34,"Hobbs, NM",4,0,1,0,1,4,0,14
34,"Honolulu, HI",78,1,9,2,43,95,31,1157
34,"Houston, TX",282,10,220,1,231,468,10,3295
34,"Huntsville, AL",10,0,11,0,8,20,1,172
34,"Hyannis, MA",3,1,5,0,3,6,0,21
34,"Idaho Falls, ID",2,1,1,0,2,4,0,68
34,"Indianapolis, IN",53,0,70,0,80,129,20,884
34,"International Falls, MN",1,0,0,0,0,1,0,14
34,"Iron Mountain/Kingsfd, MI",2,1,1,0,0,3,2,14
34,"Islip, NY",12,0,17,0,15,28,2,84
34,"Ithaca/Cortland, NY",0,2,1,0,1,2,2,28
34,"Jackson, WY",18,1,15,0,14,34,1,140
34,"Jackson/Vicksburg, MS",5,1,2,0,6,8,0,118
34,"Jacksonville, FL",48,5,44,0,63,92,6,556
34,"Jacksonville/Camp Lejeune, NC",4,0,0,0,4,5,1,48
34,"Jamestown, ND",0,0,0,0,0,0,0,13
34,"Johnstown, PA",0,0,0,0,0,0,0,14
34,"Joplin, MO",1,0,1,0,1,2,0,12
34,"Juneau, AK",4,0,8,0,9,13,0,116
34,"Kahului, HI",25,0,4,0,21,32,2,495
34,"Kalamazoo, MI",3,0,0,0,0,3,0,20
34,"Kalispell, MT",15,1,11,0,11,22,0,118
34,"Kansas City, MO",52,0,45,0,66,112,4,979
34,"Ketchikan, AK",2,3,9,2,9,17,1,61
34,"Key West, FL",14,10,15,2,30,41,2,109
34,"Killeen, TX",6,0,1,0,4,8,0,33
34,"King Salmon, AK",0,0,1,0,0,1,0,7
34,"Knoxville, TN",25,1,25,0,24,44,1,323
34,"Kodiak, AK",0,0,1,0,1,1,0,21
34,"Kona, HI",12,0,5,1,14,22,3,312
34,"Kotzebue, AK",0,0,0,0,0,0,0,7
34,"La Crosse, WI",0,0,0,0,0,0,0,7
34,"Lafayette, LA",9,0,0,0,3,10,0,61
34,"Lake Charles, LA",1,0,0,0,1,2,0,21
34,"Lansing, MI",1,0,1,0,0,1,0,26
34,"Laramie, WY",1,0,1,0,0,2,0,12
34,"Laredo, TX",0,0,1,0,2,1,0,36
34,"Las Vegas, NV",341,14,313,4,288,582,16,3636
34,"Latrobe, PA",0,0,0,0,0,0,0,8
34,"Lawton/Fort Sill, OK",0,1,0,0,1,2,0,21
34,"Lewiston, ID",1,0,1,0,0,1,0,21
34,"Lexington, KY",9,0,10,0,15,27,1,176
34,"Liberal, KS",1,0,1,0,2,3,1,12
34,"Lihue, HI",10,0,2,0,12,17,2,299
34,"Lincoln, NE",3,0,6,0,3,9,0,49
34,"Little Rock, AR",12,0,11,1,9,24,2,250
34,"Long Beach, CA",14,1,9,1,13,28,0,324
34,"Longview, TX",1,0,1,0,2,4,0,14
34,"Los Angeles, CA",358,11,307,3,273,621,11,3850
34,"Louisville, KY",29,2,35,0,22,50,2,463
34,"Lubbock, TX",3,0,2,0,4,7,1,125
34,"Madison, WI",24,1,18,2,22,47,2,266
34,"Manchester, NH",10,1,9,0,8,18,1,135
34,"Manhattan/Ft. Riley, KS",1,0,1,0,2,4,0,21
34,"Marquette, MI",5,0,5,1,4,7,0,21
34,"Martha's Vineyard, MA",7,4,8,0,11,15,4,78
34,"Mason City, IA",0,0,1,0,3,4,0,12
34,"Medford, OR",8,0,1,0,3,11,0,84
34,"Melbourne, FL",5,3,4,0,9,11,0,52
34,"Memphis, TN",32,0,29,1,27,55,4,458
34,"Meridian, MS",0,0,0,0,0,0,0,12
34,"Miami, FL",391,245,374,8,568,840,24,1896
34,"Midland/Odessa, TX",7,1,4,0,3,12,0,192
34,"Milwaukee, WI",35,0,32,0,31,67,9,594
34,"Minneapolis, MN",181,18,132,0,116,306,4,2685
34,"Minot, ND",6,0,4,0,1,8,0,45
34,"Mission/McAllen/Edinburg, TX",12,0,8,0,11,20,0,101
34,"Missoula, MT",12,4,14,0,7,23,1,105
34,"Mobile, AL",2,0,1,0,3,4,0,52
34,"Moline, IL",9,0,7,0,6,13,0,76
34,"Monroe, LA",2,0,1,0,1,2,0,40
34,"Monterey, CA",10,1,11,0,7,21,0,97
34,"Montgomery, AL",2,0,4,0,3,5,0,54
34,"Montrose/Delta, CO",2,0,2,0,2,4,0,56
34,"Mosinee, WI",1,0,1,0,0,2,0,14
34,"Myrtle Beach, SC",20,3,32,0,35,60,5,373
34,"Nantucket, MA",6,1,7,0,9,15,6,105
34,"Nashville, TN",122,1,130,0,140,249,13,1972
34,"New Bern/Morehead/Beaufort, NC",1,0,0,0,2,2,0,7
34,"New Orleans, LA",74,0,74,0,89,142,5,826
34,"New York, NY",661,21,599,11,500,1069,169,5659
34,"Newark, NJ",291,24,265,2,229,484,120,2526
34,"Newburgh/Poughkeepsie, NY",0,2,1,0,1,2,0,7
34,"Niagara Falls, NY",2,0,1,0,2,3,0,4
34,"Nome, AK",2,0,1,0,2,3,0,7
34,"Norfolk, VA",31,6,35,0,41,68,10,450
34,"North Bend/Coos Bay, OR",0,0,2,0,4,4,0,9
34,"North Platte, NE",0,0,1,0,2,3,0,12
34,"Oakland, CA",55,1,37,1,65,102,3,795
34,"Oklahoma City, OK",16,1,25,0,18,41,2,440
34,"Omaha, NE",30,1,38,0,30,65,3,448
34,"Ontario, CA",35,4,29,0,33,71,2,542
34,"Orlando, FL",361,224,477,19,461,874,26,2708
34,"Pago Pago, TT",0,0,0,0,0,0,0,3
34,"Palm Springs, CA",9,1,14,0,10,25,1,152
34,"Panama City, FL",7,0,4,0,11,12,0,189
34,"Pasco/Kennewick/Richland, WA",6,1,8,0,4,13,0,89
34,"Pellston, MI",2,1,0,0,0,3,0,26
34,"Pensacola, FL",17,1,18,1,19,33,0,251
34,"Peoria, IL",8,0,6,0,7,11,0,65
34,"Petersburg, AK",1,0,0,0,0,1,0,14
34,"Philadelphia, PA",402,6,270,2,322,570,18,2361
34,"Phoenix, AZ",350,100,369,4,387,683,14,3599
34,"Pittsburgh, PA",60,2,74,0,71,129,15,904
34,"Plattsburgh, NY",1,0,1,0,3,4,0,6
34,"Pocatello, ID",1,0,0,0,0,1,0,14
34,"Ponce, PR",2,0,1,0,5,6,0,16
34,"Portland, ME",29,0,31,0,30,56,9,343
34,"Portland, OR",93,3,150,0,84,203,3,1264
34,"Portsmouth, NH",1,0,0,0,1,1,0,5
34,"Prescott, AZ",6,0,6,0,5,11,0,14
34,"Providence, RI",22,0,36,0,35,55,3,323
34,"Provo, UT",2,0,4,0,3,4,0,29
34,"Punta Gorda, FL",8,6,4,1,8,16,0,63
34,"Raleigh/Durham, NC",111,2,102,1,120,201,12,1248
34,"Rapid City, SD",13,1,10,0,5,20,0,129
34,"Redding, CA",1,0,4,0,2,5,0,35
34,"Reno, NV",42,4,35,0,51,82,1,459
34,"Rhinelander, WI",5,2,3,0,0,7,0,21
34,"Richmond, VA",30,2,30,0,32,59,5,339
34,"Riverton/Lander, WY",0,0,4,0,2,4,0,14
34,"Roanoke, VA",4,0,5,0,4,8,2,59
34,"Rochester, MN",1,0,1,0,3,3,0,27
34,"Rochester, NY",38,0,22,0,30,46,5,243
34,"Rock Springs, WY",1,0,0,0,0,1,0,14
34,"Rockford, IL",0,0,0,0,1,1,0,14
34,"Roswell, NM",1,0,0,0,0,1,0,21
34,"Sacramento, CA",83,4,67,1,99,178,4,1154
34,"Saginaw/Bay City/Midland, MI",3,0,0,0,1,4,0,45
34,"Saipan, TT",1,0,1,0,2,2,0,7
34,"Salina, KS",1,0,0,0,1,2,0,14
34,"Salt Lake City, UT",219,15,155,0,118,337,6,2216
34,"San Angelo, TX",0,0,0,0,1,1,0,21
34,"San Antonio, TX",30,2,50,0,47,87,3,824
34,"San Diego, CA",154,11,235,0,194,352,10,1918
34,"San Francisco, CA",246,7,257,0,296,513,22,2770
34,"San Jose, CA",54,4,68,0,61,134,8,1058
34,"San Juan, PR",99,3,55,0,103,155,6,630
34,"San Luis Obispo, CA",7,1,15,0,9,20,0,113
34,"Sanford, FL",8,6,10,0,7,22,0,110
34,"Santa Ana, CA",55,3,56,0,68,121,4,832
34,"Santa Barbara, CA",7,1,7,0,6,12,2,154
34,"Santa Fe, NM",4,2,6,0,3,9,0,70
34,"Santa Maria, CA",0,0,0,0,0,0,0,2
34,"Santa Rosa, CA",6,1,15,0,14,22,0,79
34,"Sarasota/Bradenton, FL",9,4,9,0,23,30,2,206
34,"Sault Ste. Marie, MI",1,1,1,0,0,2,0,14
34,"Savannah, GA",22,1,28,0,25,43,7,360
34,"Scottsbluff, NE",1,1,2,0,1,5,0,12
34,"Scranton/Wilkes-Barre, PA",4,0,8,1,9,13,0,33
34,"Seattle, WA",537,35,709,1,573,1063,25,3573
34,"Sheridan, WY",1,0,3,0,1,3,0,14
34,"Shreveport, LA",9,0,4,1,8,14,0,91
34,"Sioux City, IA",2,0,3,0,1,3,0,14
34,"Sioux Falls, SD",7,2,12,0,7,19,2,122
34,"Sitka, AK",4,1,5,2,4,10,1,36
34,"South Bend, IN",15,0,9,0,9,21,0,134
34,"Spokane, WA",23,4,41,0,29,59,0,374
34,"Springfield, MO",22,4,14,0,17,38,0,213
34,"St. George, UT",11,2,5,0,0,13,0,53
34,"St. Louis, MO",77,2,71,0,90,156,8,1292
34,"St. Petersburg, FL",4,14,12,0,9,24,0,107
34,"State College, PA",1,0,4,0,2,4,0,13
34,"Stillwater, OK",1,0,0,0,0,1,0,14
34,"Stockton, CA",2,0,2,0,1,2,0,8
34,"Sun Valley/Hailey/Ketchum, ID",6,3,4,0,0,9,0,44
34,"Syracuse, NY",37,5,25,0,29,48,5,250
34,"Tallahassee, FL",18,0,10,0,20,27,2,130
34,"Tampa, FL",110,64,124,0,151,266,17,1319
34,"Texarkana, AR",2,0,1,0,1,3,0,14
34,"Toledo, OH",0,1,0,0,1,1,0,2
34,"Traverse City, MI",12,3,10,0,16,22,1,132
34,"Trenton, NJ",1,0,3,0,5,6,2,28
34,"Tucson, AZ",24,13,41,0,29,62,2,335
34,"Tulsa, OK",8,0,12,0,14,28,1,343
34,"Twin Falls, ID",1,1,0,0,0,2,0,14
34,"Tyler, TX",0,0,0,0,0,0,0,21
34,"Valdosta, GA",1,0,0,0,1,1,0,14
34,"Valparaiso, FL",16,2,17,0,22,33,1,195
34,"Victoria, TX",0,0,1,0,1,1,0,12
34,"Waco, TX",5,1,2,0,2,6,0,21
34,"Walla Walla, WA",1,0,2,0,2,3,0,14
34,"Washington, DC",313,14,293,1,362,628,27,3715
34,"West Palm Beach/Palm Beach, FL",59,28,61,0,96,133,5,440
34,"West Yellowstone, MT",0,1,0,0,0,1,0,16
34,"White Plains, NY",42,6,33,1,35,60,3,238
34,"Wichita Falls, TX",0,0,0,0,0,0,0,14
34,"Wichita, KS",9,8,13,0,18,35,0,207
34,"Williston, ND",5,1,3,0,2,8,0,38
34,"Wilmington, NC",14,3,13,0,24,34,4,197
34,"Worcester, MA",2,0,6,0,6,8,2,27
34,"Wrangell, AK",0,0,1,0,0,1,1,14
34,"Yakutat, AK",1,0,2,1,1,3,1,14
34,"Yuma, AZ",3,0,3,0,4,6,0,40
35,"Aberdeen, SD",0,1,0,0,0,1,0,14
35,"Abilene, TX",1,0,0,0,2,2,0,32
35,"Adak Island, AK",0,0,0,0,0,0,0,2
35,"Aguadilla, PR",5,0,2,0,5,8,0,42
35,"Akron, OH",4,2,9,0,5,13,1,63
35,"Albany, GA",1,0,0,0,0,1,0,14
35,"Albany, NY",28,0,28,0,25,43,3,228
35,"Albuquerque, NM",31,7,39,0,39,67,0,449
35,"Alexandria, LA",2,1,0,0,3,4,0,36
35,"Allentown/Bethlehem/Easton, PA",1,0,2,0,4,6,0,73
35,"Alpena, MI",3,1,1,0,0,4,0,12
35,"Amarillo, TX",10,1,14,1,13,25,0,97
35,"Anchorage, AK",35,4,28,0,35,63,2,479
35,"Appleton, WI",14,5,11,0,1,26,0,107
35,"Arcata/Eureka, CA",2,1,3,0,2,7,5,35
35,"Asheville, NC",25,10,24,0,37,54,3,248
35,"Ashland, WV",1,1,3,0,1,4,0,5
35,"Aspen, CO",19,6,20,0,16,42,0,140
35,"Atlanta, GA",596,31,442,1,361,920,22,6086
35,"Atlantic City, NJ",3,1,10,0,9,11,0,62
35,"Augusta, GA",3,1,7,0,6,10,2,75
35,"Austin, TX",113,12,125,0,130,239,7,1491
35,"Bakersfield, CA",4,0,3,0,2,6,0,61
35,"Baltimore, MD",304,19,223,1,296,479,21,1920
35,"Bangor, ME",10,2,19,0,15,23,2,140
35,"Barrow, AK",0,0,2,1,2,2,0,7
35,"Baton Rouge, LA",9,3,2,0,5,14,2,84
35,"Beaumont/Port Arthur, TX",1,0,1,0,1,2,0,14
35,"Belleville, IL",4,0,2,0,3,5,0,15
35,"Bellingham, WA",2,0,2,0,1,3,1,35
35,"Bemidji, MN",3,1,2,0,0,4,0,14
35,"Bend/Redmond, OR",7,0,11,0,7,16,0,122
35,"Bethel, AK",0,0,2,1,2,2,0,14
35,"Billings, MT",4,0,4,0,5,6,0,89
35,"Binghamton, NY",0,0,1,0,0,1,0,7
35,"Birmingham, AL",23,9,25,0,26,51,6,297
35,"Bishop, CA",0,0,0,0,0,0,0,7
35,"Bismarck/Mandan, ND",6,1,4,0,1,9,0,77
35,"Bloomington/Normal, IL",4,0,2,0,0,5,0,32
35,"Boise, ID",20,0,17,1,12,38,0,447
35,"Boston, MA",317,7,264,1,275,531,17,2866
35,"Bozeman, MT",12,0,12,0,10,23,0,226
35,"Brainerd, MN",2,0,0,0,0,2,0,14
35,"Bristol/Johnson City/Kingsport, TN",2,1,2,0,1,3,0,39
35,"Brownsville, TX",2,0,5,0,3,6,0,38
35,"Brunswick, GA",3,0,1,0,0,3,0,14
35,"Buffalo, NY",44,1,41,0,61,83,3,454
35,"Burbank, CA",36,0,34,1,44,75,3,577
35,"Burlington, VT",14,1,26,0,16,39,4,188
35,"Butte, MT",0,0,0,0,0,0,0,14
35,"Casper, WY",2,0,1,0,1,3,0,49
35,"Cedar City, UT",0,0,0,0,0,0,0,12
35,"Cedar Rapids/Iowa City, IA",13,6,26,0,8,34,2,178
35,"Champaign/Urbana, IL",1,0,1,0,3,3,0,30
35,"Charleston, SC",43,0,58,1,55,95,8,485
35,"Charleston/Dunbar, WV",9,6,3,0,5,17,3,63
35,"Charlotte Amalie, VI",3,1,8,0,7,10,0,80
35,"Charlotte, NC",580,292,480,11,646,1119,206,3927
35,"Charlottesville, VA",8,0,7,0,4,11,0,57
35,"Chattanooga, TN",9,0,9,0,8,19,2,116
35,"Cheyenne, WY",0,0,1,0,1,1,0,13
35,"Chicago, IL",897,156,1109,4,881,1803,54,7154
35,"Christiansted, VI",2,0,3,0,3,5,0,12
35,"Cincinnati, OH",61,14,71,1,62,133,8,738
35,"Clarksburg/Fairmont, WV",1,0,0,0,1,1,0,2
35,"Cleveland, OH",38,2,70,1,44,99,10,759
35,"Cody, WY",3,0,2,0,0,3,0,22
35,"College Station/Bryan, TX",0,0,5,0,3,6,0,24
35,"Colorado Springs, CO",11,1,14,0,15,27,0,246
35,"Columbia, MO",4,0,1,0,4,5,0,37
35,"Columbia, SC",8,2,13,0,8,19,3,131
35,"Columbus, GA",1,0,1,0,0,2,0,16
35,"Columbus, MS",0,0,0,0,0,0,0,14
35,"Columbus, OH",48,2,58,0,62,109,4,802
35,"Concord, NC",2,0,0,0,0,2,0,10
35,"Cordova, AK",1,0,5,1,6,6,0,14
35,"Corpus Christi, TX",3,0,6,0,6,10,0,66
35,"Dallas, TX",164,3,146,0,204,282,3,1269
35,"Dallas/Fort Worth, TX",899,19,776,8,767,1417,15,5905
35,"Dayton, OH",10,1,9,0,8,20,1,136
35,"Daytona Beach, FL",2,1,1,0,2,4,1,49
35,"Deadhorse, AK",1,0,0,0,4,4,0,11
35,"Decatur, IL",0,0,3,0,3,4,0,12
35,"Denver, CO",611,18,584,5,562,1126,15,5945
35,"Des Moines, IA",12,5,23,0,19,36,3,272
35,"Detroit, MI",263,45,236,1,113,446,13,2451
35,"Devils Lake, ND",1,1,0,0,0,2,0,13
35,"Dickinson, ND",0,0,1,0,0,0,0,12
35,"Dillingham, AK",0,0,0,0,0,0,0,7
35,"Dodge City, KS",1,0,0,0,0,1,0,12
35,"Dothan, AL",1,0,0,0,0,1,0,14
35,"Duluth, MN",6,1,5,0,1,8,0,50
35,"Durango, CO",6,0,3,0,4,10,0,77
35,"Eagle, CO",1,0,1,0,2,3,0,52
35,"El Paso, TX",15,0,21,0,38,53,1,348
35,"Elko, NV",1,0,0,0,0,1,0,7
35,"Elmira/Corning, NY",2,0,0,1,1,3,0,18
35,"Escanaba, MI",1,0,0,0,0,1,0,12
35,"Eugene, OR",3,0,4,0,4,8,0,111
35,"Evansville, IN",2,0,2,0,4,4,0,34
35,"Everett, WA",0,0,1,0,1,2,0,13
35,"Fairbanks, AK",6,1,7,0,8,13,0,92
35,"Fargo, ND",13,2,11,0,3,21,1,124
35,"Fayetteville, AR",18,4,19,0,13,32,3,255
35,"Fayetteville, NC",4,1,3,0,0,6,0,27
35,"Flagstaff, AZ",1,0,0,0,0,1,0,31
35,"Flint, MI",5,1,7,0,4,11,0,35
35,"Fort Dodge, IA",0,0,2,0,1,2,0,12
35,"Fort Lauderdale, FL",234,78,248,2,159,393,11,1427
35,"Fort Myers, FL",33,13,49,0,56,81,1,407
35,"Fort Smith, AR",2,1,2,0,5,4,0,25
35,"Fort Wayne, IN",14,2,9,0,5,21,1,78
35,"Fresno, CA",20,0,23,0,13,34,0,221
35,"Gainesville, FL",5,3,5,0,8,11,3,64
35,"Garden City, KS",1,0,2,0,3,4,0,14
35,"Gillette, WY",0,1,1,0,0,1,0,14
35,"Grand Forks, ND",2,3,4,0,1,7,0,23
35,"Grand Island, NE",2,1,3,0,1,3,0,18
35,"Grand Junction, CO",5,0,8,0,6,11,0,72
35,"Grand Rapids, MI",18,7,33,1,21,50,3,311
35,"Great Falls, MT",0,0,0,0,0,0,0,42
35,"Green Bay, WI",8,1,10,0,6,18,0,82
35,"Greensboro/High Point, NC",17,19,27,0,27,49,5,236
35,"Greer, SC",24,10,28,0,25,50,4,307
35,"Guam, TT",0,0,0,0,0,0,0,14
35,"Gulfport/Biloxi, MS",4,2,3,0,7,9,0,61
35,"Gunnison, CO",0,0,0,0,0,0,0,15
35,"Gustavus, AK",0,0,0,0,0,0,0,4
35,"Hagerstown, MD",0,0,1,0,1,1,0,6
35,"Hancock/Houghton, MI",4,0,3,0,3,7,0,14
35,"Harlingen/San Benito, TX",4,0,10,0,9,16,0,76
35,"Harrisburg, PA",11,3,15,0,6,21,2,89
35,"Hartford, CT",21,4,27,0,27,51,7,447
35,"Hattiesburg/Laurel, MS",1,0,3,0,6,7,0,12
35,"Hayden, CO",3,0,3,0,0,5,0,30
35,"Hays, KS",1,0,0,0,1,2,0,12
35,"Helena, MT",0,0,0,0,1,1,0,28
35,"Hibbing, MN",2,1,2,0,0,3,0,12
35,"Hilo, HI",7,1,1,0,8,11,0,130
35,"Hilton Head, SC",2,1,3,0,1,4,0,50
35,"Hobbs, NM",5,0,0,0,0,4,0,14
35,"Honolulu, HI",73,1,10,1,39,92,9,1149
35,"Houston, TX",413,108,395,0,413,786,12,3170
35,"Huntsville, AL",22,2,17,0,14,31,4,156
35,"Hyannis, MA",3,2,6,1,5,9,0,21
35,"Idaho Falls, ID",1,0,0,0,2,1,0,66
35,"Indianapolis, IN",59,8,82,0,52,126,8,820
35,"International Falls, MN",3,1,1,0,0,4,0,14
35,"Iron Mountain/Kingsfd, MI",0,1,1,0,0,1,0,14
35,"Islip, NY",3,0,11,0,12,18,0,81
35,"Ithaca/Cortland, NY",1,1,1,0,2,3,0,15
35,"Jackson, WY",11,0,13,0,8,19,1,128
35,"Jackson/Vicksburg, MS",6,5,5,0,13,21,3,107
35,"Jacksonville, FL",49,2,48,0,57,86,6,518
35,"Jacksonville/Camp Lejeune, NC",2,0,1,0,0,3,3,44
35,"Jamestown, ND",2,0,1,0,0,2,0,13
35,"Johnstown, PA",2,0,2,0,1,3,0,14
35,"Joplin, MO",1,0,1,0,0,1,1,12
35,"Juneau, AK",6,0,10,1,11,19,0,113
35,"Kahului, HI",22,2,3,0,23,33,2,488
35,"Kalamazoo, MI",1,0,0,0,0,1,0,14
35,"Kalispell, MT",9,0,3,0,6,13,0,111
35,"Kansas City, MO",46,6,96,0,63,128,7,904
35,"Ketchikan, AK",5,0,6,1,8,15,0,61
35,"Key West, FL",5,6,10,0,9,17,1,108
35,"Killeen, TX",1,0,1,0,4,4,0,31
35,"King Salmon, AK",0,0,0,0,0,0,0,7
35,"Knoxville, TN",19,1,24,0,17,37,4,304
35,"Kodiak, AK",1,0,1,0,1,1,0,21
35,"Kona, HI",8,1,3,0,9,15,3,308
35,"Kotzebue, AK",0,0,0,0,0,0,0,7
35,"La Crosse, WI",1,0,0,0,0,1,0,4
35,"Lafayette, LA",0,6,3,0,2,6,1,54
35,"Lake Charles, LA",2,0,2,0,0,2,0,20
35,"Lansing, MI",3,3,4,0,4,9,0,20
35,"Laramie, WY",0,0,0,0,2,2,0,12
35,"Laredo, TX",4,0,6,0,6,8,0,33
35,"Las Vegas, NV",333,14,305,2,336,628,16,3473
35,"Latrobe, PA",1,0,0,0,0,1,0,8
35,"Lawton/Fort Sill, OK",4,0,2,0,0,4,0,20
35,"Lewiston, ID",2,0,1,0,0,2,0,21
35,"Lexington, KY",6,4,8,0,13,21,6,160
35,"Liberal, KS",0,0,0,0,1,1,0,12
35,"Lihue, HI",12,2,6,0,15,22,6,296
35,"Lincoln, NE",0,0,0,0,2,2,1,49
35,"Little Rock, AR",18,6,27,0,22,46,2,232
35,"Long Beach, CA",15,0,17,0,20,32,0,308
35,"Longview, TX",3,0,1,0,2,3,0,14
35,"Los Angeles, CA",248,3,284,3,194,472,10,3659
35,"Louisville, KY",30,1,31,0,22,58,4,428
35,"Lubbock, TX",12,0,9,1,13,22,0,119
35,"Madison, WI",20,6,24,1,16,43,0,233
35,"Manchester, NH",7,1,14,0,10,23,3,122
35,"Manhattan/Ft. Riley, KS",1,0,0,0,0,1,0,21
35,"Marquette, MI",2,0,1,0,2,3,0,20
35,"Martha's Vineyard, MA",13,0,12,1,12,19,2,78
35,"Mason City, IA",0,0,1,0,1,1,0,12
35,"Medford, OR",4,0,3,0,3,6,1,76
35,"Melbourne, FL",3,1,5,0,2,6,2,47
35,"Memphis, TN",41,7,45,0,41,78,4,418
35,"Meridian, MS",1,0,2,0,2,2,0,12
35,"Miami, FL",327,147,394,6,341,648,12,1858
35,"Midland/Odessa, TX",3,7,14,0,21,27,0,177
35,"Milwaukee, WI",36,9,46,0,50,92,4,555
35,"Minneapolis, MN",237,96,274,0,134,450,9,2424
35,"Minot, ND",6,1,6,0,2,9,0,39
35,"Mission/McAllen/Edinburg, TX",8,1,5,0,7,16,0,93
35,"Missoula, MT",11,0,8,0,6,15,0,100
35,"Mobile, AL",1,0,2,0,1,3,0,46
35,"Moline, IL",7,0,9,0,5,12,0,75
35,"Monroe, LA",2,0,1,0,1,3,0,34
35,"Monterey, CA",6,0,8,0,2,12,0,93
35,"Montgomery, AL",6,1,4,0,5,8,0,49
35,"Montrose/Delta, CO",2,0,3,0,3,6,0,55
35,"Mosinee, WI",0,0,2,0,2,3,0,14
35,"Myrtle Beach, SC",28,3,35,0,40,60,4,351
35,"Nantucket, MA",8,0,10,0,14,19,3,104
35,"Nashville, TN",172,30,177,0,219,340,17,1859
35,"New Bern/Morehead/Beaufort, NC",0,0,1,0,1,1,1,4
35,"New Orleans, LA",84,26,91,0,94,166,11,792
35,"New York, NY",594,28,736,5,517,1170,35,5620
35,"Newark, NJ",247,41,334,4,232,499,13,2459
35,"Newburgh/Poughkeepsie, NY",1,0,0,0,1,2,0,7
35,"Niagara Falls, NY",0,0,2,0,1,1,0,4
35,"Nome, AK",2,0,2,0,3,3,0,7
35,"Norfolk, VA",41,4,47,0,39,80,9,417
35,"North Bend/Coos Bay, OR",1,0,1,0,3,5,0,9
35,"North Platte, NE",1,0,1,0,1,2,0,12
35,"Oakland, CA",62,0,33,5,42,95,4,757
35,"Oklahoma City, OK",32,5,32,0,25,58,1,416
35,"Omaha, NE",33,4,32,0,29,62,1,422
35,"Ontario, CA",26,0,30,0,32,57,5,513
35,"Orlando, FL",300,161,361,4,285,630,11,2573
35,"Pago Pago, TT",1,0,0,0,0,1,0,3
35,"Palm Springs, CA",9,0,11,0,4,16,1,147
35,"Panama City, FL",12,2,14,0,18,28,0,172
35,"Pasco/Kennewick/Richland, WA",7,0,4,0,2,9,0,84
35,"Pellston, MI",0,1,1,0,0,1,0,26
35,"Pensacola, FL",20,2,22,0,21,37,2,231
35,"Peoria, IL",7,0,5,0,5,15,1,65
35,"Petersburg, AK",0,0,1,0,3,3,1,14
35,"Philadelphia, PA",286,14,331,2,266,512,47,2114
35,"Phoenix, AZ",350,5,283,3,310,584,8,3368
35,"Pittsburgh, PA",63,35,100,1,88,172,9,851
35,"Plattsburgh, NY",0,0,0,0,0,0,0,6
35,"Pocatello, ID",0,0,0,0,0,0,0,13
35,"Ponce, PR",0,0,2,0,2,2,0,16
35,"Portland, ME",23,4,34,0,30,56,6,329
35,"Portland, OR",74,1,84,0,75,153,2,1199
35,"Portsmouth, NH",0,1,0,0,0,1,0,5
35,"Prescott, AZ",1,0,1,0,1,2,0,14
35,"Providence, RI",17,11,37,0,36,59,6,299
35,"Provo, UT",4,0,2,0,1,4,0,32
35,"Punta Gorda, FL",5,8,9,0,7,17,0,63
35,"Raleigh/Durham, NC",98,81,138,0,170,278,19,1173
35,"Rapid City, SD",4,1,9,0,4,11,0,126
35,"Redding, CA",2,0,1,0,3,5,0,35
35,"Reno, NV",23,1,29,1,42,65,1,441
35,"Rhinelander, WI",0,2,2,0,0,2,0,21
35,"Richmond, VA",33,7,30,0,32,57,2,314
35,"Riverton/Lander, WY",0,0,0,0,0,0,0,14
35,"Roanoke, VA",3,0,5,0,3,8,0,54
35,"Rochester, MN",1,2,2,0,2,4,0,22
35,"Rochester, NY",26,3,29,1,25,45,4,223
35,"Rock Springs, WY",0,0,0,0,0,0,0,14
35,"Rockford, IL",1,0,1,0,2,3,0,14
35,"Roswell, NM",2,2,2,0,0,5,1,20
35,"Sacramento, CA",82,1,58,0,77,142,8,1090
35,"Saginaw/Bay City/Midland, MI",3,3,5,0,3,8,0,41
35,"Saipan, TT",0,0,0,0,0,0,0,7
35,"Salina, KS",1,0,2,0,1,3,2,14
35,"Salt Lake City, UT",149,4,106,0,75,233,2,2085
35,"San Angelo, TX",3,0,4,0,4,5,0,20
35,"San Antonio, TX",41,8,60,2,61,113,4,770
35,"San Diego, CA",103,0,148,2,156,255,5,1794
35,"San Francisco, CA",249,8,302,0,173,481,17,2668
35,"San Jose, CA",52,1,45,1,53,108,4,982
35,"San Juan, PR",72,0,48,0,63,108,1,608
35,"San Luis Obispo, CA",7,2,6,0,6,14,0,111
35,"Sanford, FL",9,9,12,0,10,23,0,109
35,"Santa Ana, CA",40,0,47,0,40,90,4,801
35,"Santa Barbara, CA",4,0,8,1,7,14,0,147
35,"Santa Fe, NM",5,0,2,0,0,5,0,69
35,"Santa Maria, CA",0,0,0,0,0,0,0,2
35,"Santa Rosa, CA",2,0,6,0,6,9,0,79
35,"Sarasota/Bradenton, FL",11,8,23,0,17,35,2,192
35,"Sault Ste. Marie, MI",1,0,0,0,0,1,0,14
35,"Savannah, GA",29,1,22,1,30,49,4,330
35,"Scottsbluff, NE",0,0,0,0,0,0,0,12
35,"Scranton/Wilkes-Barre, PA",3,3,7,0,8,11,1,28
35,"Seattle, WA",328,11,414,4,267,666,11,3447
35,"Sheridan, WY",0,0,1,0,0,1,0,14
35,"Shreveport, LA",4,4,4,0,5,9,1,86
35,"Sioux City, IA",1,0,2,0,3,4,0,14
35,"Sioux Falls, SD",8,3,8,0,4,15,1,115
35,"Sitka, AK",3,1,3,0,0,6,1,35
35,"South Bend, IN",16,1,11,0,10,25,1,127
35,"Spokane, WA",20,1,13,0,13,32,1,353
35,"Springfield, MO",21,3,17,0,18,36,0,192
35,"St. George, UT",3,1,3,0,0,4,0,53
35,"St. Louis, MO",101,9,97,1,99,181,8,1218
35,"St. Petersburg, FL",8,9,6,0,7,19,0,105
35,"State College, PA",0,1,0,0,1,2,0,8
35,"Stillwater, OK",2,1,1,0,0,3,0,14
35,"Stockton, CA",2,0,1,0,3,3,0,7
35,"Sun Valley/Hailey/Ketchum, ID",4,0,2,0,1,6,0,44
35,"Syracuse, NY",20,3,31,0,23,43,1,234
35,"Tallahassee, FL",8,1,12,0,10,17,2,116
35,"Tampa, FL",117,60,150,1,166,282,10,1241
35,"Texarkana, AR",1,0,1,0,1,2,0,14
35,"Toledo, OH",1,0,0,0,0,1,0,2
35,"Traverse City, MI",6,3,12,0,7,21,1,126
35,"Trenton, NJ",1,0,0,0,2,3,0,27
35,"Tucson, AZ",19,0,19,0,14,35,0,321
35,"Tulsa, OK",17,3,18,0,22,37,2,325
35,"Twin Falls, ID",0,0,0,0,0,0,0,13
35,"Tyler, TX",3,0,1,0,0,3,0,20
35,"Valdosta, GA",0,0,0,0,1,1,0,14
35,"Valparaiso, FL",8,1,10,0,12,20,1,183
35,"Victoria, TX",1,0,2,0,3,5,0,12
35,"Waco, TX",0,0,3,0,2,3,0,20
35,"Walla Walla, WA",0,0,0,0,1,1,1,14
35,"Washington, DC",408,93,447,2,439,863,148,3665
35,"West Palm Beach/Palm Beach, FL",69,11,60,3,65,112,4,419
35,"West Yellowstone, MT",0,0,0,0,0,0,0,16
35,"White Plains, NY",23,4,20,2,20,42,2,221
35,"Wichita Falls, TX",1,0,0,0,0,1,0,14
35,"Wichita, KS",11,1,13,1,15,27,0,198
35,"Williston, ND",6,1,3,0,0,8,0,36
35,"Wilmington, NC",13,5,18,0,19,32,6,179
35,"Worcester, MA",0,1,2,0,3,4,0,27
35,"Wrangell, AK",0,1,2,0,1,2,0,14
35,"Yakutat, AK",2,0,1,1,4,6,0,14
35,"Yuma, AZ",1,1,1,0,0,3,0,38
36,"Aberdeen, SD",1,0,0,0,0,1,0,14
36,"Abilene, TX",4,1,2,0,3,7,0,34
36,"Adak Island, AK",0,0,1,1,1,1,0,2
36,"Aguadilla, PR",6,0,3,0,5,9,0,36
36,"Akron, OH",5,0,4,0,6,10,0,63
36,"Albany, GA",1,0,0,0,0,1,0,14
36,"Albany, NY",10,0,10,0,11,21,0,239
36,"Albuquerque, NM",23,0,15,0,27,45,2,466
36,"Alexandria, LA",4,2,5,0,2,7,0,37
36,"Allentown/Bethlehem/Easton, PA",6,0,2,0,2,7,1,72
36,"Alpena, MI",1,0,1,0,0,1,0,12
36,"Amarillo, TX",10,0,17,0,12,25,0,99
36,"Anchorage, AK",29,2,23,0,24,46,3,425
36,"Appleton, WI",18,2,3,0,9,26,0,111
36,"Arcata/Eureka, CA",1,5,1,0,4,10,1,34
36,"Asheville, NC",28,2,27,0,25,46,1,264
36,"Ashland, WV",2,0,0,0,1,2,0,7
36,"Aspen, CO",11,4,3,0,3,18,0,130
36,"Atlanta, GA",340,7,195,1,174,484,3,6010
36,"Atlantic City, NJ",2,0,7,0,3,6,0,52
36,"Augusta, GA",3,1,5,0,4,10,0,86
36,"Austin, TX",75,1,78,3,76,154,2,1567
36,"Bakersfield, CA",1,0,0,0,2,3,0,54
36,"Baltimore, MD",167,0,126,0,132,259,1,1942
36,"Bangor, ME",7,0,11,1,11,19,1,142
36,"Barrow, AK",1,0,1,0,2,2,0,7
36,"Baton Rouge, LA",7,1,6,0,9,14,0,92
36,"Beaumont/Port Arthur, TX",0,0,0,0,1,1,0,14
36,"Belleville, IL",0,0,0,0,1,1,0,15
36,"Bellingham, WA",3,0,7,0,6,10,1,36
36,"Bemidji, MN",5,1,2,0,0,6,0,14
36,"Bend/Redmond, OR",9,1,17,1,11,22,0,120
36,"Bethel, AK",1,0,4,1,3,4,0,14
36,"Billings, MT",2,1,3,0,4,8,0,86
36,"Binghamton, NY",0,0,0,0,0,0,0,7
36,"Birmingham, AL",15,5,21,0,20,38,0,317
36,"Bishop, CA",0,0,0,0,0,0,0,3
36,"Bismarck/Mandan, ND",6,1,5,0,4,11,0,78
36,"Bloomington/Normal, IL",1,1,3,0,1,3,0,32
36,"Boise, ID",22,11,19,0,14,48,0,464
36,"Boston, MA",248,1,196,0,152,369,2,2840
36,"Bozeman, MT",16,2,17,0,12,27,0,219
36,"Brainerd, MN",1,1,3,0,0,3,0,14
36,"Bristol/Johnson City/Kingsport, TN",4,0,4,0,1,6,0,39
36,"Brownsville, TX",0,3,1,0,3,6,0,36
36,"Brunswick, GA",1,0,0,0,0,1,0,14
36,"Buffalo, NY",31,1,30,0,25,52,0,457
36,"Burbank, CA",27,5,44,0,44,81,5,631
36,"Burlington, VT",9,0,13,0,7,21,1,197
36,"Butte, MT",2,0,0,0,0,1,0,14
36,"Casper, WY",0,0,0,0,2,2,0,49
36,"Cedar City, UT",0,0,0,0,0,0,0,12
36,"Cedar Rapids/Iowa City, IA",15,2,9,0,8,22,0,171
36,"Champaign/Urbana, IL",3,0,2,0,1,5,0,28
36,"Charleston, SC",26,0,15,0,28,49,2,506
36,"Charleston/Dunbar, WV",8,0,2,0,5,12,1,67
36,"Charlotte Amalie, VI",4,1,2,0,6,8,0,60
36,"Charlotte, NC",482,2,349,12,416,727,6,4321
36,"Charlottesville, VA",2,0,3,0,1,5,0,58
36,"Chattanooga, TN",10,2,10,1,5,18,0,127
36,"Cheyenne, WY",1,0,1,0,1,2,0,13
36,"Chicago, IL",647,9,441,3,535,1079,3,7402
36,"Christiansted, VI",1,0,1,0,1,1,0,11
36,"Cincinnati, OH",49,10,56,0,38,97,0,748
36,"Clarksburg/Fairmont, WV",0,1,1,0,0,1,0,2
36,"Cleveland, OH",37,1,43,0,48,80,3,793
36,"Cody, WY",3,0,2,0,3,6,0,22
36,"College Station/Bryan, TX",1,1,2,0,5,6,0,21
36,"Colorado Springs, CO",18,1,12,0,11,26,0,251
36,"Columbia, MO",6,0,6,0,8,11,0,32
36,"Columbia, SC",10,0,10,0,10,23,1,132
36,"Columbus, GA",0,1,0,0,0,1,0,16
36,"Columbus, MS",0,0,1,0,0,1,0,14
36,"Columbus, OH",34,2,51,0,47,81,0,820
36,"Concord, NC",1,2,2,0,0,3,0,11
36,"Cordova, AK",3,0,1,1,3,5,0,14
36,"Corpus Christi, TX",6,1,13,0,8,15,1,72
36,"Dallas, TX",90,1,90,0,132,190,0,1309
36,"Dallas/Fort Worth, TX",757,13,548,5,664,1184,4,6050
36,"Dayton, OH",4,0,7,0,8,13,0,149
36,"Daytona Beach, FL",3,2,0,0,4,6,0,50
36,"Deadhorse, AK",0,0,0,0,0,0,0,11
36,"Decatur, IL",2,0,1,0,1,2,0,12
36,"Denver, CO",468,35,321,0,405,797,4,6088
36,"Des Moines, IA",8,0,14,0,9,21,0,272
36,"Detroit, MI",183,4,91,0,65,236,4,2473
36,"Devils Lake, ND",1,0,0,0,0,0,0,13
36,"Dickinson, ND",0,0,0,0,0,0,0,13
36,"Dillingham, AK",1,0,1,0,1,1,1,7
36,"Dodge City, KS",1,0,0,0,0,1,0,12
36,"Dothan, AL",1,0,0,0,1,1,0,14
36,"Duluth, MN",0,1,2,0,5,7,0,54
36,"Durango, CO",7,1,7,0,6,16,0,80
36,"Eagle, CO",4,0,3,0,4,6,0,47
36,"El Paso, TX",18,1,17,0,32,47,0,350
36,"Elko, NV",1,0,0,0,0,1,0,7
36,"Elmira/Corning, NY",1,0,0,0,1,1,0,18
36,"Escanaba, MI",1,1,1,0,0,2,0,12
36,"Eugene, OR",10,2,6,0,3,17,0,118
36,"Evansville, IN",3,3,6,0,1,9,0,39
36,"Everett, WA",1,0,0,0,1,1,0,14
36,"Fairbanks, AK",2,0,4,0,4,7,1,92
36,"Fargo, ND",10,0,6,0,6,17,0,128
36,"Fayetteville, AR",16,2,13,0,11,26,0,270
36,"Fayetteville, NC",0,0,3,0,2,3,0,37
36,"Flagstaff, AZ",2,1,0,0,0,2,0,32
36,"Flint, MI",2,0,2,0,4,6,0,36
36,"Fort Dodge, IA",1,0,2,0,4,5,0,12
36,"Fort Lauderdale, FL",163,25,156,3,97,246,0,1432
36,"Fort Myers, FL",16,11,24,0,26,45,0,416
36,"Fort Smith, AR",1,0,2,0,3,4,0,23
36,"Fort Wayne, IN",12,2,10,0,7,20,0,91
36,"Fresno, CA",6,3,5,0,7,18,1,232
36,"Gainesville, FL",1,0,3,1,4,5,0,60
36,"Garden City, KS",2,0,1,0,1,3,0,14
36,"Gillette, WY",0,0,0,0,1,0,0,14
36,"Grand Forks, ND",2,0,1,0,0,3,0,23
36,"Grand Island, NE",3,2,2,0,0,5,0,18
36,"Grand Junction, CO",6,1,7,0,6,13,0,81
36,"Grand Rapids, MI",19,2,18,0,15,37,1,327
36,"Great Falls, MT",2,0,1,0,1,3,0,39
36,"Green Bay, WI",9,0,7,0,4,14,0,85
36,"Greensboro/High Point, NC",13,1,20,0,11,28,2,242
36,"Greer, SC",14,1,14,0,9,28,1,312
36,"Guam, TT",0,0,0,0,0,0,0,14
36,"Gulfport/Biloxi, MS",5,0,0,0,7,10,0,64
36,"Gunnison, CO",0,0,0,0,0,0,0,15
36,"Hagerstown, MD",0,0,0,0,0,0,0,4
36,"Hancock/Houghton, MI",4,0,2,0,4,8,0,14
36,"Harlingen/San Benito, TX",2,3,3,0,11,11,0,79
36,"Harrisburg, PA",11,1,8,0,8,19,2,92
36,"Hartford, CT",22,0,18,0,20,40,0,429
36,"Hattiesburg/Laurel, MS",0,0,0,0,1,1,0,12
36,"Hayden, CO",3,0,1,0,0,3,0,30
36,"Hays, KS",0,0,0,0,0,0,0,12
36,"Helena, MT",2,2,2,0,1,5,0,28
36,"Hibbing, MN",0,0,1,0,0,1,0,12
36,"Hilo, HI",5,0,0,0,7,8,0,127
36,"Hilton Head, SC",4,0,6,0,10,12,3,46
36,"Hobbs, NM",2,0,0,0,0,2,0,14
36,"Honolulu, HI",50,0,11,0,49,78,5,1136
36,"Houston, TX",254,7,190,1,227,422,7,3232
36,"Huntsville, AL",13,0,14,0,7,22,0,166
36,"Hyannis, MA",0,0,1,0,0,1,0,6
36,"Idaho Falls, ID",3,1,5,0,1,6,0,70
36,"Indianapolis, IN",28,2,29,0,47,72,4,858
36,"International Falls, MN",3,1,1,0,0,4,0,14
36,"Iron Mountain/Kingsfd, MI",2,1,3,0,0,3,0,14
36,"Islip, NY",2,0,5,1,4,9,0,72
36,"Ithaca/Cortland, NY",0,0,0,0,0,0,0,14
36,"Jackson, WY",7,4,14,0,11,26,0,122
36,"Jackson/Vicksburg, MS",5,2,5,0,4,10,0,114
36,"Jacksonville, FL",37,2,31,0,40,61,2,532
36,"Jacksonville/Camp Lejeune, NC",3,0,4,0,5,7,0,50
36,"Jamestown, ND",2,0,0,0,0,2,0,13
36,"Johnstown, PA",2,0,1,0,2,4,0,14
36,"Joplin, MO",0,0,0,0,1,1,0,12
36,"Juneau, AK",5,0,6,0,8,12,1,106
36,"Kahului, HI",21,0,5,0,26,33,3,488
36,"Kalamazoo, MI",2,0,0,0,0,2,0,15
36,"Kalispell, MT",7,1,4,0,3,10,0,95
36,"Kansas City, MO",40,1,34,0,41,75,1,959
36,"Ketchikan, AK",4,1,6,0,5,11,0,55
36,"Key West, FL",6,0,6,0,8,12,0,112
36,"Killeen, TX",5,1,6,0,6,9,0,34
36,"King Salmon, AK",0,0,0,1,1,2,0,7
36,"Knoxville, TN",20,1,23,0,26,41,0,318
36,"Kodiak, AK",0,0,3,0,0,3,0,21
36,"Kona, HI",12,0,7,0,16,27,2,313
36,"Kotzebue, AK",1,0,1,0,0,1,0,7
36,"La Crosse, WI",2,1,2,0,1,3,0,14
36,"Lafayette, LA",6,1,2,0,4,8,0,53
36,"Lake Charles, LA",2,0,3,0,3,6,0,21
36,"Lansing, MI",2,0,0,0,0,2,0,21
36,"Laramie, WY",0,0,1,0,3,3,0,12
36,"Laredo, TX",0,0,4,0,6,6,0,32
36,"Las Vegas, NV",285,20,290,1,208,508,4,3619
36,"Latrobe, PA",0,0,0,0,0,0,0,13
36,"Lawton/Fort Sill, OK",3,2,4,0,0,6,0,21
36,"Lewiston, ID",2,0,0,0,1,3,0,21
36,"Lexington, KY",16,1,13,0,11,26,0,172
36,"Liberal, KS",0,1,0,0,1,2,0,12
36,"Lihue, HI",15,0,7,1,15,27,1,294
36,"Lincoln, NE",2,0,1,0,0,3,0,49
36,"Little Rock, AR",18,4,18,0,16,35,0,239
36,"Long Beach, CA",15,2,10,0,13,28,0,324
36,"Longview, TX",3,0,1,0,3,3,0,14
36,"Los Angeles, CA",263,6,215,0,178,441,5,3644
36,"Louisville, KY",25,3,35,0,20,47,0,451
36,"Lubbock, TX",10,0,10,0,12,17,0,121
36,"Madison, WI",14,1,15,0,9,29,0,225
36,"Manchester, NH",4,0,5,0,7,12,0,134
36,"Manhattan/Ft. Riley, KS",1,0,4,0,0,5,0,21
36,"Marquette, MI",4,0,1,0,0,5,0,21
36,"Martha's Vineyard, MA",1,0,2,0,0,2,0,26
36,"Mason City, IA",0,0,1,0,4,4,0,12
36,"Medford, OR",13,2,5,0,3,17,0,79
36,"Melbourne, FL",1,1,5,0,3,6,0,48
36,"Memphis, TN",23,1,22,0,21,45,3,418
36,"Meridian, MS",1,0,1,0,0,1,0,12
36,"Miami, FL",167,14,173,3,99,269,1,1794
36,"Midland/Odessa, TX",16,7,12,1,19,37,0,180
36,"Milwaukee, WI",35,2,28,0,27,61,1,547
36,"Minneapolis, MN",142,16,110,0,68,240,2,2410
36,"Minot, ND",3,0,2,0,2,5,0,39
36,"Mission/McAllen/Edinburg, TX",5,1,4,0,6,12,0,99
36,"Missoula, MT",5,0,3,0,8,12,0,92
36,"Mobile, AL",5,0,5,0,6,9,0,49
36,"Moline, IL",10,0,10,0,7,18,0,79
36,"Monroe, LA",9,0,5,0,3,11,0,41
36,"Monterey, CA",7,3,7,0,6,15,1,92
36,"Montgomery, AL",3,0,3,0,5,6,0,50
36,"Montrose/Delta, CO",2,0,2,0,1,3,0,49
36,"Mosinee, WI",0,0,2,0,0,2,0,14
36,"Myrtle Beach, SC",10,0,20,0,21,33,1,336
36,"Nantucket, MA",0,0,3,0,3,6,0,50
36,"Nashville, TN",130,0,99,0,113,209,4,1900
36,"New Bern/Morehead/Beaufort, NC",0,0,0,0,0,0,0,2
36,"New Orleans, LA",51,6,55,0,63,108,1,840
36,"New York, NY",335,7,393,3,209,636,6,5578
36,"Newark, NJ",214,3,276,1,208,401,26,2454
36,"Newburgh/Poughkeepsie, NY",1,0,1,0,1,2,0,6
36,"Niagara Falls, NY",0,0,0,0,0,0,0,4
36,"Nome, AK",1,0,1,0,2,2,0,7
36,"Norfolk, VA",28,1,30,0,24,48,0,425
36,"North Bend/Coos Bay, OR",2,0,0,0,1,3,0,9
36,"North Platte, NE",1,0,1,0,2,2,0,12
36,"Oakland, CA",41,0,22,0,37,68,2,794
36,"Oklahoma City, OK",24,1,17,0,14,41,0,435
36,"Omaha, NE",24,1,19,0,22,43,1,434
36,"Ontario, CA",25,4,29,0,40,66,0,545
36,"Orlando, FL",243,49,418,6,205,555,5,2536
36,"Pago Pago, TT",0,0,0,0,0,0,0,3
36,"Palm Springs, CA",11,1,13,0,3,19,1,158
36,"Panama City, FL",8,0,3,0,8,12,0,167
36,"Pasco/Kennewick/Richland, WA",4,1,5,0,0,9,0,95
36,"Pellston, MI",3,0,1,0,0,3,0,25
36,"Pensacola, FL",15,0,7,0,17,24,0,253
36,"Peoria, IL",7,1,8,0,8,16,0,74
36,"Petersburg, AK",0,0,2,0,1,2,0,14
36,"Philadelphia, PA",170,0,200,1,143,318,4,2116
36,"Phoenix, AZ",255,3,142,5,242,436,4,3560
36,"Pittsburgh, PA",35,3,45,0,38,83,2,868
36,"Plattsburgh, NY",1,0,2,0,2,2,0,4
36,"Pocatello, ID",1,0,0,0,0,1,0,14
36,"Ponce, PR",1,0,0,0,1,1,0,16
36,"Portland, ME",14,2,21,0,9,35,1,332
36,"Portland, OR",66,8,72,1,58,137,5,1219
36,"Portsmouth, NH",0,1,1,0,0,1,0,5
36,"Prescott, AZ",2,0,0,0,0,2,0,14
36,"Presque Isle/Houlton, ME",0,0,0,0,0,0,0,3
36,"Providence, RI",19,0,23,0,12,35,2,309
36,"Provo, UT",1,0,2,0,2,2,0,33
36,"Punta Gorda, FL",8,3,6,0,3,11,0,65
36,"Raleigh/Durham, NC",79,1,81,0,56,145,4,1180
36,"Rapid City, SD",9,1,11,0,7,16,0,127
36,"Redding, CA",1,0,1,0,2,3,0,35
36,"Reno, NV",43,1,32,2,35,70,1,442
36,"Rhinelander, WI",0,2,4,0,0,4,0,21
36,"Richmond, VA",16,1,18,0,13,31,1,313
36,"Riverton/Lander, WY",1,0,1,0,1,1,0,14
36,"Roanoke, VA",2,0,2,0,2,3,0,48
36,"Rochester, MN",1,0,2,0,1,2,0,28
36,"Rochester, NY",20,2,21,1,11,33,0,237
36,"Rock Springs, WY",0,0,0,0,0,0,0,14
36,"Rockford, IL",1,0,0,0,0,1,0,14
36,"Roswell, NM",4,4,5,0,2,10,0,21
36,"Sacramento, CA",54,4,56,0,69,121,6,1123
36,"Saginaw/Bay City/Midland, MI",2,1,0,0,1,4,0,43
36,"Saipan, TT",0,0,0,0,0,0,0,7
36,"Salina, KS",2,0,0,0,4,6,0,14
36,"Salt Lake City, UT",142,5,88,0,54,204,3,2097
36,"San Angelo, TX",3,0,3,0,0,5,1,21
36,"San Antonio, TX",39,5,40,0,52,89,1,785
36,"San Diego, CA",138,10,225,1,178,341,5,1834
36,"San Francisco, CA",202,11,176,2,162,366,11,2699
36,"San Jose, CA",35,4,46,0,52,103,2,1027
36,"San Juan, PR",47,6,43,0,48,88,3,520
36,"San Luis Obispo, CA",7,1,7,1,9,18,1,112
36,"Sanford, FL",17,9,14,0,10,30,0,116
36,"Santa Ana, CA",43,10,54,1,42,103,2,813
36,"Santa Barbara, CA",5,0,6,0,7,12,0,151
36,"Santa Fe, NM",7,5,7,0,4,16,0,75
36,"Santa Maria, CA",0,0,0,0,1,1,0,2
36,"Santa Rosa, CA",2,4,10,0,5,16,0,81
36,"Sarasota/Bradenton, FL",9,3,4,0,14,21,0,198
36,"Sault Ste. Marie, MI",1,0,0,0,0,1,0,14
36,"Savannah, GA",22,3,14,0,22,36,0,341
36,"Scottsbluff, NE",1,0,1,0,0,1,0,12
36,"Scranton/Wilkes-Barre, PA",2,0,1,0,3,4,0,30
36,"Seattle, WA",369,36,452,4,292,712,14,3435
36,"Sheridan, WY",1,0,1,0,0,1,0,14
36,"Shreveport, LA",6,1,8,0,6,13,0,87
36,"Sioux City, IA",1,0,0,0,3,4,0,14
36,"Sioux Falls, SD",6,2,7,0,9,15,0,122
36,"Sitka, AK",1,0,4,1,3,3,0,35
36,"South Bend, IN",18,3,12,0,7,26,1,135
36,"Spokane, WA",18,12,24,0,24,53,1,345
36,"Springfield, MO",29,0,19,0,21,38,0,207
36,"St. George, UT",2,0,2,0,1,2,0,57
36,"St. Louis, MO",53,1,43,1,63,110,3,1269
36,"St. Petersburg, FL",4,1,2,0,3,7,0,111
36,"State College, PA",0,0,1,0,1,1,0,7
36,"Stillwater, OK",2,0,3,0,0,3,0,14
36,"Stockton, CA",2,0,2,0,1,3,0,9
36,"Sun Valley/Hailey/Ketchum, ID",3,0,1,0,0,3,0,35
36,"Syracuse, NY",15,1,20,0,9,33,1,239
36,"Tallahassee, FL",6,1,11,0,10,17,0,123
36,"Tampa, FL",77,53,128,1,109,225,3,1251
36,"Texarkana, AR",0,0,2,0,2,3,0,14
36,"Toledo, OH",1,0,0,0,0,1,0,2
36,"Traverse City, MI",12,0,9,0,7,15,0,113
36,"Trenton, NJ",1,0,0,0,0,1,1,22
36,"Tucson, AZ",11,2,18,0,17,33,0,349
36,"Tulsa, OK",14,3,11,0,23,36,0,337
36,"Twin Falls, ID",1,0,1,0,0,1,0,14
36,"Tyler, TX",2,1,3,0,1,4,0,21
36,"Valdosta, GA",0,1,0,0,0,1,0,14
36,"Valparaiso, FL",10,0,7,0,12,18,0,182
36,"Victoria, TX",3,0,0,0,0,3,0,13
36,"Waco, TX",7,0,4,0,6,10,0,21
36,"Walla Walla, WA",1,0,3,0,2,3,0,14
36,"Washington, DC",196,7,196,2,186,373,9,3677
36,"West Palm Beach/Palm Beach, FL",48,3,30,0,37,66,0,416
36,"West Yellowstone, MT",0,0,0,0,0,0,0,14
36,"White Plains, NY",21,1,17,0,16,35,1,222
36,"Wichita Falls, TX",0,0,0,0,0,0,0,14
36,"Wichita, KS",13,1,12,0,9,26,0,190
36,"Williston, ND",2,0,3,2,0,7,0,40
36,"Wilmington, NC",8,2,7,0,8,19,0,174
36,"Worcester, MA",2,0,3,0,1,3,0,24
36,"Wrangell, AK",1,0,1,0,2,2,0,14
36,"Yakutat, AK",2,0,0,0,4,4,0,14
36,"Yuma, AZ",3,0,2,0,1,4,0,39
37,"Aberdeen, SD",3,0,0,0,0,3,0,14
37,"Abilene, TX",2,0,1,0,3,5,0,34
37,"Adak Island, AK",0,0,0,0,0,0,0,2
37,"Aguadilla, PR",4,0,3,0,4,7,0,33
37,"Akron, OH",11,0,5,0,8,17,0,63
37,"Albany, GA",2,1,1,0,0,3,0,14
37,"Albany, NY",16,1,12,0,17,27,0,247
37,"Albuquerque, NM",30,1,24,0,31,51,0,481
37,"Alexandria, LA",7,2,3,0,4,11,0,41
37,"Allentown/Bethlehem/Easton, PA",4,1,1,0,5,7,0,73
37,"Alpena, MI",0,1,0,0,0,1,0,13
37,"Amarillo, TX",2,0,5,0,5,8,0,99
37,"Anchorage, AK",22,2,22,0,27,51,1,392
37,"Appleton, WI",17,2,7,0,8,26,0,120
37,"Arcata/Eureka, CA",1,2,1,0,2,5,0,34
37,"Asheville, NC",36,0,30,0,28,49,0,266
37,"Ashland, WV",1,0,0,0,0,1,0,6
37,"Aspen, CO",10,9,10,0,3,23,2,127
37,"Atlanta, GA",577,18,425,4,372,870,12,6810
37,"Atlantic City, NJ",3,2,4,0,2,7,0,44
37,"Augusta, GA",9,0,14,0,6,17,0,100
37,"Austin, TX",83,1,79,0,96,168,7,1603
37,"Bakersfield, CA",4,0,3,0,1,6,0,51
37,"Baltimore, MD",161,0,90,0,134,229,6,1937
37,"Bangor, ME",7,1,3,0,6,10,0,136
37,"Barrow, AK",1,0,3,0,3,3,0,7
37,"Baton Rouge, LA",7,2,9,0,10,15,11,95
37,"Beaumont/Port Arthur, TX",1,0,0,0,0,1,0,14
37,"Belleville, IL",1,0,0,0,0,1,0,15
37,"Bellingham, WA",6,0,5,0,5,11,0,35
37,"Bemidji, MN",0,0,0,0,0,0,0,14
37,"Bend/Redmond, OR",11,1,20,0,9,26,0,125
37,"Bethel, AK",2,0,3,1,2,3,0,14
37,"Billings, MT",4,0,2,0,1,6,0,88
37,"Binghamton, NY",0,0,0,0,0,0,0,7
37,"Birmingham, AL",19,3,28,0,24,48,0,345
37,"Bishop, CA",0,0,0,0,0,0,0,2
37,"Bismarck/Mandan, ND",7,1,1,0,2,9,0,83
37,"Bloomington/Normal, IL",0,0,2,0,0,2,0,32
37,"Boise, ID",34,5,31,0,29,68,2,481
37,"Boston, MA",170,1,109,0,95,249,5,2890
37,"Bozeman, MT",12,2,15,0,17,30,0,209
37,"Brainerd, MN",0,0,0,0,0,0,0,13
37,"Bristol/Johnson City/Kingsport, TN",4,0,2,0,2,4,0,43
37,"Brownsville, TX",2,0,0,0,0,1,0,36
37,"Brunswick, GA",2,2,2,0,0,3,0,14
37,"Buffalo, NY",27,5,25,0,21,47,0,463
37,"Burbank, CA",31,0,46,0,55,93,6,638
37,"Burlington, VT",7,1,10,0,6,18,0,200
37,"Butte, MT",0,0,0,0,0,0,0,14
37,"Casper, WY",4,0,3,0,1,6,0,49
37,"Cedar City, UT",0,0,0,0,0,0,0,13
37,"Cedar Rapids/Iowa City, IA",13,1,15,0,4,21,0,174
37,"Champaign/Urbana, IL",2,0,4,0,2,5,0,27
37,"Charleston, SC",29,1,16,0,26,41,1,517
37,"Charleston/Dunbar, WV",4,0,1,0,2,4,0,72
37,"Charlotte Amalie, VI",1,0,2,0,1,3,0,51
37,"Charlotte, NC",450,6,309,4,436,679,15,4355
37,"Charlottesville, VA",4,0,4,0,2,6,0,60
37,"Chattanooga, TN",7,0,9,0,9,14,0,141
37,"Cheyenne, WY",1,0,1,0,0,1,0,13
37,"Chicago, IL",536,6,386,3,369,877,14,7389
37,"Christiansted, VI",1,0,1,0,1,1,0,11
37,"Cincinnati, OH",43,0,43,0,34,77,1,781
37,"Clarksburg/Fairmont, WV",0,0,0,0,0,0,0,2
37,"Cleveland, OH",44,2,45,1,33,74,0,818
37,"Cody, WY",4,1,2,0,1,6,0,22
37,"College Station/Bryan, TX",1,1,2,0,0,4,0,21
37,"Colorado Springs, CO",19,2,14,0,16,36,0,249
37,"Columbia, MO",2,0,1,0,3,4,0,30
37,"Columbia, SC",15,1,11,0,10,22,0,141
37,"Columbus, GA",2,0,0,0,2,3,0,20
37,"Columbus, MS",0,0,3,0,0,3,0,14
37,"Columbus, OH",37,2,45,0,32,81,0,847
37,"Concord, NC",1,0,0,0,1,1,0,10
37,"Cordova, AK",2,0,3,2,5,7,0,14
37,"Corpus Christi, TX",1,0,3,0,3,6,0,73
37,"Dallas, TX",124,1,66,1,113,169,8,1315
37,"Dallas/Fort Worth, TX",575,11,337,5,422,818,19,6137
37,"Dayton, OH",5,0,8,0,7,14,0,158
37,"Daytona Beach, FL",2,2,3,0,3,6,0,54
37,"Deadhorse, AK",0,0,0,0,1,1,0,11
37,"Decatur, IL",2,0,0,0,0,2,0,12
37,"Denver, CO",640,29,453,0,489,993,18,6105
37,"Des Moines, IA",22,1,14,0,10,33,1,286
37,"Detroit, MI",188,20,109,1,56,266,0,2661
37,"Devils Lake, ND",2,0,2,0,2,4,0,13
37,"Dickinson, ND",1,1,1,0,0,1,0,13
37,"Dillingham, AK",1,0,1,0,2,2,0,7
37,"Dodge City, KS",2,0,0,0,2,4,1,12
37,"Dothan, AL",1,0,2,0,2,2,0,14
37,"Duluth, MN",2,1,1,0,0,3,1,54
37,"Durango, CO",8,0,3,0,2,11,0,81
37,"Eagle, CO",3,1,2,0,0,5,0,44
37,"El Paso, TX",13,0,11,0,18,33,2,348
37,"Elko, NV",0,0,0,0,0,0,0,7
37,"Elmira/Corning, NY",1,2,1,0,1,4,0,18
37,"Escanaba, MI",1,1,0,0,0,2,0,14
37,"Eugene, OR",18,0,8,0,13,22,0,124
37,"Evansville, IN",3,0,3,0,2,6,0,45
37,"Everett, WA",1,0,0,0,1,2,0,14
37,"Fairbanks, AK",2,0,1,0,3,4,0,79
37,"Fargo, ND",12,0,8,0,4,19,0,130
37,"Fayetteville, AR",14,3,19,0,11,31,1,297
37,"Fayetteville, NC",5,0,9,0,5,11,0,47
37,"Flagstaff, AZ",1,0,0,0,1,2,0,32
37,"Flint, MI",3,0,2,0,3,4,0,36
37,"Fort Dodge, IA",2,0,0,0,1,3,0,12
37,"Fort Lauderdale, FL",170,99,294,6,133,381,3,1396
37,"Fort Myers, FL",11,3,19,1,23,33,1,421
37,"Fort Smith, AR",1,0,2,0,2,2,0,23
37,"Fort Wayne, IN",10,1,6,0,2,11,0,99
37,"Fresno, CA",14,1,11,0,8,24,0,237
37,"Gainesville, FL",2,0,3,0,4,4,0,66
37,"Garden City, KS",0,0,0,0,0,0,0,14
37,"Gillette, WY",0,0,0,0,0,0,0,14
37,"Grand Forks, ND",2,0,0,0,0,2,0,23
37,"Grand Island, NE",2,0,0,0,0,2,0,18
37,"Grand Junction, CO",4,3,5,0,2,10,0,83
37,"Grand Rapids, MI",24,4,21,1,15,40,0,338
37,"Great Falls, MT",1,0,0,0,0,1,0,43
37,"Green Bay, WI",10,1,5,0,4,15,0,96
37,"Greensboro/High Point, NC",13,1,17,0,12,26,0,250
37,"Greer, SC",16,0,16,0,13,32,0,319
37,"Guam, TT",1,0,0,0,0,1,2,14
37,"Gulfport/Biloxi, MS",2,1,3,0,4,8,6,69
37,"Gunnison, CO",0,0,0,0,0,0,0,15
37,"Hagerstown, MD",0,0,0,0,0,0,0,4
37,"Hancock/Houghton, MI",2,0,0,0,0,2,0,14
37,"Harlingen/San Benito, TX",4,1,3,0,7,7,1,80
37,"Harrisburg, PA",7,0,2,0,6,10,0,99
37,"Hartford, CT",28,0,15,0,21,41,1,430
37,"Hattiesburg/Laurel, MS",1,0,1,0,0,1,0,12
37,"Hayden, CO",4,0,1,0,1,4,0,28
37,"Hays, KS",0,0,0,0,0,0,0,12
37,"Helena, MT",1,1,1,0,0,2,0,28
37,"Hibbing, MN",0,0,0,0,0,0,0,13
37,"Hilo, HI",6,0,0,0,6,9,2,128
37,"Hilton Head, SC",5,0,9,0,5,11,0,44
37,"Hobbs, NM",0,0,0,0,0,0,0,14
37,"Honolulu, HI",59,0,8,0,31,72,6,1127
37,"Houston, TX",229,3,140,1,199,379,26,3243
37,"Huntsville, AL",13,0,15,0,14,27,0,188
37,"Idaho Falls, ID",2,2,2,0,2,6,0,70
37,"Indianapolis, IN",39,1,39,0,38,77,0,898
37,"International Falls, MN",0,0,0,0,0,0,0,13
37,"Iron Mountain/Kingsfd, MI",1,0,1,0,0,1,0,14
37,"Islip, NY",1,0,3,0,5,5,1,66
37,"Ithaca/Cortland, NY",0,0,0,0,0,0,0,14
37,"Jackson, WY",7,2,6,0,6,15,1,124
37,"Jackson/Vicksburg, MS",8,1,10,0,3,15,6,126
37,"Jacksonville, FL",44,7,44,1,45,84,0,558
37,"Jacksonville/Camp Lejeune, NC",5,0,6,0,3,9,0,55
37,"Jamestown, ND",2,0,3,0,1,3,0,13
37,"Johnstown, PA",0,0,0,0,0,0,0,14
37,"Joplin, MO",0,1,0,0,1,2,0,12
37,"Juneau, AK",8,0,3,0,5,10,1,105
37,"Kahului, HI",17,0,3,0,24,30,0,486
37,"Kalamazoo, MI",3,1,1,0,0,4,0,20
37,"Kalispell, MT",3,0,5,0,2,6,0,82
37,"Kansas City, MO",48,0,46,0,50,90,2,975
37,"Ketchikan, AK",0,0,0,0,5,5,1,47
37,"Key West, FL",9,0,11,0,7,17,0,113
37,"Killeen, TX",2,0,4,0,3,6,0,35
37,"King Salmon, AK",1,0,1,0,1,1,0,7
37,"Knoxville, TN",14,0,12,0,17,28,1,320
37,"Kodiak, AK",0,2,2,0,0,2,0,21
37,"Kona, HI",11,0,3,0,16,20,1,311
37,"Kotzebue, AK",0,0,1,0,1,1,0,7
37,"La Crosse, WI",1,0,2,0,1,3,0,18
37,"Lafayette, LA",2,2,3,1,4,7,7,57
37,"Lake Charles, LA",5,0,0,0,0,5,0,21
37,"Lansing, MI",2,0,0,0,1,2,0,26
37,"Laramie, WY",0,0,0,0,2,2,0,12
37,"Laredo, TX",1,1,2,0,4,4,0,33
37,"Las Vegas, NV",358,12,309,1,378,665,16,3657
37,"Latrobe, PA",0,0,1,0,3,3,0,15
37,"Lawton/Fort Sill, OK",1,0,2,0,2,3,0,21
37,"Lewiston, ID",2,0,0,0,1,3,0,21
37,"Lexington, KY",12,1,9,0,10,19,0,188
37,"Liberal, KS",0,0,0,0,1,1,1,12
37,"Lihue, HI",9,0,6,0,14,19,3,294
37,"Lincoln, NE",1,0,1,0,4,6,0,49
37,"Little Rock, AR",14,12,20,0,23,36,0,248
37,"Long Beach, CA",7,2,15,0,23,33,0,324
37,"Longview, TX",3,0,1,0,1,3,0,14
37,"Los Angeles, CA",205,16,178,3,204,401,8,3748
37,"Louisville, KY",31,0,28,0,32,50,1,477
37,"Lubbock, TX",6,0,8,0,7,14,0,120
37,"Madison, WI",19,0,14,0,11,30,0,235
37,"Manchester, NH",3,0,5,0,2,6,0,133
37,"Manhattan/Ft. Riley, KS",0,0,0,0,0,0,0,21
37,"Marquette, MI",1,0,3,0,0,3,0,21
37,"Martha's Vineyard, MA",0,0,0,0,0,0,0,10
37,"Mason City, IA",2,1,0,0,1,4,0,12
37,"Medford, OR",9,0,5,0,2,11,0,84
37,"Melbourne, FL",3,1,6,0,3,7,0,53
37,"Memphis, TN",20,3,41,0,19,55,0,445
37,"Meridian, MS",1,0,1,0,1,2,1,12
37,"Miami, FL",165,143,305,1,156,469,4,1760
37,"Midland/Odessa, TX",7,1,7,4,5,15,0,184
37,"Milwaukee, WI",36,1,23,0,14,52,0,564
37,"Minneapolis, MN",136,13,82,0,70,210,1,2533
37,"Minot, ND",8,1,4,0,0,10,0,45
37,"Mission/McAllen/Edinburg, TX",5,0,2,0,8,11,0,102
37,"Missoula, MT",4,1,3,0,7,12,0,90
37,"Mobile, AL",2,1,4,0,2,7,0,53
37,"Moline, IL",5,0,2,0,2,7,0,79
37,"Monroe, LA",3,0,2,0,2,5,0,48
37,"Monterey, CA",9,0,2,0,5,12,0,90
37,"Montgomery, AL",2,1,6,0,8,12,0,54
37,"Montrose/Delta, CO",1,0,2,0,2,4,0,49
37,"Mosinee, WI",0,0,0,0,0,0,0,14
37,"Myrtle Beach, SC",14,1,18,0,21,32,1,328
37,"Nantucket, MA",1,0,1,0,2,2,0,35
37,"Nashville, TN",127,3,108,0,116,201,6,1939
37,"New Orleans, LA",55,1,53,0,60,98,114,856
37,"New York, NY",336,9,233,0,192,523,4,5581
37,"Newark, NJ",157,0,155,0,114,272,7,2457
37,"Newburgh/Poughkeepsie, NY",0,0,1,0,0,1,0,4
37,"Niagara Falls, NY",2,0,1,0,1,2,0,4
37,"Nome, AK",0,0,1,0,1,1,0,7
37,"Norfolk, VA",18,2,34,0,27,48,0,445
37,"North Bend/Coos Bay, OR",1,0,0,0,1,2,0,9
37,"North Platte, NE",1,0,0,0,1,2,0,12
37,"Oakland, CA",56,1,37,0,55,97,3,795
37,"Oklahoma City, OK",30,0,18,0,28,45,0,447
37,"Omaha, NE",15,2,14,0,13,36,0,447
37,"Ontario, CA",35,1,35,1,45,80,4,541
37,"Orlando, FL",214,52,276,11,183,432,6,2496
37,"Pago Pago, TT",0,0,0,0,0,0,0,2
37,"Palm Springs, CA",5,0,17,0,10,21,0,167
37,"Panama City, FL",11,1,14,0,14,26,0,168
37,"Pasco/Kennewick/Richland, WA",10,1,5,0,1,11,0,101
37,"Pellston, MI",0,0,1,0,0,1,0,14
37,"Pensacola, FL",12,1,13,0,12,22,0,258
37,"Peoria, IL",8,0,9,0,8,16,0,75
37,"Petersburg, AK",0,0,0,0,2,2,0,14
37,"Philadelphia, PA",176,1,156,1,134,280,2,2100
37,"Phoenix, AZ",243,4,146,3,212,403,9,3607
37,"Pittsburgh, PA",41,0,44,1,41,82,0,884
37,"Plattsburgh, NY",0,0,0,0,0,0,0,4
37,"Pocatello, ID",0,0,0,0,0,0,0,13
37,"Ponce, PR",0,0,1,0,2,2,0,11
37,"Portland, ME",19,3,19,0,13,42,0,327
37,"Portland, OR",74,0,104,0,74,154,4,1228
37,"Portsmouth, NH",0,0,1,0,1,1,0,5
37,"Prescott, AZ",0,0,0,0,0,0,0,14
37,"Presque Isle/Houlton, ME",0,0,0,0,0,0,0,7
37,"Providence, RI",12,0,15,0,14,24,0,319
37,"Provo, UT",3,0,1,0,1,3,0,32
37,"Punta Gorda, FL",7,1,5,1,3,9,0,61
37,"Raleigh/Durham, NC",71,1,87,1,83,149,1,1195
37,"Rapid City, SD",8,1,9,0,5,10,0,128
37,"Redding, CA",1,1,5,0,4,6,0,35
37,"Reno, NV",22,3,34,1,40,68,1,433
37,"Rhinelander, WI",1,0,0,0,0,1,0,15
37,"Richmond, VA",20,1,17,0,15,35,0,351
37,"Riverton/Lander, WY",0,0,1,0,2,2,0,14
37,"Roanoke, VA",7,0,3,0,5,9,0,52
37,"Rochester, MN",6,0,1,0,2,6,0,34
37,"Rochester, NY",11,6,13,0,9,29,0,246
37,"Rock Springs, WY",2,0,1,0,0,2,0,14
37,"Rockford, IL",1,0,1,0,1,2,0,14
37,"Roswell, NM",1,0,1,0,1,2,0,21
37,"Sacramento, CA",59,2,56,0,75,130,4,1142
37,"Saginaw/Bay City/Midland, MI",3,1,0,0,3,7,0,46
37,"Saipan, TT",0,0,0,0,0,0,1,7
37,"Salina, KS",1,0,0,0,0,1,0,14
37,"Salt Lake City, UT",178,24,125,0,87,280,1,2197
37,"San Angelo, TX",5,0,0,0,0,5,0,21
37,"San Antonio, TX",48,0,38,0,58,92,0,812
37,"San Diego, CA",83,5,120,0,119,213,3,1860
37,"San Francisco, CA",200,3,249,2,213,428,7,2738
37,"San Jose, CA",50,2,72,0,58,126,4,1048
37,"San Juan, PR",38,1,35,0,27,58,1,463
37,"San Luis Obispo, CA",13,1,7,0,7,18,0,111
37,"Sanford, FL",9,9,11,0,7,25,0,108
37,"Santa Ana, CA",43,3,54,1,63,94,2,825
37,"Santa Barbara, CA",4,0,7,0,10,12,0,149
37,"Santa Fe, NM",8,0,3,0,1,10,0,77
37,"Santa Maria, CA",0,1,0,0,2,2,0,2
37,"Santa Rosa, CA",3,0,15,0,8,16,0,81
37,"Sarasota/Bradenton, FL",4,1,12,0,10,22,0,199
37,"Sault Ste. Marie, MI",3,1,0,0,0,4,0,14
37,"Savannah, GA",30,0,16,0,24,38,0,349
37,"Scottsbluff, NE",0,0,1,0,0,1,1,12
37,"Scranton/Wilkes-Barre, PA",2,0,1,1,1,3,0,29
37,"Seattle, WA",403,13,485,2,303,742,10,3481
37,"Sheridan, WY",2,0,1,0,0,2,0,14
37,"Shreveport, LA",5,0,3,0,5,10,0,92
37,"Sioux City, IA",1,0,1,0,1,2,0,14
37,"Sioux Falls, SD",9,4,8,0,1,14,0,130
37,"Sitka, AK",0,0,2,0,1,0,0,28
37,"South Bend, IN",14,0,5,0,2,16,0,130
37,"Spokane, WA",17,1,21,0,21,45,1,357
37,"Springfield, MO",19,1,15,0,16,33,0,213
37,"St. George, UT",2,1,3,0,0,4,0,60
37,"St. Louis, MO",76,2,69,0,78,142,4,1291
37,"St. Petersburg, FL",11,2,11,0,13,22,0,102
37,"State College, PA",1,0,0,0,0,1,0,7
37,"Stillwater, OK",1,0,0,0,0,1,0,14
37,"Stockton, CA",1,0,2,0,3,3,0,8
37,"Sun Valley/Hailey/Ketchum, ID",2,0,1,0,0,2,0,32
37,"Syracuse, NY",17,0,8,1,7,21,0,241
37,"Tallahassee, FL",2,2,9,0,7,12,0,128
37,"Tampa, FL",90,26,126,0,112,196,2,1278
37,"Texarkana, AR",2,0,0,0,2,2,0,14
37,"Toledo, OH",0,0,0,0,0,0,0,2
37,"Traverse City, MI",9,1,9,0,5,16,0,90
37,"Trenton, NJ",0,0,0,0,1,1,0,13
37,"Tucson, AZ",14,4,18,0,14,32,0,362
37,"Tulsa, OK",14,0,17,0,15,29,0,344
37,"Twin Falls, ID",1,0,1,0,0,1,0,13
37,"Tyler, TX",5,0,4,0,3,6,0,21
37,"Valdosta, GA",1,0,2,0,0,2,0,14
37,"Valparaiso, FL",25,0,24,0,21,38,1,176
37,"Victoria, TX",2,0,0,0,0,2,0,13
37,"Waco, TX",1,0,1,0,1,2,0,21
37,"Walla Walla, WA",1,0,0,0,1,2,0,14
37,"Washington, DC",173,2,156,2,146,319,13,3700
37,"West Palm Beach/Palm Beach, FL",25,11,29,0,31,52,0,414
37,"West Yellowstone, MT",0,0,0,0,1,1,1,15
37,"White Plains, NY",11,2,10,0,8,22,0,236
37,"Wichita Falls, TX",1,1,1,0,1,3,0,14
37,"Wichita, KS",5,1,7,0,4,13,0,191
37,"Williston, ND",5,1,3,1,0,7,0,40
37,"Wilmington, NC",5,0,6,0,5,11,0,165
37,"Worcester, MA",1,0,1,0,1,1,0,22
37,"Wrangell, AK",1,0,2,0,0,2,0,14
37,"Yakutat, AK",1,0,1,2,3,4,0,14
37,"Yuma, AZ",0,0,0,0,0,0,0,39
38,"Aberdeen, SD",2,0,0,0,0,2,0,14
38,"Abilene, TX",1,1,3,0,2,4,0,34
38,"Adak Island, AK",0,0,0,1,0,1,0,2
38,"Aguadilla, PR",4,0,2,0,4,6,0,33
38,"Akron, OH",3,2,5,0,6,8,0,63
38,"Albany, GA",3,0,2,0,0,3,0,14
38,"Albany, NY",22,2,18,0,14,31,0,247
38,"Albuquerque, NM",38,2,25,0,45,61,1,481
38,"Alexandria, LA",3,0,2,0,2,4,0,41
38,"Allentown/Bethlehem/Easton, PA",3,2,3,0,3,7,0,75
38,"Alpena, MI",0,1,0,0,0,1,0,12
38,"Amarillo, TX",4,0,12,0,8,14,0,99
38,"Anchorage, AK",20,0,12,0,9,28,0,372
38,"Appleton, WI",12,2,11,0,10,23,0,121
38,"Arcata/Eureka, CA",1,1,1,0,2,4,1,34
38,"Asheville, NC",31,2,35,0,28,45,0,268
38,"Ashland, WV",2,0,0,0,1,2,0,5
38,"Aspen, CO",26,12,22,0,18,54,1,127
38,"Atlanta, GA",661,5,520,3,295,926,5,6805
38,"Atlantic City, NJ",0,0,0,0,1,1,0,44
38,"Augusta, GA",6,0,6,0,8,15,0,100
38,"Austin, TX",103,9,144,0,107,215,0,1598
38,"Bakersfield, CA",4,0,1,0,1,5,0,51
38,"Baltimore, MD",236,3,187,0,188,364,1,1937
38,"Bangor, ME",8,0,4,0,9,13,0,133
38,"Barrow, AK",0,0,0,0,0,0,0,7
38,"Baton Rouge, LA",6,0,5,0,4,9,0,95
38,"Beaumont/Port Arthur, TX",0,0,0,0,0,0,0,14
38,"Belleville, IL",1,0,0,0,2,2,0,15
38,"Bellingham, WA",2,0,4,0,4,6,0,35
38,"Bemidji, MN",1,0,0,0,0,1,0,14
38,"Bend/Redmond, OR",9,0,11,0,10,20,0,125
38,"Bethel, AK",1,0,1,0,0,1,0,14
38,"Billings, MT",6,1,2,0,4,9,0,88
38,"Binghamton, NY",0,0,0,0,0,0,0,7
38,"Birmingham, AL",20,3,20,0,18,41,0,336
38,"Bishop, CA",0,0,0,0,2,2,0,2
38,"Bismarck/Mandan, ND",5,2,7,0,0,10,0,83
38,"Bloomington/Normal, IL",0,0,0,0,0,0,0,32
38,"Boise, ID",36,2,41,0,37,75,0,481
38,"Boston, MA",411,6,263,2,407,649,3,2898
38,"Bozeman, MT",16,0,19,0,20,30,0,209
38,"Brainerd, MN",2,0,1,0,0,2,0,12
38,"Bristol/Johnson City/Kingsport, TN",2,0,2,0,2,2,0,43
38,"Brownsville, TX",1,0,1,0,1,2,0,36
38,"Brunswick, GA",0,0,0,0,0,0,0,14
38,"Buffalo, NY",12,2,21,0,23,39,0,463
38,"Burbank, CA",29,3,61,0,61,108,7,638
38,"Burlington, VT",7,3,15,0,7,24,0,202
38,"Butte, MT",0,1,0,0,0,1,0,13
38,"Casper, WY",6,0,1,0,1,7,0,49
38,"Cedar City, UT",1,0,0,0,0,1,0,12
38,"Cedar Rapids/Iowa City, IA",20,0,18,0,12,30,0,174
38,"Champaign/Urbana, IL",1,0,4,0,4,6,0,27
38,"Charleston, SC",37,7,63,0,46,85,0,517
38,"Charleston/Dunbar, WV",6,2,5,0,5,11,0,72
38,"Charlotte Amalie, VI",4,0,5,0,11,11,1,51
38,"Charlotte, NC",481,119,492,9,531,893,1,4355
38,"Charlottesville, VA",7,0,8,0,3,11,0,59
38,"Chattanooga, TN",11,2,5,0,9,17,0,141
38,"Cheyenne, WY",0,0,0,0,3,3,0,13
38,"Chicago, IL",861,34,984,1,661,1500,6,7387
38,"Christiansted, VI",1,0,3,0,2,3,0,11
38,"Cincinnati, OH",53,2,60,0,42,108,1,783
38,"Clarksburg/Fairmont, WV",0,0,0,0,0,0,0,2
38,"Cleveland, OH",34,2,47,0,45,78,1,818
38,"Cody, WY",3,0,1,0,1,4,0,22
38,"College Station/Bryan, TX",2,0,1,0,2,3,0,21
38,"Colorado Springs, CO",17,1,18,0,16,34,0,249
38,"Columbia, MO",2,0,2,0,1,3,0,30
38,"Columbia, SC",13,0,18,1,7,27,0,141
38,"Columbus, GA",1,0,1,0,1,0,0,20
38,"Columbus, MS",1,0,0,0,0,1,0,14
38,"Columbus, OH",58,3,60,0,45,106,0,851
38,"Concord, NC",1,0,0,0,1,1,0,10
38,"Cordova, AK",1,0,0,0,1,1,0,14
38,"Corpus Christi, TX",0,0,2,0,1,3,0,72
38,"Dallas, TX",126,1,121,2,126,197,0,1315
38,"Dallas/Fort Worth, TX",756,21,525,2,515,1098,1,6137
38,"Dayton, OH",6,0,4,0,6,13,0,158
38,"Daytona Beach, FL",3,0,0,0,4,5,0,54
38,"Deadhorse, AK",0,0,0,0,0,0,0,11
38,"Decatur, IL",0,0,1,0,1,1,0,12
38,"Denver, CO",659,25,452,3,607,1084,3,6102
38,"Des Moines, IA",17,1,20,1,12,35,1,285
38,"Detroit, MI",186,12,172,0,74,311,1,2657
38,"Devils Lake, ND",0,0,0,0,0,0,0,13
38,"Dickinson, ND",1,0,0,0,1,2,0,13
38,"Dillingham, AK",0,0,0,0,0,0,0,7
38,"Dodge City, KS",1,0,0,0,1,2,0,12
38,"Dothan, AL",1,0,1,0,2,3,0,14
38,"Duluth, MN",2,1,3,0,3,7,0,54
38,"Durango, CO",7,1,4,0,4,12,0,81
38,"Eagle, CO",4,0,1,0,2,6,0,44
38,"El Paso, TX",24,0,21,0,26,46,0,349
38,"Elko, NV",0,0,0,0,0,0,0,7
38,"Elmira/Corning, NY",2,0,0,0,0,2,0,18
38,"Escanaba, MI",0,1,1,0,0,1,0,14
38,"Eugene, OR",14,1,6,1,9,20,0,124
38,"Evansville, IN",2,0,2,0,3,5,0,45
38,"Everett, WA",0,0,0,0,1,1,0,14
38,"Fairbanks, AK",2,0,1,0,7,8,0,78
38,"Fargo, ND",7,2,12,0,11,22,0,132
38,"Fayetteville, AR",17,3,21,0,14,36,0,296
38,"Fayetteville, NC",5,1,7,0,4,9,0,47
38,"Flagstaff, AZ",3,0,0,0,0,3,0,32
38,"Flint, MI",4,1,2,0,3,7,0,38
38,"Fort Dodge, IA",3,0,3,0,2,5,0,12
38,"Fort Lauderdale, FL",134,68,240,3,106,302,1,1393
38,"Fort Myers, FL",20,1,33,0,27,48,1,421
38,"Fort Smith, AR",0,0,0,0,1,1,0,23
38,"Fort Wayne, IN",9,3,8,0,7,18,0,99
38,"Fresno, CA",24,0,18,0,22,45,0,237
38,"Gainesville, FL",2,0,2,0,2,4,0,66
38,"Garden City, KS",0,0,0,0,0,0,0,14
38,"Gillette, WY",0,0,0,0,2,2,0,14
38,"Grand Forks, ND",4,1,2,0,0,6,0,23
38,"Grand Island, NE",5,1,2,0,2,6,0,18
38,"Grand Junction, CO",7,1,8,0,6,13,0,83
38,"Grand Rapids, MI",25,4,31,0,24,46,0,337
38,"Great Falls, MT",3,0,1,0,1,3,0,43
38,"Green Bay, WI",11,1,7,0,3,13,0,97
38,"Greensboro/High Point, NC",10,3,18,0,14,29,0,250
38,"Greer, SC",27,0,27,0,29,50,0,320
38,"Guam, TT",2,0,0,0,0,2,1,14
38,"Gulfport/Biloxi, MS",5,1,3,0,3,8,0,69
38,"Gunnison, CO",2,0,1,0,0,2,0,15
38,"Hagerstown, MD",0,0,0,0,0,0,0,4
38,"Hancock/Houghton, MI",3,0,1,0,1,4,0,14
38,"Harlingen/San Benito, TX",3,0,4,0,6,7,0,80
38,"Harrisburg, PA",8,0,8,0,4,12,0,100
38,"Hartford, CT",27,3,25,0,26,43,1,431
38,"Hattiesburg/Laurel, MS",0,0,0,0,1,1,0,12
38,"Hayden, CO",3,0,1,0,1,4,0,28
38,"Hays, KS",3,0,0,0,0,3,0,12
38,"Helena, MT",3,1,2,0,1,5,0,28
38,"Hibbing, MN",1,0,1,0,0,1,0,12
38,"Hilo, HI",5,0,0,0,4,6,0,128
38,"Hilton Head, SC",1,2,9,0,7,9,0,44
38,"Hobbs, NM",1,0,0,0,1,2,0,14
38,"Honolulu, HI",77,1,18,0,32,93,1,1127
38,"Houston, TX",257,3,177,3,199,416,5,3240
38,"Huntsville, AL",26,0,13,0,14,30,0,186
38,"Idaho Falls, ID",5,1,2,0,1,7,0,70
38,"Indianapolis, IN",48,3,62,0,60,109,0,899
38,"International Falls, MN",0,0,1,0,0,1,0,12
38,"Iron Mountain/Kingsfd, MI",0,0,0,0,0,0,0,14
38,"Islip, NY",3,1,1,0,5,6,0,66
38,"Ithaca/Cortland, NY",0,0,0,0,0,0,0,14
38,"Jackson, WY",12,2,11,0,20,30,0,124
38,"Jackson/Vicksburg, MS",5,2,6,0,4,8,0,126
38,"Jacksonville, FL",38,5,39,1,37,76,0,557
38,"Jacksonville/Camp Lejeune, NC",2,0,6,0,5,8,0,55
38,"Jamestown, ND",1,0,0,0,0,1,0,13
38,"Johnstown, PA",2,0,2,0,2,4,0,14
38,"Joplin, MO",3,0,2,0,0,3,0,12
38,"Juneau, AK",4,0,5,0,5,8,1,99
38,"Kahului, HI",33,0,13,0,26,44,1,485
38,"Kalamazoo, MI",3,0,1,0,0,3,0,20
38,"Kalispell, MT",6,0,7,0,5,11,0,82
38,"Kansas City, MO",65,10,82,1,64,139,2,975
38,"Ketchikan, AK",3,0,4,0,2,6,0,47
38,"Key West, FL",7,0,13,0,5,17,0,113
38,"Killeen, TX",5,0,1,0,4,7,0,35
38,"King Salmon, AK",0,0,0,0,0,0,0,7
38,"Knoxville, TN",24,1,22,0,26,44,0,326
38,"Kodiak, AK",0,0,1,0,1,1,0,21
38,"Kona, HI",15,0,6,0,13,20,0,311
38,"Kotzebue, AK",0,0,0,0,0,0,0,7
38,"La Crosse, WI",2,0,4,0,2,5,0,18
38,"Lafayette, LA",2,0,5,0,3,6,0,57
38,"Lake Charles, LA",1,0,0,0,1,2,0,21
38,"Lansing, MI",1,0,1,0,1,2,0,26
38,"Laramie, WY",2,0,0,0,2,4,0,12
38,"Laredo, TX",0,0,1,0,0,1,0,34
38,"Las Vegas, NV",418,18,340,2,492,786,4,3658
38,"Latrobe, PA",0,0,0,0,0,0,0,15
38,"Lawton/Fort Sill, OK",0,1,2,0,1,2,0,21
38,"Lewiston, ID",3,0,1,0,0,3,0,21
38,"Lexington, KY",17,1,14,1,15,26,1,188
38,"Liberal, KS",1,0,1,0,0,1,0,12
38,"Lihue, HI",15,0,13,2,17,32,0,294
38,"Lincoln, NE",4,0,3,0,3,7,0,49
38,"Little Rock, AR",17,4,13,0,14,28,0,248
38,"Long Beach, CA",18,0,12,0,27,35,0,324
38,"Longview, TX",1,0,0,0,0,1,0,14
38,"Los Angeles, CA",266,13,250,0,267,512,3,3748
38,"Louisville, KY",43,7,39,0,33,72,2,477
38,"Lubbock, TX",4,1,11,0,10,15,0,120
38,"Madison, WI",20,4,22,0,13,40,0,230
38,"Manchester, NH",2,2,5,0,6,6,0,133
38,"Manhattan/Ft. Riley, KS",1,0,0,0,1,1,0,21
38,"Marquette, MI",2,0,1,0,1,3,0,21
38,"Martha's Vineyard, MA",2,0,3,0,1,2,0,10
38,"Mason City, IA",0,0,1,0,1,1,0,12
38,"Medford, OR",4,1,4,0,3,7,0,84
38,"Melbourne, FL",2,1,2,0,2,3,0,53
38,"Memphis, TN",19,0,22,0,29,48,0,444
38,"Meridian, MS",0,0,0,0,1,1,0,12
38,"Miami, FL",134,67,193,0,79,286,0,1755
38,"Midland/Odessa, TX",10,0,6,4,5,17,0,184
38,"Milwaukee, WI",42,6,49,0,26,81,0,564
38,"Minneapolis, MN",192,29,190,1,98,341,0,2524
38,"Minot, ND",5,2,5,0,1,10,0,45
38,"Mission/McAllen/Edinburg, TX",8,1,6,0,5,13,1,103
38,"Missoula, MT",9,2,11,0,10,19,0,90
38,"Mobile, AL",1,0,2,0,3,4,0,53
38,"Moline, IL",3,1,5,0,3,9,0,79
38,"Monroe, LA",3,1,4,0,2,6,0,48
38,"Monterey, CA",7,1,7,1,7,17,0,90
38,"Montgomery, AL",3,0,3,0,2,4,0,54
38,"Montrose/Delta, CO",4,0,3,0,4,6,0,47
38,"Mosinee, WI",1,0,0,0,1,1,0,14
38,"Myrtle Beach, SC",11,0,27,0,28,45,1,327
38,"Nantucket, MA",3,0,5,0,3,7,1,35
38,"Nashville, TN",168,17,212,0,157,327,1,1947
38,"New Orleans, LA",59,2,74,1,66,127,2,856
38,"New York, NY",347,15,426,2,231,678,1,5577
38,"Newark, NJ",175,3,319,1,149,408,6,2456
38,"Newburgh/Poughkeepsie, NY",0,0,0,0,0,0,0,4
38,"Niagara Falls, NY",0,0,1,0,1,1,0,4
38,"Nome, AK",0,0,0,0,0,0,0,8
38,"Norfolk, VA",38,1,49,0,27,67,0,445
38,"North Bend/Coos Bay, OR",0,1,2,0,2,5,0,9
38,"North Platte, NE",0,0,1,0,1,1,0,12
38,"Oakland, CA",66,2,54,0,84,127,4,795
38,"Oklahoma City, OK",49,11,35,2,34,79,0,455
38,"Omaha, NE",39,2,42,0,28,64,0,448
38,"Ontario, CA",28,2,28,0,42,61,1,540
38,"Orlando, FL",183,23,206,1,153,343,1,2495
38,"Pago Pago, TT",0,0,0,0,0,0,0,2
38,"Palm Springs, CA",13,1,17,0,12,35,0,167
38,"Panama City, FL",11,0,12,0,11,18,0,168
38,"Pasco/Kennewick/Richland, WA",7,2,6,0,4,15,0,101
38,"Pellston, MI",2,0,0,0,0,2,0,12
38,"Pensacola, FL",11,1,11,1,9,20,0,258
38,"Peoria, IL",8,0,9,0,5,12,0,75
38,"Petersburg, AK",0,0,1,1,0,1,0,14
38,"Philadelphia, PA",246,4,294,3,193,433,1,2099
38,"Phoenix, AZ",265,2,154,2,260,440,2,3608
38,"Pittsburgh, PA",48,4,68,0,42,96,0,884
38,"Plattsburgh, NY",0,0,0,0,0,0,0,4
38,"Pocatello, ID",0,0,0,0,0,0,0,13
38,"Ponce, PR",0,0,0,0,0,0,0,9
38,"Portland, ME",29,5,26,0,41,63,0,327
38,"Portland, OR",82,5,85,0,72,167,1,1228
38,"Portsmouth, NH",0,0,0,0,0,0,0,5
38,"Prescott, AZ",0,0,0,0,0,0,0,14
38,"Presque Isle/Houlton, ME",0,0,0,0,0,0,0,7
38,"Providence, RI",14,0,14,0,14,28,0,319
38,"Provo, UT",5,0,4,0,2,6,0,32
38,"Punta Gorda, FL",7,0,3,0,6,10,0,64
38,"Raleigh/Durham, NC",94,5,119,0,109,208,3,1194
38,"Rapid City, SD",15,1,15,0,13,25,0,128
38,"Redding, CA",3,0,7,0,3,9,0,35
38,"Reno, NV",28,2,38,0,42,65,0,433
38,"Rhinelander, WI",0,1,0,0,0,1,0,14
38,"Richmond, VA",24,3,31,0,14,44,0,351
38,"Riverton/Lander, WY",1,1,4,0,2,4,0,14
38,"Roanoke, VA",4,0,1,0,4,6,0,51
38,"Rochester, MN",6,0,4,0,5,9,0,34
38,"Rochester, NY",18,2,15,0,13,29,0,246
38,"Rock Springs, WY",1,0,1,0,0,1,0,14
38,"Rockford, IL",3,1,2,0,1,4,0,15
38,"Roswell, NM",0,1,1,0,1,1,0,21
38,"Sacramento, CA",94,8,81,0,98,161,3,1143
38,"Saginaw/Bay City/Midland, MI",4,0,2,0,1,5,0,46
38,"Saipan, TT",0,1,1,0,0,1,0,7
38,"Salina, KS",0,1,0,0,1,2,0,14
38,"Salt Lake City, UT",211,17,147,1,118,321,2,2191
38,"San Angelo, TX",4,0,1,0,1,5,0,21
38,"San Antonio, TX",58,2,59,2,58,109,1,810
38,"San Diego, CA",105,9,219,1,214,338,4,1862
38,"San Francisco, CA",229,6,287,1,295,526,3,2734
38,"San Jose, CA",76,2,86,0,98,155,5,1048
38,"San Juan, PR",43,3,30,1,34,70,2,464
38,"San Luis Obispo, CA",5,1,3,0,6,12,0,111
38,"Sanford, FL",7,2,5,0,6,12,0,110
38,"Santa Ana, CA",61,2,79,0,86,133,7,819
38,"Santa Barbara, CA",10,0,8,0,16,24,0,149
38,"Santa Fe, NM",8,1,6,0,6,14,0,77
38,"Santa Maria, CA",0,1,0,0,0,1,0,2
38,"Santa Rosa, CA",7,0,11,0,11,17,1,81
38,"Sarasota/Bradenton, FL",5,0,10,0,9,17,0,201
38,"Sault Ste. Marie, MI",0,1,1,0,0,1,0,14
38,"Savannah, GA",14,2,22,0,16,36,0,350
38,"Scottsbluff, NE",2,1,1,0,0,3,0,12
38,"Scranton/Wilkes-Barre, PA",0,1,3,0,2,3,0,29
38,"Seattle, WA",375,21,412,1,272,683,3,3457
38,"Sheridan, WY",1,0,0,0,0,1,0,14
38,"Shreveport, LA",3,0,3,0,7,9,0,92
38,"Sioux City, IA",2,0,2,0,1,3,0,14
38,"Sioux Falls, SD",19,4,12,1,6,27,0,129
38,"Sitka, AK",0,0,2,0,5,5,1,28
38,"South Bend, IN",11,0,8,0,3,16,0,138
38,"Spokane, WA",10,0,21,0,16,31,1,357
38,"Springfield, MO",18,5,14,0,13,29,0,212
38,"St. George, UT",6,0,2,0,1,7,0,60
38,"St. Louis, MO",89,13,88,0,97,165,0,1290
38,"St. Petersburg, FL",17,3,16,0,11,25,0,104
38,"State College, PA",0,0,0,0,0,0,0,7
38,"Stillwater, OK",0,0,0,0,0,0,0,14
38,"Stockton, CA",4,0,2,0,3,4,0,8
38,"Sun Valley/Hailey/Ketchum, ID",0,0,1,0,0,1,0,32
38,"Syracuse, NY",15,1,18,0,14,27,0,242
38,"Tallahassee, FL",8,2,11,0,7,16,0,128
38,"Tampa, FL",102,6,102,0,81,172,0,1278
38,"Texarkana, AR",0,0,0,0,1,1,0,14
38,"Toledo, OH",1,1,0,0,0,1,0,2
38,"Traverse City, MI",5,0,8,0,5,14,0,90
38,"Trenton, NJ",0,0,0,0,2,2,0,13
38,"Tucson, AZ",17,2,17,0,21,39,0,362
38,"Tulsa, OK",19,1,17,0,19,34,0,344
38,"Twin Falls, ID",0,0,0,0,0,0,0,13
38,"Tyler, TX",0,0,1,0,1,1,0,21
38,"Valdosta, GA",0,0,1,0,0,1,0,14
38,"Valparaiso, FL",12,0,14,0,15,22,0,177
38,"Victoria, TX",0,1,1,0,2,3,0,13
38,"Waco, TX",2,1,1,0,0,3,0,21
38,"Walla Walla, WA",0,0,2,0,0,2,0,14
38,"Washington, DC",218,21,340,3,250,531,3,3701
38,"West Palm Beach/Palm Beach, FL",22,12,25,0,26,53,0,414
38,"West Yellowstone, MT",2,1,0,0,0,3,0,14
38,"White Plains, NY",12,1,10,0,9,19,0,236
38,"Wichita Falls, TX",0,0,0,0,0,0,0,14
38,"Wichita, KS",13,0,16,1,16,28,0,191
38,"Williston, ND",4,0,2,0,2,7,0,40
38,"Wilmington, NC",10,8,16,0,20,32,2,164
38,"Worcester, MA",0,0,2,0,1,3,0,22
38,"Wrangell, AK",0,0,0,0,0,0,0,14
38,"Yakutat, AK",0,0,0,0,1,1,0,14
38,"Yuma, AZ",2,0,2,0,4,5,0,39
39,"Aberdeen, SD",0,0,0,0,0,0,0,14
39,"Abilene, TX",3,2,3,0,3,7,0,34
39,"Adak Island, AK",0,0,0,0,0,0,0,2
39,"Aguadilla, PR",1,0,2,0,1,2,1,33
39,"Akron, OH",11,2,9,0,10,20,1,64
39,"Albany, GA",3,2,1,0,0,5,1,14
39,"Albany, NY",21,1,30,0,21,43,3,250
39,"Albuquerque, NM",27,1,24,0,37,54,1,479
39,"Alexandria, LA",5,3,7,0,3,12,0,41
39,"Allentown/Bethlehem/Easton, PA",6,3,9,0,9,18,3,76
39,"Alpena, MI",2,0,0,0,0,2,0,12
39,"Amarillo, TX",5,1,12,0,9,16,0,99
39,"Anchorage, AK",21,1,31,0,14,51,0,361
39,"Appleton, WI",8,0,6,0,6,12,0,123
39,"Arcata/Eureka, CA",3,1,5,0,2,6,4,37
39,"Asheville, NC",12,25,19,0,34,47,124,268
39,"Ashland, WV",0,0,1,0,1,1,0,4
39,"Aspen, CO",19,4,10,0,7,29,0,126
39,"Atlanta, GA",1015,271,814,2,857,1723,210,6811
39,"Atlantic City, NJ",2,1,4,0,1,7,3,44
39,"Augusta, GA",11,9,14,0,14,30,31,100
39,"Austin, TX",136,14,139,1,166,274,12,1612
39,"Bakersfield, CA",2,1,4,0,0,4,0,51
39,"Baltimore, MD",237,3,171,0,236,376,38,1931
39,"Bangor, ME",4,2,14,1,11,23,4,141
39,"Barrow, AK",0,0,1,0,2,2,0,7
39,"Baton Rouge, LA",11,3,11,0,20,26,0,95
39,"Beaumont/Port Arthur, TX",1,1,1,0,1,3,0,14
39,"Belleville, IL",1,2,2,0,2,5,0,15
39,"Bellingham, WA",5,0,13,0,6,12,0,35
39,"Bemidji, MN",1,0,0,0,0,1,0,14
39,"Bend/Redmond, OR",11,0,17,0,10,25,0,125
39,"Bethel, AK",1,0,1,0,0,1,0,14
39,"Billings, MT",5,0,2,0,4,9,1,88
39,"Binghamton, NY",0,0,0,0,0,0,0,7
39,"Birmingham, AL",38,15,47,0,46,87,7,340
39,"Bishop, CA",0,0,0,0,0,0,0,2
39,"Bismarck/Mandan, ND",5,0,3,0,3,9,1,83
39,"Bloomington/Normal, IL",2,1,9,0,4,9,1,32
39,"Boise, ID",38,2,43,0,36,79,0,483
39,"Boston, MA",288,9,293,3,276,519,36,2914
39,"Bozeman, MT",13,2,15,0,13,27,0,202
39,"Brainerd, MN",1,0,0,0,0,1,0,12
39,"Bristol/Johnson City/Kingsport, TN",2,1,4,0,3,7,0,43
39,"Brownsville, TX",2,1,3,0,0,3,0,36
39,"Brunswick, GA",5,1,1,0,0,6,1,14
39,"Buffalo, NY",31,5,45,1,38,69,5,465
39,"Burbank, CA",63,12,91,1,121,183,13,638
39,"Burlington, VT",22,4,23,0,13,39,1,214
39,"Butte, MT",0,0,0,0,0,0,0,13
39,"Casper, WY",3,1,1,0,1,5,0,49
39,"Cedar City, UT",1,0,0,0,0,1,0,12
39,"Cedar Rapids/Iowa City, IA",5,1,9,0,6,13,4,170
39,"Champaign/Urbana, IL",1,3,4,0,3,8,0,27
39,"Charleston, SC",38,15,67,0,42,102,9,516
39,"Charleston/Dunbar, WV",13,4,11,0,12,25,1,73
39,"Charlotte Amalie, VI",2,1,5,0,7,8,0,52
39,"Charlotte, NC",552,370,608,6,816,1281,273,4354
39,"Charlottesville, VA",8,0,7,0,6,15,1,59
39,"Chattanooga, TN",17,4,13,0,20,31,5,141
39,"Cheyenne, WY",0,0,1,0,1,1,0,13
39,"Chicago, IL",716,32,692,5,595,1264,61,7415
39,"Christiansted, VI",1,0,1,0,0,1,0,11
39,"Cincinnati, OH",74,31,113,2,97,187,15,784
39,"Clarksburg/Fairmont, WV",1,0,1,0,1,1,0,2
39,"Cleveland, OH",49,2,76,0,62,121,13,824
39,"Cody, WY",2,0,0,0,0,2,0,17
39,"College Station/Bryan, TX",0,1,5,0,2,5,0,21
39,"Colorado Springs, CO",15,1,8,0,17,33,0,255
39,"Columbia, MO",4,0,5,0,1,8,0,30
39,"Columbia, SC",19,4,21,0,23,34,5,141
39,"Columbus, GA",2,0,3,0,2,3,4,20
39,"Columbus, MS",0,0,1,0,1,1,0,14
39,"Columbus, OH",59,18,90,0,80,146,10,856
39,"Concord, NC",1,0,1,0,2,3,1,10
39,"Cordova, AK",0,0,2,1,1,3,0,14
39,"Corpus Christi, TX",1,3,8,0,3,9,0,69
39,"Dallas, TX",197,9,197,0,234,362,7,1312
39,"Dallas/Fort Worth, TX",845,78,698,2,799,1381,47,6140
39,"Dayton, OH",18,1,23,1,19,39,2,159
39,"Daytona Beach, FL",4,0,3,0,9,11,3,54
39,"Deadhorse, AK",0,0,0,0,0,0,0,11
39,"Decatur, IL",1,0,3,0,5,6,0,12
39,"Denver, CO",453,8,310,1,381,763,23,6126
39,"Des Moines, IA",14,3,22,0,12,33,1,290
39,"Detroit, MI",246,28,192,0,139,381,24,2654
39,"Devils Lake, ND",0,1,0,0,0,1,0,13
39,"Dickinson, ND",1,0,0,0,0,1,0,13
39,"Dillingham, AK",0,0,0,0,1,1,0,7
39,"Dodge City, KS",0,0,0,0,0,0,0,12
39,"Dothan, AL",1,1,3,0,2,3,3,14
39,"Duluth, MN",2,0,0,0,1,2,0,54
39,"Durango, CO",4,1,1,0,4,7,0,84
39,"Eagle, CO",0,0,0,1,2,2,0,38
39,"El Paso, TX",18,0,13,0,22,38,0,348
39,"Elko, NV",0,0,0,0,0,0,0,7
39,"Elmira/Corning, NY",0,0,0,0,0,0,1,18
39,"Escanaba, MI",1,0,0,0,0,0,0,14
39,"Eugene, OR",9,1,5,0,7,15,0,126
39,"Evansville, IN",6,4,10,0,6,17,1,46
39,"Everett, WA",0,0,0,0,0,0,0,14
39,"Fairbanks, AK",3,0,3,0,5,7,1,74
39,"Fargo, ND",6,0,5,0,5,10,0,132
39,"Fayetteville, AR",24,8,34,0,28,52,0,289
39,"Fayetteville, NC",8,3,7,0,8,16,2,47
39,"Flagstaff, AZ",2,0,2,0,2,4,0,32
39,"Flint, MI",6,3,4,0,3,11,2,38
39,"Fort Dodge, IA",1,0,2,0,2,3,0,12
39,"Fort Lauderdale, FL",129,29,140,2,142,266,32,1410
39,"Fort Myers, FL",27,10,30,0,43,66,73,433
39,"Fort Smith, AR",0,0,3,0,3,3,0,23
39,"Fort Wayne, IN",14,1,16,0,6,22,1,98
39,"Fresno, CA",17,2,19,0,16,34,0,237
39,"Gainesville, FL",5,1,3,0,11,13,8,66
39,"Garden City, KS",1,1,1,0,0,2,0,14
39,"Gillette, WY",1,0,1,0,0,1,0,14
39,"Grand Forks, ND",0,0,0,0,0,0,0,23
39,"Grand Island, NE",3,1,1,0,2,5,0,18
39,"Grand Junction, CO",5,1,5,0,0,7,0,86
39,"Grand Rapids, MI",28,7,40,0,21,55,6,340
39,"Great Falls, MT",1,0,0,0,0,1,0,43
39,"Green Bay, WI",6,2,5,0,5,13,0,99
39,"Greensboro/High Point, NC",23,9,24,1,29,57,8,251
39,"Greer, SC",40,4,43,0,51,80,21,316
39,"Guam, TT",0,0,0,0,0,0,0,14
39,"Gulfport/Biloxi, MS",9,2,12,0,14,23,1,69
39,"Gunnison, CO",0,0,0,0,0,0,0,14
39,"Hagerstown, MD",0,0,0,0,0,0,0,4
39,"Hancock/Houghton, MI",1,0,0,0,2,3,0,14
39,"Harlingen/San Benito, TX",1,0,9,0,10,12,0,80
39,"Harrisburg, PA",13,3,11,0,12,26,2,105
39,"Hartford, CT",36,4,42,0,45,77,4,432
39,"Hattiesburg/Laurel, MS",0,0,0,0,0,0,0,12
39,"Hayden, CO",2,0,0,0,0,2,0,26
39,"Hays, KS",1,0,0,0,0,1,0,12
39,"Helena, MT",0,1,1,0,0,1,0,28
39,"Hibbing, MN",1,0,0,0,0,1,0,12
39,"Hilo, HI",3,0,2,0,5,8,3,128
39,"Hilton Head, SC",5,1,11,0,11,18,3,44
39,"Hobbs, NM",0,0,0,0,0,0,0,14
39,"Honolulu, HI",102,0,53,0,32,132,9,1133
39,"Houston, TX",295,23,264,0,287,544,33,3284
39,"Huntsville, AL",32,14,41,0,29,64,1,186
39,"Idaho Falls, ID",7,1,5,0,3,11,0,70
39,"Indianapolis, IN",73,12,88,0,94,156,13,914
39,"International Falls, MN",1,0,0,0,0,1,0,12
39,"Iron Mountain/Kingsfd, MI",1,0,0,0,0,1,0,14
39,"Islip, NY",2,0,1,0,4,7,2,66
39,"Ithaca/Cortland, NY",0,0,0,0,0,0,0,14
39,"Jackson, WY",7,0,15,0,11,21,0,118
39,"Jackson/Vicksburg, MS",9,5,14,0,15,29,0,126
39,"Jacksonville, FL",44,1,43,0,59,95,46,561
39,"Jacksonville/Camp Lejeune, NC",7,2,7,0,13,16,2,55
39,"Jamestown, ND",0,0,0,0,0,0,0,13
39,"Johnstown, PA",1,0,0,0,0,1,0,14
39,"Joplin, MO",1,0,2,0,2,3,0,12
39,"Juneau, AK",1,0,7,0,5,11,1,98
39,"Kahului, HI",20,1,14,0,21,40,2,486
39,"Kalamazoo, MI",1,1,1,0,0,2,0,20
39,"Kalispell, MT",4,0,2,0,6,6,0,74
39,"Kansas City, MO",60,2,76,0,80,121,3,975
39,"Ketchikan, AK",1,0,1,0,1,2,1,47
39,"Key West, FL",7,1,8,0,15,18,26,113
39,"Killeen, TX",6,0,5,0,5,8,0,35
39,"King Salmon, AK",0,0,1,0,2,2,0,7
39,"Knoxville, TN",45,5,36,0,47,76,9,343
39,"Kodiak, AK",0,0,1,0,1,1,0,21
39,"Kona, HI",11,0,13,0,14,26,3,311
39,"Kotzebue, AK",0,0,0,0,0,0,0,7
39,"La Crosse, WI",1,0,1,0,1,2,0,18
39,"Lafayette, LA",9,5,3,0,7,15,1,57
39,"Lake Charles, LA",3,1,1,0,1,5,0,21
39,"Lansing, MI",1,3,1,0,0,4,0,26
39,"Laramie, WY",0,0,0,0,0,0,0,12
39,"Laredo, TX",1,0,2,0,3,3,0,32
39,"Las Vegas, NV",406,26,385,2,417,738,24,3669
39,"Latrobe, PA",0,0,0,0,0,0,0,15
39,"Lawton/Fort Sill, OK",1,2,1,0,0,3,0,21
39,"Lewiston, ID",2,0,1,0,0,2,0,21
39,"Lexington, KY",23,12,30,4,28,51,5,189
39,"Liberal, KS",1,0,1,0,1,2,0,12
39,"Lihue, HI",15,0,9,1,12,26,2,295
39,"Lincoln, NE",7,1,2,0,2,10,0,52
39,"Little Rock, AR",30,8,32,0,37,61,1,255
39,"Long Beach, CA",15,1,11,0,16,32,0,324
39,"Longview, TX",2,0,1,0,0,2,0,14
39,"Los Angeles, CA",274,20,292,2,211,527,18,3772
39,"Louisville, KY",53,18,62,0,45,105,6,487
39,"Lubbock, TX",10,0,9,0,9,16,0,120
39,"Madison, WI",18,2,19,0,19,39,0,228
39,"Manchester, NH",7,0,8,0,15,20,3,133
39,"Manhattan/Ft. Riley, KS",0,0,4,0,1,3,0,21
39,"Marquette, MI",0,0,0,0,0,0,0,21
39,"Martha's Vineyard, MA",1,0,4,0,2,4,0,10
39,"Mason City, IA",0,0,0,0,0,0,0,12
39,"Medford, OR",4,1,0,0,1,5,0,84
39,"Melbourne, FL",2,0,5,0,5,6,2,53
39,"Memphis, TN",45,5,52,0,50,91,3,438
39,"Meridian, MS",2,0,1,0,0,2,0,12
39,"Miami, FL",153,5,129,5,128,262,56,1765
39,"Midland/Odessa, TX",13,3,11,0,11,28,0,180
39,"Milwaukee, WI",34,9,56,0,38,93,3,565
39,"Minneapolis, MN",126,9,84,0,66,196,16,2525
39,"Minot, ND",3,0,0,0,0,3,0,45
39,"Mission/McAllen/Edinburg, TX",5,3,10,0,10,19,0,103
39,"Missoula, MT",3,1,2,0,4,5,0,80
39,"Mobile, AL",3,1,12,0,7,14,0,53
39,"Moline, IL",3,3,8,0,8,13,0,79
39,"Monroe, LA",4,1,9,0,11,17,0,48
39,"Monterey, CA",9,2,9,0,9,17,1,93
39,"Montgomery, AL",3,5,9,0,9,14,3,54
39,"Montrose/Delta, CO",3,0,2,0,6,6,0,38
39,"Mosinee, WI",0,0,0,0,0,0,0,14
39,"Myrtle Beach, SC",20,2,28,0,30,49,8,330
39,"Nantucket, MA",0,0,3,1,1,3,0,35
39,"Nashville, TN",205,18,203,0,249,395,28,1952
39,"New Orleans, LA",96,8,76,1,106,169,11,860
39,"New York, NY",440,29,614,0,352,911,68,5577
39,"Newark, NJ",244,15,283,1,228,462,48,2499
39,"Newburgh/Poughkeepsie, NY",0,0,0,0,0,0,1,4
39,"Niagara Falls, NY",0,0,0,0,0,0,1,4
39,"Nome, AK",0,0,0,0,0,0,0,7
39,"Norfolk, VA",41,6,61,1,55,96,4,447
39,"North Bend/Coos Bay, OR",1,0,0,0,2,3,0,9
39,"North Platte, NE",0,0,1,0,2,2,0,12
39,"Oakland, CA",72,3,78,0,92,155,3,795
39,"Oklahoma City, OK",37,6,37,0,36,76,1,451
39,"Omaha, NE",23,3,29,0,22,50,0,451
39,"Ontario, CA",26,2,31,0,42,66,2,539
39,"Orlando, FL",177,27,174,0,208,378,35,2505
39,"Pago Pago, TT",1,0,0,0,0,1,0,2
39,"Palm Springs, CA",12,1,14,0,12,28,0,179
39,"Panama City, FL",9,3,7,0,19,23,18,168
39,"Pasco/Kennewick/Richland, WA",7,4,2,0,2,12,1,101
39,"Pellston, MI",1,2,0,0,0,3,0,12
39,"Pensacola, FL",18,9,27,1,34,50,4,259
39,"Peoria, IL",7,2,11,0,8,15,3,76
39,"Petersburg, AK",0,0,0,0,0,0,1,14
39,"Philadelphia, PA",243,8,249,3,237,440,31,2099
39,"Phoenix, AZ",349,4,272,3,289,578,14,3624
39,"Pittsburgh, PA",53,8,81,1,52,128,9,881
39,"Plattsburgh, NY",0,0,1,0,0,1,1,4
39,"Pocatello, ID",0,0,0,0,0,0,0,13
39,"Ponce, PR",0,0,0,0,0,0,0,9
39,"Portland, ME",13,4,28,0,14,42,1,319
39,"Portland, OR",75,1,118,0,82,188,3,1231
39,"Portsmouth, NH",1,0,0,0,2,2,0,5
39,"Prescott, AZ",0,1,1,0,1,2,0,14
39,"Presque Isle/Houlton, ME",2,0,0,0,0,2,0,7
39,"Providence, RI",26,1,41,0,29,54,4,318
39,"Provo, UT",7,0,2,0,2,8,0,32
39,"Punta Gorda, FL",4,3,3,0,5,9,5,68
39,"Raleigh/Durham, NC",114,20,143,1,141,245,33,1196
39,"Rapid City, SD",11,1,6,0,6,14,0,128
39,"Redding, CA",0,1,3,0,3,4,0,35
39,"Reno, NV",28,3,42,0,32,67,2,434
39,"Rhinelander, WI",0,0,0,0,0,0,0,14
39,"Richmond, VA",26,2,34,0,29,55,4,355
39,"Riverton/Lander, WY",0,0,0,0,0,0,0,14
39,"Roanoke, VA",2,1,1,0,3,4,2,51
39,"Rochester, MN",1,0,3,0,1,3,0,34
39,"Rochester, NY",11,1,18,0,13,26,2,246
39,"Rock Springs, WY",0,0,1,0,1,1,0,14
39,"Rockford, IL",1,0,2,0,0,3,1,16
39,"Roswell, NM",2,1,3,0,2,5,0,21
39,"Sacramento, CA",87,10,111,0,107,208,6,1147
39,"Saginaw/Bay City/Midland, MI",2,0,0,0,1,3,0,45
39,"Saipan, TT",0,0,0,0,0,0,0,7
39,"Salina, KS",2,0,0,0,0,2,0,14
39,"Salt Lake City, UT",195,15,175,0,97,317,6,2191
39,"San Angelo, TX",1,0,4,0,2,4,0,21
39,"San Antonio, TX",46,2,45,0,84,115,2,815
39,"San Diego, CA",189,34,432,0,336,577,10,1866
39,"San Francisco, CA",240,18,353,0,251,546,16,2810
39,"San Jose, CA",74,5,120,1,95,186,5,1050
39,"San Juan, PR",46,3,34,0,38,73,6,467
39,"San Luis Obispo, CA",9,2,8,0,3,16,1,116
39,"Sanford, FL",12,3,7,0,10,18,4,121
39,"Santa Ana, CA",40,1,42,0,66,103,5,823
39,"Santa Barbara, CA",10,1,7,0,7,19,0,149
39,"Santa Fe, NM",13,1,11,0,3,18,0,77
39,"Santa Maria, CA",1,1,2,0,2,2,0,2
39,"Santa Rosa, CA",5,1,15,0,10,19,0,81
39,"Sarasota/Bradenton, FL",9,1,10,0,29,35,42,203
39,"Sault Ste. Marie, MI",0,1,0,0,0,1,0,14
39,"Savannah, GA",49,13,33,1,36,79,11,355
39,"Scottsbluff, NE",1,0,0,0,0,1,0,12
39,"Scranton/Wilkes-Barre, PA",4,0,5,0,5,6,3,29
39,"Seattle, WA",343,25,490,5,282,741,20,3443
39,"Sheridan, WY",2,0,0,0,0,2,0,14
39,"Shreveport, LA",10,4,8,0,10,20,0,92
39,"Sioux City, IA",2,0,2,0,2,4,0,14
39,"Sioux Falls, SD",9,1,4,0,7,12,0,132
39,"Sitka, AK",1,1,2,0,2,4,0,28
39,"South Bend, IN",25,8,14,0,10,36,2,138
39,"Spokane, WA",20,6,20,0,22,47,0,358
39,"Springfield, MO",30,5,27,0,26,46,1,209
39,"St. George, UT",3,1,2,0,1,5,0,69
39,"St. Louis, MO",95,11,93,0,125,194,18,1294
39,"St. Petersburg, FL",12,8,12,0,8,25,35,116
39,"State College, PA",1,0,0,0,1,2,0,7
39,"Stillwater, OK",1,1,2,0,0,2,0,14
39,"Stockton, CA",4,0,2,1,3,5,0,10
39,"Sun Valley/Hailey/Ketchum, ID",1,0,1,0,0,2,0,28
39,"Syracuse, NY",17,3,19,0,18,33,3,246
39,"Tallahassee, FL",11,4,6,0,14,19,33,128
39,"Tampa, FL",80,16,80,0,122,177,294,1282
39,"Texarkana, AR",0,0,1,0,0,1,0,14
39,"Toledo, OH",0,0,0,0,0,0,1,2
39,"Traverse City, MI",9,1,11,0,5,14,0,82
39,"Trenton, NJ",0,0,1,0,2,1,2,13
39,"Tucson, AZ",20,3,24,0,17,45,0,364
39,"Tulsa, OK",23,1,24,0,30,52,0,347
39,"Twin Falls, ID",0,0,0,0,0,0,0,13
39,"Tyler, TX",0,0,1,0,1,1,0,21
39,"Valdosta, GA",0,0,0,0,2,2,8,14
39,"Valparaiso, FL",13,1,16,0,28,39,7,190
39,"Victoria, TX",1,0,1,0,0,1,0,13
39,"Waco, TX",0,2,2,0,0,2,0,21
39,"Walla Walla, WA",0,0,3,0,3,4,0,14
39,"Washington, DC",363,29,467,3,370,735,79,3710
39,"West Palm Beach/Palm Beach, FL",28,14,36,0,49,82,3,421
39,"West Yellowstone, MT",1,0,0,0,0,1,0,14
39,"White Plains, NY",23,5,35,0,24,53,5,236
39,"Wichita Falls, TX",1,0,0,0,0,0,0,14
39,"Wichita, KS",15,1,20,0,10,28,0,191
39,"Williston, ND",2,0,0,0,0,2,0,42
39,"Wilmington, NC",8,5,13,0,15,25,7,164
39,"Worcester, MA",1,0,2,0,0,3,0,22
39,"Wrangell, AK",0,0,0,0,0,0,1,14
39,"Yakutat, AK",0,0,1,0,1,1,0,14
39,"Yuma, AZ",1,0,0,0,0,1,0,39
40,"Aberdeen, SD",2,0,0,0,0,2,0,14
40,"Abilene, TX",1,0,0,0,0,1,0,34
40,"Adak Island, AK",0,0,0,0,0,0,1,2
40,"Aguadilla, PR",0,0,1,0,2,2,0,33
40,"Akron, OH",8,0,7,0,6,12,0,63
40,"Albany, GA",1,0,0,0,0,1,0,14
40,"Albany, NY",12,2,11,0,11,25,1,252
40,"Albuquerque, NM",33,1,28,0,32,54,2,532
40,"Alexandria, LA",5,1,0,0,4,7,0,41
40,"Allentown/Bethlehem/Easton, PA",8,0,5,0,7,11,0,83
40,"Alpena, MI",1,0,0,0,0,1,0,12
40,"Amarillo, TX",3,0,5,0,7,11,0,105
40,"Anchorage, AK",10,1,19,0,8,28,2,317
40,"Appleton, WI",8,0,4,0,5,10,0,127
40,"Arcata/Eureka, CA",3,0,1,0,2,5,0,40
40,"Asheville, NC",33,5,33,0,38,67,53,283
40,"Ashland, WV",1,0,0,0,1,1,0,4
40,"Aspen, CO",16,4,6,0,7,25,2,126
40,"Atlanta, GA",503,15,244,4,266,686,18,6823
40,"Atlantic City, NJ",2,0,3,0,1,5,0,44
40,"Augusta, GA",12,15,28,0,21,41,10,100
40,"Austin, TX",101,2,70,1,117,190,3,1671
40,"Bakersfield, CA",7,0,2,0,1,8,0,51
40,"Baltimore, MD",170,1,89,0,135,243,2,1908
40,"Bangor, ME",2,0,3,0,4,7,0,147
40,"Barrow, AK",0,1,1,0,1,1,0,7
40,"Baton Rouge, LA",5,0,6,0,7,9,0,95
40,"Beaumont/Port Arthur, TX",1,0,1,0,2,3,0,14
40,"Belleville, IL",0,0,1,0,1,1,0,17
40,"Bellingham, WA",4,1,3,0,3,8,0,39
40,"Bemidji, MN",1,0,0,0,0,1,0,14
40,"Bend/Redmond, OR",12,0,10,0,4,18,0,117
40,"Bethel, AK",0,0,0,0,0,0,0,14
40,"Billings, MT",9,1,4,0,6,13,0,90
40,"Binghamton, NY",0,0,0,0,0,0,0,7
40,"Birmingham, AL",24,1,17,0,27,44,0,350
40,"Bishop, CA",0,0,0,0,0,0,0,2
40,"Bismarck/Mandan, ND",3,1,1,0,5,8,0,85
40,"Bloomington/Normal, IL",2,0,1,0,0,2,0,32
40,"Boise, ID",32,0,24,0,28,57,0,454
40,"Boston, MA",230,1,138,2,161,340,2,2959
40,"Bozeman, MT",6,1,8,0,7,16,0,187
40,"Brainerd, MN",0,0,0,0,0,0,0,12
40,"Bristol/Johnson City/Kingsport, TN",1,1,0,0,2,3,0,44
40,"Brownsville, TX",3,1,0,0,3,5,0,41
40,"Brunswick, GA",1,2,1,0,0,3,0,14
40,"Buffalo, NY",23,1,13,0,29,48,0,468
40,"Burbank, CA",41,0,68,0,83,135,2,644
40,"Burlington, VT",20,3,13,0,15,31,1,225
40,"Butte, MT",0,0,0,0,0,0,0,13
40,"Casper, WY",3,0,0,0,2,5,0,49
40,"Cedar City, UT",1,0,0,0,0,1,0,12
40,"Cedar Rapids/Iowa City, IA",17,0,6,0,12,22,0,170
40,"Champaign/Urbana, IL",3,0,2,0,2,3,0,27
40,"Charleston, SC",21,1,23,0,23,42,0,521
40,"Charleston/Dunbar, WV",6,0,3,0,8,13,1,73
40,"Charlotte Amalie, VI",4,0,1,0,3,4,0,56
40,"Charlotte, NC",601,21,447,11,542,910,24,4352
40,"Charlottesville, VA",6,0,5,0,2,9,0,60
40,"Chattanooga, TN",7,2,6,0,9,14,0,144
40,"Cheyenne, WY",2,0,1,0,0,2,0,13
40,"Chicago, IL",555,5,434,2,470,930,17,7386
40,"Christiansted, VI",0,0,0,0,0,0,0,11
40,"Cincinnati, OH",52,0,48,0,43,83,0,805
40,"Clarksburg/Fairmont, WV",1,0,1,0,1,1,0,2
40,"Cleveland, OH",36,0,34,0,38,72,3,824
40,"Cody, WY",1,0,0,0,0,1,0,14
40,"College Station/Bryan, TX",1,1,2,0,1,4,0,21
40,"Colorado Springs, CO",20,2,11,0,12,35,0,261
40,"Columbia, MO",2,0,4,0,2,5,0,30
40,"Columbia, SC",11,0,14,0,7,20,0,141
40,"Columbus, GA",1,0,0,0,2,2,0,20
40,"Columbus, MS",0,0,0,0,0,0,0,14
40,"Columbus, OH",33,0,35,0,26,58,1,874
40,"Concord, NC",2,0,1,0,2,1,0,11
40,"Cordova, AK",0,0,2,0,3,3,0,14
40,"Corpus Christi, TX",1,0,3,0,3,4,0,71
40,"Dallas, TX",93,1,53,0,88,142,2,1362
40,"Dallas/Fort Worth, TX",583,18,270,6,442,825,3,6123
40,"Dayton, OH",10,0,6,0,9,17,1,162
40,"Daytona Beach, FL",3,0,1,0,3,4,0,54
40,"Deadhorse, AK",0,0,0,0,1,1,1,11
40,"Decatur, IL",0,0,2,0,2,2,0,12
40,"Denver, CO",464,10,203,3,402,712,11,6118
40,"Des Moines, IA",12,0,5,0,8,21,0,301
40,"Detroit, MI",191,12,121,0,73,277,1,2636
40,"Devils Lake, ND",1,0,0,0,0,1,0,13
40,"Dickinson, ND",0,0,0,0,0,0,0,13
40,"Dillingham, AK",0,0,0,0,0,0,0,1
40,"Dodge City, KS",1,0,0,0,0,1,0,12
40,"Dothan, AL",2,0,0,0,2,2,0,14
40,"Duluth, MN",3,0,0,0,0,3,0,54
40,"Durango, CO",7,0,3,0,3,10,0,88
40,"Eagle, CO",2,0,0,0,1,1,0,35
40,"El Paso, TX",24,1,12,0,25,42,0,354
40,"Elko, NV",0,0,0,0,0,0,0,7
40,"Elmira/Corning, NY",1,2,1,0,2,5,0,19
40,"Escanaba, MI",1,0,0,0,0,1,0,14
40,"Eugene, OR",12,2,7,0,8,21,0,143
40,"Evansville, IN",4,0,3,0,3,7,0,46
40,"Everett, WA",1,0,2,0,1,3,0,13
40,"Fairbanks, AK",0,0,2,0,1,2,0,65
40,"Fargo, ND",11,1,4,0,4,17,0,136
40,"Fayetteville, AR",22,1,12,0,21,39,0,293
40,"Fayetteville, NC",2,0,8,0,3,11,0,47
40,"Flagstaff, AZ",0,0,2,0,2,2,0,32
40,"Flint, MI",5,0,0,0,1,6,0,40
40,"Fort Dodge, IA",4,0,3,0,2,6,0,12
40,"Fort Lauderdale, FL",140,19,127,1,118,225,3,1449
40,"Fort Myers, FL",26,12,26,1,41,56,1,475
40,"Fort Smith, AR",0,0,1,0,1,1,0,23
40,"Fort Wayne, IN",7,1,8,0,6,15,0,104
40,"Fresno, CA",9,4,15,0,12,27,2,243
40,"Gainesville, FL",2,0,3,0,4,6,0,66
40,"Garden City, KS",1,0,1,0,0,1,0,14
40,"Gillette, WY",0,1,0,0,0,1,0,14
40,"Grand Forks, ND",2,0,0,0,0,2,0,25
40,"Grand Island, NE",3,0,0,0,0,2,0,18
40,"Grand Junction, CO",7,0,2,0,4,9,0,90
40,"Grand Rapids, MI",18,2,19,2,20,38,0,347
40,"Great Falls, MT",0,1,1,0,1,2,0,45
40,"Green Bay, WI",3,0,1,0,3,6,0,93
40,"Greensboro/High Point, NC",12,0,20,0,13,29,0,249
40,"Greer, SC",21,1,26,0,21,51,0,315
40,"Guam, TT",0,0,0,0,0,0,1,14
40,"Gulfport/Biloxi, MS",5,0,5,0,6,11,0,69
40,"Gunnison, CO",1,0,0,0,1,2,0,14
40,"Hagerstown, MD",2,0,1,0,2,2,0,6
40,"Hancock/Houghton, MI",3,0,1,1,1,5,0,14
40,"Harlingen/San Benito, TX",3,0,6,0,6,9,0,81
40,"Harrisburg, PA",5,3,3,0,9,15,0,111
40,"Hartford, CT",20,0,15,0,26,38,2,436
40,"Hattiesburg/Laurel, MS",0,0,0,0,2,2,0,12
40,"Hayden, CO",3,0,0,0,3,4,0,26
40,"Hays, KS",0,0,0,0,0,0,0,12
40,"Helena, MT",2,0,0,0,0,2,0,32
40,"Hibbing, MN",1,0,0,0,0,1,0,12
40,"Hilo, HI",10,0,4,0,11,14,1,126
40,"Hilton Head, SC",4,0,5,0,7,7,0,44
40,"Hobbs, NM",1,0,0,0,0,1,0,14
40,"Honolulu, HI",86,0,21,2,49,113,13,1136
40,"Houston, TX",200,2,124,1,188,330,6,3401
40,"Huntsville, AL",29,0,24,0,18,41,0,187
40,"Idaho Falls, ID",10,0,6,0,2,13,0,70
40,"Indianapolis, IN",48,1,44,0,54,91,0,977
40,"International Falls, MN",0,0,0,0,0,0,0,12
40,"Iron Mountain/Kingsfd, MI",2,0,0,0,0,2,0,14
40,"Islip, NY",4,0,1,0,3,5,1,58
40,"Ithaca/Cortland, NY",0,0,0,0,0,0,0,14
40,"Jackson, WY",7,0,2,0,8,12,0,113
40,"Jackson/Vicksburg, MS",6,1,4,0,5,11,0,127
40,"Jacksonville, FL",31,0,23,0,24,52,1,567
40,"Jacksonville/Camp Lejeune, NC",3,1,5,0,8,11,0,55
40,"Jamestown, ND",0,0,0,0,0,0,0,13
40,"Johnstown, PA",2,0,4,0,3,5,0,14
40,"Joplin, MO",2,0,1,0,1,3,0,12
40,"Juneau, AK",5,3,3,0,2,11,2,86
40,"Kahului, HI",31,3,16,0,39,49,3,485
40,"Kalamazoo, MI",1,0,0,0,0,1,0,20
40,"Kalispell, MT",4,1,3,0,3,8,0,68
40,"Kansas City, MO",24,0,25,0,40,62,0,981
40,"Ketchikan, AK",2,0,2,0,2,4,2,43
40,"Key West, FL",5,2,5,0,11,13,0,118
40,"Killeen, TX",2,0,4,0,2,6,0,35
40,"King Salmon, AK",0,0,0,0,0,0,0,1
40,"Knoxville, TN",18,1,15,0,18,37,0,356
40,"Kodiak, AK",0,0,0,0,1,1,0,15
40,"Kona, HI",20,0,11,0,22,30,3,309
40,"Kotzebue, AK",0,0,0,0,0,0,0,7
40,"La Crosse, WI",2,0,0,0,1,3,0,18
40,"Lafayette, LA",7,0,3,0,3,9,0,57
40,"Lake Charles, LA",3,0,1,0,0,3,0,21
40,"Lansing, MI",1,0,0,0,0,1,0,26
40,"Laramie, WY",0,0,0,0,0,0,0,12
40,"Laredo, TX",0,0,1,0,0,1,0,32
40,"Las Vegas, NV",335,18,319,2,285,618,10,3821
40,"Latrobe, PA",0,0,0,0,2,2,1,15
40,"Lawton/Fort Sill, OK",3,0,4,0,3,6,0,21
40,"Lewiston, ID",0,0,1,0,0,1,0,21
40,"Lexington, KY",16,3,12,0,13,33,0,191
40,"Liberal, KS",0,0,0,0,1,1,0,12
40,"Lihue, HI",14,1,14,1,9,24,3,296
40,"Lincoln, NE",6,0,1,0,0,6,0,55
40,"Little Rock, AR",13,1,12,0,13,28,1,260
40,"Long Beach, CA",19,1,10,0,24,35,1,325
40,"Longview, TX",4,0,1,0,0,3,0,14
40,"Los Angeles, CA",307,16,292,0,191,505,8,3831
40,"Louisville, KY",19,1,21,1,25,43,0,500
40,"Lubbock, TX",2,0,9,0,5,12,0,120
40,"Madison, WI",7,0,11,0,6,18,1,227
40,"Manchester, NH",12,0,5,0,12,19,0,129
40,"Manhattan/Ft. Riley, KS",0,0,0,0,0,0,0,21
40,"Marquette, MI",0,0,2,0,0,2,0,21
40,"Martha's Vineyard, MA",0,0,0,0,1,1,0,10
40,"Mason City, IA",0,0,0,0,0,0,0,12
40,"Medford, OR",9,2,3,0,2,12,0,88
40,"Melbourne, FL",0,0,3,0,2,3,0,53
40,"Memphis, TN",26,1,13,0,20,35,1,443
40,"Meridian, MS",0,0,0,0,0,0,0,12
40,"Miami, FL",153,5,75,4,104,204,1,1772
40,"Midland/Odessa, TX",8,0,4,0,4,12,0,182
40,"Milwaukee, WI",32,0,24,0,22,53,1,572
40,"Minneapolis, MN",131,6,62,0,53,191,1,2529
40,"Minot, ND",2,0,1,0,0,2,0,47
40,"Mission/McAllen/Edinburg, TX",3,0,3,0,5,6,0,111
40,"Missoula, MT",7,0,4,0,3,9,0,78
40,"Mobile, AL",3,0,2,0,3,6,0,53
40,"Moline, IL",5,0,3,0,5,10,0,86
40,"Monroe, LA",5,0,2,0,3,7,0,48
40,"Monterey, CA",11,0,8,0,7,19,1,98
40,"Montgomery, AL",3,0,1,0,4,6,0,54
40,"Montrose/Delta, CO",0,0,0,0,0,0,0,35
40,"Mosinee, WI",0,0,0,0,0,0,0,14
40,"Myrtle Beach, SC",9,1,12,0,21,28,2,326
40,"Nantucket, MA",2,0,1,0,3,4,0,27
40,"Nashville, TN",138,3,122,0,138,240,1,2021
40,"New Orleans, LA",58,1,44,1,68,101,0,910
40,"New York, NY",319,8,251,0,164,486,4,5591
40,"Newark, NJ",180,0,111,1,128,278,16,2531
40,"Newburgh/Poughkeepsie, NY",0,0,0,0,1,1,0,6
40,"Niagara Falls, NY",1,0,0,0,1,1,0,5
40,"Nome, AK",0,0,0,0,0,0,0,7
40,"Norfolk, VA",19,2,28,1,33,57,3,448
40,"North Bend/Coos Bay, OR",0,0,0,0,0,0,0,9
40,"North Platte, NE",0,0,0,0,0,0,0,12
40,"Oakland, CA",70,1,65,0,71,132,6,787
40,"Oklahoma City, OK",34,1,25,1,27,60,0,460
40,"Omaha, NE",28,1,15,0,20,44,0,464
40,"Ontario, CA",29,1,29,0,29,51,5,540
40,"Orlando, FL",192,9,105,1,172,283,7,2597
40,"Pago Pago, TT",0,0,0,0,0,0,0,2
40,"Palm Springs, CA",13,1,12,0,10,27,0,229
40,"Panama City, FL",5,1,1,0,9,12,0,151
40,"Pasco/Kennewick/Richland, WA",9,2,2,0,1,12,0,112
40,"Pellston, MI",1,0,0,0,0,1,0,12
40,"Pensacola, FL",14,0,14,1,11,21,0,252
40,"Peoria, IL",7,3,7,1,6,15,0,79
40,"Petersburg, AK",0,0,0,0,1,1,0,14
40,"Philadelphia, PA",193,5,179,1,155,339,3,2097
40,"Phoenix, AZ",367,6,259,3,262,574,7,3741
40,"Pittsburgh, PA",38,4,43,0,40,82,1,885
40,"Plattsburgh, NY",0,0,0,0,0,0,0,8
40,"Pocatello, ID",0,0,0,0,0,0,0,13
40,"Ponce, PR",0,0,1,0,1,1,0,9
40,"Portland, ME",21,1,14,0,13,36,0,313
40,"Portland, OR",48,2,70,1,51,128,2,1222
40,"Portsmouth, NH",1,0,1,0,1,2,0,6
40,"Prescott, AZ",0,0,0,0,0,0,0,14
40,"Presque Isle/Houlton, ME",0,0,0,0,0,0,0,7
40,"Providence, RI",21,0,9,0,17,28,0,317
40,"Provo, UT",3,0,4,0,2,7,0,34
40,"Punta Gorda, FL",12,7,9,2,14,26,0,110
40,"Raleigh/Durham, NC",89,1,91,0,75,161,2,1198
40,"Rapid City, SD",8,0,8,0,7,13,0,131
40,"Redding, CA",1,0,1,0,1,2,0,34
40,"Reno, NV",26,1,34,0,36,59,1,427
40,"Rhinelander, WI",1,0,0,0,0,1,0,14
40,"Richmond, VA",13,1,22,0,13,34,0,358
40,"Riverton/Lander, WY",2,0,1,0,1,3,0,14
40,"Roanoke, VA",8,2,4,0,6,13,0,53
40,"Rochester, MN",1,0,1,0,2,2,0,34
40,"Rochester, NY",28,1,22,0,18,40,0,246
40,"Rock Springs, WY",3,0,1,0,0,3,0,14
40,"Rockford, IL",5,0,5,0,7,7,0,17
40,"Roswell, NM",5,0,2,0,0,5,0,21
40,"Sacramento, CA",80,13,96,1,98,189,8,1144
40,"Saginaw/Bay City/Midland, MI",4,2,3,0,0,6,0,46
40,"Saipan, TT",1,0,1,0,0,2,0,7
40,"Salina, KS",0,0,0,0,0,0,0,14
40,"Salt Lake City, UT",130,6,82,0,59,193,0,2177
40,"San Angelo, TX",2,0,0,0,2,4,0,21
40,"San Antonio, TX",43,0,40,0,63,89,0,829
40,"San Diego, CA",306,35,706,1,537,910,50,1893
40,"San Francisco, CA",259,12,235,1,203,465,9,2839
40,"San Jose, CA",88,4,109,0,104,212,7,1047
40,"San Juan, PR",42,0,22,0,31,61,0,492
40,"San Luis Obispo, CA",7,2,12,0,9,18,1,113
40,"Sanford, FL",22,4,11,0,14,30,3,167
40,"Santa Ana, CA",52,2,43,0,53,97,3,836
40,"Santa Barbara, CA",3,3,8,0,15,22,4,150
40,"Santa Fe, NM",8,0,0,0,1,7,0,77
40,"Santa Maria, CA",0,0,0,0,0,0,0,2
40,"Santa Rosa, CA",9,5,18,0,15,26,1,78
40,"Sarasota/Bradenton, FL",21,1,15,0,20,34,0,244
40,"Sault Ste. Marie, MI",3,1,3,0,0,4,0,14
40,"Savannah, GA",19,1,12,0,22,30,0,359
40,"Scottsbluff, NE",1,0,0,0,0,1,0,12
40,"Scranton/Wilkes-Barre, PA",3,0,3,0,1,4,0,29
40,"Seattle, WA",247,19,235,4,198,465,7,3225
40,"Sheridan, WY",0,0,0,0,0,0,0,14
40,"Shreveport, LA",10,1,4,0,8,14,1,92
40,"Sioux City, IA",0,0,0,0,0,0,0,14
40,"Sioux Falls, SD",8,0,1,0,3,10,0,139
40,"Sitka, AK",0,2,2,0,2,4,0,22
40,"South Bend, IN",21,0,6,0,6,24,0,132
40,"Spokane, WA",12,0,11,0,14,25,0,337
40,"Springfield, IL",1,0,1,0,1,2,0,2
40,"Springfield, MO",18,0,11,0,13,27,0,209
40,"St. Cloud, MN",1,0,0,0,0,1,0,2
40,"St. George, UT",7,0,2,0,1,8,0,79
40,"St. Louis, MO",79,1,41,1,73,133,1,1308
40,"St. Petersburg, FL",8,5,5,0,7,15,2,142
40,"State College, PA",0,0,1,0,1,1,0,13
40,"Stillwater, OK",3,0,2,0,0,3,0,14
40,"Stockton, CA",3,0,2,1,1,4,0,11
40,"Sun Valley/Hailey/Ketchum, ID",0,0,0,0,0,0,0,25
40,"Syracuse, NY",20,0,10,0,17,26,1,254
40,"Tallahassee, FL",13,0,5,0,7,15,0,128
40,"Tampa, FL",78,28,73,0,109,166,3,1314
40,"Texarkana, AR",1,0,0,0,1,1,0,14
40,"Toledo, OH",0,0,1,0,0,1,0,5
40,"Traverse City, MI",4,1,6,0,4,10,0,80
40,"Trenton, NJ",0,1,0,0,1,2,0,13
40,"Tucson, AZ",18,2,21,0,15,36,0,381
40,"Tulsa, OK",13,3,15,0,8,28,0,357
40,"Twin Falls, ID",0,0,0,0,0,0,0,13
40,"Tyler, TX",1,0,1,0,0,0,0,21
40,"Valdosta, GA",2,0,9,0,5,8,1,14
40,"Valparaiso, FL",11,0,7,0,12,20,0,199
40,"Victoria, TX",0,0,0,0,2,2,0,12
40,"Waco, TX",4,0,1,0,2,6,0,21
40,"Walla Walla, WA",0,0,0,0,1,1,0,2
40,"Washington, DC",242,6,225,4,251,460,3,3741
40,"West Palm Beach/Palm Beach, FL",35,2,19,1,39,60,0,440
40,"West Yellowstone, MT",0,0,0,0,0,0,0,7
40,"White Plains, NY",18,0,15,0,13,24,0,234
40,"Wichita Falls, TX",1,0,1,0,1,2,0,14
40,"Wichita, KS",6,0,5,0,10,19,0,191
40,"Williston, ND",4,0,2,0,0,4,2,42
40,"Wilmington, NC",6,1,6,0,12,16,0,165
40,"Worcester, MA",0,0,3,0,1,3,0,22
40,"Wrangell, AK",0,0,1,0,1,1,0,14
40,"Yakutat, AK",0,0,0,0,1,1,0,14
40,"Yuma, AZ",3,0,2,0,1,4,0,39
41,"Aberdeen, SD",3,0,0,0,0,3,0,14
41,"Abilene, TX",1,0,1,0,1,1,0,34
41,"Adak Island, AK",1,0,0,0,0,1,0,2
41,"Aguadilla, PR",2,1,3,0,2,5,5,33
41,"Akron, OH",2,0,4,0,2,6,5,65
41,"Albany, GA",3,0,1,0,0,3,0,14
41,"Albany, NY",20,1,10,0,9,25,14,250
41,"Albuquerque, NM",41,0,21,0,43,65,1,577
41,"Alexandria, LA",4,1,0,0,3,8,0,41
41,"Allentown/Bethlehem/Easton, PA",3,0,2,0,4,5,11,85
41,"Alpena, MI",0,0,1,0,0,1,0,12
41,"Amarillo, TX",3,0,2,0,4,6,0,105
41,"Anchorage, AK",18,3,16,0,5,30,0,305
41,"Appleton, WI",10,2,5,0,4,16,4,129
41,"Arcata/Eureka, CA",4,4,6,0,3,11,1,40
41,"Asheville, NC",13,3,18,0,26,39,41,268
41,"Ashland, WV",1,0,1,0,1,1,2,4
41,"Aspen, CO",11,0,4,0,5,16,0,112
41,"Atlanta, GA",533,9,297,4,231,689,218,6965
41,"Atlantic City, NJ",1,0,0,0,0,1,10,48
41,"Augusta, GA",4,13,8,0,2,18,0,75
41,"Austin, TX",95,2,96,1,121,194,31,1692
41,"Bakersfield, CA",3,0,0,0,1,4,0,61
41,"Baltimore, MD",175,0,77,4,145,228,109,1925
41,"Bangor, ME",14,0,5,0,8,19,7,124
41,"Barrow, AK",0,0,1,1,1,1,0,7
41,"Baton Rouge, LA",3,0,1,0,1,4,0,98
41,"Beaumont/Port Arthur, TX",0,0,0,0,0,0,0,14
41,"Belleville, IL",1,1,1,0,2,3,4,19
41,"Bellingham, WA",6,0,7,0,2,9,0,41
41,"Bemidji, MN",4,0,0,0,0,4,0,14
41,"Bend/Redmond, OR",8,2,13,0,10,21,0,114
41,"Bethel, AK",2,0,4,1,0,3,0,14
41,"Billings, MT",5,1,1,0,2,6,0,83
41,"Binghamton, NY",0,0,0,0,0,0,0,7
41,"Birmingham, AL",29,1,17,1,20,44,7,374
41,"Bismarck/Mandan, ND",5,0,1,0,2,6,2,86
41,"Bloomington/Normal, IL",1,0,0,0,1,1,2,32
41,"Boise, ID",22,4,24,0,24,48,1,456
41,"Boston, MA",286,4,263,0,182,437,90,3014
41,"Bozeman, MT",12,0,6,0,9,17,0,166
41,"Brainerd, MN",0,0,0,0,0,0,0,12
41,"Bristol/Johnson City/Kingsport, TN",3,0,2,0,0,5,1,64
41,"Brownsville, TX",3,0,2,0,3,6,0,47
41,"Brunswick, GA",2,0,0,0,0,2,0,21
41,"Buffalo, NY",34,1,17,2,32,49,18,468
41,"Burbank, CA",49,0,62,0,76,130,6,660
41,"Burlington, VT",23,1,18,0,20,37,0,209
41,"Butte, MT",0,0,0,0,0,0,0,13
41,"Casper, WY",5,0,0,0,0,5,0,49
41,"Cedar City, UT",2,0,0,0,0,2,0,12
41,"Cedar Rapids/Iowa City, IA",14,0,8,0,12,21,4,179
41,"Champaign/Urbana, IL",0,0,0,0,0,0,0,27
41,"Charleston, SC",18,2,26,0,31,49,2,523
41,"Charleston/Dunbar, WV",3,0,8,0,3,7,0,76
41,"Charlotte Amalie, VI",2,1,3,0,6,10,2,63
41,"Charlotte, NC",420,21,342,7,392,652,146,4594
41,"Charlottesville, VA",6,0,9,0,4,10,0,85
41,"Chattanooga, TN",9,0,2,0,5,10,3,147
41,"Cheyenne, WY",0,0,0,0,0,0,0,13
41,"Chicago, IL",558,12,388,1,423,890,128,7329
41,"Christiansted, VI",1,0,2,0,2,4,1,11
41,"Cincinnati, OH",48,2,46,0,39,89,40,839
41,"Clarksburg/Fairmont, WV",0,0,0,0,0,0,1,2
41,"Cleveland, OH",41,4,28,1,31,69,33,818
41,"Cody, WY",0,0,0,0,0,0,0,14
41,"College Station/Bryan, TX",3,0,3,0,2,5,0,28
41,"Colorado Springs, CO",18,2,5,0,14,23,0,262
41,"Columbia, MO",3,0,2,0,1,4,0,41
41,"Columbia, SC",9,0,6,0,6,16,0,152
41,"Columbus, GA",3,0,1,0,1,3,0,20
41,"Columbus, MS",0,0,1,0,0,1,0,14
41,"Columbus, OH",42,0,33,0,44,77,36,912
41,"Concord, NC",0,0,0,0,0,0,3,11
41,"Cordova, AK",0,0,1,0,1,1,0,14
41,"Corpus Christi, TX",4,0,2,0,3,6,0,74
41,"Dallas, TX",130,0,72,0,126,187,31,1402
41,"Dallas/Fort Worth, TX",674,11,352,2,477,935,82,6460
41,"Dayton, OH",6,0,3,0,4,9,4,156
41,"Daytona Beach, FL",1,0,2,0,4,6,19,56
41,"Deadhorse, AK",0,0,0,0,0,0,0,11
41,"Decatur, IL",0,0,0,0,0,0,0,12
41,"Denver, CO",433,7,213,0,361,680,79,6138
41,"Des Moines, IA",14,0,7,0,15,25,5,311
41,"Detroit, MI",217,9,114,1,74,292,52,2741
41,"Devils Lake, ND",0,0,0,0,0,0,0,13
41,"Dickinson, ND",0,0,0,0,0,0,0,13
41,"Dodge City, KS",1,0,1,0,1,2,0,12
41,"Dothan, AL",2,0,0,0,1,2,0,14
41,"Duluth, MN",3,0,0,0,1,4,0,54
41,"Durango, CO",6,1,6,0,3,11,0,80
41,"Eagle, CO",2,0,0,0,3,3,0,27
41,"El Paso, TX",19,0,16,0,21,41,1,373
41,"Elko, NV",0,0,0,0,0,0,0,7
41,"Elmira/Corning, NY",3,0,1,0,1,4,3,20
41,"Escanaba, MI",2,0,0,0,0,2,0,14
41,"Eugene, OR",8,1,9,0,11,19,0,153
41,"Evansville, IN",1,1,0,0,2,3,3,54
41,"Everett, WA",0,0,1,0,1,1,0,14
41,"Fairbanks, AK",2,0,2,0,2,3,0,63
41,"Fargo, ND",3,0,4,0,4,8,0,134
41,"Fayetteville, AR",11,3,8,0,8,23,0,297
41,"Fayetteville, NC",2,1,0,0,3,6,0,49
41,"Flagstaff, AZ",9,0,0,0,0,9,0,51
41,"Flint, MI",0,1,2,0,5,6,6,41
41,"Fort Dodge, IA",0,0,0,0,0,0,0,12
41,"Fort Lauderdale, FL",178,4,187,7,125,298,63,1540
41,"Fort Myers, FL",22,0,11,0,19,35,192,550
41,"Fort Smith, AR",1,0,2,0,1,1,0,27
41,"Fort Wayne, IN",7,0,3,0,3,9,9,120
41,"Fresno, CA",15,1,11,0,16,28,2,252
41,"Gainesville, FL",1,0,1,1,0,3,10,67
41,"Garden City, KS",1,0,1,0,1,2,0,14
41,"Gillette, WY",0,0,1,0,1,1,0,14
41,"Grand Forks, ND",1,0,1,0,0,0,0,25
41,"Grand Island, NE",3,0,0,0,1,3,0,18
41,"Grand Junction, CO",5,0,0,0,1,6,0,93
41,"Grand Rapids, MI",22,0,18,0,17,36,14,341
41,"Great Falls, MT",1,0,0,0,0,1,0,45
41,"Green Bay, WI",4,1,1,0,4,8,0,85
41,"Greensboro/High Point, NC",9,0,16,0,10,26,1,251
41,"Greer, SC",17,0,23,0,16,38,3,346
41,"Guam, TT",1,0,1,0,0,1,0,14
41,"Gulfport/Biloxi, MS",2,0,0,0,0,2,0,69
41,"Gunnison, CO",0,0,0,0,0,0,0,14
41,"Hagerstown, MD",1,0,0,0,1,1,2,7
41,"Hancock/Houghton, MI",1,0,1,0,1,2,0,14
41,"Harlingen/San Benito, TX",4,0,5,0,4,7,0,94
41,"Harrisburg, PA",8,0,5,0,6,12,7,114
41,"Hartford, CT",31,0,19,0,19,45,21,467
41,"Hattiesburg/Laurel, MS",1,0,0,0,1,2,0,12
41,"Hayden, CO",4,0,0,0,0,4,0,26
41,"Hays, KS",0,0,0,0,0,0,0,12
41,"Helena, MT",1,0,0,0,1,1,0,33
41,"Hibbing, MN",2,0,0,0,0,2,0,12
41,"Hilo, HI",9,0,1,0,9,10,0,126
41,"Hilton Head, SC",2,0,5,0,5,8,0,42
41,"Hobbs, NM",1,0,0,0,0,1,0,14
41,"Honolulu, HI",94,0,20,0,72,121,3,1130
41,"Houston, TX",260,2,126,1,173,385,73,3453
41,"Huntsville, AL",13,0,5,1,9,24,0,180
41,"Idaho Falls, ID",7,0,4,0,2,10,0,70
41,"Indianapolis, IN",50,3,45,1,52,100,59,1044
41,"International Falls, MN",2,0,0,0,0,2,0,12
41,"Iron Mountain/Kingsfd, MI",3,0,0,0,0,3,0,14
41,"Islip, NY",5,0,1,0,2,5,9,58
41,"Ithaca/Cortland, NY",0,0,0,0,0,0,0,14
41,"Jackson, WY",0,1,2,0,3,4,0,85
41,"Jackson/Vicksburg, MS",7,0,4,0,4,9,0,146
41,"Jacksonville, FL",28,2,34,0,37,62,18,601
41,"Jacksonville/Camp Lejeune, NC",3,5,6,0,2,9,0,48
41,"Jamestown, ND",0,0,0,0,0,0,0,13
41,"Johnstown, PA",0,0,0,0,0,0,0,14
41,"Joplin, MO",1,0,0,0,0,1,0,12
41,"Juneau, AK",5,1,6,0,2,9,1,84
41,"Kahului, HI",27,1,10,0,37,52,2,484
41,"Kalamazoo, MI",3,0,0,0,0,2,0,20
41,"Kalispell, MT",5,0,1,0,4,7,0,60
41,"Kansas City, MO",42,0,34,0,45,78,23,1018
41,"Ketchikan, AK",0,0,0,0,2,2,3,42
41,"Key West, FL",5,2,4,0,8,15,24,126
41,"Killeen, TX",6,0,4,0,2,8,0,40
41,"Knoxville, TN",14,0,20,0,21,35,15,411
41,"Kodiak, AK",0,0,1,0,1,1,0,14
41,"Kona, HI",14,1,7,1,22,26,1,309
41,"Kotzebue, AK",0,0,0,0,0,0,0,7
41,"La Crosse, WI",0,0,1,0,0,1,0,7
41,"Lafayette, LA",7,0,1,1,4,9,0,68
41,"Lake Charles, LA",2,0,0,0,0,2,0,21
41,"Lansing, MI",2,0,1,0,1,3,0,26
41,"Laramie, WY",1,0,0,0,0,1,0,12
41,"Laredo, TX",2,0,1,0,2,3,0,36
41,"Las Vegas, NV",359,14,458,0,343,720,31,3958
41,"Latrobe, PA",1,0,0,0,0,1,2,18
41,"Lawton/Fort Sill, OK",1,0,0,0,0,1,0,21
41,"Lewiston, ID",0,0,0,0,0,0,0,21
41,"Lexington, KY",14,0,11,1,7,21,7,189
41,"Liberal, KS",1,0,0,0,0,1,0,12
41,"Lihue, HI",11,0,4,0,13,17,0,297
41,"Lincoln, NE",4,0,0,0,0,3,0,55
41,"Little Rock, AR",18,1,10,0,14,28,1,274
41,"Long Beach, CA",26,8,19,0,40,57,0,337
41,"Longview, TX",2,0,1,0,0,2,0,14
41,"Los Angeles, CA",284,13,297,3,213,504,32,3866
41,"Louisville, KY",31,1,30,0,30,53,16,501
41,"Lubbock, TX",7,0,7,0,9,13,0,118
41,"Madison, WI",9,0,6,0,6,16,1,240
41,"Manchester, NH",9,0,6,0,7,15,2,134
41,"Manhattan/Ft. Riley, KS",1,0,0,0,2,2,0,21
41,"Marquette, MI",1,0,0,0,1,1,0,14
41,"Martha's Vineyard, MA",0,0,0,0,0,0,0,10
41,"Mason City, IA",2,0,0,0,1,3,0,12
41,"Medford, OR",4,4,2,0,4,9,1,88
41,"Melbourne, FL",1,0,2,0,1,3,15,53
41,"Memphis, TN",27,0,21,1,24,44,8,462
41,"Meridian, MS",2,0,1,0,0,2,0,12
41,"Miami, FL",222,8,139,5,196,341,154,1912
41,"Midland/Odessa, TX",8,0,8,1,9,16,0,186
41,"Milwaukee, WI",27,7,17,0,33,59,17,595
41,"Minneapolis, MN",126,4,46,0,42,166,41,2570
41,"Minot, ND",4,0,3,0,2,5,1,48
41,"Mission/McAllen/Edinburg, TX",3,0,6,0,8,11,0,112
41,"Missoula, MT",5,0,4,0,6,11,0,72
41,"Mobile, AL",1,0,1,0,0,2,0,53
41,"Moline, IL",4,0,1,0,1,5,2,94
41,"Monroe, LA",0,0,1,0,0,1,0,41
41,"Monterey, CA",17,1,10,0,7,24,0,107
41,"Montgomery, AL",0,0,0,0,2,2,0,54
41,"Montrose/Delta, CO",0,0,0,0,0,0,0,28
41,"Mosinee, WI",0,0,0,0,0,0,0,14
41,"Myrtle Beach, SC",10,0,15,0,20,35,5,327
41,"Nantucket, MA",0,0,1,0,0,1,0,27
41,"Nashville, TN",97,2,87,0,105,185,60,2073
41,"New Orleans, LA",75,0,48,1,67,115,36,1037
41,"New York, NY",360,9,305,2,211,567,148,5626
41,"Newark, NJ",237,5,203,1,217,424,101,2550
41,"Newburgh/Poughkeepsie, NY",1,0,1,0,2,2,2,8
41,"Niagara Falls, NY",1,0,1,0,1,2,1,5
41,"Nome, AK",0,0,1,1,1,1,0,7
41,"Norfolk, VA",27,0,19,0,18,46,4,445
41,"North Bend/Coos Bay, OR",0,0,1,0,1,1,0,9
41,"North Platte, NE",0,0,0,0,0,0,0,12
41,"Oakland, CA",64,5,60,0,68,123,5,770
41,"Oklahoma City, OK",33,0,21,0,22,49,3,472
41,"Omaha, NE",26,1,15,0,19,41,5,475
41,"Ontario, CA",41,2,25,0,33,65,0,549
41,"Orlando, FL",177,5,113,4,161,289,916,2834
41,"Pago Pago, TT",0,0,0,0,0,0,0,2
41,"Palm Springs, CA",22,0,22,1,12,40,0,261
41,"Panama City, FL",10,0,1,0,7,11,0,154
41,"Pasco/Kennewick/Richland, WA",8,0,2,0,4,9,0,114
41,"Pellston, MI",0,0,0,0,0,0,0,12
41,"Pensacola, FL",16,0,14,0,14,25,6,249
41,"Peoria, IL",5,0,2,0,4,7,7,76
41,"Petersburg, AK",0,0,1,0,1,1,1,14
41,"Philadelphia, PA",168,3,112,2,134,256,82,2177
41,"Phoenix, AZ",368,9,221,6,307,594,31,4066
41,"Pittsburgh, PA",53,6,47,0,42,93,46,910
41,"Plattsburgh, NY",1,0,0,0,1,2,5,10
41,"Pocatello, ID",0,0,0,0,0,0,0,13
41,"Ponce, PR",0,0,0,0,1,1,4,9
41,"Portland, ME",27,2,16,0,16,39,2,308
41,"Portland, OR",78,3,84,0,64,151,6,1211
41,"Portsmouth, NH",1,0,1,0,0,1,3,6
41,"Prescott, AZ",3,0,3,0,1,3,0,14
41,"Presque Isle/Houlton, ME",0,0,0,0,0,0,0,7
41,"Providence, RI",17,1,15,0,18,31,17,327
41,"Provo, UT",6,0,1,0,2,6,0,54
41,"Punta Gorda, FL",4,7,3,0,6,15,56,131
41,"Raleigh/Durham, NC",71,3,69,0,78,130,42,1232
41,"Rapid City, SD",5,0,1,0,1,5,1,109
41,"Redding, CA",5,0,4,0,4,9,0,34
41,"Reno, NV",24,4,29,0,25,55,1,431
41,"Rhinelander, WI",2,0,0,0,0,2,0,14
41,"Richmond, VA",17,2,23,0,20,41,6,375
41,"Riverton/Lander, WY",0,0,0,0,0,0,0,14
41,"Roanoke, VA",5,0,7,0,4,9,3,69
41,"Rochester, MN",1,0,0,0,1,1,0,31
41,"Rochester, NY",12,0,17,0,15,25,4,244
41,"Rock Springs, WY",1,0,0,0,0,1,0,14
41,"Rockford, IL",1,0,1,0,2,2,6,18
41,"Roswell, NM",2,0,2,0,1,2,0,21
41,"Sacramento, CA",72,9,70,0,93,164,6,1158
41,"Saginaw/Bay City/Midland, MI",9,0,5,0,3,12,0,48
41,"Saipan, TT",0,0,0,0,0,0,0,7
41,"Salina, KS",3,0,0,0,0,3,0,14
41,"Salt Lake City, UT",154,2,113,1,69,232,12,2180
41,"San Angelo, TX",1,0,3,1,2,4,0,21
41,"San Antonio, TX",47,1,36,0,54,93,13,867
41,"San Diego, CA",202,25,419,1,370,607,43,1919
41,"San Francisco, CA",261,10,251,1,239,510,22,2858
41,"San Jose, CA",69,5,96,0,91,181,10,1059
41,"San Juan, PR",47,11,31,0,38,71,56,518
41,"San Luis Obispo, CA",18,4,13,0,13,32,1,118
41,"Sanford, FL",15,5,7,0,6,21,68,192
41,"Santa Ana, CA",64,9,60,0,72,138,7,846
41,"Santa Barbara, CA",6,1,12,0,11,19,1,148
41,"Santa Fe, NM",5,2,3,0,4,11,0,77
41,"Santa Maria, CA",0,0,2,0,1,2,0,2
41,"Santa Rosa, CA",11,0,8,0,11,22,0,76
41,"Sarasota/Bradenton, FL",11,0,11,0,8,13,224,280
41,"Sault Ste. Marie, MI",3,0,1,0,0,3,0,14
41,"Savannah, GA",21,0,13,0,23,35,3,399
41,"Scottsbluff, NE",0,0,0,0,1,1,0,12
41,"Scranton/Wilkes-Barre, PA",2,0,4,0,3,5,0,34
41,"Seattle, WA",277,22,297,2,159,486,23,3160
41,"Sheridan, WY",0,0,0,0,1,1,0,14
41,"Shreveport, LA",6,0,4,0,5,9,0,98
41,"Sioux City, IA",3,0,2,0,1,4,0,14
41,"Sioux Falls, SD",6,0,3,0,2,9,4,144
41,"Sitka, AK",0,0,1,0,1,1,1,21
41,"South Bend, IN",14,0,8,1,2,18,7,153
41,"Spokane, WA",20,3,12,0,12,33,1,334
41,"Springfield, IL",0,0,0,0,0,0,1,2
41,"Springfield, MO",20,0,9,0,12,26,3,211
41,"St. Cloud, MN",0,0,0,0,0,0,0,2
41,"St. George, UT",13,1,6,0,0,14,0,79
41,"St. Louis, MO",68,0,31,1,68,105,46,1323
41,"St. Petersburg, FL",2,8,18,0,4,23,92,156
41,"State College, PA",1,0,2,0,1,2,0,15
41,"Stillwater, OK",1,0,0,0,0,1,0,14
41,"Stockton, CA",4,0,2,1,4,5,0,11
41,"Sun Valley/Hailey/Ketchum, ID",1,0,2,0,0,2,0,25
41,"Syracuse, NY",10,1,10,0,8,20,7,248
41,"Tallahassee, FL",9,2,9,0,5,17,2,130
41,"Tampa, FL",96,17,96,0,97,169,610,1388
41,"Texarkana, AR",1,0,0,0,0,1,0,14
41,"Toledo, OH",0,0,0,0,1,1,3,6
41,"Traverse City, MI",3,1,3,0,4,7,3,66
41,"Trenton, NJ",1,0,1,0,2,3,5,14
41,"Tucson, AZ",23,0,22,1,13,44,0,392
41,"Tulsa, OK",7,0,10,0,9,20,1,374
41,"Twin Falls, ID",0,0,0,0,0,0,0,13
41,"Tyler, TX",2,0,0,0,1,3,0,21
41,"Valdosta, GA",2,0,2,0,1,3,0,20
41,"Valparaiso, FL",10,0,12,0,8,19,0,209
41,"Victoria, TX",1,1,0,0,2,4,0,12
41,"Waco, TX",1,0,0,0,0,1,0,21
41,"Washington, DC",210,8,183,4,194,394,101,3780
41,"West Palm Beach/Palm Beach, FL",28,2,18,0,35,51,83,474
41,"West Yellowstone, MT",0,0,0,0,0,0,0,7
41,"White Plains, NY",16,0,10,0,7,20,25,236
41,"Wichita Falls, TX",1,0,0,0,0,1,0,14
41,"Wichita, KS",11,0,8,0,9,19,0,201
41,"Williston, ND",2,0,0,0,2,4,0,42
41,"Wilmington, NC",11,1,10,0,10,23,0,179
41,"Worcester, MA",1,0,0,0,1,1,1,22
41,"Wrangell, AK",0,0,0,0,1,1,0,14
41,"Yakutat, AK",0,0,0,0,1,1,0,14
41,"Yuma, AZ",2,0,1,0,0,2,0,42
42,"Aberdeen, SD",4,0,1,0,0,4,0,14
42,"Abilene, TX",1,0,1,0,1,3,0,34
42,"Adak Island, AK",0,0,0,0,0,0,0,2
42,"Aguadilla, PR",1,0,1,0,3,3,0,33
42,"Akron, OH",8,0,0,0,3,9,1,65
42,"Albany, GA",1,0,0,0,0,1,0,14
42,"Albany, NY",14,1,12,2,12,27,0,250
42,"Albuquerque, NM",36,0,37,2,32,63,2,553
42,"Alexandria, LA",3,1,1,0,0,4,0,41
42,"Allentown/Bethlehem/Easton, PA",6,0,4,1,6,9,0,84
42,"Alpena, MI",1,0,0,0,0,1,0,12
42,"Amarillo, TX",7,0,12,0,10,23,0,105
42,"Anchorage, AK",14,1,9,0,7,20,4,306
42,"Appleton, WI",19,0,6,0,3,21,1,128
42,"Arcata/Eureka, CA",6,1,0,0,2,9,0,40
42,"Asheville, NC",19,0,25,0,24,39,3,245
42,"Ashland, WV",0,0,1,0,1,1,0,4
42,"Aspen, CO",17,5,12,0,2,22,0,112
42,"Atlanta, GA",613,8,413,2,275,826,17,6980
42,"Atlantic City, NJ",2,0,2,0,2,1,0,51
42,"Augusta, GA",7,2,2,0,2,11,0,75
42,"Austin, TX",143,5,126,1,178,262,2,1711
42,"Bakersfield, CA",5,0,1,0,3,7,0,61
42,"Baltimore, MD",244,0,120,1,202,319,9,1930
42,"Bangor, ME",11,0,13,1,13,25,0,124
42,"Barrow, AK",0,0,0,0,3,3,0,7
42,"Baton Rouge, LA",6,0,6,0,4,9,0,99
42,"Beaumont/Port Arthur, TX",1,0,0,0,0,1,0,14
42,"Belleville, IL",0,1,1,0,4,5,1,19
42,"Bellingham, WA",3,2,5,0,2,6,0,41
42,"Bemidji, MN",1,0,0,0,0,1,0,14
42,"Bend/Redmond, OR",8,0,4,0,5,13,0,114
42,"Bethel, AK",0,0,0,1,1,1,0,14
42,"Billings, MT",5,1,8,0,5,11,0,83
42,"Binghamton, NY",0,0,0,0,0,0,0,7
42,"Birmingham, AL",19,2,22,0,16,40,0,377
42,"Bismarck/Mandan, ND",3,1,1,0,2,6,0,86
42,"Bloomington/Normal, IL",2,0,0,0,0,2,0,32
42,"Boise, ID",32,0,25,0,19,51,0,457
42,"Boston, MA",335,2,310,5,260,502,5,3024
42,"Bozeman, MT",7,2,15,0,10,20,1,165
42,"Brainerd, MN",1,0,0,0,0,1,0,12
42,"Bristol/Johnson City/Kingsport, TN",3,0,3,0,4,6,0,63
42,"Brownsville, TX",0,0,1,0,1,2,0,47
42,"Brunswick, GA",4,0,2,0,0,4,0,21
42,"Buffalo, NY",33,1,22,0,37,56,2,465
42,"Burbank, CA",41,5,100,0,63,136,2,660
42,"Burlington, VT",15,1,16,0,13,30,0,208
42,"Butte, MT",0,0,0,0,0,0,0,13
42,"Casper, WY",8,0,2,0,0,8,0,49
42,"Cedar City, UT",1,1,2,0,0,2,0,12
42,"Cedar Rapids/Iowa City, IA",11,0,14,0,7,22,0,177
42,"Champaign/Urbana, IL",1,0,1,0,0,2,0,27
42,"Charleston, SC",35,0,28,1,34,60,0,518
42,"Charleston/Dunbar, WV",12,0,11,0,4,17,0,76
42,"Charlotte Amalie, VI",8,1,6,0,7,11,1,63
42,"Charlotte, NC",534,5,459,11,513,822,9,4598
42,"Charlottesville, VA",5,0,15,0,12,22,0,86
42,"Chattanooga, TN",8,0,10,1,6,16,0,145
42,"Cheyenne, WY",0,0,0,0,1,1,0,13
42,"Chicago, IL",625,17,459,1,497,1012,12,7314
42,"Christiansted, VI",3,0,1,0,5,5,1,11
42,"Cincinnati, OH",59,1,57,0,50,113,1,830
42,"Clarksburg/Fairmont, WV",0,0,0,0,0,0,0,2
42,"Cleveland, OH",36,1,49,0,41,92,1,823
42,"Cody, WY",2,1,3,0,1,4,0,14
42,"College Station/Bryan, TX",0,1,0,0,0,1,0,28
42,"Colorado Springs, CO",23,6,14,0,15,42,0,262
42,"Columbia, MO",3,0,3,0,3,6,0,41
42,"Columbia, SC",9,0,12,0,9,21,0,155
42,"Columbus, GA",1,0,0,0,0,1,0,20
42,"Columbus, MS",0,0,0,0,0,0,0,14
42,"Columbus, OH",45,4,58,0,42,98,2,905
42,"Concord, NC",2,0,0,0,3,3,0,11
42,"Cordova, AK",0,0,1,0,1,1,0,14
42,"Corpus Christi, TX",3,0,5,0,2,8,0,74
42,"Dallas, TX",156,0,169,2,194,271,1,1403
42,"Dallas/Fort Worth, TX",754,9,419,5,524,1040,11,6456
42,"Dayton, OH",8,0,4,0,3,12,0,155
42,"Daytona Beach, FL",1,0,0,0,1,2,0,56
42,"Deadhorse, AK",0,0,0,0,0,0,0,11
42,"Decatur, IL",1,0,1,0,0,2,0,12
42,"Denver, CO",619,28,456,1,510,1011,8,6137
42,"Des Moines, IA",24,1,25,0,16,48,0,310
42,"Detroit, MI",294,15,165,0,96,386,1,2740
42,"Devils Lake, ND",0,1,1,0,1,1,0,13
42,"Dickinson, ND",0,1,0,0,0,1,0,13
42,"Dodge City, KS",1,0,0,0,2,3,0,12
42,"Dothan, AL",2,0,1,0,3,5,0,14
42,"Duluth, MN",4,0,1,0,0,5,0,54
42,"Durango, CO",5,2,6,1,4,12,0,80
42,"Eagle, CO",1,0,1,0,1,3,0,27
42,"El Paso, TX",14,2,21,0,24,38,0,373
42,"Elko, NV",0,0,0,0,0,0,0,7
42,"Elmira/Corning, NY",2,1,1,0,2,4,0,20
42,"Escanaba, MI",2,0,0,0,0,2,0,14
42,"Eugene, OR",2,0,4,0,3,6,0,149
42,"Evansville, IN",3,0,0,0,2,4,0,54
42,"Everett, WA",0,0,1,0,0,1,0,14
42,"Fairbanks, AK",3,1,5,0,2,8,1,63
42,"Fargo, ND",13,4,7,0,8,20,0,134
42,"Fayetteville, AR",17,0,17,0,10,30,0,302
42,"Fayetteville, NC",9,0,8,0,0,14,0,48
42,"Flagstaff, AZ",7,3,9,0,1,12,0,51
42,"Flint, MI",9,0,3,0,3,10,0,40
42,"Fort Dodge, IA",1,0,1,0,2,3,0,12
42,"Fort Lauderdale, FL",146,3,129,5,103,218,1,1578
42,"Fort Myers, FL",18,0,19,0,44,48,1,553
42,"Fort Smith, AR",0,1,2,0,1,3,0,27
42,"Fort Wayne, IN",22,2,8,0,7,26,2,125
42,"Fresno, CA",19,2,18,0,12,34,0,252
42,"Gainesville, FL",3,0,1,0,4,5,0,68
42,"Garden City, KS",2,0,1,0,0,2,0,14
42,"Gillette, WY",2,1,1,0,0,4,0,14
42,"Grand Forks, ND",1,1,1,0,1,3,0,25
42,"Grand Island, NE",2,0,1,0,1,3,0,18
42,"Grand Junction, CO",7,1,1,0,3,11,0,93
42,"Grand Rapids, MI",22,2,21,0,18,43,1,343
42,"Great Falls, MT",4,0,0,0,0,4,0,45
42,"Green Bay, WI",12,0,7,0,1,12,0,85
42,"Greensboro/High Point, NC",13,0,29,0,11,34,0,251
42,"Greer, SC",33,0,41,0,30,63,0,347
42,"Guam, TT",0,0,0,0,0,0,0,14
42,"Gulfport/Biloxi, MS",2,0,3,0,3,4,0,69
42,"Gunnison, CO",1,1,1,0,0,2,0,14
42,"Hagerstown, MD",0,1,0,0,1,2,0,7
42,"Hancock/Houghton, MI",2,0,1,0,2,4,0,14
42,"Harlingen/San Benito, TX",7,1,7,0,8,14,0,94
42,"Harrisburg, PA",9,0,4,0,6,10,0,114
42,"Hartford, CT",40,0,24,0,30,54,0,474
42,"Hattiesburg/Laurel, MS",0,0,0,0,1,1,0,12
42,"Hayden, CO",5,0,2,0,1,6,0,26
42,"Hays, KS",0,0,0,0,0,0,0,12
42,"Helena, MT",2,1,0,0,0,3,0,33
42,"Hibbing, MN",2,1,0,0,0,3,0,12
42,"Hilo, HI",9,0,2,0,10,13,0,124
42,"Hilton Head, SC",5,0,11,0,3,14,0,42
42,"Hobbs, NM",1,0,1,0,0,1,0,14
42,"Honolulu, HI",117,0,34,0,59,135,6,1122
42,"Houston, TX",301,3,191,1,236,457,3,3448
42,"Huntsville, AL",17,2,11,0,8,24,0,179
42,"Idaho Falls, ID",9,0,6,1,1,10,0,70
42,"Indianapolis, IN",55,4,69,0,43,110,3,1051
42,"International Falls, MN",3,0,0,0,0,3,0,12
42,"Iron Mountain/Kingsfd, MI",1,0,1,0,0,1,0,14
42,"Islip, NY",6,0,1,0,5,7,0,58
42,"Ithaca/Cortland, NY",0,0,0,0,2,2,0,14
42,"Jackson, WY",7,1,6,0,2,12,0,84
42,"Jackson/Vicksburg, MS",3,0,5,0,6,9,0,146
42,"Jacksonville, FL",36,0,39,0,44,74,1,600
42,"Jacksonville/Camp Lejeune, NC",0,0,5,0,2,5,0,48
42,"Jamestown, ND",0,0,1,0,1,1,0,13
42,"Johnstown, PA",2,0,2,0,2,4,0,14
42,"Joplin, MO",2,0,0,0,0,2,0,12
42,"Juneau, AK",2,3,5,0,1,9,1,84
42,"Kahului, HI",45,1,14,0,35,51,2,482
42,"Kalamazoo, MI",1,1,0,0,0,2,0,20
42,"Kalispell, MT",3,0,2,0,0,4,0,60
42,"Kansas City, MO",57,2,66,0,61,110,2,1020
42,"Ketchikan, AK",1,0,1,0,3,3,0,42
42,"Key West, FL",2,0,3,0,5,7,0,130
42,"Killeen, TX",3,0,3,0,3,5,0,41
42,"Knoxville, TN",28,1,31,0,33,51,0,403
42,"Kodiak, AK",0,0,1,1,2,3,0,14
42,"Kona, HI",19,0,13,0,18,30,1,307
42,"Kotzebue, AK",0,0,0,0,0,0,1,9
42,"La Crosse, WI",0,0,1,0,0,1,0,7
42,"Lafayette, LA",3,0,0,0,1,3,0,68
42,"Lake Charles, LA",4,0,0,0,0,4,0,21
42,"Lansing, MI",6,1,2,0,0,7,0,26
42,"Laramie, WY",1,1,0,0,1,3,0,12
42,"Laredo, TX",1,0,1,0,4,4,0,36
42,"Las Vegas, NV",404,12,442,2,390,695,9,3981
42,"Latrobe, PA",0,0,0,0,1,1,1,18
42,"Lawton/Fort Sill, OK",2,0,1,0,2,4,0,21
42,"Lewiston, ID",3,0,2,1,0,4,0,21
42,"Lexington, KY",10,0,18,1,15,25,0,189
42,"Liberal, KS",0,2,3,0,3,5,0,12
42,"Lihue, HI",18,0,8,0,17,27,2,297
42,"Lincoln, NE",1,5,0,0,2,8,1,55
42,"Little Rock, AR",18,0,13,0,13,28,0,273
42,"Long Beach, CA",23,0,14,0,25,38,0,337
42,"Longview, TX",5,0,2,0,0,5,0,14
42,"Los Angeles, CA",290,10,311,1,201,521,2,3865
42,"Louisville, KY",29,1,40,0,22,59,0,504
42,"Lubbock, TX",7,0,7,0,13,17,0,118
42,"Madison, WI",9,0,14,0,11,21,2,239
42,"Manchester, NH",12,0,8,0,10,18,0,135
42,"Manhattan/Ft. Riley, KS",1,0,1,0,1,2,0,21
42,"Marquette, MI",2,0,0,0,0,2,0,14
42,"Martha's Vineyard, MA",0,0,2,0,3,3,0,8
42,"Mason City, IA",0,0,0,0,0,0,0,12
42,"Medford, OR",9,0,7,0,4,12,0,88
42,"Melbourne, FL",2,0,2,0,5,4,0,53
42,"Memphis, TN",22,0,28,1,19,51,0,461
42,"Meridian, MS",0,0,0,0,0,0,0,12
42,"Miami, FL",144,3,82,1,130,236,1,1898
42,"Midland/Odessa, TX",12,2,9,0,13,26,0,187
42,"Milwaukee, WI",51,0,35,0,33,80,0,598
42,"Minneapolis, MN",189,4,106,0,73,267,3,2573
42,"Minot, ND",6,0,4,0,2,6,0,48
42,"Mission/McAllen/Edinburg, TX",5,1,2,0,2,8,0,112
42,"Missoula, MT",2,1,7,0,7,10,0,72
42,"Mobile, AL",2,0,2,0,2,3,0,53
42,"Moline, IL",3,0,5,0,4,9,0,94
42,"Monroe, LA",1,0,0,0,0,1,0,41
42,"Monterey, CA",12,0,6,0,6,16,0,107
42,"Montgomery, AL",1,0,0,0,1,2,0,54
42,"Montrose/Delta, CO",0,0,0,0,1,1,0,28
42,"Mosinee, WI",1,0,0,0,0,1,0,14
42,"Myrtle Beach, SC",19,0,27,0,29,47,1,322
42,"Nantucket, MA",2,0,2,0,1,3,0,15
42,"Nashville, TN",187,4,173,1,201,323,4,2073
42,"New Orleans, LA",77,1,71,0,78,130,1,1042
42,"New York, NY",480,6,544,3,369,858,6,5628
42,"Newark, NJ",284,1,370,2,277,573,11,2551
42,"Newburgh/Poughkeepsie, NY",1,0,1,0,0,1,0,8
42,"Niagara Falls, NY",1,0,0,0,0,1,0,5
42,"Nome, AK",0,0,0,0,1,1,1,8
42,"Norfolk, VA",35,3,54,0,40,81,1,443
42,"North Bend/Coos Bay, OR",3,0,1,0,2,5,0,9
42,"North Platte, NE",2,0,0,0,0,2,0,12
42,"Oakland, CA",64,1,56,0,70,115,0,772
42,"Oklahoma City, OK",43,1,34,1,25,72,1,476
42,"Omaha, NE",40,3,33,0,24,67,1,474
42,"Ontario, CA",35,0,35,0,37,69,1,549
42,"Orlando, FL",183,1,108,2,165,285,3,2869
42,"Pago Pago, TT",0,0,0,0,0,0,0,2
42,"Palm Springs, CA",13,2,17,2,13,27,0,261
42,"Panama City, FL",10,0,9,0,10,18,0,154
42,"Pasco/Kennewick/Richland, WA",11,1,1,0,1,12,0,114
42,"Pellston, MI",2,0,0,0,0,2,0,12
42,"Pensacola, FL",13,0,11,1,18,22,0,248
42,"Peoria, IL",8,0,3,0,3,10,0,76
42,"Petersburg, AK",0,0,0,0,1,1,0,14
42,"Philadelphia, PA",177,0,163,3,145,298,4,2180
42,"Phoenix, AZ",384,6,324,5,356,646,2,4062
42,"Pittsburgh, PA",30,0,49,0,38,77,2,908
42,"Plattsburgh, NY",0,0,0,0,0,0,1,10
42,"Pocatello, ID",0,0,0,0,0,0,0,13
42,"Ponce, PR",0,0,0,0,0,0,0,9
42,"Portland, ME",44,9,32,0,30,70,0,302
42,"Portland, OR",70,2,75,0,53,125,4,1204
42,"Portsmouth, NH",2,0,1,0,1,3,0,6
42,"Prescott, AZ",2,0,3,0,1,3,0,14
42,"Presque Isle/Houlton, ME",1,0,1,0,0,2,0,7
42,"Providence, RI",25,1,25,0,15,37,0,329
42,"Provo, UT",11,0,9,0,2,15,0,53
42,"Punta Gorda, FL",7,4,8,0,4,16,1,126
42,"Raleigh/Durham, NC",120,1,138,0,116,219,1,1233
42,"Rapid City, SD",3,1,8,0,5,11,0,109
42,"Redding, CA",6,0,0,0,0,6,0,34
42,"Reno, NV",35,4,54,2,35,82,2,431
42,"Rhinelander, WI",1,0,0,0,0,1,0,14
42,"Richmond, VA",16,0,27,0,23,48,0,376
42,"Riverton/Lander, WY",1,0,1,0,1,2,0,14
42,"Roanoke, VA",8,0,8,0,8,13,0,69
42,"Rochester, MN",2,0,1,0,0,2,0,31
42,"Rochester, NY",17,1,10,0,16,26,0,244
42,"Rock Springs, WY",2,0,1,0,0,2,0,14
42,"Rockford, IL",4,0,3,0,3,4,0,16
42,"Roswell, NM",3,1,1,0,0,4,3,21
42,"Sacramento, CA",73,1,77,0,89,149,1,1155
42,"Saginaw/Bay City/Midland, MI",7,0,3,0,1,8,0,48
42,"Saipan, TT",1,0,1,0,0,1,0,7
42,"Salina, KS",1,0,0,0,0,1,0,14
42,"Salt Lake City, UT",183,7,167,1,99,291,2,2179
42,"San Angelo, TX",2,0,2,0,0,3,0,21
42,"San Antonio, TX",67,0,53,0,77,118,1,866
42,"San Diego, CA",176,6,277,1,210,389,3,1924
42,"San Francisco, CA",241,8,260,0,196,456,3,2864
42,"San Jose, CA",60,1,66,1,68,129,1,1064
42,"San Juan, PR",66,3,39,0,65,100,2,528
42,"San Luis Obispo, CA",5,0,6,0,8,14,0,118
42,"Sanford, FL",27,4,17,0,13,34,0,192
42,"Santa Ana, CA",75,1,71,1,73,137,2,847
42,"Santa Barbara, CA",8,0,12,0,7,16,0,148
42,"Santa Fe, NM",11,1,2,0,3,15,0,77
42,"Santa Maria, CA",0,0,1,0,1,1,0,2
42,"Santa Rosa, CA",8,0,8,0,11,16,0,78
42,"Sarasota/Bradenton, FL",12,0,4,0,12,20,76,278
42,"Sault Ste. Marie, MI",2,0,0,0,0,2,0,14
42,"Savannah, GA",28,0,29,0,33,48,1,399
42,"Scottsbluff, NE",1,0,0,0,1,2,0,12
42,"Scranton/Wilkes-Barre, PA",1,0,1,0,0,1,0,32
42,"Seattle, WA",280,10,350,0,180,520,4,3172
42,"Sheridan, WY",3,0,1,0,2,5,0,14
42,"Shreveport, LA",4,0,3,0,4,8,0,99
42,"Sioux City, IA",3,0,2,0,2,5,0,14
42,"Sioux Falls, SD",10,1,13,1,7,20,0,145
42,"Sitka, AK",1,0,1,0,1,1,0,21
42,"South Bend, IN",11,1,4,0,2,14,2,143
42,"Spokane, WA",17,1,13,0,11,26,0,335
42,"Springfield, IL",0,0,0,0,0,0,0,2
42,"Springfield, MO",25,1,13,0,11,33,0,208
42,"St. Cloud, MN",0,0,0,0,0,0,0,2
42,"St. George, UT",10,3,8,0,1,14,0,79
42,"St. Louis, MO",103,2,69,1,101,159,1,1324
42,"St. Petersburg, FL",7,0,5,0,4,13,0,151
42,"State College, PA",1,0,2,0,1,2,0,14
42,"Stillwater, OK",4,0,0,0,0,4,0,14
42,"Stockton, CA",0,2,3,0,3,4,0,11
42,"Sun Valley/Hailey/Ketchum, ID",1,0,0,0,0,1,0,25
42,"Syracuse, NY",24,3,11,0,9,32,1,246
42,"Tallahassee, FL",7,0,11,0,5,17,0,131
42,"Tampa, FL",66,0,58,0,84,138,1,1398
42,"Texarkana, AR",1,1,0,0,0,2,0,14
42,"Toledo, OH",0,0,0,0,1,1,0,6
42,"Traverse City, MI",3,0,3,0,1,6,0,64
42,"Trenton, NJ",2,0,1,0,1,3,0,14
42,"Tucson, AZ",21,3,20,0,24,44,0,393
42,"Tulsa, OK",25,0,14,0,18,46,1,374
42,"Twin Falls, ID",1,0,0,0,0,1,0,13
42,"Tyler, TX",3,0,0,0,1,4,0,21
42,"Valdosta, GA",1,1,1,0,0,2,0,19
42,"Valparaiso, FL",9,0,10,2,8,20,0,201
42,"Victoria, TX",3,0,0,0,0,3,0,12
42,"Waco, TX",8,1,2,0,2,11,0,21
42,"Washington, DC",251,0,237,0,239,443,8,3780
42,"West Palm Beach/Palm Beach, FL",42,0,24,0,50,62,0,482
42,"West Yellowstone, MT",0,0,0,0,0,0,0,2
42,"White Plains, NY",20,2,11,0,7,30,0,237
42,"Wichita Falls, TX",5,0,0,0,1,6,0,14
42,"Wichita, KS",13,3,13,0,6,22,0,201
42,"Williston, ND",3,0,0,0,0,2,0,42
42,"Wilmington, NC",5,2,22,0,13,24,0,180
42,"Worcester, MA",0,0,3,0,3,4,0,22
42,"Wrangell, AK",0,0,0,0,2,2,0,14
42,"Yakutat, AK",0,0,1,0,1,1,0,14
42,"Yuma, AZ",0,0,3,0,2,3,0,42
43,"Aberdeen, SD",0,0,0,0,0,0,0,14
43,"Abilene, TX",0,0,0,0,1,1,0,34
43,"Adak Island, AK",0,0,0,0,0,0,0,2
43,"Aguadilla, PR",1,0,2,0,5,6,0,34
43,"Akron, OH",4,0,6,0,5,8,0,64
43,"Albany, GA",0,0,0,0,0,0,0,14
43,"Albany, NY",12,0,7,0,14,22,0,248
43,"Albuquerque, NM",35,0,31,1,27,56,1,540
43,"Alexandria, LA",7,0,2,0,3,8,0,40
43,"Allentown/Bethlehem/Easton, PA",3,1,2,0,3,4,0,83
43,"Alpena, MI",2,0,0,0,0,2,0,12
43,"Amarillo, TX",1,0,0,0,8,8,1,105
43,"Anchorage, AK",20,2,17,0,17,35,8,297
43,"Appleton, WI",19,1,7,0,3,22,0,129
43,"Arcata/Eureka, CA",3,0,3,0,3,7,0,41
43,"Asheville, NC",4,0,9,0,8,16,0,232
43,"Ashland, WV",1,1,0,0,0,1,0,4
43,"Aspen, CO",10,1,3,0,4,15,0,110
43,"Atlanta, GA",514,7,306,1,223,671,5,6785
43,"Atlantic City, NJ",6,0,4,0,4,7,0,51
43,"Augusta, GA",6,0,5,0,2,10,0,73
43,"Austin, TX",132,2,126,8,124,222,4,1695
43,"Bakersfield, CA",5,0,2,0,1,8,0,61
43,"Baltimore, MD",142,1,58,1,123,197,1,1925
43,"Bangor, ME",8,1,6,0,6,14,0,118
43,"Barrow, AK",0,0,1,0,1,1,1,7
43,"Baton Rouge, LA",10,0,6,0,5,12,0,99
43,"Beaumont/Port Arthur, TX",1,1,0,0,0,2,0,14
43,"Belleville, IL",0,0,1,0,0,1,0,18
43,"Bellingham, WA",6,0,5,0,5,10,0,39
43,"Bemidji, MN",0,0,0,0,0,0,0,14
43,"Bend/Redmond, OR",11,2,9,0,4,19,0,114
43,"Bethel, AK",1,0,1,0,0,2,0,14
43,"Billings, MT",3,0,2,0,3,6,0,83
43,"Binghamton, NY",0,0,0,0,0,0,0,7
43,"Birmingham, AL",22,0,18,0,26,39,0,381
43,"Bismarck/Mandan, ND",5,0,0,0,1,5,0,85
43,"Bloomington/Normal, IL",2,0,0,0,0,2,0,32
43,"Boise, ID",36,2,23,0,18,52,0,454
43,"Boston, MA",211,3,197,1,128,336,1,2982
43,"Bozeman, MT",5,0,8,0,8,14,0,163
43,"Brainerd, MN",1,0,1,1,0,2,0,12
43,"Bristol/Johnson City/Kingsport, TN",3,1,4,0,5,11,0,61
43,"Brownsville, TX",3,0,1,0,1,4,0,47
43,"Brunswick, GA",0,1,0,0,0,1,0,19
43,"Buffalo, NY",20,0,13,0,18,35,0,465
43,"Burbank, CA",30,0,41,1,38,70,5,662
43,"Burlington, VT",9,0,11,1,10,20,0,202
43,"Butte, MT",0,0,0,0,0,0,0,13
43,"Casper, WY",2,0,0,0,0,2,0,49
43,"Cedar City, UT",0,0,0,0,0,0,0,12
43,"Cedar Rapids/Iowa City, IA",13,2,13,0,7,23,0,172
43,"Champaign/Urbana, IL",2,0,1,0,0,2,0,27
43,"Charleston, SC",20,1,26,0,26,43,0,513
43,"Charleston/Dunbar, WV",7,0,9,0,6,16,0,75
43,"Charlotte Amalie, VI",4,3,3,0,4,8,0,65
43,"Charlotte, NC",460,70,371,6,448,759,2,4595
43,"Charlottesville, VA",7,1,11,0,3,15,0,87
43,"Chattanooga, TN",13,0,6,0,12,22,0,143
43,"Cheyenne, WY",0,0,0,0,0,0,0,13
43,"Chicago, IL",572,5,381,3,402,862,5,7283
43,"Christiansted, VI",0,0,0,0,0,0,0,11
43,"Cincinnati, OH",46,1,33,0,38,81,3,818
43,"Clarksburg/Fairmont, WV",1,0,1,0,2,2,0,2
43,"Cleveland, OH",46,1,38,0,37,79,1,818
43,"Cody, WY",1,1,1,0,0,2,0,14
43,"College Station/Bryan, TX",3,1,1,0,1,5,0,28
43,"Colorado Springs, CO",12,0,6,0,8,20,0,261
43,"Columbia, MO",5,0,1,0,1,7,0,42
43,"Columbia, SC",6,0,8,0,8,15,0,151
43,"Columbus, GA",0,0,1,0,1,1,0,19
43,"Columbus, MS",0,0,0,0,0,0,0,14
43,"Columbus, OH",37,3,33,0,46,80,8,900
43,"Concord, NC",1,0,2,0,3,3,0,11
43,"Cordova, AK",0,0,1,0,1,1,0,14
43,"Corpus Christi, TX",4,0,4,0,3,7,0,73
43,"Dallas, TX",139,0,78,0,129,186,3,1403
43,"Dallas/Fort Worth, TX",742,8,339,2,535,1026,1,6440
43,"Dayton, OH",7,0,1,0,5,10,0,154
43,"Daytona Beach, FL",1,0,2,0,0,1,0,54
43,"Deadhorse, AK",1,1,3,0,2,4,1,11
43,"Decatur, IL",0,0,0,0,0,0,0,12
43,"Denver, CO",409,3,271,0,340,651,7,6126
43,"Des Moines, IA",23,0,15,0,14,38,0,306
43,"Detroit, MI",200,9,102,1,65,258,1,2684
43,"Devils Lake, ND",2,0,1,0,0,2,0,13
43,"Dickinson, ND",3,0,0,0,1,4,0,13
43,"Dodge City, KS",2,0,1,0,1,3,0,12
43,"Dothan, AL",0,0,0,0,1,1,0,14
43,"Duluth, MN",0,0,0,0,0,0,0,52
43,"Durango, CO",6,1,4,0,3,10,0,80
43,"Eagle, CO",3,0,0,0,1,4,0,27
43,"El Paso, TX",15,0,18,0,25,38,2,372
43,"Elko, NV",0,0,0,0,0,0,0,7
43,"Elmira/Corning, NY",0,1,0,0,0,1,0,20
43,"Escanaba, MI",2,0,0,0,0,2,0,14
43,"Eugene, OR",13,1,11,0,4,20,0,148
43,"Evansville, IN",4,0,1,0,1,3,0,51
43,"Everett, WA",0,0,0,0,0,0,0,14
43,"Fairbanks, AK",2,1,12,0,3,14,2,60
43,"Fargo, ND",13,1,2,0,3,13,0,130
43,"Fayetteville, AR",12,2,12,0,11,24,0,295
43,"Fayetteville, NC",1,0,9,0,2,9,0,45
43,"Flagstaff, AZ",8,0,3,0,4,12,0,51
43,"Flint, MI",4,0,3,0,1,6,0,40
43,"Fort Dodge, IA",1,0,0,0,2,3,0,12
43,"Fort Lauderdale, FL",148,1,92,5,89,203,1,1579
43,"Fort Myers, FL",16,0,16,0,20,33,0,553
43,"Fort Smith, AR",2,0,1,0,0,2,0,27
43,"Fort Wayne, IN",12,1,2,0,3,14,0,118
43,"Fresno, CA",14,2,8,0,10,25,1,252
43,"Gainesville, FL",1,0,1,0,2,3,0,65
43,"Garden City, KS",2,1,2,0,2,5,0,14
43,"Gillette, WY",0,0,0,0,0,0,0,14
43,"Grand Forks, ND",1,0,0,0,0,1,0,25
43,"Grand Island, NE",2,0,2,0,4,6,0,18
43,"Grand Junction, CO",9,1,2,0,4,14,0,93
43,"Grand Rapids, MI",15,0,9,0,12,27,1,337
43,"Great Falls, MT",5,0,1,0,0,5,0,44
43,"Green Bay, WI",4,0,1,0,2,6,0,82
43,"Greensboro/High Point, NC",14,2,19,0,11,27,0,252
43,"Greer, SC",15,1,26,0,14,38,0,337
43,"Guam, TT",0,0,0,0,0,0,0,14
43,"Gulfport/Biloxi, MS",3,0,3,0,3,5,0,68
43,"Gunnison, CO",0,0,0,0,0,0,0,14
43,"Hagerstown, MD",0,0,1,0,0,1,0,7
43,"Hancock/Houghton, MI",4,0,0,0,1,5,0,14
43,"Harlingen/San Benito, TX",4,0,5,0,4,8,0,94
43,"Harrisburg, PA",4,1,5,0,4,8,0,111
43,"Hartford, CT",27,0,20,0,24,47,0,469
43,"Hattiesburg/Laurel, MS",0,0,0,0,0,0,0,12
43,"Hayden, CO",1,0,0,0,0,1,0,26
43,"Hays, KS",0,0,0,0,2,2,0,12
43,"Helena, MT",2,0,1,0,1,3,0,33
43,"Hibbing, MN",1,0,0,0,0,1,0,12
43,"Hilo, HI",5,0,1,0,6,7,3,123
43,"Hilton Head, SC",0,0,6,0,3,7,0,41
43,"Hobbs, NM",0,0,0,0,0,0,0,14
43,"Honolulu, HI",99,1,12,0,71,134,16,1122
43,"Houston, TX",270,6,222,1,245,471,5,3434
43,"Huntsville, AL",22,0,7,1,3,26,0,179
43,"Idaho Falls, ID",4,0,1,0,2,6,0,70
43,"Indianapolis, IN",48,2,28,0,29,73,9,1020
43,"International Falls, MN",0,0,0,0,0,0,0,12
43,"Iron Mountain/Kingsfd, MI",0,0,0,0,0,0,0,14
43,"Islip, NY",3,0,2,0,4,4,0,66
43,"Ithaca/Cortland, NY",1,0,0,0,0,1,0,14
43,"Jackson, WY",2,0,0,0,1,3,0,80
43,"Jackson/Vicksburg, MS",13,0,3,0,9,15,0,144
43,"Jacksonville, FL",37,0,22,0,30,63,0,599
43,"Jacksonville/Camp Lejeune, NC",3,0,4,0,3,8,0,47
43,"Jamestown, ND",2,0,1,0,0,2,0,13
43,"Johnstown, PA",1,0,0,0,0,1,0,14
43,"Joplin, MO",0,0,0,0,2,2,0,12
43,"Juneau, AK",2,1,3,0,2,7,1,84
43,"Kahului, HI",30,1,8,0,42,51,5,480
43,"Kalamazoo, MI",2,0,0,0,0,2,0,20
43,"Kalispell, MT",1,0,0,0,0,1,0,59
43,"Kansas City, MO",49,6,38,0,56,94,3,1019
43,"Ketchikan, AK",1,0,2,0,3,3,0,42
43,"Key West, FL",9,0,8,0,9,16,2,134
43,"Killeen, TX",1,0,0,0,1,2,0,41
43,"Knoxville, TN",22,0,16,0,24,33,0,385
43,"Kodiak, AK",3,0,2,0,1,2,0,14
43,"Kona, HI",24,0,9,0,26,39,4,310
43,"Kotzebue, AK",0,0,0,1,0,1,4,8
43,"La Crosse, WI",0,0,0,0,0,0,0,7
43,"Lafayette, LA",9,1,3,0,3,10,0,67
43,"Lake Charles, LA",3,2,0,0,3,8,0,21
43,"Lansing, MI",2,1,3,0,3,6,0,26
43,"Laramie, WY",0,0,0,0,1,1,0,12
43,"Laredo, TX",2,0,1,0,1,3,0,36
43,"Las Vegas, NV",252,10,216,2,211,453,9,3968
43,"Latrobe, PA",0,0,0,0,0,0,0,18
43,"Lawton/Fort Sill, OK",2,0,0,0,1,3,0,21
43,"Lewiston, ID",3,0,0,0,0,3,0,21
43,"Lexington, KY",15,1,14,0,11,28,0,182
43,"Liberal, KS",0,0,0,0,1,1,0,12
43,"Lihue, HI",15,0,7,0,22,28,6,297
43,"Lincoln, NE",6,0,0,0,1,6,0,54
43,"Little Rock, AR",22,1,18,0,19,34,0,272
43,"Long Beach, CA",29,2,16,0,37,53,6,337
43,"Longview, TX",1,0,0,0,0,1,0,14
43,"Los Angeles, CA",279,33,260,4,219,508,4,3828
43,"Louisville, KY",15,0,23,0,14,39,0,497
43,"Lubbock, TX",6,1,7,0,8,16,0,119
43,"Madison, WI",18,0,9,0,9,24,0,235
43,"Manchester, NH",7,0,8,0,8,13,0,135
43,"Manhattan/Ft. Riley, KS",0,0,0,0,1,1,0,21
43,"Marquette, MI",1,1,0,0,1,2,0,14
43,"Martha's Vineyard, MA",0,0,0,0,0,0,0,6
43,"Mason City, IA",1,0,0,0,0,1,0,12
43,"Medford, OR",5,0,3,0,0,6,0,87
43,"Melbourne, FL",1,0,3,0,1,4,0,51
43,"Memphis, TN",32,1,23,1,18,45,0,461
43,"Meridian, MS",0,0,0,0,0,0,0,12
43,"Miami, FL",135,2,71,3,85,193,0,1912
43,"Midland/Odessa, TX",8,0,10,0,1,13,1,187
43,"Milwaukee, WI",31,0,14,1,14,37,1,590
43,"Minneapolis, MN",141,10,89,0,45,199,1,2512
43,"Minot, ND",2,1,3,0,1,5,0,48
43,"Mission/McAllen/Edinburg, TX",9,1,8,0,4,14,0,110
43,"Missoula, MT",4,0,1,1,2,7,0,70
43,"Mobile, AL",1,0,1,1,0,2,0,50
43,"Moline, IL",6,0,1,0,3,8,0,93
43,"Monroe, LA",1,0,0,0,3,3,0,40
43,"Monterey, CA",7,1,5,0,5,12,0,106
43,"Montgomery, AL",1,0,1,0,1,3,0,53
43,"Montrose/Delta, CO",0,0,1,0,0,1,0,28
43,"Mosinee, WI",1,0,0,0,1,1,0,14
43,"Myrtle Beach, SC",15,1,15,0,23,31,0,314
43,"Nantucket, MA",0,0,0,0,0,0,0,10
43,"Nashville, TN",132,1,89,1,116,207,3,2059
43,"New Orleans, LA",81,1,72,0,94,146,0,1067
43,"New York, NY",288,3,150,3,195,431,0,5625
43,"Newark, NJ",181,0,119,1,133,260,3,2553
43,"Newburgh/Poughkeepsie, NY",1,0,1,0,2,1,0,8
43,"Niagara Falls, NY",0,0,1,0,0,1,0,5
43,"Nome, AK",1,0,2,1,2,2,1,7
43,"Norfolk, VA",22,3,36,0,29,57,0,439
43,"North Bend/Coos Bay, OR",0,1,1,0,0,1,0,8
43,"North Platte, NE",0,0,1,0,2,2,0,12
43,"Oakland, CA",38,1,30,0,38,70,2,773
43,"Oklahoma City, OK",18,1,17,0,15,36,0,476
43,"Omaha, NE",22,2,17,0,19,43,0,473
43,"Ontario, CA",29,1,20,0,34,56,0,548
43,"Orlando, FL",238,0,116,3,168,333,2,2869
43,"Pago Pago, TT",0,0,0,0,0,0,0,2
43,"Palm Springs, CA",13,0,21,0,18,31,0,265
43,"Panama City, FL",6,0,5,0,15,20,0,149
43,"Pasco/Kennewick/Richland, WA",9,0,5,0,1,9,0,114
43,"Pellston, MI",1,0,2,1,0,2,0,12
43,"Pensacola, FL",23,0,11,0,16,28,0,246
43,"Peoria, IL",5,1,4,0,6,11,0,73
43,"Petersburg, AK",0,0,0,0,0,0,0,14
43,"Philadelphia, PA",167,0,156,2,127,271,1,2167
43,"Phoenix, AZ",351,6,208,2,317,570,3,4058
43,"Pittsburgh, PA",41,0,44,0,34,68,3,895
43,"Plattsburgh, NY",2,0,1,0,1,2,0,10
43,"Pocatello, ID",0,0,0,0,0,0,0,12
43,"Ponce, PR",0,0,1,0,0,1,0,9
43,"Portland, ME",20,2,12,0,12,30,1,292
43,"Portland, OR",62,5,94,2,71,141,3,1191
43,"Portsmouth, NH",1,0,1,0,0,1,0,6
43,"Prescott, AZ",0,0,0,0,0,0,0,14
43,"Presque Isle/Houlton, ME",0,0,0,0,0,0,0,7
43,"Providence, RI",20,0,11,0,18,30,0,334
43,"Provo, UT",9,0,3,0,2,12,0,53
43,"Punta Gorda, FL",12,1,11,0,8,16,0,116
43,"Raleigh/Durham, NC",74,0,77,0,68,136,1,1232
43,"Rapid City, SD",6,0,3,0,2,7,0,109
43,"Redding, CA",3,0,2,0,2,5,0,34
43,"Reno, NV",29,4,18,1,24,49,1,425
43,"Rhinelander, WI",2,0,0,0,0,2,0,14
43,"Richmond, VA",11,2,14,0,14,29,0,369
43,"Riverton/Lander, WY",1,0,1,0,2,3,0,14
43,"Roanoke, VA",5,1,5,0,6,9,0,66
43,"Rochester, MN",3,2,2,0,1,5,0,30
43,"Rochester, NY",17,0,12,1,14,25,0,240
43,"Rock Springs, WY",1,0,3,0,2,3,0,14
43,"Rockford, IL",2,1,1,0,3,3,0,16
43,"Roswell, NM",7,1,2,0,1,9,1,21
43,"Sacramento, CA",59,3,46,0,71,127,8,1143
43,"Saginaw/Bay City/Midland, MI",6,0,1,0,0,6,0,47
43,"Saipan, TT",0,0,0,0,0,0,0,7
43,"Salina, KS",1,0,0,0,0,0,0,14
43,"Salt Lake City, UT",135,3,75,0,63,186,3,2145
43,"San Angelo, TX",1,0,4,0,2,5,0,21
43,"San Antonio, TX",55,0,41,0,42,91,1,856
43,"San Diego, CA",150,16,203,0,243,374,11,1918
43,"San Francisco, CA",211,11,142,0,188,378,4,2861
43,"San Jose, CA",60,4,57,0,69,136,3,1053
43,"San Juan, PR",46,0,47,2,38,78,0,535
43,"San Luis Obispo, CA",13,2,10,0,12,25,0,117
43,"Sanford, FL",16,4,15,0,16,27,0,163
43,"Santa Ana, CA",43,4,40,1,55,97,2,845
43,"Santa Barbara, CA",11,2,8,0,16,30,1,147
43,"Santa Fe, NM",13,1,2,1,6,20,0,77
43,"Santa Maria, CA",0,0,0,0,0,0,0,2
43,"Santa Rosa, CA",10,0,5,0,9,16,1,79
43,"Sarasota/Bradenton, FL",9,0,11,0,13,22,16,274
43,"Sault Ste. Marie, MI",3,1,0,0,0,4,0,14
43,"Savannah, GA",29,1,14,0,27,42,0,397
43,"Scottsbluff, NE",0,0,1,0,1,2,1,12
43,"Scranton/Wilkes-Barre, PA",1,0,2,0,2,3,0,32
43,"Seattle, WA",297,19,359,11,214,553,16,3131
43,"Sheridan, WY",2,0,2,0,0,2,0,14
43,"Shreveport, LA",5,0,3,0,3,7,0,97
43,"Sioux City, IA",2,0,2,0,1,3,0,14
43,"Sioux Falls, SD",5,1,7,1,6,14,0,141
43,"Sitka, AK",0,0,0,0,1,1,0,21
43,"South Bend, IN",12,0,3,0,5,17,0,146
43,"Spokane, WA",21,4,23,0,15,44,0,334
43,"Springfield, IL",0,0,1,0,1,1,0,2
43,"Springfield, MO",16,2,11,0,9,21,0,203
43,"St. Cloud, MN",0,0,0,0,0,0,0,2
43,"St. George, UT",2,1,2,0,2,5,0,79
43,"St. Louis, MO",94,0,40,1,88,147,0,1313
43,"St. Petersburg, FL",3,0,1,0,0,3,0,139
43,"State College, PA",1,0,2,0,4,4,0,14
43,"Stillwater, OK",1,0,0,0,0,1,0,14
43,"Stockton, CA",2,0,1,0,2,4,0,11
43,"Sun Valley/Hailey/Ketchum, ID",0,0,1,0,1,1,0,25
43,"Syracuse, NY",13,0,12,0,8,24,1,243
43,"Tallahassee, FL",5,1,5,0,5,9,0,130
43,"Tampa, FL",72,0,43,0,73,114,12,1399
43,"Texarkana, AR",2,0,0,0,1,3,0,14
43,"Toledo, OH",0,0,0,0,0,0,0,6
43,"Traverse City, MI",2,1,1,0,0,3,0,63
43,"Trenton, NJ",1,0,0,0,1,1,0,14
43,"Tucson, AZ",17,2,15,0,15,36,0,395
43,"Tulsa, OK",12,1,12,0,14,31,0,368
43,"Twin Falls, ID",0,0,0,0,0,0,0,12
43,"Tyler, TX",1,1,1,0,2,4,0,21
43,"Valdosta, GA",1,0,1,0,1,2,0,19
43,"Valparaiso, FL",7,1,7,0,9,13,0,187
43,"Victoria, TX",3,0,2,0,0,4,0,12
43,"Waco, TX",5,1,6,0,3,9,0,21
43,"Washington, DC",208,2,144,0,187,348,3,3777
43,"West Palm Beach/Palm Beach, FL",37,0,20,0,33,43,0,491
43,"White Plains, NY",18,1,7,0,12,22,0,237
43,"Wichita Falls, TX",2,0,1,0,1,3,0,14
43,"Wichita, KS",20,1,14,0,9,33,0,201
43,"Williston, ND",4,0,3,0,0,4,0,42
43,"Wilmington, NC",5,0,16,0,10,22,0,179
43,"Worcester, MA",1,0,1,0,1,2,0,23
43,"Wrangell, AK",0,0,1,0,2,2,0,14
43,"Yakutat, AK",0,0,1,0,0,1,0,14
43,"Yuma, AZ",4,0,5,0,5,10,0,42
44,"Aberdeen, SD",2,1,0,0,0,3,0,14
44,"Abilene, TX",1,1,0,0,2,2,0,33
44,"Adak Island, AK",0,0,0,0,0,0,0,2
44,"Aguadilla, PR",3,2,1,0,5,7,0,35
44,"Akron, OH",5,0,1,0,2,5,0,59
44,"Albany, GA",2,0,1,0,0,2,0,14
44,"Albany, NY",13,0,6,0,6,16,0,230
44,"Albuquerque, NM",28,2,25,2,26,50,0,484
44,"Alexandria, LA",4,3,2,0,1,8,0,35
44,"Allentown/Bethlehem/Easton, PA",2,0,1,0,5,6,0,73
44,"Alpena, MI",2,0,1,0,0,2,0,12
44,"Amarillo, TX",8,2,10,0,15,24,0,99
44,"Anchorage, AK",17,26,71,0,26,77,3,279
44,"Appleton, WI",8,0,5,0,3,11,0,119
44,"Arcata/Eureka, CA",2,2,2,0,1,6,0,42
44,"Asheville, NC",11,1,10,0,15,24,1,201
44,"Ashland, WV",2,0,0,0,0,2,0,4
44,"Aspen, CO",10,3,6,0,2,15,2,98
44,"Atlanta, GA",313,14,248,1,152,492,3,5906
44,"Atlantic City, NJ",4,0,5,0,8,10,0,49
44,"Augusta, GA",9,1,7,0,3,12,0,62
44,"Austin, TX",120,6,120,2,103,205,3,1559
44,"Bakersfield, CA",2,0,2,0,1,4,0,59
44,"Baltimore, MD",141,1,66,0,108,198,0,1810
44,"Bangor, ME",7,0,2,0,6,10,0,96
44,"Barrow, AK",0,1,1,0,2,2,0,7
44,"Baton Rouge, LA",6,3,11,0,6,16,0,88
44,"Beaumont/Port Arthur, TX",1,1,1,0,1,3,0,14
44,"Belleville, IL",2,0,0,0,1,2,0,16
44,"Bellingham, WA",6,0,3,0,6,8,0,37
44,"Bemidji, MN",1,0,0,0,0,1,0,14
44,"Bend/Redmond, OR",4,1,4,0,1,9,0,105
44,"Bethel, AK",1,0,4,1,4,5,0,14
44,"Billings, MT",3,1,9,0,5,11,0,73
44,"Binghamton, NY",0,0,0,0,0,0,0,7
44,"Birmingham, AL",24,2,22,0,18,44,0,343
44,"Bismarck/Mandan, ND",12,3,10,1,4,17,0,78
44,"Bloomington/Normal, IL",0,1,3,0,1,3,0,32
44,"Boise, ID",23,7,29,0,12,46,0,436
44,"Boston, MA",136,2,110,0,61,205,2,2638
44,"Bozeman, MT",9,0,12,0,5,17,1,141
44,"Brainerd, MN",0,1,0,0,0,1,0,12
44,"Bristol/Johnson City/Kingsport, TN",2,0,4,0,2,5,0,54
44,"Brownsville, TX",1,0,2,0,4,7,0,31
44,"Brunswick, GA",4,0,1,0,0,4,0,16
44,"Buffalo, NY",21,0,22,0,21,37,0,418
44,"Burbank, CA",30,5,31,0,43,71,3,648
44,"Burlington, VT",6,1,9,0,4,14,0,161
44,"Butte, MT",0,0,0,0,0,0,0,13
44,"Casper, WY",9,2,8,0,4,14,2,50
44,"Cedar City, UT",1,0,1,0,0,1,0,12
44,"Cedar Rapids/Iowa City, IA",10,0,11,1,8,18,1,150
44,"Champaign/Urbana, IL",1,1,3,0,2,4,0,26
44,"Charleston, SC",16,0,20,0,21,39,0,457
44,"Charleston/Dunbar, WV",3,1,9,0,4,12,0,68
44,"Charlotte Amalie, VI",5,0,8,0,11,16,0,72
44,"Charlotte, NC",350,2,253,4,262,519,0,3941
44,"Charlottesville, VA",2,1,4,0,0,6,0,84
44,"Chattanooga, TN",5,2,6,0,5,12,0,124
44,"Cheyenne, WY",1,1,1,0,1,3,0,13
44,"Chicago, IL",514,9,391,1,335,823,3,6713
44,"Christiansted, VI",0,1,2,0,3,2,0,11
44,"Cincinnati, OH",33,1,31,0,18,56,2,740
44,"Clarksburg/Fairmont, WV",0,0,0,0,0,0,0,2
44,"Cleveland, OH",45,3,41,0,29,83,0,755
44,"Cody, WY",0,0,0,0,0,0,0,14
44,"College Station/Bryan, TX",1,0,1,0,5,5,0,27
44,"Colorado Springs, CO",14,1,25,0,9,36,0,241
44,"Columbia, MO",3,2,3,0,1,6,0,33
44,"Columbia, SC",8,0,10,0,7,17,0,133
44,"Columbus, GA",0,0,0,0,0,0,0,15
44,"Columbus, MS",0,0,1,0,0,1,0,14
44,"Columbus, OH",29,0,37,0,32,60,8,815
44,"Concord, NC",0,0,0,0,0,0,0,10
44,"Cordova, AK",0,0,1,0,1,1,1,14
44,"Corpus Christi, TX",3,2,6,0,5,11,1,79
44,"Dallas, TX",159,9,161,0,171,265,0,1352
44,"Dallas/Fort Worth, TX",712,290,715,5,759,1373,24,5813
44,"Dayton, OH",7,0,6,0,7,14,1,138
44,"Daytona Beach, FL",1,0,1,1,0,2,0,47
44,"Deadhorse, AK",0,0,2,0,2,2,0,11
44,"Decatur, IL",0,0,0,0,2,2,0,12
44,"Denver, CO",490,19,439,0,373,852,7,5864
44,"Des Moines, IA",26,3,20,0,17,39,0,267
44,"Detroit, MI",160,8,111,0,47,240,0,2387
44,"Devils Lake, ND",1,0,1,0,1,2,0,13
44,"Dickinson, ND",1,0,0,0,0,1,0,13
44,"Dodge City, KS",1,0,2,0,2,3,0,12
44,"Dothan, AL",0,0,2,0,0,2,0,14
44,"Duluth, MN",5,2,4,0,0,6,0,42
44,"Durango, CO",11,2,4,0,1,12,0,75
44,"Eagle, CO",3,1,2,0,2,5,0,27
44,"El Paso, TX",18,2,20,0,18,31,0,346
44,"Elko, NV",0,0,0,0,0,0,0,7
44,"Elmira/Corning, NY",1,0,0,1,0,2,0,20
44,"Escanaba, MI",1,0,0,0,0,1,0,14
44,"Eugene, OR",6,1,6,0,10,14,2,136
44,"Evansville, IN",2,0,5,0,0,6,0,40
44,"Everett, WA",0,0,0,0,0,0,0,18
44,"Fairbanks, AK",2,0,3,0,5,8,0,46
44,"Fargo, ND",12,2,9,0,6,22,0,121
44,"Fayetteville, AR",8,10,16,0,14,28,0,273
44,"Fayetteville, NC",1,0,1,0,3,3,0,35
44,"Flagstaff, AZ",8,0,3,0,7,14,0,47
44,"Flint, MI",6,0,3,0,5,9,0,40
44,"Fort Dodge, IA",0,0,0,0,0,0,0,12
44,"Fort Lauderdale, FL",91,1,68,1,66,147,2,1554
44,"Fort Myers, FL",19,1,17,0,20,30,1,559
44,"Fort Smith, AR",0,0,0,0,0,0,0,21
44,"Fort Wayne, IN",16,2,8,0,7,22,0,108
44,"Fresno, CA",28,1,18,0,11,39,1,241
44,"Gainesville, FL",1,0,1,0,1,2,0,50
44,"Garden City, KS",3,0,2,0,1,5,0,14
44,"Gillette, WY",1,1,0,0,0,2,1,14
44,"Grand Forks, ND",0,1,1,0,0,1,0,25
44,"Grand Island, NE",3,0,5,0,3,6,0,18
44,"Grand Junction, CO",11,1,10,0,5,18,1,88
44,"Grand Rapids, MI",16,1,16,0,19,29,1,310
44,"Great Falls, MT",4,0,3,0,0,3,0,41
44,"Green Bay, WI",5,1,3,0,3,9,0,76
44,"Greensboro/High Point, NC",11,0,16,0,6,22,0,209
44,"Greer, SC",11,0,17,0,15,28,0,296
44,"Guam, TT",1,0,1,0,0,1,0,14
44,"Gulfport/Biloxi, MS",5,1,3,0,6,9,0,60
44,"Gunnison, CO",0,0,0,0,0,0,0,14
44,"Hagerstown, MD",1,0,0,0,1,2,0,6
44,"Hancock/Houghton, MI",0,1,1,0,1,2,0,14
44,"Harlingen/San Benito, TX",9,1,9,0,13,20,0,87
44,"Harrisburg, PA",5,0,3,0,2,8,1,100
44,"Hartford, CT",36,0,22,0,21,49,1,433
44,"Hattiesburg/Laurel, MS",0,1,1,0,3,4,0,12
44,"Hayden, CO",2,0,0,0,0,1,0,26
44,"Hays, KS",1,0,0,0,1,2,0,12
44,"Helena, MT",1,0,0,0,0,0,0,28
44,"Hibbing, MN",1,0,1,0,0,1,0,12
44,"Hilo, HI",6,0,3,0,9,10,1,125
44,"Hilton Head, SC",3,0,4,0,1,5,0,19
44,"Hobbs, NM",2,0,0,0,3,5,0,14
44,"Honolulu, HI",73,0,23,1,35,90,11,1129
44,"Houston, TX",331,48,327,0,262,605,13,3277
44,"Huntsville, AL",17,2,10,0,6,23,0,160
44,"Idaho Falls, ID",7,2,7,0,0,12,0,69
44,"Indianapolis, IN",45,1,38,1,34,76,11,939
44,"International Falls, MN",4,0,0,0,0,3,0,12
44,"Iron Mountain/Kingsfd, MI",1,0,0,0,0,1,0,14
44,"Islip, NY",4,0,0,0,6,6,0,72
44,"Ithaca/Cortland, NY",0,0,0,0,0,0,0,14
44,"Jackson, WY",6,0,10,0,3,11,1,61
44,"Jackson/Vicksburg, MS",12,5,11,0,8,21,0,123
44,"Jacksonville, FL",29,0,34,0,23,57,0,548
44,"Jacksonville/Camp Lejeune, NC",2,0,6,0,0,6,0,39
44,"Jamestown, ND",2,0,1,0,2,4,1,13
44,"Johnstown, PA",0,0,0,0,0,0,0,14
44,"Joplin, MO",1,1,0,0,1,3,0,12
44,"Juneau, AK",4,1,10,0,7,13,7,83
44,"Kahului, HI",21,1,13,1,14,31,4,475
44,"Kalamazoo, MI",2,1,0,0,0,3,0,19
44,"Kalispell, MT",1,2,4,0,4,5,0,52
44,"Kansas City, MO",51,3,69,0,48,109,7,946
44,"Kearney, NE",0,0,0,0,0,0,0,5
44,"Ketchikan, AK",3,0,6,0,8,10,1,42
44,"Key West, FL",5,0,1,0,8,9,0,126
44,"Killeen, TX",3,2,1,0,6,6,1,40
44,"Knoxville, TN",25,0,24,0,24,44,1,342
44,"Kodiak, AK",3,0,5,0,6,6,1,14
44,"Kona, HI",14,0,11,0,10,18,1,304
44,"Kotzebue, AK",0,0,0,0,2,2,0,7
44,"La Crosse, WI",0,0,0,0,0,0,0,7
44,"Lafayette, LA",2,4,4,0,4,7,0,56
44,"Lake Charles, LA",1,2,2,0,1,4,0,20
44,"Lansing, MI",1,0,1,0,0,1,0,24
44,"Laramie, WY",3,1,2,0,0,4,0,12
44,"Laredo, TX",0,1,2,0,4,5,0,29
44,"Las Vegas, NV",320,8,367,3,326,620,2,3742
44,"Latrobe, PA",0,0,0,0,1,1,1,16
44,"Lawton/Fort Sill, OK",0,2,1,0,0,2,3,20
44,"Lewiston, ID",1,0,0,0,0,0,0,21
44,"Lexington, KY",12,0,10,0,8,22,0,162
44,"Liberal, KS",0,0,1,0,1,1,0,12
44,"Lihue, HI",5,0,4,0,7,12,3,293
44,"Lincoln, NE",5,1,0,0,1,6,0,53
44,"Little Rock, AR",26,23,45,0,23,61,0,240
44,"Long Beach, CA",16,0,9,0,18,28,0,330
44,"Longview, TX",1,1,2,0,0,3,0,14
44,"Los Angeles, CA",233,5,153,2,168,373,6,3611
44,"Louisville, KY",21,0,19,0,14,40,0,452
44,"Lubbock, TX",6,3,10,0,14,19,1,115
44,"Madison, WI",13,3,19,1,5,24,0,211
44,"Manchester, NH",5,0,6,0,4,10,0,124
44,"Manhattan/Ft. Riley, KS",0,1,3,0,3,3,0,20
44,"Marquette, MI",1,0,0,0,0,1,0,14
44,"Mason City, IA",1,1,0,0,2,4,0,12
44,"Medford, OR",7,0,3,0,2,9,1,78
44,"Melbourne, FL",1,0,2,0,1,3,0,44
44,"Memphis, TN",25,4,31,0,21,51,0,411
44,"Meridian, MS",4,0,1,0,0,5,0,12
44,"Miami, FL",170,2,97,1,112,231,0,1915
44,"Midland/Odessa, TX",9,4,11,0,13,23,1,190
44,"Milwaukee, WI",33,0,29,0,27,57,0,520
44,"Minneapolis, MN",164,8,190,1,32,283,0,2216
44,"Minot, ND",1,0,2,1,0,1,0,41
44,"Mission/McAllen/Edinburg, TX",8,3,13,0,9,24,0,92
44,"Missoula, MT",11,0,11,0,6,17,0,69
44,"Mobile, AL",0,1,3,0,1,4,0,41
44,"Moline, IL",7,1,8,0,7,16,0,90
44,"Monroe, LA",1,0,4,0,2,4,0,34
44,"Monterey, CA",8,0,9,0,11,19,0,103
44,"Montgomery, AL",4,1,7,0,7,8,0,46
44,"Montrose/Delta, CO",3,1,3,0,3,7,1,28
44,"Mosinee, WI",1,0,1,0,1,2,0,14
44,"Myrtle Beach, SC",12,0,12,0,19,31,2,277
44,"Nashville, TN",106,1,79,0,96,172,2,1889
44,"New Orleans, LA",113,1,99,11,77,166,1,977
44,"New York, NY",208,6,156,1,143,361,1,5468
44,"Newark, NJ",171,1,194,4,126,332,2,2511
44,"Newburgh/Poughkeepsie, NY",0,0,1,0,1,1,0,8
44,"Niagara Falls, NY",0,0,1,0,1,1,0,5
44,"Nome, AK",1,0,2,0,1,2,0,7
44,"Norfolk, VA",25,1,21,0,19,42,1,399
44,"North Bend/Coos Bay, OR",0,0,0,0,0,0,0,4
44,"North Platte, NE",0,0,0,0,0,0,0,12
44,"Oakland, CA",43,0,23,0,40,66,3,735
44,"Oklahoma City, OK",35,11,43,0,32,78,2,437
44,"Omaha, NE",24,1,28,0,20,44,0,429
44,"Ontario, CA",36,1,29,0,29,58,1,519
44,"Orlando, FL",172,7,144,2,158,295,4,2797
44,"Pago Pago, TT",0,0,0,0,0,0,0,2
44,"Palm Springs, CA",16,1,13,0,12,24,0,278
44,"Panama City, FL",7,0,10,1,9,16,0,125
44,"Pasco/Kennewick/Richland, WA",5,0,4,0,1,7,0,109
44,"Pellston, MI",2,1,2,1,0,4,0,12
44,"Pensacola, FL",9,0,14,0,10,19,0,220
44,"Peoria, IL",4,2,2,0,1,6,0,56
44,"Petersburg, AK",1,0,2,0,3,4,0,14
44,"Philadelphia, PA",152,4,106,0,96,212,3,1931
44,"Phoenix, AZ",302,4,175,1,255,473,5,3771
44,"Pittsburgh, PA",28,0,36,0,23,64,3,823
44,"Plattsburgh, NY",0,0,0,0,0,0,0,10
44,"Pocatello, ID",1,0,0,0,0,1,0,7
44,"Ponce, PR",0,0,0,0,0,0,0,6
44,"Portland, ME",15,0,9,0,11,28,0,240
44,"Portland, OR",63,3,74,0,57,126,5,1101
44,"Portsmouth, NH",0,0,0,0,0,0,0,6
44,"Prescott, AZ",2,0,0,0,0,1,0,14
44,"Presque Isle/Houlton, ME",0,0,1,0,0,1,0,7
44,"Providence, RI",11,0,7,0,11,19,0,329
44,"Provo, UT",16,3,14,0,5,21,0,52
44,"Punta Gorda, FL",11,0,2,0,5,11,0,107
44,"Raleigh/Durham, NC",56,0,67,0,57,122,3,1146
44,"Rapid City, SD",6,4,11,0,4,19,0,107
44,"Redding, CA",5,0,2,0,1,6,0,34
44,"Reno, NV",24,2,41,1,19,59,0,383
44,"Rhinelander, WI",0,0,0,0,0,0,0,14
44,"Richmond, VA",17,0,15,0,10,32,0,318
44,"Riverton/Lander, WY",2,1,1,0,0,3,0,14
44,"Roanoke, VA",6,0,3,0,2,8,0,55
44,"Rochester, MN",2,0,1,1,0,3,0,26
44,"Rochester, NY",8,0,5,0,7,12,0,207
44,"Rock Springs, WY",2,0,2,0,0,2,0,14
44,"Rockford, IL",1,0,1,0,1,2,0,14
44,"Roswell, NM",4,2,3,0,2,8,0,20
44,"Sacramento, CA",35,2,39,1,53,87,0,1063
44,"Saginaw/Bay City/Midland, MI",3,0,2,0,1,4,0,41
44,"Saipan, TT",0,0,0,0,0,0,0,7
44,"Salina, KS",3,0,1,0,0,3,0,14
44,"Salt Lake City, UT",108,8,114,0,59,190,3,1946
44,"San Angelo, TX",3,0,3,0,4,6,0,20
44,"San Antonio, TX",41,1,46,0,49,88,1,763
44,"San Diego, CA",108,4,174,0,152,267,4,1800
44,"San Francisco, CA",228,2,160,0,194,396,4,2767
44,"San Jose, CA",54,1,33,0,53,101,4,966
44,"San Juan, PR",43,1,31,0,36,70,4,590
44,"San Luis Obispo, CA",11,0,6,0,8,20,0,122
44,"Sanford, FL",11,1,4,0,4,13,0,144
44,"Santa Ana, CA",38,3,41,0,41,80,2,787
44,"Santa Barbara, CA",3,1,7,0,6,11,0,146
44,"Santa Fe, NM",6,4,7,0,4,14,0,76
44,"Santa Maria, CA",1,0,0,0,1,1,0,2
44,"Santa Rosa, CA",5,0,6,0,12,15,0,83
44,"Sarasota/Bradenton, FL",11,0,15,0,12,23,16,265
44,"Sault Ste. Marie, MI",1,0,1,0,0,1,0,14
44,"Savannah, GA",23,1,20,0,17,38,0,359
44,"Scottsbluff, NE",1,0,0,0,0,1,0,12
44,"Scranton/Wilkes-Barre, PA",3,0,2,0,3,6,0,29
44,"Seattle, WA",183,6,239,2,104,359,7,2807
44,"Sheridan, WY",1,0,0,0,0,1,0,14
44,"Shreveport, LA",2,3,4,0,4,6,0,83
44,"Sioux City, IA",1,0,1,0,2,3,0,14
44,"Sioux Falls, SD",15,4,13,2,16,28,0,129
44,"Sitka, AK",1,1,0,0,4,5,0,21
44,"South Bend, IN",12,1,5,0,4,17,0,138
44,"Spokane, WA",14,0,21,0,17,37,0,334
44,"Springfield, IL",0,0,0,0,0,0,0,2
44,"Springfield, MO",13,3,14,0,13,25,0,170
44,"St. Cloud, MN",0,0,0,0,0,0,0,2
44,"St. George, UT",4,2,2,0,3,9,0,79
44,"St. Louis, MO",90,1,72,1,82,148,0,1212
44,"St. Petersburg, FL",8,0,2,0,6,11,0,127
44,"State College, PA",2,0,0,0,1,3,0,9
44,"Stillwater, OK",3,0,2,0,0,3,0,14
44,"Stockton, CA",1,1,3,0,4,4,0,9
44,"Sun Valley/Hailey/Ketchum, ID",0,0,0,0,0,0,0,21
44,"Syracuse, NY",18,0,14,1,5,23,1,223
44,"Tallahassee, FL",11,0,6,0,11,16,0,118
44,"Tampa, FL",75,2,53,0,64,125,15,1361
44,"Texarkana, AR",0,1,2,0,0,2,0,14
44,"Toledo, OH",0,0,0,0,0,0,0,6
44,"Traverse City, MI",4,0,1,0,0,4,0,55
44,"Trenton, NJ",0,0,0,0,2,2,0,13
44,"Tucson, AZ",18,1,22,0,20,43,1,380
44,"Tulsa, OK",18,11,19,0,15,40,2,320
44,"Twin Falls, ID",3,0,0,0,0,3,0,7
44,"Tyler, TX",2,2,0,0,1,5,0,20
44,"Valdosta, GA",0,0,0,0,0,0,0,14
44,"Valparaiso, FL",11,0,13,2,15,21,0,156
44,"Victoria, TX",3,1,0,0,1,5,0,12
44,"Waco, TX",2,0,1,0,4,6,0,20
44,"Washington, DC",183,4,123,0,145,303,0,3711
44,"West Palm Beach/Palm Beach, FL",29,0,18,0,23,46,0,529
44,"White Plains, NY",11,1,6,2,5,16,0,224
44,"Wichita Falls, TX",2,1,0,0,0,3,1,13
44,"Wichita, KS",19,13,23,0,17,47,1,206
44,"Williston, ND",0,0,0,0,1,1,0,39
44,"Wilmington, NC",6,0,9,0,6,15,0,172
44,"Worcester, MA",2,0,0,0,2,3,0,27
44,"Wrangell, AK",1,0,1,0,2,2,0,14
44,"Yakutat, AK",0,0,1,0,1,1,0,14
44,"Yuma, AZ",4,0,3,0,5,7,0,38
45,"Aberdeen, SD",6,0,0,0,0,6,0,14
45,"Abilene, TX",1,4,4,0,4,6,1,33
45,"Adak Island, AK",0,0,0,0,0,0,0,2
45,"Aguadilla, PR",4,0,2,0,4,5,0,35
45,"Akron, OH",3,0,3,0,2,5,0,62
45,"Albany, GA",3,1,1,0,0,4,0,14
45,"Albany, NY",10,0,5,0,9,16,1,211
45,"Albuquerque, NM",64,10,106,1,57,145,11,445
45,"Alexandria, LA",7,2,5,0,7,11,2,39
45,"Allentown/Bethlehem/Easton, PA",3,0,1,0,0,3,0,72
45,"Alpena, MI",1,0,0,0,0,1,0,12
45,"Amarillo, TX",8,6,20,0,8,23,7,91
45,"Anchorage, AK",15,0,17,0,11,27,3,278
45,"Appleton, WI",15,2,10,1,5,20,0,123
45,"Arcata/Eureka, CA",2,0,0,0,8,10,1,42
45,"Asheville, NC",10,3,14,0,6,23,0,186
45,"Ashland, WV",3,0,1,0,3,3,0,4
45,"Aspen, CO",17,7,16,0,6,31,17,97
45,"Atlanta, GA",501,25,363,1,290,771,7,5998
45,"Atlantic City, NJ",2,0,3,0,1,4,0,61
45,"Augusta, GA",7,4,10,0,5,15,1,68
45,"Austin, TX",161,15,139,0,206,309,21,1529
45,"Bakersfield, CA",6,0,3,0,2,8,2,59
45,"Baltimore, MD",124,2,69,0,115,193,4,1748
45,"Bangor, ME",3,0,8,0,5,8,0,75
45,"Barrow, AK",0,1,1,0,2,2,0,7
45,"Baton Rouge, LA",4,5,8,0,6,13,3,94
45,"Beaumont/Port Arthur, TX",1,0,0,0,0,1,2,14
45,"Belleville, IL",0,0,0,0,2,2,0,16
45,"Bellingham, WA",0,0,1,0,1,1,0,38
45,"Bemidji, MN",2,0,0,0,0,1,0,14
45,"Bend/Redmond, OR",8,0,7,0,5,13,0,106
45,"Bethel, AK",1,0,1,0,1,1,0,14
45,"Billings, MT",8,1,12,0,6,15,3,78
45,"Binghamton, NY",2,0,1,0,1,2,0,7
45,"Birmingham, AL",28,5,26,0,32,55,4,341
45,"Bismarck/Mandan, ND",11,3,10,0,6,22,3,78
45,"Bloomington/Normal, IL",3,0,2,0,1,5,1,32
45,"Boise, ID",36,7,40,0,23,69,4,435
45,"Boston, MA",160,4,135,0,102,273,4,2600
45,"Bozeman, MT",4,0,18,0,15,23,2,135
45,"Brainerd, MN",0,0,0,0,0,0,0,12
45,"Bristol/Johnson City/Kingsport, TN",3,2,4,0,3,8,0,41
45,"Brownsville, TX",2,4,6,0,3,7,2,28
45,"Brunswick, GA",2,2,3,0,1,5,0,20
45,"Buffalo, NY",15,1,16,0,9,29,0,399
45,"Burbank, CA",33,2,43,0,58,92,7,629
45,"Burlington, VT",9,1,10,0,8,19,0,146
45,"Butte, MT",0,0,0,0,0,0,0,13
45,"Casper, WY",3,1,9,0,7,14,6,49
45,"Cedar City, UT",1,0,0,0,0,1,0,12
45,"Cedar Rapids/Iowa City, IA",19,1,18,0,6,27,3,151
45,"Champaign/Urbana, IL",1,1,4,0,0,4,0,20
45,"Charleston, SC",22,1,32,0,17,47,3,439
45,"Charleston/Dunbar, WV",9,0,6,0,7,15,1,68
45,"Charlotte Amalie, VI",3,3,7,0,10,12,1,83
45,"Charlotte, NC",391,14,306,3,284,574,4,3899
45,"Charlottesville, VA",3,0,7,0,5,9,0,70
45,"Chattanooga, TN",7,6,17,0,10,23,1,147
45,"Cheyenne, WY",2,1,2,0,1,4,2,13
45,"Chicago, IL",530,28,436,1,349,881,24,6463
45,"Christiansted, VI",1,0,0,0,1,1,0,17
45,"Cincinnati, OH",49,1,42,0,42,88,2,720
45,"Clarksburg/Fairmont, WV",0,0,0,0,0,0,0,2
45,"Cleveland, OH",30,1,40,0,32,79,2,730
45,"Cody, WY",5,2,5,0,1,6,2,14
45,"College Station/Bryan, TX",2,1,1,0,3,6,2,21
45,"Colorado Springs, CO",48,6,70,0,25,89,32,240
45,"Columbia, MO",3,2,6,0,2,7,3,29
45,"Columbia, SC",13,1,15,0,6,23,2,137
45,"Columbus, GA",1,0,2,0,1,2,0,19
45,"Columbus, MS",1,0,3,0,0,3,0,14
45,"Columbus, OH",44,5,42,0,28,83,4,829
45,"Concord, NC",0,0,0,0,0,0,0,10
45,"Cordova, AK",0,0,0,0,0,0,1,14
45,"Corpus Christi, TX",3,3,6,0,4,10,6,74
45,"Dallas, TX",199,45,153,0,269,348,54,1362
45,"Dallas/Fort Worth, TX",741,303,738,0,734,1403,360,5624
45,"Dayton, OH",10,0,11,0,9,18,3,140
45,"Daytona Beach, FL",0,0,1,0,3,3,0,47
45,"Deadhorse, AK",1,0,0,0,1,2,0,11
45,"Decatur, IL",1,0,1,0,0,1,0,12
45,"Denver, CO",1349,298,2024,0,1105,2582,317,5800
45,"Des Moines, IA",17,4,22,0,16,37,2,283
45,"Detroit, MI",132,8,110,1,54,210,5,2385
45,"Devils Lake, ND",2,1,0,0,3,6,2,13
45,"Dickinson, ND",3,1,0,0,0,4,3,13
45,"Dodge City, KS",2,1,2,0,2,6,2,12
45,"Dothan, AL",0,1,3,0,2,5,0,14
45,"Duluth, MN",2,0,1,0,1,4,0,42
45,"Durango, CO",16,7,16,0,12,34,6,76
45,"Eagle, CO",4,2,5,0,4,10,3,26
45,"El Paso, TX",29,4,38,1,41,63,4,341
45,"Elko, NV",0,0,0,0,0,0,0,7
45,"Elmira/Corning, NY",1,0,0,0,1,2,0,20
45,"Escanaba, MI",1,0,0,0,0,1,0,14
45,"Eugene, OR",15,1,5,0,12,20,1,139
45,"Evansville, IN",2,0,6,0,3,7,3,44
45,"Everett, WA",0,0,1,0,2,2,0,18
45,"Fairbanks, AK",0,0,3,0,1,3,0,47
45,"Fargo, ND",10,4,12,0,7,22,4,126
45,"Fayetteville, AR",15,16,26,0,26,48,5,271
45,"Fayetteville, NC",1,0,3,0,1,3,0,22
45,"Flagstaff, AZ",11,0,4,0,2,14,0,45
45,"Flint, MI",5,0,1,0,3,7,0,40
45,"Fort Dodge, IA",2,0,1,0,1,3,0,12
45,"Fort Lauderdale, FL",96,3,73,1,72,153,6,1610
45,"Fort Myers, FL",20,0,17,0,40,51,2,607
45,"Fort Smith, AR",2,0,2,0,1,4,3,20
45,"Fort Wayne, IN",7,0,4,0,2,10,1,108
45,"Fresno, CA",30,1,24,0,13,44,4,239
45,"Gainesville, FL",3,1,3,0,0,6,0,49
45,"Garden City, KS",2,0,2,0,0,4,3,14
45,"Gillette, WY",5,0,6,0,2,6,1,14
45,"Grand Forks, ND",1,0,1,0,0,1,0,25
45,"Grand Island, NE",4,1,3,0,0,6,1,18
45,"Grand Junction, CO",12,4,17,0,10,29,8,80
45,"Grand Rapids, MI",12,3,16,0,18,30,2,307
45,"Great Falls, MT",6,0,4,0,1,8,2,43
45,"Green Bay, WI",8,1,3,0,2,10,2,67
45,"Greensboro/High Point, NC",16,2,20,0,9,31,1,209
45,"Greer, SC",19,1,34,0,15,45,2,296
45,"Guam, TT",1,0,0,0,0,1,0,14
45,"Gulfport/Biloxi, MS",5,3,7,0,2,10,2,61
45,"Gunnison, CO",2,0,1,0,1,3,3,14
45,"Hagerstown, MD",0,0,0,0,0,0,0,6
45,"Hancock/Houghton, MI",3,1,0,0,0,4,0,14
45,"Harlingen/San Benito, TX",6,0,5,0,7,12,3,94
45,"Harrisburg, PA",7,0,8,0,9,16,0,108
45,"Hartford, CT",26,0,13,0,16,34,1,405
45,"Hattiesburg/Laurel, MS",2,0,1,0,1,3,0,12
45,"Hayden, CO",2,3,7,0,10,14,5,28
45,"Hays, KS",2,0,0,0,0,2,2,12
45,"Helena, MT",7,1,5,0,1,9,1,28
45,"Hibbing, MN",0,0,0,0,0,0,0,12
45,"Hilo, HI",8,1,1,0,9,11,0,128
45,"Hilton Head, SC",0,0,3,0,3,5,0,20
45,"Hobbs, NM",6,0,1,0,0,5,1,14
45,"Honolulu, HI",96,5,41,0,42,129,1,1147
45,"Houston, TX",347,55,298,2,318,630,27,3231
45,"Huntsville, AL",13,2,20,0,12,30,4,154
45,"Idaho Falls, ID",11,2,12,0,4,16,3,69
45,"Indianapolis, IN",52,1,47,0,46,91,2,875
45,"International Falls, MN",0,0,0,0,0,0,0,12
45,"Iron Mountain/Kingsfd, MI",0,0,0,0,0,0,0,14
45,"Islip, NY",4,0,0,0,4,4,0,76
45,"Ithaca/Cortland, NY",0,0,0,0,0,0,0,14
45,"Jackson, WY",4,3,12,0,4,15,2,49
45,"Jackson/Vicksburg, MS",12,1,14,1,13,25,1,125
45,"Jacksonville, FL",41,0,41,1,45,84,1,544
45,"Jacksonville/Camp Lejeune, NC",1,0,3,0,1,5,0,31
45,"Jamestown, ND",1,0,2,0,3,4,3,13
45,"Johnstown, PA",2,0,0,0,0,2,0,14
45,"Joplin, MO",0,0,0,0,1,1,1,12
45,"Juneau, AK",0,0,1,0,2,2,0,79
45,"Kahului, HI",35,1,19,3,29,53,1,488
45,"Kalamazoo, MI",2,0,0,0,0,2,0,19
45,"Kalispell, MT",3,1,4,0,2,7,0,46
45,"Kansas City, MO",63,6,61,0,78,131,9,899
45,"Kearney, NE",1,0,0,0,0,1,2,12
45,"Ketchikan, AK",0,0,1,0,2,2,0,42
45,"Key West, FL",11,1,10,0,16,20,0,159
45,"Killeen, TX",6,2,4,0,7,13,4,41
45,"Knoxville, TN",34,4,27,0,32,54,2,315
45,"Kodiak, AK",1,1,2,0,3,4,0,14
45,"Kona, HI",19,0,11,0,14,30,0,297
45,"Kotzebue, AK",0,0,0,0,0,0,0,7
45,"La Crosse, WI",0,0,0,0,0,0,0,12
45,"Lafayette, LA",7,8,8,1,7,17,3,66
45,"Lake Charles, LA",4,1,0,0,0,5,4,20
45,"Lansing, MI",2,0,0,0,0,2,0,25
45,"Laramie, WY",1,0,1,0,1,3,3,12
45,"Laredo, TX",1,1,2,0,2,3,1,35
45,"Las Vegas, NV",343,16,249,1,359,601,23,3648
45,"Latrobe, PA",1,0,1,0,0,1,0,10
45,"Lawton/Fort Sill, OK",4,3,5,0,1,8,3,20
45,"Lewiston, ID",6,1,0,0,0,7,0,21
45,"Lexington, KY",12,0,8,0,8,17,0,168
45,"Liberal, KS",0,0,1,0,2,2,4,12
45,"Lihue, HI",19,1,13,0,16,30,2,298
45,"Lincoln, NE",5,1,3,0,2,10,3,54
45,"Little Rock, AR",21,9,17,0,21,44,7,230
45,"Long Beach, CA",15,1,13,0,18,31,2,335
45,"Longview, TX",1,1,3,0,2,3,3,14
45,"Los Angeles, CA",244,14,237,0,155,422,18,3561
45,"Louisville, KY",44,3,32,3,20,68,1,432
45,"Lubbock, TX",12,8,22,0,18,33,7,115
45,"Madison, WI",12,5,23,0,14,33,2,214
45,"Manchester, NH",1,0,1,0,0,2,0,99
45,"Manhattan/Ft. Riley, KS",1,0,2,0,2,3,2,20
45,"Marquette, MI",1,0,0,0,0,1,0,14
45,"Mason City, IA",3,0,1,0,1,4,0,12
45,"Medford, OR",3,0,0,0,1,4,0,80
45,"Melbourne, FL",2,0,2,0,2,3,0,50
45,"Memphis, TN",34,3,31,0,35,61,1,402
45,"Meridian, MS",3,0,2,0,0,3,0,12
45,"Miami, FL",165,1,89,1,140,248,4,2031
45,"Midland/Odessa, TX",17,6,21,1,25,46,13,193
45,"Milwaukee, WI",29,4,31,0,31,60,6,492
45,"Minneapolis, MN",123,1,135,0,44,215,3,2245
45,"Minot, ND",7,0,2,0,2,9,1,41
45,"Mission/McAllen/Edinburg, TX",9,5,9,0,8,21,3,89
45,"Missoula, MT",12,2,12,0,5,20,1,68
45,"Mobile, AL",4,1,5,0,4,8,1,41
45,"Moline, IL",12,1,8,0,6,17,2,85
45,"Monroe, LA",3,1,4,0,5,8,1,34
45,"Monterey, CA",8,1,6,0,4,12,2,97
45,"Montgomery, AL",5,1,3,0,1,8,2,46
45,"Montrose/Delta, CO",5,0,7,0,7,11,1,28
45,"Mosinee, WI",1,0,1,0,0,2,0,14
45,"Myrtle Beach, SC",6,0,15,0,10,22,0,231
45,"Nashville, TN",147,3,100,0,157,269,14,1822
45,"New Orleans, LA",70,6,74,2,97,160,15,954
45,"New York, NY",335,9,264,15,293,602,12,5554
45,"Newark, NJ",258,3,355,0,296,531,7,2509
45,"Newburgh/Poughkeepsie, NY",0,0,0,0,0,0,0,7
45,"Niagara Falls, NY",0,0,1,0,0,1,0,5
45,"Nome, AK",0,0,0,0,0,0,0,7
45,"Norfolk, VA",22,1,32,0,23,47,3,404
45,"North Bend/Coos Bay, OR",0,0,0,0,0,0,0,4
45,"North Platte, NE",1,1,2,0,1,3,2,12
45,"Oakland, CA",41,0,36,2,53,80,4,713
45,"Oklahoma City, OK",44,15,38,0,36,80,12,414
45,"Omaha, NE",27,1,34,0,26,61,5,430
45,"Ontario, CA",41,1,41,0,47,76,6,506
45,"Orlando, FL",199,7,170,6,169,348,15,2820
45,"Pago Pago, TT",0,0,0,0,0,0,0,2
45,"Palm Springs, CA",25,5,28,0,22,50,4,290
45,"Panama City, FL",11,0,9,0,10,17,0,101
45,"Pasco/Kennewick/Richland, WA",10,1,9,0,2,15,2,108
45,"Pellston, MI",1,0,0,0,0,1,0,12
45,"Pensacola, FL",12,3,17,0,13,23,1,212
45,"Peoria, IL",5,1,7,0,9,13,1,67
45,"Petersburg, AK",0,0,0,0,0,0,0,14
45,"Philadelphia, PA",124,2,75,3,103,186,5,1707
45,"Phoenix, AZ",341,9,223,5,278,531,27,3813
45,"Pittsburgh, PA",39,1,40,0,35,71,3,780
45,"Plattsburgh, NY",1,0,1,0,1,2,0,10
45,"Pocatello, ID",0,0,0,0,0,0,0,7
45,"Ponce, PR",0,0,0,0,1,1,0,6
45,"Portland, ME",6,1,6,0,4,12,0,188
45,"Portland, OR",59,2,74,0,48,121,6,1101
45,"Portsmouth, NH",0,0,0,0,0,0,0,5
45,"Prescott, AZ",3,0,3,0,2,5,1,14
45,"Presque Isle/Houlton, ME",1,0,0,0,0,0,0,7
45,"Providence, RI",15,0,10,0,14,27,0,302
45,"Provo, UT",21,0,14,0,6,26,0,56
45,"Punta Gorda, FL",6,0,3,0,3,7,0,103
45,"Raleigh/Durham, NC",74,1,95,0,79,159,2,1135
45,"Rapid City, SD",13,2,18,0,9,29,5,102
45,"Redding, CA",2,0,1,0,1,2,0,34
45,"Reno, NV",27,2,27,1,24,56,1,386
45,"Rhinelander, WI",1,0,0,0,0,1,0,14
45,"Richmond, VA",14,1,20,0,10,30,1,316
45,"Riverton/Lander, WY",2,1,3,0,2,5,2,14
45,"Roanoke, VA",5,3,6,0,2,12,0,65
45,"Rochester, MN",0,0,0,0,0,0,0,21
45,"Rochester, NY",13,0,15,0,12,25,0,207
45,"Rock Springs, WY",1,1,2,0,1,3,2,14
45,"Rockford, IL",1,0,0,0,1,1,0,12
45,"Roswell, NM",5,2,4,0,1,7,3,20
45,"Sacramento, CA",92,4,67,0,83,150,5,1039
45,"Saginaw/Bay City/Midland, MI",3,0,2,0,3,5,0,41
45,"Saipan, TT",0,0,0,0,1,1,0,7
45,"Salina, KS",2,0,0,0,0,1,1,14
45,"Salt Lake City, UT",126,10,151,0,72,248,12,1938
45,"San Angelo, TX",2,3,4,0,2,7,1,20
45,"San Antonio, TX",77,6,60,0,72,131,19,743
45,"San Diego, CA",136,11,183,0,161,286,10,1783
45,"San Francisco, CA",223,9,217,1,191,414,11,2784
45,"San Jose, CA",55,0,58,0,59,122,4,949
45,"San Juan, PR",46,5,37,0,49,89,1,626
45,"San Luis Obispo, CA",9,0,2,0,5,14,1,117
45,"Sanford, FL",20,3,13,0,12,26,0,146
45,"Santa Ana, CA",52,6,62,0,61,113,5,817
45,"Santa Barbara, CA",11,0,8,0,9,18,0,147
45,"Santa Fe, NM",7,11,18,0,1,22,19,67
45,"Santa Maria, CA",0,0,0,0,1,1,0,2
45,"Santa Rosa, CA",10,2,8,0,10,21,0,87
45,"Sarasota/Bradenton, FL",16,1,11,0,16,32,1,277
45,"Sault Ste. Marie, MI",0,0,0,0,0,0,0,14
45,"Savannah, GA",23,5,28,0,24,50,2,358
45,"Scottsbluff, NE",1,0,1,0,2,3,4,12
45,"Scranton/Wilkes-Barre, PA",2,0,0,0,2,3,0,33
45,"Seattle, WA",142,12,228,0,87,326,11,2809
45,"Sheridan, WY",4,0,1,0,0,4,2,14
45,"Shreveport, LA",4,3,6,0,6,9,3,87
45,"Sioux City, IA",0,0,2,0,1,3,2,14
45,"Sioux Falls, SD",19,5,18,1,9,32,3,136
45,"Sitka, AK",0,0,1,0,2,1,0,21
45,"South Bend, IN",16,2,7,0,5,22,0,148
45,"Spokane, WA",22,4,27,1,12,44,1,333
45,"Springfield, IL",0,0,0,0,0,0,0,2
45,"Springfield, MO",24,7,24,0,22,47,5,171
45,"St. Cloud, MN",0,0,0,0,0,0,0,2
45,"St. George, UT",9,2,5,0,4,16,3,71
45,"St. Louis, MO",97,9,65,1,104,177,5,1180
45,"St. Petersburg, FL",7,0,4,0,2,9,0,128
45,"State College, PA",0,0,0,0,0,0,0,12
45,"Stillwater, OK",3,1,2,0,0,4,1,14
45,"Stockton, CA",1,0,0,0,0,1,0,8
45,"Sun Valley/Hailey/Ketchum, ID",2,0,0,0,0,2,1,21
45,"Syracuse, NY",9,1,14,0,5,18,0,228
45,"Tallahassee, FL",4,0,7,0,2,9,2,103
45,"Tampa, FL",90,4,82,1,89,166,6,1387
45,"Texarkana, AR",2,0,2,0,0,2,3,14
45,"Toledo, OH",2,0,2,0,1,2,0,6
45,"Traverse City, MI",2,0,1,0,1,3,0,47
45,"Trenton, NJ",0,0,1,0,1,1,0,13
45,"Tucson, AZ",26,4,23,0,27,56,11,393
45,"Tulsa, OK",18,5,17,0,20,38,11,311
45,"Twin Falls, ID",3,0,0,0,0,3,0,7
45,"Tyler, TX",3,1,1,0,1,5,4,20
45,"Valdosta, GA",1,1,0,0,0,2,0,14
45,"Valparaiso, FL",6,3,11,0,9,15,1,144
45,"Victoria, TX",1,0,1,0,1,2,0,12
45,"Waco, TX",2,0,0,0,1,3,2,19
45,"Washington, DC",215,9,204,0,232,433,10,3837
45,"West Palm Beach/Palm Beach, FL",41,1,44,0,33,76,2,563
45,"White Plains, NY",19,2,9,0,13,25,0,225
45,"Wichita Falls, TX",0,2,1,0,0,2,1,14
45,"Wichita, KS",31,6,25,0,19,51,6,221
45,"Williston, ND",8,2,4,0,4,13,4,40
45,"Wilmington, NC",9,0,16,0,11,21,1,147
45,"Worcester, MA",1,0,1,0,3,3,0,27
45,"Wrangell, AK",0,0,0,0,0,0,0,14
45,"Yakutat, AK",0,0,0,0,0,0,0,14
45,"Yuma, AZ",4,0,3,0,2,6,0,38
46,"Aberdeen, SD",0,0,0,0,0,0,0,14
46,"Abilene, TX",1,0,0,0,0,1,0,34
46,"Adak Island, AK",0,0,0,0,0,0,1,2
46,"Aguadilla, PR",9,0,5,0,2,7,0,35
46,"Akron, OH",11,0,6,0,5,14,0,64
46,"Albany, GA",2,0,1,0,0,2,0,20
46,"Albany, NY",4,0,6,0,6,12,0,221
46,"Albuquerque, NM",21,6,16,0,18,37,0,468
46,"Alexandria, LA",4,0,2,0,2,5,0,41
46,"Allentown/Bethlehem/Easton, PA",2,3,2,0,6,11,0,73
46,"Alpena, MI",0,0,0,0,0,0,0,12
46,"Amarillo, TX",4,1,4,0,4,10,0,97
46,"Anchorage, AK",13,0,25,0,9,36,2,277
46,"Appleton, WI",8,0,2,0,4,10,0,124
46,"Arcata/Eureka, CA",1,1,7,0,3,8,0,42
46,"Asheville, NC",12,1,15,0,14,28,0,188
46,"Ashland, WV",2,1,1,0,2,3,0,4
46,"Aspen, CO",6,3,2,0,3,12,2,97
46,"Atlanta, GA",469,12,343,3,227,687,3,6756
46,"Atlantic City, NJ",1,0,2,0,3,6,1,67
46,"Augusta, GA",5,2,6,0,2,10,0,78
46,"Austin, TX",79,3,76,0,89,152,3,1619
46,"Bakersfield, CA",7,0,4,0,0,8,1,63
46,"Baltimore, MD",127,0,55,1,81,166,1,1807
46,"Bangor, ME",0,0,3,0,1,4,0,73
46,"Barrow, AK",0,0,0,0,1,1,0,7
46,"Baton Rouge, LA",9,2,10,0,3,14,0,104
46,"Beaumont/Port Arthur, TX",0,0,0,0,0,0,0,14
46,"Belleville, IL",1,0,1,0,1,1,0,16
46,"Bellingham, WA",1,0,2,0,2,3,0,38
46,"Bemidji, MN",1,0,0,0,0,1,0,14
46,"Bend/Redmond, OR",8,0,8,0,3,13,0,114
46,"Bethel, AK",3,0,3,0,1,3,0,14
46,"Billings, MT",5,0,3,0,2,7,1,82
46,"Binghamton, NY",0,0,0,0,0,0,0,7
46,"Birmingham, AL",18,0,15,0,13,30,0,360
46,"Bismarck/Mandan, ND",8,0,7,0,2,10,0,85
46,"Bloomington/Normal, IL",1,0,1,0,0,2,0,32
46,"Boise, ID",23,1,18,0,9,36,0,466
46,"Boston, MA",122,2,93,0,73,202,1,2759
46,"Bozeman, MT",3,1,11,0,3,15,0,135
46,"Brainerd, MN",0,1,0,0,0,1,0,12
46,"Bristol/Johnson City/Kingsport, TN",0,1,1,0,1,2,0,50
46,"Brownsville, TX",0,0,0,1,1,1,0,32
46,"Brunswick, GA",3,0,2,0,2,4,0,21
46,"Buffalo, NY",17,0,7,0,19,27,0,413
46,"Burbank, CA",33,3,44,0,41,75,5,645
46,"Burlington, VT",5,0,8,0,4,14,1,153
46,"Butte, MT",2,0,0,0,0,2,0,13
46,"Casper, WY",2,0,2,0,2,4,0,49
46,"Cedar City, UT",0,0,0,0,0,0,0,12
46,"Cedar Rapids/Iowa City, IA",15,0,8,0,3,20,0,155
46,"Champaign/Urbana, IL",0,0,0,0,1,1,0,20
46,"Charleston, SC",19,0,27,0,21,43,1,456
46,"Charleston/Dunbar, WV",8,0,1,0,4,12,0,74
46,"Charlotte Amalie, VI",2,1,3,0,5,7,0,88
46,"Charlotte, NC",378,7,383,1,239,568,2,4191
46,"Charlottesville, VA",7,1,9,0,2,7,0,66
46,"Chattanooga, TN",10,2,11,0,6,21,0,178
46,"Cheyenne, WY",0,0,0,0,1,1,0,13
46,"Chicago, IL",424,3,424,1,261,728,2,6688
46,"Christiansted, VI",1,0,1,0,1,1,0,18
46,"Cincinnati, OH",36,3,36,0,26,67,0,758
46,"Clarksburg/Fairmont, WV",0,0,0,0,0,0,0,2
46,"Cleveland, OH",26,1,37,0,16,58,2,749
46,"Cody, WY",0,0,0,0,0,0,1,14
46,"College Station/Bryan, TX",1,0,1,0,0,1,0,21
46,"Colorado Springs, CO",10,0,7,0,8,20,1,246
46,"Columbia, MO",3,0,1,0,2,4,0,32
46,"Columbia, SC",13,0,15,0,12,25,0,147
46,"Columbus, GA",4,1,3,0,4,5,0,20
46,"Columbus, MS",0,0,0,0,0,0,0,14
46,"Columbus, OH",32,0,46,0,25,64,1,864
46,"Concord, NC",0,0,0,0,1,1,0,10
46,"Cordova, AK",0,0,0,0,0,0,1,14
46,"Corpus Christi, TX",5,1,0,0,2,6,0,79
46,"Dallas, TX",112,0,42,0,97,142,0,1400
46,"Dallas/Fort Worth, TX",518,12,362,0,307,753,3,6037
46,"Dayton, OH",7,0,2,0,6,9,0,149
46,"Daytona Beach, FL",2,0,2,0,4,5,0,55
46,"Deadhorse, AK",0,0,0,0,0,0,0,11
46,"Decatur, IL",1,0,1,0,1,2,0,12
46,"Denver, CO",342,11,210,0,226,534,5,5938
46,"Des Moines, IA",13,0,10,0,5,19,0,306
46,"Detroit, MI",113,11,82,0,47,186,2,2651
46,"Devils Lake, ND",1,1,0,0,0,2,0,13
46,"Dickinson, ND",3,0,0,0,2,5,0,13
46,"Dodge City, KS",1,0,1,0,0,1,0,12
46,"Dothan, AL",0,1,2,0,1,3,0,21
46,"Duluth, MN",2,0,0,0,0,1,0,48
46,"Durango, CO",7,2,1,0,2,11,0,81
46,"Eagle, CO",1,0,0,0,0,1,0,26
46,"El Paso, TX",22,0,12,0,24,39,0,354
46,"Elko, NV",0,0,0,0,0,0,0,7
46,"Elmira/Corning, NY",3,0,1,0,0,3,0,20
46,"Escanaba, MI",2,0,0,0,0,2,0,14
46,"Eugene, OR",6,1,7,0,7,15,0,148
46,"Evansville, IN",2,1,1,0,2,4,0,44
46,"Everett, WA",2,0,0,0,1,2,0,18
46,"Fairbanks, AK",5,0,5,0,0,7,0,47
46,"Fargo, ND",11,1,7,1,5,16,1,139
46,"Fayetteville, AR",15,0,7,0,8,18,0,313
46,"Fayetteville, NC",2,0,3,0,4,4,0,32
46,"Flagstaff, AZ",5,0,2,0,2,7,0,48
46,"Flint, MI",2,1,0,0,2,5,0,41
46,"Fort Dodge, IA",0,0,0,0,0,0,0,12
46,"Fort Lauderdale, FL",80,0,97,0,49,144,1,1633
46,"Fort Myers, FL",26,0,35,0,25,58,0,645
46,"Fort Smith, AR",0,0,0,0,1,1,0,21
46,"Fort Wayne, IN",15,0,5,0,2,17,0,111
46,"Fresno, CA",21,0,18,1,16,37,0,244
46,"Gainesville, FL",4,0,3,0,2,7,0,56
46,"Garden City, KS",1,0,1,0,0,1,0,14
46,"Gillette, WY",0,0,0,0,0,0,0,14
46,"Grand Forks, ND",1,0,1,0,0,2,0,25
46,"Grand Island, NE",4,0,1,0,0,4,0,18
46,"Grand Junction, CO",2,0,4,0,3,4,0,83
46,"Grand Rapids, MI",22,1,12,0,13,34,0,340
46,"Great Falls, MT",3,1,1,0,0,4,0,45
46,"Green Bay, WI",4,1,1,0,1,6,0,68
46,"Greensboro/High Point, NC",13,2,24,0,7,27,0,229
46,"Greer, SC",10,1,27,0,10,36,0,323
46,"Guam, TT",0,0,0,0,0,0,1,14
46,"Gulfport/Biloxi, MS",3,2,5,0,2,4,0,68
46,"Gunnison, CO",2,0,0,0,0,1,0,14
46,"Hagerstown, MD",0,0,0,0,0,0,0,5
46,"Hancock/Houghton, MI",0,0,0,0,0,0,0,14
46,"Harlingen/San Benito, TX",3,0,3,0,2,5,0,96
46,"Harrisburg, PA",13,1,4,0,8,17,0,108
46,"Hartford, CT",19,0,11,0,19,31,0,423
46,"Hattiesburg/Laurel, MS",2,0,0,0,0,2,0,12
46,"Hayden, CO",1,0,0,0,0,1,0,28
46,"Hays, KS",1,0,2,0,1,3,0,12
46,"Helena, MT",3,0,2,0,0,3,0,28
46,"Hibbing, MN",0,1,0,0,0,1,0,12
46,"Hilo, HI",7,0,1,1,8,11,0,128
46,"Hilton Head, SC",1,0,2,0,1,2,0,21
46,"Hobbs, NM",1,0,0,0,0,1,0,14
46,"Honolulu, HI",96,0,45,0,53,129,4,1150
46,"Houston, TX",234,3,158,2,168,355,1,3305
46,"Huntsville, AL",19,0,8,1,6,22,0,166
46,"Idaho Falls, ID",3,0,5,0,2,7,0,70
46,"Indianapolis, IN",20,0,37,0,19,50,1,917
46,"International Falls, MN",1,0,0,0,0,1,0,12
46,"Iron Mountain/Kingsfd, MI",0,1,0,0,0,1,0,14
46,"Islip, NY",5,0,2,0,5,8,0,79
46,"Ithaca/Cortland, NY",0,0,0,0,0,0,0,14
46,"Jackson, WY",1,0,1,0,1,2,0,54
46,"Jackson/Vicksburg, MS",5,1,5,0,3,9,0,141
46,"Jacksonville, FL",26,0,38,0,18,59,0,591
46,"Jacksonville/Camp Lejeune, NC",1,0,3,0,1,4,0,41
46,"Jamestown, ND",1,0,1,0,1,2,0,13
46,"Johnstown, PA",1,0,1,0,1,2,0,14
46,"Joplin, MO",0,0,0,0,0,0,0,12
46,"Juneau, AK",1,1,3,0,2,6,4,77
46,"Kahului, HI",31,0,19,1,22,54,4,495
46,"Kalamazoo, MI",3,1,0,0,0,4,0,20
46,"Kalispell, MT",0,0,2,0,1,2,0,46
46,"Kansas City, MO",37,0,28,0,31,68,2,947
46,"Kearney, NE",1,0,0,0,0,1,0,12
46,"Ketchikan, AK",2,0,1,0,5,6,0,42
46,"Key West, FL",13,0,19,1,14,27,0,167
46,"Killeen, TX",3,0,3,1,2,5,0,42
46,"Knoxville, TN",13,2,12,0,11,24,0,327
46,"Kodiak, AK",0,1,0,1,0,2,1,14
46,"Kona, HI",17,0,11,0,13,30,1,297
46,"Kotzebue, AK",1,0,0,0,1,0,0,7
46,"La Crosse, WI",1,0,0,0,1,1,0,14
46,"Lafayette, LA",7,1,7,0,9,13,0,69
46,"Lake Charles, LA",3,0,0,0,0,3,0,21
46,"Lansing, MI",1,1,1,0,0,2,0,26
46,"Laramie, WY",2,0,0,0,1,3,0,12
46,"Laredo, TX",2,0,2,0,2,5,0,37
46,"Las Vegas, NV",219,3,172,0,200,368,2,3721
46,"Latrobe, PA",0,0,0,0,1,1,0,7
46,"Lawton/Fort Sill, OK",2,1,1,0,0,3,0,21
46,"Lewiston, ID",1,0,0,0,0,1,0,21
46,"Lexington, KY",11,0,8,0,3,14,0,184
46,"Liberal, KS",0,0,0,0,0,0,0,12
46,"Lihue, HI",9,0,9,0,17,28,0,298
46,"Lincoln, NE",1,0,0,0,2,3,0,54
46,"Little Rock, AR",7,5,5,0,6,15,0,246
46,"Long Beach, CA",12,1,6,0,15,23,0,343
46,"Longview, TX",3,0,2,0,1,4,0,14
46,"Los Angeles, CA",205,4,174,0,170,371,2,3703
46,"Louisville, KY",23,0,24,0,16,37,0,453
46,"Lubbock, TX",9,1,8,0,10,19,0,119
46,"Madison, WI",12,0,9,0,4,14,0,235
46,"Manchester, NH",2,0,2,0,3,5,0,96
46,"Manhattan/Ft. Riley, KS",0,0,0,0,0,0,0,21
46,"Marquette, MI",2,0,0,0,0,2,0,14
46,"Mason City, IA",0,0,0,0,0,0,0,12
46,"Medford, OR",5,2,3,0,1,9,0,87
46,"Melbourne, FL",1,0,1,0,4,5,0,59
46,"Memphis, TN",24,0,24,0,12,40,0,422
46,"Meridian, MS",1,0,1,0,0,1,0,12
46,"Miami, FL",162,0,110,1,130,240,3,2112
46,"Midland/Odessa, TX",7,1,5,0,3,10,0,201
46,"Milwaukee, WI",27,1,15,0,17,43,0,524
46,"Minneapolis, MN",92,8,81,0,28,157,0,2437
46,"Minot, ND",5,1,3,0,1,6,0,46
46,"Mission/McAllen/Edinburg, TX",5,1,6,0,7,12,0,96
46,"Missoula, MT",2,0,1,0,3,4,0,68
46,"Mobile, AL",3,0,5,0,4,9,0,50
46,"Moline, IL",7,0,5,0,7,15,0,85
46,"Monroe, LA",1,0,2,0,2,3,0,41
46,"Monterey, CA",9,0,8,0,8,17,0,101
46,"Montgomery, AL",7,0,3,0,3,8,0,61
46,"Montrose/Delta, CO",1,0,1,0,0,2,0,28
46,"Mosinee, WI",1,0,0,0,1,1,0,14
46,"Myrtle Beach, SC",4,0,18,0,10,27,0,224
46,"Nashville, TN",94,3,71,1,77,158,1,1926
46,"New Orleans, LA",63,1,47,1,55,104,1,998
46,"New York, NY",218,6,159,1,160,367,1,5623
46,"Newark, NJ",284,0,292,2,351,579,19,2526
46,"Newburgh/Poughkeepsie, NY",1,0,0,0,0,1,0,7
46,"Niagara Falls, NY",0,0,0,0,0,0,0,5
46,"Nome, AK",0,0,1,0,1,1,0,7
46,"Norfolk, VA",26,2,23,0,19,45,0,429
46,"North Bend/Coos Bay, OR",1,0,1,0,0,2,0,4
46,"North Platte, NE",0,0,0,0,0,0,0,12
46,"Oakland, CA",24,0,15,1,37,50,3,729
46,"Oklahoma City, OK",12,0,12,0,13,27,0,446
46,"Omaha, NE",16,1,14,0,8,24,0,466
46,"Ontario, CA",24,1,19,2,28,49,0,531
46,"Orlando, FL",170,1,169,3,123,294,5,2926
46,"Pago Pago, TT",0,0,0,0,0,0,0,2
46,"Palm Springs, CA",32,0,25,0,15,45,0,309
46,"Panama City, FL",3,1,5,0,3,7,0,116
46,"Pasco/Kennewick/Richland, WA",16,0,5,0,2,17,0,116
46,"Pellston, MI",2,1,1,0,0,3,0,12
46,"Pensacola, FL",6,0,10,0,7,17,0,227
46,"Peoria, IL",9,0,7,0,6,13,0,75
46,"Petersburg, AK",0,0,1,0,1,1,0,14
46,"Philadelphia, PA",113,0,50,0,77,159,3,1749
46,"Phoenix, AZ",245,0,117,0,194,381,1,4080
46,"Pittsburgh, PA",26,0,43,0,21,63,1,784
46,"Plattsburgh, NY",0,0,0,0,0,0,0,10
46,"Pocatello, ID",1,0,0,0,0,1,0,13
46,"Ponce, PR",0,0,0,0,0,0,0,6
46,"Portland, ME",11,0,3,0,9,18,0,190
46,"Portland, OR",58,3,89,1,47,133,1,1130
46,"Portsmouth, NH",0,0,0,0,0,0,0,5
46,"Prescott, AZ",2,0,1,0,1,3,0,14
46,"Presque Isle/Houlton, ME",0,0,0,0,0,0,0,7
46,"Providence, RI",8,0,3,0,13,14,0,319
46,"Provo, UT",6,0,3,0,2,8,0,61
46,"Punta Gorda, FL",8,1,6,0,2,11,0,107
46,"Raleigh/Durham, NC",55,4,90,0,59,146,0,1201
46,"Rapid City, SD",4,1,4,0,3,10,0,102
46,"Redding, CA",2,0,6,0,4,8,0,34
46,"Reno, NV",26,4,38,0,23,64,2,403
46,"Rhinelander, WI",1,0,0,0,0,1,0,14
46,"Richmond, VA",24,2,19,0,8,38,0,345
46,"Riverton/Lander, WY",0,1,0,0,1,2,0,14
46,"Roanoke, VA",4,0,6,0,7,10,0,73
46,"Rochester, MN",1,1,0,0,0,2,0,20
46,"Rochester, NY",12,0,6,0,8,17,0,220
46,"Rock Springs, WY",0,1,1,0,0,1,0,14
46,"Rockford, IL",2,0,2,0,3,4,0,12
46,"Roswell, NM",2,2,0,0,0,4,0,21
46,"Sacramento, CA",66,2,42,0,72,103,2,1112
46,"Saginaw/Bay City/Midland, MI",4,2,1,0,1,6,0,48
46,"Saipan, TT",0,0,0,0,0,0,1,7
46,"Salina, KS",2,1,2,0,0,3,0,14
46,"Salt Lake City, UT",134,10,111,0,47,218,1,2110
46,"San Angelo, TX",2,0,1,0,1,3,0,21
46,"San Antonio, TX",28,0,21,0,22,50,0,791
46,"San Diego, CA",113,5,170,1,144,267,3,1854
46,"San Francisco, CA",211,4,209,0,237,429,4,2855
46,"San Jose, CA",47,1,44,0,47,86,5,996
46,"San Juan, PR",53,2,69,0,29,88,0,641
46,"San Luis Obispo, CA",8,0,8,0,5,15,0,120
46,"Sanford, FL",18,1,21,0,17,27,0,143
46,"Santa Ana, CA",41,0,54,0,48,100,4,847
46,"Santa Barbara, CA",5,0,10,0,8,16,0,151
46,"Santa Fe, NM",4,0,3,0,2,6,0,67
46,"Santa Maria, CA",1,0,0,0,0,1,0,2
46,"Santa Rosa, CA",20,1,11,0,12,28,0,90
46,"Sarasota/Bradenton, FL",17,0,22,1,13,32,0,303
46,"Sault Ste. Marie, MI",1,0,0,0,0,1,0,14
46,"Savannah, GA",33,0,27,1,14,50,1,382
46,"Scottsbluff, NE",0,0,0,0,0,0,0,12
46,"Scranton/Wilkes-Barre, PA",0,0,1,0,1,1,0,35
46,"Seattle, WA",208,7,249,3,132,394,5,2964
46,"Sheridan, WY",1,0,0,0,0,1,0,14
46,"Shreveport, LA",3,0,1,0,2,5,0,105
46,"Sioux City, IA",3,0,0,0,1,4,0,14
46,"Sioux Falls, SD",9,2,10,0,9,20,1,148
46,"Sitka, AK",1,0,2,0,2,2,0,21
46,"South Bend, IN",11,0,6,0,4,13,1,146
46,"Spokane, WA",16,4,28,0,16,39,1,353
46,"Springfield, IL",1,0,0,0,0,1,0,2
46,"Springfield, MO",9,3,9,0,5,16,0,187
46,"St. Cloud, MN",0,0,1,0,0,1,0,2
46,"St. George, UT",3,0,2,0,2,6,0,71
46,"St. Louis, MO",52,0,35,0,53,86,0,1233
46,"St. Petersburg, FL",9,0,12,0,5,15,0,129
46,"State College, PA",3,0,0,0,0,3,0,9
46,"Stillwater, OK",1,0,1,0,0,2,0,14
46,"Stockton, CA",2,0,2,1,3,3,0,8
46,"Sun Valley/Hailey/Ketchum, ID",0,0,0,0,0,0,0,21
46,"Syracuse, NY",22,2,12,0,9,27,0,237
46,"Tallahassee, FL",2,0,7,0,2,9,0,105
46,"Tampa, FL",71,0,82,1,65,149,1,1455
46,"Texarkana, AR",2,0,2,0,1,3,0,14
46,"Toledo, OH",1,0,0,0,1,1,0,6
46,"Traverse City, MI",1,0,4,0,0,4,0,48
46,"Trenton, NJ",0,0,0,0,0,0,0,12
46,"Tucson, AZ",26,0,13,0,14,35,1,411
46,"Tulsa, OK",11,1,9,0,6,20,0,336
46,"Twin Falls, ID",1,0,0,0,0,1,0,13
46,"Tyler, TX",3,0,2,0,1,4,0,21
46,"Valdosta, GA",0,0,2,0,1,3,0,20
46,"Valparaiso, FL",6,1,7,0,4,12,0,154
46,"Victoria, TX",3,0,1,0,0,3,0,12
46,"Waco, TX",2,0,0,0,0,2,0,21
46,"Washington, DC",207,9,190,2,171,384,5,3893
46,"West Palm Beach/Palm Beach, FL",40,1,57,1,39,86,0,601
46,"White Plains, NY",7,0,4,0,6,11,0,233
46,"Wichita Falls, TX",1,0,0,0,1,1,0,14
46,"Wichita, KS",18,0,9,0,13,27,0,232
46,"Williston, ND",6,2,1,0,1,9,0,40
46,"Wilmington, NC",5,0,10,0,9,13,1,156
46,"Worcester, MA",0,0,0,0,0,0,0,27
46,"Wrangell, AK",0,0,1,0,2,2,0,14
46,"Yakutat, AK",0,0,1,0,0,1,0,14
46,"Yuma, AZ",0,0,0,0,1,1,0,42
47,"Aberdeen, SD",0,0,0,0,0,0,0,14
47,"Abilene, TX",0,1,1,0,1,2,1,34
47,"Adak Island, AK",0,0,0,0,0,0,0,2
47,"Aguadilla, PR",7,3,5,0,15,16,0,41
47,"Akron, OH",14,2,9,0,7,19,0,66
47,"Albany, GA",1,0,0,0,0,1,0,21
47,"Albany, NY",11,0,4,0,16,22,0,235
47,"Albuquerque, NM",22,4,20,1,21,44,3,480
47,"Alexandria, LA",4,0,1,0,2,5,0,42
47,"Allentown/Bethlehem/Easton, PA",5,0,2,0,5,7,0,73
47,"Alpena, MI",1,0,0,0,0,1,0,12
47,"Amarillo, TX",4,1,5,0,1,8,1,98
47,"Anchorage, AK",19,1,22,0,13,37,6,279
47,"Appleton, WI",11,17,12,0,8,35,5,135
47,"Arcata/Eureka, CA",8,4,5,0,0,12,6,42
47,"Asheville, NC",16,1,30,0,23,41,2,202
47,"Ashland, WV",2,0,1,0,2,2,0,5
47,"Aspen, CO",6,6,9,0,2,14,10,97
47,"Atlanta, GA",669,15,618,0,369,1044,9,7053
47,"Atlantic City, NJ",0,0,1,0,0,1,1,54
47,"Augusta, GA",6,0,8,0,3,10,0,85
47,"Austin, TX",114,11,152,0,116,250,4,1694
47,"Bakersfield, CA",5,2,1,0,1,9,3,65
47,"Baltimore, MD",146,15,123,2,164,277,4,1891
47,"Bangor, ME",1,1,4,0,5,7,0,69
47,"Barrow, AK",0,0,0,0,0,0,2,7
47,"Baton Rouge, LA",7,2,6,0,6,14,0,109
47,"Beaumont/Port Arthur, TX",0,0,0,0,0,0,0,14
47,"Belleville, IL",0,0,0,0,3,3,0,15
47,"Bellingham, WA",1,0,1,0,0,1,1,38
47,"Bemidji, MN",3,0,1,0,0,3,0,14
47,"Bend/Redmond, OR",7,0,11,0,4,17,3,116
47,"Bethel, AK",0,0,1,0,0,1,2,14
47,"Billings, MT",5,3,9,0,3,13,0,83
47,"Binghamton, NY",1,1,1,0,2,2,0,7
47,"Birmingham, AL",22,3,27,0,23,44,0,376
47,"Bismarck/Mandan, ND",9,7,15,0,0,19,0,86
47,"Bloomington/Normal, IL",2,1,5,0,1,5,0,32
47,"Boise, ID",44,2,28,0,18,68,5,480
47,"Boston, MA",322,14,257,0,310,529,1,2911
47,"Bozeman, MT",11,7,17,0,6,27,1,138
47,"Brainerd, MN",1,0,1,0,0,1,0,12
47,"Bristol/Johnson City/Kingsport, TN",6,0,4,0,4,8,1,51
47,"Brownsville, TX",3,1,2,0,1,5,0,33
47,"Brunswick, GA",2,1,3,0,1,3,0,21
47,"Buffalo, NY",26,3,26,0,26,52,1,430
47,"Burbank, CA",35,2,46,0,56,87,9,667
47,"Burlington, VT",6,0,11,0,10,21,0,155
47,"Butte, MT",1,0,1,0,0,1,0,13
47,"Casper, WY",10,0,2,0,0,9,0,49
47,"Cedar City, UT",3,0,0,0,0,3,0,12
47,"Cedar Rapids/Iowa City, IA",19,4,16,0,9,27,3,161
47,"Champaign/Urbana, IL",1,0,1,0,0,2,0,20
47,"Charleston, SC",31,2,40,0,40,67,1,477
47,"Charleston/Dunbar, WV",5,2,10,0,6,14,0,75
47,"Charlotte Amalie, VI",4,0,2,0,5,7,1,88
47,"Charlotte, NC",421,8,461,1,331,701,2,4293
47,"Charlottesville, VA",4,0,6,0,2,10,0,67
47,"Chattanooga, TN",11,1,15,0,11,21,0,178
47,"Cheyenne, WY",1,0,0,0,0,1,0,13
47,"Chicago, IL",748,246,1076,1,719,1622,54,6800
47,"Christiansted, VI",1,0,0,0,4,3,0,18
47,"Cincinnati, OH",65,12,114,0,42,151,2,776
47,"Clarksburg/Fairmont, WV",0,0,1,0,1,1,0,2
47,"Cleveland, OH",45,7,72,0,54,118,3,763
47,"Cody, WY",3,1,2,0,2,5,0,14
47,"College Station/Bryan, TX",1,1,1,0,1,3,0,21
47,"Colorado Springs, CO",16,2,6,0,8,24,0,249
47,"Columbia, MO",4,2,4,0,3,7,0,33
47,"Columbia, SC",9,1,15,0,9,25,0,152
47,"Columbus, GA",0,0,0,0,1,1,2,20
47,"Columbus, MS",0,0,0,0,1,1,0,14
47,"Columbus, OH",63,6,103,1,56,147,1,889
47,"Concord, NC",0,1,3,0,5,6,0,14
47,"Cordova, AK",0,0,3,0,2,3,0,14
47,"Corpus Christi, TX",3,4,4,0,6,10,1,80
47,"Dallas, TX",116,1,101,3,116,197,3,1462
47,"Dallas/Fort Worth, TX",656,73,535,7,550,1087,43,6155
47,"Dayton, OH",8,4,12,0,7,19,0,151
47,"Daytona Beach, FL",0,0,3,0,2,4,0,55
47,"Deadhorse, AK",0,0,0,0,0,0,0,11
47,"Decatur, IL",0,0,3,0,3,3,0,12
47,"Denver, CO",467,21,395,0,338,811,16,6064
47,"Des Moines, IA",19,0,22,0,16,39,0,307
47,"Detroit, MI",312,53,276,0,112,513,4,2745
47,"Devils Lake, ND",0,0,1,0,2,2,3,13
47,"Dickinson, ND",3,0,0,0,0,3,0,13
47,"Dodge City, KS",1,0,0,0,1,2,0,12
47,"Dothan, AL",0,0,2,0,2,3,0,21
47,"Duluth, MN",3,4,3,0,1,8,0,48
47,"Durango, CO",5,0,0,0,4,9,1,82
47,"Eagle, CO",1,1,1,0,1,2,0,26
47,"El Paso, TX",15,5,14,0,22,39,3,365
47,"Elko, NV",0,0,0,0,0,0,0,7
47,"Elmira/Corning, NY",5,0,1,0,1,4,0,20
47,"Escanaba, MI",4,0,0,0,0,4,0,14
47,"Eugene, OR",14,1,12,0,13,26,3,151
47,"Evansville, IN",1,1,4,0,2,6,0,47
47,"Everett, WA",0,0,0,0,2,2,0,19
47,"Fairbanks, AK",5,3,8,0,4,12,1,50
47,"Fargo, ND",14,14,30,0,13,40,2,142
47,"Fayetteville, AR",13,8,26,0,14,36,3,315
47,"Fayetteville, NC",3,0,2,0,3,6,0,34
47,"Flagstaff, AZ",2,2,5,0,4,8,0,49
47,"Flint, MI",5,0,6,0,3,9,1,47
47,"Fort Dodge, IA",2,0,1,0,1,3,1,12
47,"Fort Lauderdale, FL",161,2,179,2,119,295,1,1795
47,"Fort Myers, FL",44,0,71,0,53,103,0,719
47,"Fort Smith, AR",0,0,0,0,1,1,1,21
47,"Fort Wayne, IN",9,4,8,0,4,16,2,111
47,"Fresno, CA",19,2,14,0,12,33,6,252
47,"Gainesville, FL",5,0,4,0,4,7,0,64
47,"Garden City, KS",1,0,1,0,2,3,0,14
47,"Gillette, WY",1,0,1,0,1,2,0,14
47,"Grand Forks, ND",2,1,1,0,0,3,0,24
47,"Grand Island, NE",3,1,3,0,1,5,0,18
47,"Grand Junction, CO",2,1,1,0,3,4,0,84
47,"Grand Rapids, MI",28,7,30,1,24,62,0,349
47,"Great Falls, MT",9,0,6,0,0,9,0,46
47,"Green Bay, WI",9,5,6,0,0,15,1,71
47,"Greensboro/High Point, NC",21,2,28,0,13,39,1,237
47,"Greer, SC",23,0,35,0,22,51,1,336
47,"Guam, TT",0,0,0,0,0,0,0,14
47,"Gulfport/Biloxi, MS",0,1,5,0,4,7,0,68
47,"Gunnison, CO",0,0,0,0,0,0,0,14
47,"Hagerstown, MD",2,0,0,0,1,2,0,4
47,"Hancock/Houghton, MI",2,0,3,0,1,3,1,14
47,"Harlingen/San Benito, TX",3,0,3,0,1,5,1,97
47,"Harrisburg, PA",11,2,4,0,5,15,0,112
47,"Hartford, CT",33,0,25,0,32,51,0,452
47,"Hattiesburg/Laurel, MS",0,0,0,0,0,0,0,12
47,"Hayden, CO",0,2,3,0,1,3,0,28
47,"Hays, KS",1,0,0,0,0,1,0,12
47,"Helena, MT",2,0,1,0,1,2,0,28
47,"Hibbing, MN",1,0,0,0,0,1,0,12
47,"Hilo, HI",7,0,0,0,13,14,0,125
47,"Hilton Head, SC",2,0,3,0,2,4,0,21
47,"Hobbs, NM",1,0,0,0,0,1,0,14
47,"Honolulu, HI",77,0,12,0,49,108,5,1157
47,"Houston, TX",244,9,272,6,182,452,6,3395
47,"Huntsville, AL",24,4,11,0,11,28,1,171
47,"Idaho Falls, ID",4,0,1,0,1,6,0,73
47,"Indianapolis, IN",71,20,159,0,60,196,1,953
47,"International Falls, MN",1,1,0,0,0,2,0,12
47,"Iron Mountain/Kingsfd, MI",3,0,1,0,0,4,0,14
47,"Islip, NY",4,0,3,0,7,9,0,86
47,"Ithaca/Cortland, NY",1,1,2,0,1,2,0,14
47,"Jackson, WY",4,1,5,0,3,8,0,54
47,"Jackson/Vicksburg, MS",7,2,9,1,13,16,0,147
47,"Jacksonville, FL",37,2,48,1,45,82,2,627
47,"Jacksonville/Camp Lejeune, NC",3,0,0,0,2,4,0,42
47,"Jamestown, ND",1,0,1,0,1,2,4,13
47,"Johnstown, PA",1,1,0,0,1,3,2,14
47,"Joplin, MO",1,0,1,0,0,1,0,12
47,"Juneau, AK",2,2,9,0,4,11,0,77
47,"Kahului, HI",15,0,5,0,23,29,4,502
47,"Kalamazoo, MI",6,1,1,0,0,7,0,21
47,"Kalispell, MT",5,3,7,0,2,13,0,47
47,"Kansas City, MO",50,8,72,0,58,120,2,990
47,"Kearney, NE",0,0,0,0,1,1,0,12
47,"Ketchikan, AK",0,0,4,0,3,5,1,42
47,"Key West, FL",17,1,18,0,25,34,0,171
47,"Killeen, TX",2,0,2,0,3,5,1,42
47,"Knoxville, TN",14,1,20,0,20,35,0,335
47,"Kodiak, AK",1,2,3,0,0,2,0,14
47,"Kona, HI",8,0,2,0,14,18,2,303
47,"Kotzebue, AK",0,0,0,0,0,0,2,7
47,"La Crosse, WI",0,0,1,0,1,1,0,14
47,"Lafayette, LA",3,2,2,0,2,6,0,69
47,"Lake Charles, LA",2,0,0,0,0,2,1,21
47,"Lansing, MI",10,0,5,0,0,9,1,27
47,"Laramie, WY",1,0,0,0,0,1,0,12
47,"Laredo, TX",0,0,2,0,2,3,1,37
47,"Las Vegas, NV",236,8,216,0,211,438,6,3711
47,"Latrobe, PA",0,0,2,0,0,2,0,7
47,"Lawton/Fort Sill, OK",0,1,2,0,1,2,0,21
47,"Lewiston, ID",2,0,0,0,0,2,0,21
47,"Lexington, KY",12,1,19,0,12,28,1,194
47,"Liberal, KS",0,0,1,0,2,1,0,12
47,"Lihue, HI",11,0,2,0,15,18,2,300
47,"Lincoln, NE",3,1,2,0,2,6,1,54
47,"Little Rock, AR",11,4,16,0,13,31,1,257
47,"Long Beach, CA",13,0,7,0,19,31,1,349
47,"Longview, TX",2,1,0,0,1,4,0,14
47,"Los Angeles, CA",270,12,289,2,230,566,10,3810
47,"Louisville, KY",33,1,45,0,33,72,0,462
47,"Lubbock, TX",5,2,4,0,7,13,2,121
47,"Madison, WI",11,7,29,0,16,40,2,239
47,"Manchester, NH",5,1,2,0,10,11,0,101
47,"Manhattan/Ft. Riley, KS",0,1,0,0,1,1,0,21
47,"Marquette, MI",2,1,0,0,0,3,1,14
47,"Mason City, IA",1,1,3,0,2,4,1,12
47,"Medford, OR",7,3,7,0,0,13,2,88
47,"Melbourne, FL",3,1,3,0,2,4,0,61
47,"Memphis, TN",22,0,27,0,21,45,1,437
47,"Meridian, MS",1,0,0,0,0,1,0,12
47,"Miami, FL",206,2,180,3,180,359,3,2190
47,"Midland/Odessa, TX",15,6,12,0,9,26,1,202
47,"Milwaukee, WI",52,13,44,0,39,99,2,545
47,"Minneapolis, MN",229,46,309,1,83,461,6,2533
47,"Minot, ND",8,6,9,0,0,14,1,49
47,"Mission/McAllen/Edinburg, TX",7,1,8,0,9,19,0,102
47,"Missoula, MT",3,0,2,0,1,3,0,69
47,"Mobile, AL",3,0,3,0,4,5,0,53
47,"Moline, IL",8,2,6,0,6,16,2,88
47,"Monroe, LA",7,1,3,0,9,14,1,42
47,"Monterey, CA",8,0,3,0,7,15,4,103
47,"Montgomery, AL",4,0,9,0,5,13,1,62
47,"Montrose/Delta, CO",3,0,0,0,3,4,0,28
47,"Mosinee, WI",0,0,0,0,0,0,0,14
47,"Myrtle Beach, SC",10,0,23,0,11,32,1,233
47,"Nashville, TN",142,2,139,0,128,261,3,1990
47,"New Orleans, LA",63,1,83,3,77,133,3,1034
47,"New York, NY",414,18,498,1,410,833,5,5734
47,"Newark, NJ",329,5,379,0,338,621,5,2573
47,"Newburgh/Poughkeepsie, NY",0,0,1,0,1,1,0,8
47,"Niagara Falls, NY",1,0,0,0,0,1,0,5
47,"Nome, AK",0,0,1,0,1,2,0,7
47,"Norfolk, VA",36,0,40,0,29,64,0,442
47,"North Bend/Coos Bay, OR",0,1,3,0,1,3,0,4
47,"North Platte, NE",1,0,0,0,1,2,0,12
47,"Oakland, CA",57,2,30,0,48,92,6,759
47,"Oklahoma City, OK",35,8,26,1,29,61,2,474
47,"Omaha, NE",24,4,30,0,22,55,1,474
47,"Ontario, CA",30,4,24,0,37,61,8,524
47,"Orlando, FL",244,4,313,3,227,484,4,3049
47,"Pago Pago, TT",0,0,0,0,0,0,0,2
47,"Palm Springs, CA",18,1,25,0,15,44,5,318
47,"Panama City, FL",7,1,6,0,9,15,0,120
47,"Pasco/Kennewick/Richland, WA",6,2,4,0,0,9,0,123
47,"Pellston, MI",3,0,1,0,0,3,0,12
47,"Pensacola, FL",8,0,15,0,17,25,0,232
47,"Peoria, IL",6,3,2,0,8,12,1,77
47,"Petersburg, AK",1,0,0,0,0,1,0,14
47,"Philadelphia, PA",135,4,124,0,128,242,1,1813
47,"Phoenix, AZ",313,8,263,1,301,571,5,4256
47,"Pittsburgh, PA",50,3,90,0,44,115,1,806
47,"Plattsburgh, NY",0,1,0,0,0,1,0,10
47,"Pocatello, ID",0,0,0,0,0,0,0,13
47,"Ponce, PR",1,0,0,0,1,1,0,8
47,"Portland, ME",14,2,14,0,14,29,0,194
47,"Portland, OR",59,2,133,1,80,178,9,1179
47,"Portsmouth, NH",0,0,0,0,1,1,0,7
47,"Prescott, AZ",0,0,0,0,0,0,0,14
47,"Presque Isle/Houlton, ME",0,0,0,0,0,0,0,7
47,"Providence, RI",15,2,17,0,20,36,1,328
47,"Provo, UT",6,3,3,0,1,11,0,66
47,"Punta Gorda, FL",15,3,14,0,7,19,0,124
47,"Raleigh/Durham, NC",67,2,123,0,79,198,1,1241
47,"Rapid City, SD",7,1,6,0,5,13,0,106
47,"Redding, CA",1,2,3,0,1,5,1,35
47,"Reno, NV",25,8,35,0,22,66,6,417
47,"Rhinelander, WI",2,0,0,0,0,2,0,14
47,"Richmond, VA",22,1,21,0,24,45,0,373
47,"Riverton/Lander, WY",0,0,0,0,1,1,0,14
47,"Roanoke, VA",12,2,9,0,9,16,0,74
47,"Rochester, MN",2,2,4,0,0,4,0,21
47,"Rochester, NY",16,1,17,0,18,27,0,227
47,"Rock Springs, WY",1,0,0,0,0,1,0,14
47,"Rockford, IL",0,0,1,0,0,1,0,13
47,"Roswell, NM",6,1,4,0,0,7,0,21
47,"Sacramento, CA",80,2,36,1,78,130,8,1130
47,"Saginaw/Bay City/Midland, MI",7,3,3,0,1,11,0,48
47,"Saipan, TT",1,0,0,0,0,1,0,7
47,"Salina, KS",2,0,2,0,1,3,0,14
47,"Salt Lake City, UT",183,22,145,0,85,310,3,2160
47,"San Angelo, TX",1,1,1,0,0,2,0,21
47,"San Antonio, TX",44,3,47,0,39,90,4,834
47,"San Diego, CA",138,25,268,0,241,425,9,1914
47,"San Francisco, CA",422,30,368,1,540,846,115,2918
47,"San Jose, CA",65,7,36,1,65,119,0,1022
47,"San Juan, PR",85,2,51,1,82,127,0,694
47,"San Luis Obispo, CA",7,6,11,0,5,18,5,126
47,"Sanford, FL",24,3,24,0,22,33,0,151
47,"Santa Ana, CA",49,6,66,1,67,135,10,869
47,"Santa Barbara, CA",7,2,15,0,13,24,0,154
47,"Santa Fe, NM",4,1,2,0,2,8,0,68
47,"Santa Maria, CA",0,0,1,0,0,1,0,2
47,"Santa Rosa, CA",10,8,18,0,21,37,3,100
47,"Sarasota/Bradenton, FL",23,2,30,0,20,44,0,326
47,"Sault Ste. Marie, MI",2,0,0,0,0,2,0,14
47,"Savannah, GA",31,5,40,0,39,65,0,393
47,"Scottsbluff, NE",2,0,1,0,0,2,0,12
47,"Scranton/Wilkes-Barre, PA",2,3,5,0,8,9,1,35
47,"Seattle, WA",237,39,325,0,186,526,22,3027
47,"Sheridan, WY",2,0,1,0,0,2,0,14
47,"Shreveport, LA",3,0,6,0,6,10,0,106
47,"Sioux City, IA",2,0,0,0,0,1,0,14
47,"Sioux Falls, SD",13,7,16,0,6,23,0,148
47,"Sitka, AK",1,0,2,0,2,3,0,21
47,"South Bend, IN",18,3,6,0,5,22,3,143
47,"Spokane, WA",15,4,30,0,11,45,3,362
47,"Springfield, IL",0,0,0,0,0,0,0,2
47,"Springfield, MO",22,4,12,0,12,36,1,196
47,"St. Cloud, MN",1,0,0,0,0,1,0,4
47,"St. George, UT",1,2,1,0,2,5,0,72
47,"St. Louis, MO",72,1,86,0,85,158,1,1290
47,"St. Petersburg, FL",10,2,20,0,14,25,0,143
47,"State College, PA",1,0,1,0,2,3,0,9
47,"Stillwater, OK",1,0,0,0,0,1,0,14
47,"Stockton, CA",2,0,2,1,3,4,0,9
47,"Sun Valley/Hailey/Ketchum, ID",0,0,0,0,0,0,0,21
47,"Syracuse, NY",24,5,19,0,11,38,0,243
47,"Tallahassee, FL",4,2,7,0,3,8,0,111
47,"Tampa, FL",108,1,165,0,115,251,2,1571
47,"Texarkana, AR",0,0,0,0,0,0,1,14
47,"Toledo, OH",1,0,0,0,0,0,0,6
47,"Traverse City, MI",4,0,0,0,1,5,0,47
47,"Trenton, NJ",0,0,0,0,0,0,0,19
47,"Tucson, AZ",22,2,23,0,11,42,4,424
47,"Tulsa, OK",28,6,24,0,20,48,1,346
47,"Twin Falls, ID",0,0,0,0,0,0,0,13
47,"Tyler, TX",1,1,0,0,2,4,1,21
47,"Valdosta, GA",0,0,0,0,0,0,0,21
47,"Valparaiso, FL",6,1,11,1,10,17,0,155
47,"Victoria, TX",1,0,3,0,1,4,0,12
47,"Waco, TX",5,0,1,0,1,6,0,21
47,"Washington, DC",359,34,390,0,336,697,16,3928
47,"West Palm Beach/Palm Beach, FL",38,0,65,0,47,98,1,629
47,"White Plains, NY",23,5,22,1,19,47,1,236
47,"Wichita Falls, TX",2,1,0,0,0,3,0,14
47,"Wichita, KS",25,3,20,0,16,41,1,234
47,"Williston, ND",12,3,3,0,1,16,2,41
47,"Wilmington, NC",6,2,14,0,6,20,0,161
47,"Worcester, MA",3,0,2,0,4,5,0,27
47,"Wrangell, AK",0,0,0,0,0,0,1,14
47,"Yakutat, AK",0,0,1,0,2,2,0,14
47,"Yuma, AZ",1,1,1,0,2,4,0,42
48,"Aberdeen, SD",2,0,1,0,0,2,0,13
48,"Abilene, TX",3,0,1,0,1,3,0,32
48,"Adak Island, AK",0,0,1,0,1,1,0,2
48,"Aguadilla, PR",8,0,8,0,14,14,0,48
48,"Akron, OH",5,0,7,0,6,11,0,66
48,"Albany, GA",5,1,1,0,1,6,0,19
48,"Albany, NY",23,2,24,0,17,44,0,222
48,"Albuquerque, NM",32,2,24,0,32,52,0,457
48,"Alexandria, LA",1,1,1,0,1,3,0,37
48,"Allentown/Bethlehem/Easton, PA",8,0,8,1,5,12,0,79
48,"Alpena, MI",6,0,6,0,0,6,0,13
48,"Amarillo, TX",8,0,1,0,4,10,0,93
48,"Anchorage, AK",16,0,7,0,12,25,1,250
48,"Appleton, WI",21,6,13,0,7,32,0,145
48,"Arcata/Eureka, CA",3,1,6,0,3,9,1,39
48,"Asheville, NC",22,1,33,3,32,54,1,224
48,"Ashland, WV",1,0,0,0,1,1,0,6
48,"Aspen, CO",7,7,10,0,5,22,14,91
48,"Atlanta, GA",813,11,662,1,456,1175,3,6690
48,"Atlantic City, NJ",0,0,5,0,0,5,0,43
48,"Augusta, GA",9,1,12,0,5,17,0,81
48,"Austin, TX",110,2,103,1,113,206,1,1599
48,"Bakersfield, CA",12,1,5,0,7,18,0,62
48,"Baltimore, MD",171,1,147,1,123,271,2,1850
48,"Bangor, ME",2,0,5,0,3,8,0,62
48,"Barrow, AK",1,0,0,0,1,1,0,6
48,"Baton Rouge, LA",8,1,4,0,6,10,0,99
48,"Beaumont/Port Arthur, TX",1,0,1,0,0,1,0,13
48,"Belleville, IL",0,1,3,0,5,5,0,20
48,"Bellingham, WA",4,1,2,0,1,6,0,39
48,"Bemidji, MN",3,1,3,0,0,3,0,13
48,"Bend/Redmond, OR",8,2,5,0,2,12,2,110
48,"Bethel, AK",0,1,0,2,0,3,0,12
48,"Billings, MT",7,1,3,0,5,12,0,81
48,"Binghamton, NY",1,0,2,0,2,2,0,7
48,"Birmingham, AL",42,2,31,2,22,66,0,365
48,"Bismarck/Mandan, ND",20,6,19,0,5,30,0,85
48,"Bloomington/Normal, IL",2,0,1,0,1,3,0,31
48,"Boise, ID",31,5,15,0,29,56,1,460
48,"Boston, MA",326,5,322,0,207,507,3,2812
48,"Bozeman, MT",15,0,11,1,8,25,0,139
48,"Brainerd, MN",5,0,4,0,0,5,0,13
48,"Bristol/Johnson City/Kingsport, TN",3,0,1,0,1,3,0,46
48,"Brownsville, TX",2,2,1,0,1,3,0,30
48,"Brunswick, GA",3,1,0,0,0,4,0,19
48,"Buffalo, NY",37,13,38,0,39,68,0,401
48,"Burbank, CA",33,1,35,0,54,80,2,643
48,"Burlington, VT",12,1,18,1,8,25,1,149
48,"Butte, MT",1,0,1,0,0,1,0,13
48,"Casper, WY",3,1,3,0,2,6,0,47
48,"Cedar City, UT",0,0,0,0,0,0,0,13
48,"Cedar Rapids/Iowa City, IA",18,2,13,1,11,31,0,168
48,"Champaign/Urbana, IL",2,0,1,0,2,3,0,20
48,"Charleston, SC",36,1,36,0,36,63,0,465
48,"Charleston/Dunbar, WV",7,0,4,0,3,11,1,69
48,"Charlotte Amalie, VI",5,0,5,0,6,8,0,88
48,"Charlotte, NC",482,4,448,15,350,752,2,4150
48,"Charlottesville, VA",0,0,1,0,2,2,0,61
48,"Chattanooga, TN",22,0,8,0,15,25,0,168
48,"Cheyenne, WY",1,1,1,0,0,2,0,13
48,"Chicago, IL",638,27,518,4,459,1040,7,6543
48,"Christiansted, VI",3,0,3,0,5,6,0,19
48,"Cincinnati, OH",87,8,82,0,57,141,0,758
48,"Clarksburg/Fairmont, WV",1,0,1,0,1,1,0,2
48,"Cleveland, OH",88,3,74,0,56,134,0,748
48,"Cody, WY",1,0,1,0,1,2,0,13
48,"College Station/Bryan, TX",2,1,0,0,1,3,0,19
48,"Colorado Springs, CO",16,1,16,0,18,37,0,243
48,"Columbia, MO",2,7,8,1,4,13,0,32
48,"Columbia, SC",16,2,18,0,14,31,0,143
48,"Columbus, GA",2,0,1,0,2,2,0,19
48,"Columbus, MS",0,0,1,0,0,1,0,14
48,"Columbus, OH",77,1,66,0,61,131,1,861
48,"Concord, NC",3,1,3,0,4,7,0,20
48,"Cordova, AK",0,0,2,1,2,3,0,12
48,"Corpus Christi, TX",4,0,2,0,1,5,0,82
48,"Dallas, TX",98,1,57,0,103,138,0,1379
48,"Dallas/Fort Worth, TX",730,15,411,4,586,1060,1,5779
48,"Dayton, OH",7,0,6,0,6,15,0,140
48,"Daytona Beach, FL",1,0,1,0,1,1,0,50
48,"Deadhorse, AK",0,0,0,0,0,0,0,11
48,"Decatur, IL",0,0,0,0,3,3,0,13
48,"Denver, CO",629,50,570,0,462,1056,12,5832
48,"Des Moines, IA",31,0,25,1,13,48,0,295
48,"Detroit, MI",458,56,584,2,183,803,1,2561
48,"Devils Lake, ND",2,0,1,0,3,5,0,13
48,"Dickinson, ND",4,1,0,0,0,5,0,13
48,"Dodge City, KS",1,0,1,0,0,1,0,13
48,"Dothan, AL",0,0,0,0,0,0,0,19
48,"Duluth, MN",4,1,3,0,0,5,0,44
48,"Durango, CO",12,1,7,0,5,17,0,79
48,"Eagle, CO",7,0,3,0,4,10,0,27
48,"El Paso, TX",16,0,9,0,23,32,1,364
48,"Elko, NV",0,0,0,0,0,0,0,7
48,"Elmira/Corning, NY",5,0,2,0,2,7,0,22
48,"Escanaba, MI",3,1,0,0,0,3,0,12
48,"Eugene, OR",14,1,5,0,10,18,2,153
48,"Evansville, IN",1,2,3,0,1,6,0,40
48,"Everett, WA",1,1,5,0,5,5,0,18
48,"Fairbanks, AK",3,0,7,0,1,8,0,53
48,"Fargo, ND",22,10,23,0,15,40,0,137
48,"Fayetteville, AR",26,12,36,3,32,61,0,294
48,"Fayetteville, NC",0,0,1,0,1,2,0,31
48,"Flagstaff, AZ",7,1,3,0,4,12,0,47
48,"Flint, MI",3,4,12,0,5,13,0,54
48,"Fort Dodge, IA",1,0,1,0,2,3,0,13
48,"Fort Lauderdale, FL",193,1,223,3,168,359,1,1848
48,"Fort Myers, FL",49,1,72,0,67,108,2,739
48,"Fort Smith, AR",2,1,1,0,4,4,0,19
48,"Fort Wayne, IN",18,1,11,0,8,23,0,107
48,"Fresno, CA",21,3,12,1,24,43,0,248
48,"Gainesville, FL",6,0,2,0,2,7,0,57
48,"Garden City, KS",2,0,1,0,1,2,0,13
48,"Gillette, WY",4,0,0,0,0,4,0,13
48,"Grand Forks, ND",3,2,5,1,0,6,0,24
48,"Grand Island, NE",4,0,1,0,0,4,0,19
48,"Grand Junction, CO",15,3,11,0,8,23,0,82
48,"Grand Rapids, MI",54,25,110,0,37,130,1,364
48,"Great Falls, MT",3,0,1,0,1,4,0,44
48,"Green Bay, WI",7,2,2,0,1,9,1,66
48,"Greensboro/High Point, NC",25,2,27,0,12,43,0,221
48,"Greer, SC",30,0,27,0,27,48,0,316
48,"Guam, TT",1,0,0,0,0,1,0,14
48,"Gulfport/Biloxi, MS",3,0,1,0,1,3,0,61
48,"Gunnison, CO",3,1,1,0,0,4,1,13
48,"Hagerstown, MD",3,0,1,0,3,3,0,5
48,"Hancock/Houghton, MI",2,2,4,0,0,5,0,13
48,"Harlingen/San Benito, TX",7,0,3,0,1,7,0,90
48,"Harrisburg, PA",14,1,4,1,7,16,0,103
48,"Hartford, CT",60,0,62,0,50,87,0,441
48,"Hattiesburg/Laurel, MS",1,0,0,0,0,1,0,13
48,"Hayden, CO",2,0,1,0,1,3,0,26
48,"Hays, KS",1,0,0,0,0,1,0,13
48,"Helena, MT",1,0,0,0,1,2,0,26
48,"Hibbing, MN",0,1,1,0,0,1,1,13
48,"Hilo, HI",4,0,1,0,4,4,1,122
48,"Hilton Head, SC",1,0,2,0,3,4,0,19
48,"Hobbs, NM",3,0,0,0,0,3,0,14
48,"Honolulu, HI",71,0,8,0,36,82,3,1139
48,"Houston, TX",230,1,175,1,155,370,2,3282
48,"Huntsville, AL",23,1,11,0,17,32,0,160
48,"Idaho Falls, ID",8,1,12,0,9,16,0,75
48,"Indianapolis, IN",54,3,81,0,46,125,0,929
48,"International Falls, MN",2,0,1,0,0,2,0,13
48,"Iron Mountain/Kingsfd, MI",3,0,1,0,0,2,0,14
48,"Islip, NY",4,0,4,0,5,9,0,90
48,"Ithaca/Cortland, NY",0,0,1,0,0,1,0,12
48,"Jackson, WY",8,2,6,0,7,13,0,51
48,"Jackson/Vicksburg, MS",11,0,5,0,9,13,0,139
48,"Jacksonville, FL",35,1,52,0,45,80,1,616
48,"Jacksonville/Camp Lejeune, NC",1,0,5,0,2,7,0,37
48,"Jamestown, ND",2,1,3,0,1,4,0,13
48,"Johnstown, PA",1,0,2,0,1,2,0,13
48,"Joplin, MO",4,0,1,0,1,5,0,13
48,"Juneau, AK",5,4,24,0,9,26,2,69
48,"Kahului, HI",23,1,7,0,17,27,1,496
48,"Kalamazoo, MI",4,3,6,0,0,7,0,19
48,"Kalispell, MT",4,1,7,0,3,7,0,46
48,"Kansas City, MO",84,2,81,0,63,133,1,957
48,"Kearney, NE",3,0,2,0,0,3,0,13
48,"Ketchikan, AK",4,1,5,0,5,9,0,38
48,"Key West, FL",17,0,15,2,21,26,0,163
48,"Killeen, TX",3,0,2,0,5,6,0,40
48,"Knoxville, TN",24,1,20,0,26,39,0,334
48,"Kodiak, AK",1,2,2,0,0,3,0,12
48,"Kona, HI",18,0,6,0,19,29,2,303
48,"Kotzebue, AK",0,0,1,1,2,2,0,6
48,"La Crosse, WI",2,0,1,0,1,3,1,11
48,"Lafayette, LA",2,0,0,0,1,2,0,65
48,"Lake Charles, LA",0,2,1,0,2,4,0,19
48,"Lansing, MI",7,4,6,0,1,11,0,24
48,"Laramie, WY",0,1,1,0,2,3,0,13
48,"Laredo, TX",3,0,2,0,6,7,0,34
48,"Las Vegas, NV",243,14,171,3,241,424,6,3518
48,"Latrobe, PA",0,0,1,0,0,1,0,6
48,"Lawton/Fort Sill, OK",4,0,1,0,0,4,0,19
48,"Lewiston, ID",1,0,0,0,0,1,0,21
48,"Lexington, KY",13,6,21,0,12,34,0,172
48,"Liberal, KS",4,0,4,0,2,6,0,13
48,"Lihue, HI",8,1,0,0,4,8,1,294
48,"Lincoln, NE",4,1,1,0,0,4,0,49
48,"Little Rock, AR",15,3,19,0,12,27,0,243
48,"Long Beach, CA",11,0,2,0,22,26,0,341
48,"Longview, TX",2,0,0,0,0,2,0,13
48,"Los Angeles, CA",249,10,157,0,223,424,7,3682
48,"Louisville, KY",25,3,49,0,27,64,0,427
48,"Lubbock, TX",11,1,5,0,4,12,0,121
48,"Madison, WI",12,3,19,1,13,31,0,218
48,"Manchester, NH",5,0,5,0,4,8,0,99
48,"Manhattan/Ft. Riley, KS",0,0,0,0,0,0,0,19
48,"Marquette, MI",2,2,3,0,0,5,0,14
48,"Mason City, IA",0,0,1,0,4,4,0,13
48,"Medford, OR",20,10,14,0,6,31,4,83
48,"Melbourne, FL",4,0,3,0,4,5,0,58
48,"Memphis, TN",36,0,36,0,29,58,0,420
48,"Meridian, MS",1,0,1,0,0,1,0,13
48,"Miami, FL",239,1,216,4,208,399,1,2125
48,"Midland/Odessa, TX",6,2,3,0,4,12,0,179
48,"Milwaukee, WI",52,4,38,0,27,80,0,511
48,"Minneapolis, MN",296,24,262,0,90,475,1,2375
48,"Minot, ND",12,6,16,0,4,22,0,52
48,"Mission/McAllen/Edinburg, TX",7,0,2,0,7,12,0,99
48,"Missoula, MT",7,1,6,0,4,12,0,65
48,"Mobile, AL",4,0,1,0,3,5,0,52
48,"Moline, IL",8,1,4,0,4,11,0,88
48,"Monroe, LA",4,0,1,0,2,5,0,38
48,"Monterey, CA",9,0,9,0,14,18,1,100
48,"Montgomery, AL",8,2,4,0,3,11,0,55
48,"Montrose/Delta, CO",3,0,2,0,3,6,0,26
48,"Mosinee, WI",2,0,2,0,1,2,0,13
48,"Myrtle Beach, SC",7,0,19,0,14,30,0,238
48,"Nashville, TN",121,4,112,1,114,215,1,1846
48,"New Orleans, LA",58,0,69,2,89,135,1,983
48,"New York, NY",435,3,412,4,293,697,0,5247
48,"Newark, NJ",337,0,302,3,333,573,1,2409
48,"Newburgh/Poughkeepsie, NY",0,0,0,0,1,1,0,14
48,"Niagara Falls, NY",0,0,0,0,0,0,0,6
48,"Nome, AK",1,0,1,0,0,1,0,5
48,"Norfolk, VA",39,2,29,1,19,54,0,415
48,"North Bend/Coos Bay, OR",0,0,1,0,0,1,0,4
48,"North Platte, NE",2,0,0,0,1,3,0,13
48,"Oakland, CA",49,1,24,1,59,79,0,751
48,"Oklahoma City, OK",40,1,18,0,28,59,0,445
48,"Omaha, NE",36,4,33,1,32,61,1,456
48,"Ontario, CA",29,2,19,0,42,56,0,498
48,"Orlando, FL",320,3,293,19,223,509,1,3049
48,"Pago Pago, TT",0,0,0,0,0,0,0,2
48,"Palm Springs, CA",19,1,22,1,22,39,0,309
48,"Panama City, FL",8,1,9,0,6,13,0,117
48,"Pasco/Kennewick/Richland, WA",9,1,4,0,3,14,0,128
48,"Pellston, MI",4,0,3,0,0,5,0,14
48,"Pensacola, FL",19,0,5,2,21,28,0,231
48,"Peoria, IL",5,1,5,0,8,11,0,84
48,"Petersburg, AK",0,0,1,0,2,2,0,12
48,"Philadelphia, PA",202,5,155,1,139,311,1,1763
48,"Phoenix, AZ",336,10,174,1,358,594,6,4141
48,"Pittsburgh, PA",52,2,67,0,39,103,0,793
48,"Plattsburgh, NY",0,0,0,0,0,0,0,12
48,"Pocatello, ID",0,0,0,0,0,0,0,12
48,"Ponce, PR",0,0,1,0,1,1,0,11
48,"Portland, ME",10,1,14,0,9,28,0,183
48,"Portland, OR",75,4,94,2,69,152,6,1165
48,"Portsmouth, NH",0,0,0,0,0,0,1,12
48,"Prescott, AZ",0,1,0,0,1,2,0,13
48,"Presque Isle/Houlton, ME",2,0,3,1,0,3,0,7
48,"Providence, RI",22,1,22,0,17,38,0,307
48,"Provo, UT",9,0,1,0,3,10,0,73
48,"Punta Gorda, FL",21,3,25,0,17,30,1,185
48,"Raleigh/Durham, NC",90,1,111,0,70,176,0,1190
48,"Rapid City, SD",12,0,9,0,7,19,0,103
48,"Redding, CA",3,0,2,0,2,6,1,33
48,"Reno, NV",31,1,30,0,27,60,0,410
48,"Rhinelander, WI",1,1,1,0,0,2,0,13
48,"Richmond, VA",29,5,27,0,15,44,0,360
48,"Riverton/Lander, WY",2,0,1,0,0,2,0,13
48,"Roanoke, VA",10,0,4,0,12,17,0,72
48,"Rochester, MN",4,0,1,0,0,4,0,19
48,"Rochester, NY",19,2,15,0,16,29,0,211
48,"Rock Springs, WY",1,0,2,0,1,3,0,13
48,"Rockford, IL",3,0,1,0,4,4,0,17
48,"Roswell, NM",1,0,3,0,1,3,0,19
48,"Sacramento, CA",85,6,65,0,90,169,1,1088
48,"Saginaw/Bay City/Midland, MI",9,3,5,0,1,12,0,43
48,"Saipan, TT",0,0,0,0,0,0,0,7
48,"Salina, KS",2,0,2,0,0,2,0,13
48,"Salt Lake City, UT",205,15,143,1,104,304,5,2066
48,"San Angelo, TX",3,0,1,1,0,4,0,19
48,"San Antonio, TX",49,0,32,1,47,85,0,797
48,"San Diego, CA",155,12,248,3,290,434,8,1868
48,"San Francisco, CA",267,15,218,1,297,525,20,2872
48,"San Jose, CA",48,3,46,1,64,108,1,1004
48,"San Juan, PR",106,1,72,0,96,151,3,716
48,"San Luis Obispo, CA",9,2,3,0,7,19,0,124
48,"Sanford, FL",42,4,37,0,35,56,0,223
48,"Santa Ana, CA",26,2,32,1,59,86,1,823
48,"Santa Barbara, CA",10,2,8,0,15,29,2,152
48,"Santa Fe, NM",10,1,2,1,4,16,0,62
48,"Santa Maria, CA",1,0,1,0,1,1,0,2
48,"Santa Rosa, CA",10,0,13,0,22,28,1,100
48,"Sarasota/Bradenton, FL",22,1,28,0,36,50,0,341
48,"Sault Ste. Marie, MI",5,1,4,0,0,5,0,13
48,"Savannah, GA",42,2,40,0,31,69,0,378
48,"Scottsbluff, NE",2,0,2,0,1,3,0,13
48,"Scranton/Wilkes-Barre, PA",3,0,3,0,2,4,0,32
48,"Seattle, WA",212,31,205,0,136,401,11,2889
48,"Sheridan, WY",1,0,0,0,0,1,0,13
48,"Shreveport, LA",12,4,10,0,5,17,0,100
48,"Sioux City, IA",3,1,1,0,1,4,0,13
48,"Sioux Falls, SD",19,5,14,1,9,30,0,143
48,"Sitka, AK",1,0,2,0,2,3,1,20
48,"South Bend, IN",30,1,21,0,11,36,0,134
48,"Spokane, WA",15,4,13,0,18,37,0,335
48,"Springfield, IL",0,1,0,0,1,1,0,2
48,"Springfield, MO",25,4,18,0,13,33,0,190
48,"St. Cloud, MN",1,0,0,0,0,1,0,4
48,"St. George, UT",6,3,8,0,3,12,0,72
48,"St. Louis, MO",116,27,144,0,110,215,0,1251
48,"St. Petersburg, FL",29,2,35,0,31,53,0,203
48,"State College, PA",1,0,1,0,3,4,0,8
48,"Stillwater, OK",0,2,2,0,0,2,0,13
48,"Stockton, CA",1,1,2,1,3,5,1,14
48,"Sun Valley/Hailey/Ketchum, ID",0,0,0,0,0,0,0,20
48,"Syracuse, NY",22,5,15,0,11,35,1,233
48,"Tallahassee, FL",17,0,13,0,14,21,0,103
48,"Tampa, FL",135,3,152,1,141,257,0,1574
48,"Texarkana, AR",3,0,0,0,1,4,0,13
48,"Toledo, OH",2,0,1,0,2,3,0,8
48,"Traverse City, MI",7,5,17,0,5,19,0,48
48,"Trenton, NJ",2,0,0,0,3,3,0,30
48,"Tucson, AZ",31,0,22,0,26,54,0,406
48,"Tulsa, OK",19,0,13,0,17,31,0,329
48,"Twin Falls, ID",0,1,0,0,0,1,0,12
48,"Tyler, TX",4,0,1,0,1,4,0,19
48,"Valdosta, GA",1,0,1,0,1,1,0,19
48,"Valparaiso, FL",15,2,9,0,18,24,0,153
48,"Victoria, TX",0,0,0,0,0,0,0,13
48,"Waco, TX",2,0,1,0,1,2,0,19
48,"Washington, DC",306,10,266,3,222,497,2,3588
48,"West Palm Beach/Palm Beach, FL",74,1,61,0,94,127,0,604
48,"White Plains, NY",30,4,29,0,20,49,0,219
48,"Wichita Falls, TX",0,0,0,0,0,0,0,13
48,"Wichita, KS",28,1,17,0,21,44,0,224
48,"Williston, ND",9,6,10,0,3,17,0,38
48,"Wilmington, NC",5,1,17,0,10,23,0,147
48,"Worcester, MA",2,0,2,0,1,2,0,27
48,"Wrangell, AK",0,1,2,0,2,2,1,12
48,"Yakutat, AK",0,0,0,0,1,1,1,12
48,"Yuma, AZ",2,0,1,0,3,5,0,39
49,"Aberdeen, SD",4,0,1,0,0,4,0,14
49,"Abilene, TX",4,2,3,0,2,5,0,35
49,"Adak Island, AK",0,0,0,0,0,0,0,2
49,"Aguadilla, PR",9,0,6,0,13,15,0,47
49,"Akron, OH",8,0,7,0,13,18,0,67
49,"Albany, GA",9,0,4,0,0,9,0,20
49,"Albany, NY",18,0,18,0,15,32,1,216
49,"Albuquerque, NM",25,3,29,0,29,57,0,442
49,"Alexandria, LA",0,2,3,0,2,4,0,41
49,"Allentown/Bethlehem/Easton, PA",9,0,3,0,3,8,0,70
49,"Alpena, MI",3,0,1,0,0,3,0,12
49,"Amarillo, TX",1,0,3,0,1,4,0,91
49,"Anchorage, AK",23,4,24,0,18,46,2,262
49,"Appleton, WI",38,7,16,0,10,48,1,136
49,"Arcata/Eureka, CA",3,1,0,0,1,5,0,36
49,"Asheville, NC",19,1,20,0,16,31,0,171
49,"Ashland, WV",1,0,3,0,4,4,0,5
49,"Aspen, CO",9,3,4,0,7,19,0,113
49,"Atlanta, GA",666,11,520,1,343,980,3,6552
49,"Atlantic City, NJ",3,0,0,0,1,4,0,41
49,"Augusta, GA",11,4,12,0,5,18,0,72
49,"Austin, TX",153,9,111,1,204,304,2,1555
49,"Bakersfield, CA",3,0,2,0,2,6,0,61
49,"Baltimore, MD",161,0,83,1,145,231,1,1740
49,"Bangor, ME",6,1,5,0,7,12,0,63
49,"Barrow, AK",1,0,1,2,3,3,0,7
49,"Baton Rouge, LA",5,5,8,1,11,14,0,88
49,"Beaumont/Port Arthur, TX",2,1,1,0,0,3,0,14
49,"Belleville, IL",3,1,1,0,1,4,0,13
49,"Bellingham, WA",6,2,3,0,3,9,5,35
49,"Bemidji, MN",3,0,2,0,0,3,2,14
49,"Bend/Redmond, OR",15,11,10,0,12,31,28,114
49,"Bethel, AK",3,0,7,3,4,10,0,14
49,"Billings, MT",3,2,1,0,2,4,0,83
49,"Binghamton, NY",2,0,3,0,2,3,0,7
49,"Birmingham, AL",27,5,21,0,25,50,0,335
49,"Bismarck/Mandan, ND",14,3,6,1,2,19,1,87
49,"Bloomington/Normal, IL",0,1,2,0,1,2,0,33
49,"Boise, ID",59,32,70,0,38,125,12,450
49,"Boston, MA",257,5,313,2,204,497,1,2744
49,"Bozeman, MT",3,1,1,0,4,7,0,136
49,"Brainerd, MN",2,0,2,0,0,2,0,12
49,"Bristol/Johnson City/Kingsport, TN",4,1,6,0,3,9,0,47
49,"Brownsville, TX",3,0,1,0,1,4,0,29
49,"Brunswick, GA",4,0,2,0,0,4,0,21
49,"Buffalo, NY",59,39,103,0,49,133,2,410
49,"Burbank, CA",31,2,33,0,68,91,1,600
49,"Burlington, VT",10,9,38,0,15,47,2,152
49,"Butte, MT",0,0,0,0,0,0,0,14
49,"Casper, WY",2,0,0,0,0,2,0,43
49,"Cedar City, UT",4,1,2,0,0,4,0,12
49,"Cedar Rapids/Iowa City, IA",15,3,16,0,3,24,0,148
49,"Champaign/Urbana, IL",0,0,0,0,1,1,0,20
49,"Charleston, SC",35,0,46,0,43,80,1,446
49,"Charleston/Dunbar, WV",14,1,6,0,7,18,0,69
49,"Charlotte Amalie, VI",2,1,4,0,2,5,0,92
49,"Charlotte, NC",537,2,469,10,417,801,3,4025
49,"Charlottesville, VA",5,0,10,0,7,14,0,65
49,"Chattanooga, TN",25,0,18,1,20,38,0,159
49,"Cheyenne, WY",0,0,0,0,0,0,0,13
49,"Chicago, IL",688,46,497,3,448,1059,10,6352
49,"Christiansted, VI",3,0,2,0,3,4,0,19
49,"Cincinnati, OH",77,18,79,0,60,139,2,728
49,"Clarksburg/Fairmont, WV",0,0,0,0,1,1,1,3
49,"Cleveland, OH",89,18,124,1,70,170,4,729
49,"Cody, WY",2,0,0,0,0,1,0,14
49,"College Station/Bryan, TX",2,1,0,0,1,4,0,21
49,"Colorado Springs, CO",6,0,1,0,10,12,0,234
49,"Columbia, MO",8,0,5,0,4,9,0,33
49,"Columbia, SC",21,1,25,0,13,39,0,144
49,"Columbus, GA",0,0,1,0,2,2,0,20
49,"Columbus, MS",2,0,1,0,2,4,0,14
49,"Columbus, OH",86,2,71,0,55,136,1,826
49,"Concord, NC",3,0,1,0,3,3,0,10
49,"Cordova, AK",0,0,3,0,4,4,0,14
49,"Corpus Christi, TX",6,1,5,0,4,12,0,62
49,"Dallas, TX",122,0,50,2,123,171,0,1356
49,"Dallas/Fort Worth, TX",773,12,406,1,527,1030,3,5744
49,"Dayton, OH",21,0,16,0,14,30,0,140
49,"Daytona Beach, FL",2,0,2,0,3,4,0,50
49,"Deadhorse, AK",0,0,0,0,1,1,0,11
49,"Decatur, IL",2,0,1,0,1,3,0,12
49,"Denver, CO",351,14,178,2,297,561,6,5634
49,"Des Moines, IA",33,2,33,0,22,58,0,301
49,"Detroit, MI",388,52,300,4,134,576,13,2580
49,"Devils Lake, ND",1,0,0,0,1,2,0,13
49,"Dickinson, ND",0,0,0,0,1,1,0,13
49,"Dodge City, KS",1,0,1,0,1,2,0,12
49,"Dothan, AL",0,0,0,0,0,0,0,20
49,"Duluth, MN",10,5,7,0,2,17,0,42
49,"Durango, CO",10,0,6,0,2,11,0,80
49,"Eagle, CO",0,0,1,0,0,1,1,43
49,"El Paso, TX",18,1,14,0,27,41,1,340
49,"Elko, NV",0,0,0,0,0,0,0,7
49,"Elmira/Corning, NY",3,1,2,0,1,5,0,19
49,"Escanaba, MI",4,0,1,0,0,3,1,12
49,"Eugene, OR",20,13,28,3,10,45,5,155
49,"Evansville, IN",7,3,5,0,5,12,0,41
49,"Everett, WA",1,1,2,0,1,2,3,21
49,"Fairbanks, AK",3,1,6,0,3,8,0,46
49,"Fargo, ND",14,16,19,0,11,34,2,132
49,"Fayetteville, AR",40,9,40,1,33,74,0,303
49,"Fayetteville, NC",0,0,1,0,1,1,0,34
49,"Flagstaff, AZ",5,1,2,0,1,7,1,48
49,"Flint, MI",4,1,4,0,1,7,0,42
49,"Fort Dodge, IA",0,0,1,0,2,2,0,12
49,"Fort Lauderdale, FL",175,3,188,1,144,304,4,1733
49,"Fort Myers, FL",55,0,76,0,70,115,1,689
49,"Fort Smith, AR",1,1,2,0,3,3,0,21
49,"Fort Wayne, IN",21,5,9,0,7,28,0,108
49,"Fresno, CA",26,49,46,0,19,96,1,230
49,"Gainesville, FL",3,0,6,0,2,8,0,54
49,"Garden City, KS",3,0,2,0,2,3,0,14
49,"Gillette, WY",2,0,1,0,0,2,0,14
49,"Grand Forks, ND",7,0,1,0,0,7,0,24
49,"Grand Island, NE",3,0,2,0,0,3,0,20
49,"Grand Junction, CO",6,0,2,0,0,6,0,88
49,"Grand Rapids, MI",51,4,62,0,25,86,1,340
49,"Great Falls, MT",5,1,1,0,3,6,0,47
49,"Green Bay, WI",18,5,6,0,2,25,0,69
49,"Greensboro/High Point, NC",20,5,45,0,11,54,0,220
49,"Greer, SC",24,0,26,2,18,45,0,316
49,"Guam, TT",0,0,0,0,0,0,0,14
49,"Gulfport/Biloxi, MS",6,1,7,0,4,12,0,62
49,"Gunnison, CO",1,0,0,0,1,2,0,14
49,"Hagerstown, MD",2,0,0,0,2,3,0,4
49,"Hancock/Houghton, MI",6,2,3,0,0,9,1,14
49,"Harlingen/San Benito, TX",5,0,5,0,6,13,0,88
49,"Harrisburg, PA",12,2,2,0,7,18,0,98
49,"Hartford, CT",29,5,42,0,33,66,0,419
49,"Hattiesburg/Laurel, MS",1,0,0,0,1,1,0,12
49,"Hayden, CO",2,0,1,0,1,3,0,28
49,"Hays, KS",0,0,0,0,0,0,0,12
49,"Helena, MT",3,0,2,0,0,3,0,28
49,"Hibbing, MN",0,1,2,0,0,2,1,12
49,"Hilo, HI",5,0,2,0,6,7,0,128
49,"Hilton Head, SC",1,0,2,0,5,5,0,17
49,"Hobbs, NM",3,0,1,0,0,3,0,14
49,"Honolulu, HI",81,5,20,0,49,110,4,1168
49,"Houston, TX",292,24,231,1,226,486,2,3202
49,"Huntsville, AL",25,4,20,0,18,38,0,157
49,"Idaho Falls, ID",4,1,2,0,2,8,0,71
49,"Indianapolis, IN",82,8,109,0,80,172,1,889
49,"International Falls, MN",1,1,2,0,0,2,2,12
49,"Iron Mountain/Kingsfd, MI",6,1,5,0,0,7,0,14
49,"Islip, NY",10,1,4,0,7,12,0,80
49,"Ithaca/Cortland, NY",1,0,1,0,0,2,0,14
49,"Jackson, WY",2,2,1,0,0,4,0,53
49,"Jackson/Vicksburg, MS",8,5,11,0,11,20,0,132
49,"Jacksonville, FL",52,2,81,0,48,117,4,582
49,"Jacksonville/Camp Lejeune, NC",5,0,3,0,3,5,0,34
49,"Jamestown, ND",0,0,0,0,1,1,0,13
49,"Johnstown, PA",1,0,3,0,3,4,0,14
49,"Joplin, MO",1,0,1,0,0,1,0,12
49,"Juneau, AK",5,7,15,0,8,18,4,77
49,"Kahului, HI",21,7,12,0,17,35,2,503
49,"Kalamazoo, MI",6,2,6,0,0,8,0,20
49,"Kalispell, MT",3,3,7,0,3,12,0,52
49,"Kansas City, MO",53,0,39,0,60,86,0,879
49,"Kearney, NE",0,0,0,0,0,0,0,12
49,"Ketchikan, AK",2,1,2,0,6,9,1,42
49,"Key West, FL",14,2,13,0,18,26,0,169
49,"Killeen, TX",4,1,6,0,3,6,0,38
49,"Knoxville, TN",16,0,20,0,19,38,1,312
49,"Kodiak, AK",1,1,1,0,0,2,1,14
49,"Kona, HI",13,1,8,0,15,26,0,301
49,"Kotzebue, AK",1,0,1,0,2,2,0,7
49,"La Crosse, WI",0,0,1,0,1,1,0,7
49,"Lafayette, LA",2,3,8,0,4,12,0,69
49,"Lake Charles, LA",3,1,4,0,5,9,0,21
49,"Lansing, MI",6,2,3,0,0,8,0,26
49,"Laramie, WY",1,0,0,0,0,1,0,12
49,"Laredo, TX",1,0,7,0,5,9,0,37
49,"Las Vegas, NV",288,16,262,1,221,498,9,3558
49,"Latrobe, PA",0,0,0,0,0,0,0,7
49,"Lawton/Fort Sill, OK",5,3,4,0,0,8,0,21
49,"Lewiston, ID",3,0,1,0,0,3,0,21
49,"Lexington, KY",11,2,8,0,10,21,0,168
49,"Liberal, KS",0,0,0,0,0,0,0,12
49,"Lihue, HI",11,5,5,0,15,19,1,300
49,"Lincoln, NE",0,0,1,0,2,2,0,38
49,"Little Rock, AR",20,6,23,0,21,42,0,236
49,"Long Beach, CA",21,13,12,0,34,58,2,327
49,"Longview, TX",4,0,1,0,0,4,1,14
49,"Los Angeles, CA",274,41,282,4,184,532,11,3664
49,"Louisville, KY",33,3,36,0,26,60,2,426
49,"Lubbock, TX",13,0,9,0,8,23,0,128
49,"Madison, WI",22,1,20,0,16,39,1,218
49,"Manchester, NH",3,0,8,0,9,14,0,106
49,"Manhattan/Ft. Riley, KS",0,0,1,0,0,1,0,21
49,"Marquette, MI",4,3,2,0,0,6,0,14
49,"Mason City, IA",1,0,0,0,1,2,0,12
49,"Medford, OR",13,9,14,0,10,31,12,89
49,"Melbourne, FL",3,0,3,0,2,5,1,54
49,"Memphis, TN",27,3,34,1,18,54,1,406
49,"Meridian, MS",3,0,3,0,0,3,0,12
49,"Miami, FL",268,3,243,1,241,436,5,2190
49,"Midland/Odessa, TX",10,3,11,0,9,22,0,191
49,"Milwaukee, WI",44,7,28,0,34,74,1,513
49,"Minneapolis, MN",305,62,264,2,91,465,7,2387
49,"Minot, ND",9,3,1,0,1,12,0,46
49,"Mission/McAllen/Edinburg, TX",6,1,1,0,4,12,0,101
49,"Missoula, MT",8,5,13,0,4,19,2,65
49,"Mobile, AL",4,0,4,0,3,6,0,50
49,"Moline, IL",6,1,4,0,7,11,0,78
49,"Monroe, LA",1,0,2,0,1,4,0,41
49,"Monterey, CA",10,1,8,0,5,16,0,93
49,"Montgomery, AL",8,1,6,0,7,15,0,61
49,"Montrose/Delta, CO",0,0,3,0,3,4,0,34
49,"Mosinee, WI",3,0,1,0,3,4,0,14
49,"Myrtle Beach, SC",7,0,20,1,13,30,0,195
49,"Nashville, TN",166,25,188,0,180,308,3,1803
49,"New Orleans, LA",66,4,67,2,84,130,1,950
49,"New York, NY",625,22,512,4,665,1073,3,5655
49,"Newark, NJ",325,8,257,3,309,520,30,2516
49,"Newburgh/Poughkeepsie, NY",0,0,0,0,0,0,0,10
49,"Niagara Falls, NY",1,0,1,0,0,1,0,5
49,"Nome, AK",0,0,0,0,0,0,0,7
49,"Norfolk, VA",29,1,48,0,25,72,0,403
49,"North Bend/Coos Bay, OR",0,0,0,0,0,0,0,4
49,"North Platte, NE",1,0,0,0,0,1,0,12
49,"Oakland, CA",57,1,41,0,54,101,5,690
49,"Oklahoma City, OK",34,1,26,2,26,56,0,418
49,"Omaha, NE",28,4,18,0,21,51,1,441
49,"Ontario, CA",29,4,17,0,28,53,0,466
49,"Orlando, FL",259,2,260,10,208,421,3,2927
49,"Pago Pago, TT",0,0,0,0,0,0,0,2
49,"Palm Springs, CA",23,1,21,0,16,39,0,293
49,"Panama City, FL",12,2,19,0,6,25,0,102
49,"Pasco/Kennewick/Richland, WA",15,9,11,0,1,28,0,122
49,"Pellston, MI",1,0,1,0,0,1,3,12
49,"Pensacola, FL",20,1,20,1,21,32,0,220
49,"Peoria, IL",9,3,10,0,7,15,0,82
49,"Petersburg, AK",0,0,1,0,3,3,0,14
49,"Philadelphia, PA",164,3,94,0,138,245,0,1684
49,"Phoenix, AZ",363,21,226,5,328,592,8,3964
49,"Pittsburgh, PA",79,11,149,0,61,192,4,780
49,"Plattsburgh, NY",1,0,2,0,1,3,0,10
49,"Pocatello, ID",0,0,0,0,0,0,0,13
49,"Ponce, PR",0,0,0,0,0,0,0,10
49,"Portland, ME",19,1,19,0,13,32,2,180
49,"Portland, OR",107,23,125,2,77,204,3,1108
49,"Portsmouth, NH",1,0,0,0,1,2,0,9
49,"Prescott, AZ",1,0,0,0,0,1,0,14
49,"Presque Isle/Houlton, ME",1,0,4,1,0,2,0,7
49,"Providence, RI",20,3,25,0,17,41,0,302
49,"Provo, UT",11,0,5,0,3,16,0,57
49,"Punta Gorda, FL",16,1,15,0,9,21,0,117
49,"Raleigh/Durham, NC",106,2,141,0,93,224,1,1143
49,"Rapid City, SD",5,0,4,0,3,12,0,103
49,"Redding, CA",1,0,0,0,1,2,0,32
49,"Reno, NV",31,6,34,0,24,68,0,385
49,"Rhinelander, WI",4,0,2,0,0,4,1,14
49,"Richmond, VA",31,2,40,0,21,60,0,351
49,"Riverton/Lander, WY",0,0,0,0,0,0,0,14
49,"Roanoke, VA",9,0,6,0,10,15,0,66
49,"Rochester, MN",4,3,2,0,0,7,0,23
49,"Rochester, NY",20,7,41,0,28,51,0,217
49,"Rock Springs, WY",0,0,0,0,0,0,0,14
49,"Rockford, IL",1,0,0,0,1,1,0,13
49,"Roswell, NM",2,1,2,0,1,4,0,21
49,"Sacramento, CA",89,15,81,2,80,171,4,1013
49,"Saginaw/Bay City/Midland, MI",5,3,5,0,3,11,2,48
49,"Saipan, TT",0,0,0,0,0,0,0,7
49,"Salina, KS",2,0,1,0,1,3,0,14
49,"Salt Lake City, UT",243,55,229,0,104,408,6,2084
49,"San Angelo, TX",0,2,2,0,1,4,0,21
49,"San Antonio, TX",62,1,37,0,71,107,0,775
49,"San Diego, CA",138,35,275,3,244,438,13,1783
49,"San Francisco, CA",203,31,201,0,138,396,15,2650
49,"San Jose, CA",56,7,63,0,68,134,1,925
49,"San Juan, PR",90,1,83,0,80,132,3,704
49,"San Luis Obispo, CA",10,6,15,0,14,29,11,118
49,"Sanford, FL",40,4,34,0,33,51,1,154
49,"Santa Ana, CA",52,2,48,1,71,109,5,801
49,"Santa Barbara, CA",13,3,10,0,11,26,1,142
49,"Santa Fe, NM",9,0,4,0,1,10,0,68
49,"Santa Maria, CA",0,0,0,0,0,0,0,3
49,"Santa Rosa, CA",3,5,12,0,16,23,1,88
49,"Sarasota/Bradenton, FL",14,0,27,0,24,41,1,309
49,"Sault Ste. Marie, MI",5,1,4,0,0,6,0,14
49,"Savannah, GA",50,2,59,0,39,82,1,353
49,"Scottsbluff, NE",0,0,0,0,0,0,0,12
49,"Scranton/Wilkes-Barre, PA",2,0,0,0,1,3,0,34
49,"Seattle, WA",333,145,425,2,217,698,23,2822
49,"Sheridan, WY",0,0,0,0,0,0,0,14
49,"Shreveport, LA",8,4,6,0,8,14,0,109
49,"Sioux City, IA",2,0,0,0,0,2,0,14
49,"Sioux Falls, SD",12,10,14,0,7,28,0,145
49,"Sitka, AK",0,1,3,0,2,4,0,21
49,"South Bend, IN",28,3,18,0,9,30,0,134
49,"Spokane, WA",44,11,64,0,34,92,1,346
49,"Springfield, IL",0,0,0,0,0,0,0,2
49,"Springfield, MO",25,1,17,0,22,43,0,190
49,"St. Cloud, MN",0,0,0,0,0,0,0,4
49,"St. George, UT",7,0,3,0,1,8,0,71
49,"St. Louis, MO",124,4,105,1,112,191,0,1199
49,"St. Petersburg, FL",22,1,23,0,19,29,0,139
49,"State College, PA",1,0,1,0,0,1,0,1
49,"Stillwater, OK",3,0,1,0,0,3,1,14
49,"Stockton, CA",3,1,6,0,7,7,0,9
49,"Sun Valley/Hailey/Ketchum, ID",0,1,0,0,0,1,0,21
49,"Syracuse, NY",51,11,59,0,18,84,0,246
49,"Tallahassee, FL",11,2,20,1,3,24,0,102
49,"Tampa, FL",117,0,119,0,103,211,0,1438
49,"Texarkana, AR",1,1,1,0,1,3,0,14
49,"Toledo, OH",1,0,1,0,1,1,0,6
49,"Traverse City, MI",15,10,26,0,8,30,2,51
49,"Trenton, NJ",0,0,0,0,0,0,0,14
49,"Tucson, AZ",37,3,20,0,18,57,0,417
49,"Tulsa, OK",22,0,31,0,24,52,0,331
49,"Twin Falls, ID",0,0,0,0,0,0,0,13
49,"Tyler, TX",5,1,3,0,2,9,0,21
49,"Valdosta, GA",2,0,0,0,3,3,0,20
49,"Valparaiso, FL",11,2,12,0,6,15,0,129
49,"Victoria, TX",0,0,0,0,0,0,0,13
49,"Waco, TX",5,0,3,0,0,5,0,21
49,"Washington, DC",423,12,352,2,417,709,7,3776
49,"West Palm Beach/Palm Beach, FL",81,2,98,0,95,150,0,609
49,"White Plains, NY",26,7,31,1,25,51,0,235
49,"Wichita Falls, TX",1,0,1,0,0,1,0,14
49,"Wichita, KS",15,3,14,0,15,30,1,206
49,"Williston, ND",4,2,1,0,1,7,0,40
49,"Wilmington, NC",11,1,23,0,15,31,0,159
49,"Worcester, MA",3,0,6,0,3,8,0,29
49,"Wrangell, AK",0,1,2,0,3,3,1,14
49,"Yakutat, AK",0,1,2,0,4,5,0,14
49,"Yuma, AZ",3,0,2,0,5,5,0,35
50,"Aberdeen, SD",4,0,1,0,0,4,0,14
50,"Abilene, TX",1,0,3,0,1,3,0,34
50,"Adak Island, AK",0,0,1,0,0,1,0,2
50,"Aguadilla, PR",3,0,2,0,3,4,0,47
50,"Akron, OH",11,1,3,0,6,15,1,67
50,"Albany, GA",6,2,3,0,0,8,0,20
50,"Albany, NY",24,3,25,0,20,47,2,212
50,"Albuquerque, NM",8,0,7,0,21,27,1,440
50,"Alexandria, LA",5,1,3,1,2,9,0,41
50,"Allentown/Bethlehem/Easton, PA",6,1,7,0,7,12,3,69
50,"Alpena, MI",4,1,0,0,0,5,1,12
50,"Amarillo, TX",5,0,5,0,1,8,0,91
50,"Anchorage, AK",19,7,40,0,15,49,5,257
50,"Appleton, WI",25,6,19,0,2,35,12,134
50,"Arcata/Eureka, CA",3,0,2,0,0,5,0,35
50,"Asheville, NC",19,2,16,0,14,33,1,148
50,"Ashland, WV",0,0,1,0,2,2,0,5
50,"Aspen, CO",9,3,3,0,5,18,14,127
50,"Atlanta, GA",726,32,565,0,416,1086,9,6716
50,"Atlantic City, NJ",3,0,2,0,2,5,0,37
50,"Augusta, GA",9,1,6,0,2,13,0,61
50,"Austin, TX",73,3,81,1,92,166,0,1540
50,"Bakersfield, CA",5,0,3,0,2,7,0,57
50,"Baltimore, MD",155,0,121,0,114,220,4,1718
50,"Bangor, ME",1,0,6,0,8,9,2,61
50,"Barrow, AK",1,0,2,1,0,2,1,7
50,"Baton Rouge, LA",5,1,9,0,6,14,0,86
50,"Beaumont/Port Arthur, TX",1,0,0,0,0,1,0,14
50,"Belleville, IL",1,0,0,0,2,2,0,11
50,"Bellingham, WA",3,2,5,0,3,8,0,34
50,"Bemidji, MN",4,0,1,0,0,4,0,14
50,"Bend/Redmond, OR",13,5,13,0,4,26,1,114
50,"Bethel, AK",2,2,4,2,4,7,0,14
50,"Billings, MT",8,0,5,0,4,10,0,84
50,"Binghamton, NY",0,0,0,0,0,0,0,7
50,"Birmingham, AL",23,3,20,0,23,43,1,328
50,"Bishop, CA",0,0,2,0,1,2,0,4
50,"Bismarck/Mandan, ND",21,1,9,0,2,23,0,87
50,"Bloomington/Normal, IL",3,0,3,0,1,5,0,32
50,"Boise, ID",33,7,30,0,19,60,0,443
50,"Boston, MA",270,9,350,1,235,524,25,2695
50,"Bozeman, MT",7,1,9,0,5,17,0,140
50,"Brainerd, MN",2,1,2,0,0,2,0,12
50,"Bristol/Johnson City/Kingsport, TN",3,0,3,0,3,5,0,43
50,"Brownsville, TX",4,0,4,0,5,9,0,28
50,"Brunswick, GA",5,1,3,0,0,7,0,21
50,"Buffalo, NY",37,12,57,0,34,84,4,409
50,"Burbank, CA",27,1,26,0,37,61,4,596
50,"Burlington, VT",17,5,30,0,12,42,2,152
50,"Butte, MT",0,0,0,0,0,0,0,13
50,"Casper, WY",4,0,2,0,1,5,0,42
50,"Cedar City, UT",1,0,0,0,0,1,0,12
50,"Cedar Rapids/Iowa City, IA",10,6,14,1,6,21,28,141
50,"Champaign/Urbana, IL",2,3,5,0,2,6,0,20
50,"Charleston, SC",34,2,57,0,39,78,2,442
50,"Charleston/Dunbar, WV",10,3,11,0,8,20,0,66
50,"Charlotte Amalie, VI",5,1,4,0,8,11,0,93
50,"Charlotte, NC",577,17,482,10,569,917,9,3992
50,"Charlottesville, VA",11,2,13,0,6,20,0,65
50,"Chattanooga, TN",14,2,23,0,19,29,1,149
50,"Cheyenne, WY",0,0,0,0,0,0,0,13
50,"Chicago, IL",708,84,757,3,442,1223,54,6267
50,"Christiansted, VI",0,0,0,0,0,0,0,21
50,"Cincinnati, OH",52,6,98,0,40,136,3,725
50,"Clarksburg/Fairmont, WV",1,0,0,0,1,1,0,2
50,"Cleveland, OH",56,6,87,1,41,134,3,719
50,"Cody, WY",2,0,1,0,0,2,0,14
50,"College Station/Bryan, TX",3,1,1,0,1,5,0,21
50,"Colorado Springs, CO",23,4,15,0,10,35,0,228
50,"Columbia, MO",10,0,8,0,8,16,0,35
50,"Columbia, SC",13,2,20,0,12,31,1,148
50,"Columbus, GA",0,0,1,0,1,1,0,20
50,"Columbus, MS",0,0,1,0,0,1,0,14
50,"Columbus, OH",57,4,102,1,56,138,0,815
50,"Concord, NC",1,0,1,0,2,2,0,8
50,"Cordova, AK",1,0,1,2,1,3,1,14
50,"Corpus Christi, TX",4,3,7,0,4,10,0,62
50,"Dallas, TX",113,0,61,0,111,163,1,1362
50,"Dallas/Fort Worth, TX",801,15,430,3,521,1059,10,5719
50,"Dayton, OH",14,0,20,0,17,32,1,140
50,"Daytona Beach, FL",3,0,1,0,1,4,0,56
50,"Deadhorse, AK",0,1,1,0,1,1,3,11
50,"Decatur, IL",2,0,2,0,2,4,0,12
50,"Denver, CO",321,9,213,0,238,519,9,5589
50,"Des Moines, IA",22,20,49,0,20,65,0,296
50,"Detroit, MI",317,48,251,1,92,491,13,2590
50,"Devils Lake, ND",1,3,2,0,1,5,0,13
50,"Dickinson, ND",1,0,0,0,0,1,0,13
50,"Dodge City, KS",1,0,0,0,0,1,0,12
50,"Dothan, AL",0,0,1,0,0,1,0,20
50,"Duluth, MN",6,3,6,0,1,10,4,41
50,"Durango, CO",9,0,1,0,3,11,1,81
50,"Eagle, CO",5,0,2,0,4,7,0,48
50,"Eau Claire, WI",0,0,0,0,0,0,0,4
50,"El Paso, TX",16,0,6,0,18,30,0,333
50,"Elko, NV",0,0,0,0,0,0,0,7
50,"Elmira/Corning, NY",4,0,0,0,0,4,0,20
50,"Escanaba, MI",2,0,0,0,0,2,0,12
50,"Eugene, OR",18,1,7,0,12,25,1,146
50,"Evansville, IN",1,0,2,0,0,3,0,38
50,"Everett, WA",1,0,1,0,0,1,0,21
50,"Fairbanks, AK",4,2,7,0,2,11,0,43
50,"Fargo, ND",21,7,17,0,8,34,0,133
50,"Fayetteville, AR",13,4,24,0,20,34,0,301
50,"Fayetteville, NC",2,0,2,0,5,5,0,34
50,"Flagstaff, AZ",4,0,1,0,2,5,0,47
50,"Flint, MI",2,1,7,0,2,7,0,41
50,"Fort Dodge, IA",1,0,0,0,0,1,1,12
50,"Fort Lauderdale, FL",130,1,144,4,108,249,5,1704
50,"Fort Myers, FL",52,1,61,1,73,111,3,681
50,"Fort Smith, AR",0,1,0,0,1,1,0,21
50,"Fort Wayne, IN",15,2,16,0,9,23,0,107
50,"Fresno, CA",22,3,21,0,16,35,1,227
50,"Gainesville, FL",5,1,3,0,4,11,0,56
50,"Garden City, KS",2,0,2,0,2,4,0,14
50,"Gillette, WY",3,0,0,0,0,3,0,14
50,"Grand Forks, ND",0,1,1,0,0,1,0,24
50,"Grand Island, NE",10,1,4,1,1,12,1,21
50,"Grand Junction, CO",6,0,3,0,0,6,0,88
50,"Grand Rapids, MI",38,15,70,0,32,92,1,353
50,"Great Falls, MT",1,0,2,0,3,3,0,47
50,"Green Bay, WI",10,3,5,0,2,15,0,68
50,"Greensboro/High Point, NC",29,2,36,1,32,61,0,212
50,"Greer, SC",34,7,26,0,33,63,0,317
50,"Guam, TT",1,0,1,0,0,2,0,14
50,"Gulfport/Biloxi, MS",10,1,7,0,6,16,0,69
50,"Gunnison, CO",1,0,0,0,0,1,0,14
50,"Hagerstown, MD",1,0,0,0,1,1,0,4
50,"Hancock/Houghton, MI",3,3,4,0,1,7,0,14
50,"Harlingen/San Benito, TX",7,1,5,0,6,11,0,87
50,"Harrisburg, PA",9,3,8,0,7,17,1,90
50,"Hartford, CT",25,3,35,0,21,55,3,431
50,"Hattiesburg/Laurel, MS",1,0,0,0,0,1,0,12
50,"Hayden, CO",1,0,1,0,0,2,0,32
50,"Hays, KS",1,0,0,0,1,2,0,12
50,"Helena, MT",2,1,0,0,0,3,0,28
50,"Hibbing, MN",4,0,0,0,0,4,1,12
50,"Hilo, HI",8,0,0,0,5,9,0,128
50,"Hilton Head, SC",1,0,2,0,2,2,0,14
50,"Hobbs, NM",2,0,2,1,0,3,0,14
50,"Honolulu, HI",94,0,39,1,36,124,5,1165
50,"Houston, TX",274,6,187,0,155,406,4,3181
50,"Huntsville, AL",20,3,17,0,16,32,0,159
50,"Idaho Falls, ID",4,0,5,0,2,7,0,74
50,"Indianapolis, IN",51,7,86,1,49,124,1,871
50,"International Falls, MN",3,1,3,0,0,4,0,12
50,"Iron Mountain/Kingsfd, MI",3,1,2,0,0,4,0,14
50,"Islip, NY",6,0,3,0,6,9,2,81
50,"Ithaca/Cortland, NY",1,1,0,0,1,2,0,14
50,"Jackson, WY",1,2,10,0,5,11,0,61
50,"Jackson/Vicksburg, MS",14,1,11,0,7,17,1,133
50,"Jacksonville, FL",39,1,53,0,41,83,2,579
50,"Jacksonville/Camp Lejeune, NC",1,0,0,0,1,2,0,27
50,"Jamestown, ND",0,1,2,0,2,3,1,13
50,"Johnstown, PA",2,1,2,0,0,3,0,14
50,"Joplin, MO",1,0,0,0,0,1,0,12
50,"Juneau, AK",7,2,12,0,10,21,1,77
50,"Kahului, HI",26,1,10,0,28,45,4,502
50,"Kalamazoo, MI",2,1,2,0,0,3,1,20
50,"Kalispell, MT",3,0,1,0,0,3,0,57
50,"Kansas City, MO",43,1,36,0,42,82,3,879
50,"Kearney, NE",1,1,0,0,0,2,0,12
50,"Ketchikan, AK",0,0,4,0,6,6,0,42
50,"Key West, FL",10,3,6,0,13,19,0,165
50,"Killeen, TX",4,1,3,0,2,5,0,35
50,"Knoxville, TN",32,1,38,0,39,64,2,314
50,"Kodiak, AK",0,0,2,0,4,4,0,14
50,"Kona, HI",6,0,2,0,8,10,0,300
50,"Kotzebue, AK",1,0,1,0,1,1,1,7
50,"Lafayette, LA",5,4,8,0,6,11,0,69
50,"Lake Charles, LA",1,1,1,0,1,3,0,21
50,"Lansing, MI",8,3,3,0,4,12,1,26
50,"Laramie, WY",0,0,0,0,0,0,0,12
50,"Laredo, TX",0,0,3,0,1,3,0,37
50,"Las Vegas, NV",238,10,227,7,242,450,7,3569
50,"Latrobe, PA",0,0,0,0,0,0,0,7
50,"Lawton/Fort Sill, OK",2,1,5,0,2,5,1,21
50,"Lewiston, ID",0,3,2,0,0,3,0,21
50,"Lexington, KY",18,3,22,2,15,35,0,167
50,"Liberal, KS",0,0,0,0,0,0,0,12
50,"Lihue, HI",19,0,10,0,16,29,0,299
50,"Lincoln, NE",3,1,2,0,3,7,0,35
50,"Little Rock, AR",16,9,17,0,21,35,0,239
50,"Long Beach, CA",19,0,6,0,16,28,1,327
50,"Longview, TX",4,0,2,0,0,4,1,14
50,"Los Angeles, CA",218,24,176,3,172,414,5,3647
50,"Louisville, KY",14,3,27,0,24,46,3,425
50,"Lubbock, TX",15,0,4,0,8,19,0,132
50,"Madison, WI",24,4,19,0,20,43,1,212
50,"Manchester, NH",3,0,12,0,9,17,2,102
50,"Manhattan/Ft. Riley, KS",0,0,1,0,0,1,0,21
50,"Marquette, MI",0,1,0,0,0,1,1,14
50,"Mason City, IA",0,0,1,0,1,1,3,12
50,"Medford, OR",5,1,4,0,2,9,1,87
50,"Melbourne, FL",5,0,4,0,5,12,0,59
50,"Memphis, TN",25,0,24,1,26,44,2,404
50,"Meridian, MS",1,0,1,0,0,1,0,12
50,"Miami, FL",206,3,204,4,128,351,0,2175
50,"Midland/Odessa, TX",16,2,11,0,7,22,0,194
50,"Milwaukee, WI",51,5,47,0,35,94,1,503
50,"Minneapolis, MN",260,32,291,0,71,463,16,2383
50,"Minot, ND",10,1,1,0,1,11,0,49
50,"Mission/McAllen/Edinburg, TX",8,0,9,0,5,13,0,106
50,"Missoula, MT",3,0,4,0,0,4,0,69
50,"Mobile, AL",1,2,10,0,4,13,0,53
50,"Moline, IL",3,4,5,0,4,10,2,73
50,"Monroe, LA",2,0,6,1,2,7,0,41
50,"Monterey, CA",7,2,4,0,4,13,1,90
50,"Montgomery, AL",12,0,9,0,5,19,1,61
50,"Montrose/Delta, CO",2,0,0,0,2,4,0,37
50,"Morgantown, WV",1,0,0,0,0,1,0,5
50,"Mosinee, WI",2,0,2,0,1,3,0,14
50,"Myrtle Beach, SC",4,1,25,0,27,37,0,182
50,"Nashville, TN",101,5,119,0,108,216,8,1807
50,"New Orleans, LA",61,3,65,0,70,121,2,938
50,"New York, NY",612,20,677,9,571,1124,40,5640
50,"Newark, NJ",347,10,414,0,316,627,13,2504
50,"Newburgh/Poughkeepsie, NY",0,0,0,0,0,0,0,10
50,"Niagara Falls, NY",0,1,0,0,1,2,0,5
50,"Nome, AK",2,0,1,0,2,2,0,7
50,"Norfolk, VA",49,8,52,0,32,87,5,397
50,"North Bend/Coos Bay, OR",0,0,1,0,1,1,0,4
50,"North Platte, NE",1,0,0,0,0,1,0,12
50,"Oakland, CA",21,0,14,0,27,39,1,684
50,"Oklahoma City, OK",28,0,25,0,22,53,0,421
50,"Omaha, NE",32,6,36,0,17,63,1,443
50,"Ontario, CA",14,1,17,0,19,35,2,465
50,"Orlando, FL",215,8,182,6,179,352,4,2887
50,"Pago Pago, TT",0,0,0,0,0,0,0,2
50,"Palm Springs, CA",19,0,28,0,22,44,0,296
50,"Panama City, FL",8,0,11,0,5,14,0,97
50,"Pasco/Kennewick/Richland, WA",15,4,9,1,2,23,2,120
50,"Pellston, MI",5,0,0,0,0,5,0,12
50,"Pensacola, FL",28,0,16,0,26,38,1,224
50,"Peoria, IL",15,5,15,0,11,23,0,74
50,"Petersburg, AK",0,1,2,0,2,3,0,14
50,"Philadelphia, PA",170,2,169,0,131,291,5,1615
50,"Phoenix, AZ",256,7,148,3,227,430,6,3862
50,"Pittsburgh, PA",65,12,110,2,46,148,5,771
50,"Plattsburgh, NY",0,0,1,0,0,1,2,9
50,"Pocatello, ID",0,0,0,0,0,0,0,13
50,"Ponce, PR",0,0,0,0,0,0,0,10
50,"Portland, ME",12,2,38,0,16,48,1,176
50,"Portland, OR",60,0,64,0,52,119,0,1103
50,"Portsmouth, NH",0,0,0,0,0,0,0,8
50,"Prescott, AZ",0,0,0,0,0,0,0,14
50,"Presque Isle/Houlton, ME",1,0,2,0,1,2,1,7
50,"Providence, RI",15,3,28,1,20,46,0,294
50,"Provo, UT",2,0,1,0,0,2,0,52
50,"Punta Gorda, FL",10,0,9,0,11,17,1,117
50,"Raleigh/Durham, NC",78,5,134,1,89,200,4,1139
50,"Rapid City, SD",13,2,13,0,3,22,0,103
50,"Redding, CA",2,1,1,0,1,4,0,32
50,"Reno, NV",28,1,17,0,13,44,1,373
50,"Rhinelander, WI",3,0,0,0,0,3,0,14
50,"Richmond, VA",33,1,36,0,36,69,1,350
50,"Riverton/Lander, WY",1,0,0,0,1,2,0,14
50,"Roanoke, VA",11,4,6,0,6,18,3,59
50,"Rochester, MN",5,0,0,0,0,4,1,27
50,"Rochester, NY",29,7,37,1,25,55,0,214
50,"Rock Springs, WY",1,0,1,0,1,2,0,14
50,"Rockford, IL",0,0,1,0,0,1,0,14
50,"Roswell, NM",3,0,1,0,1,4,0,21
50,"Sacramento, CA",63,6,24,0,47,88,2,998
50,"Saginaw/Bay City/Midland, MI",10,4,10,0,5,19,0,48
50,"Saipan, TT",0,0,0,0,0,0,0,7
50,"Salina, KS",2,0,1,0,1,2,0,14
50,"Salt Lake City, UT",180,13,102,0,77,256,0,2093
50,"San Angelo, TX",4,0,0,0,0,4,0,21
50,"San Antonio, TX",45,0,46,0,47,85,0,761
50,"San Diego, CA",97,17,145,1,140,253,2,1774
50,"San Francisco, CA",264,17,258,0,258,499,14,2641
50,"San Jose, CA",53,3,30,0,53,90,1,917
50,"San Juan, PR",56,0,45,0,57,85,1,708
50,"San Luis Obispo, CA",7,0,6,0,8,15,0,112
50,"Sanford, FL",28,7,16,0,29,44,1,149
50,"Santa Ana, CA",33,4,43,1,55,95,0,799
50,"Santa Barbara, CA",7,0,12,0,10,19,0,137
50,"Santa Fe, NM",1,0,3,0,3,5,0,67
50,"Santa Maria, CA",0,0,0,0,0,0,0,2
50,"Santa Rosa, CA",7,0,7,0,10,17,0,83
50,"Sarasota/Bradenton, FL",12,2,25,0,24,41,1,290
50,"Sault Ste. Marie, MI",6,0,2,0,0,6,0,14
50,"Savannah, GA",25,5,36,0,25,53,2,345
50,"Scottsbluff, NE",2,0,1,0,0,2,0,12
50,"Scranton/Wilkes-Barre, PA",4,0,1,0,1,5,0,31
50,"Seattle, WA",240,14,194,0,119,377,7,2819
50,"Sheridan, WY",3,0,2,0,1,3,0,14
50,"Shreveport, LA",16,4,14,0,9,23,0,113
50,"Sioux City, IA",4,1,0,0,0,5,0,14
50,"Sioux Falls, SD",21,13,29,2,12,45,7,146
50,"Sitka, AK",0,1,3,0,2,3,0,21
50,"South Bend, IN",18,2,10,0,9,23,0,135
50,"Spokane, WA",26,4,17,2,16,47,0,340
50,"Springfield, IL",0,0,0,0,0,0,0,2
50,"Springfield, MO",27,2,18,0,19,39,0,192
50,"St. Cloud, MN",0,1,1,0,0,1,0,4
50,"St. George, UT",3,0,1,0,2,5,0,71
50,"St. Louis, MO",81,4,69,1,91,147,2,1200
50,"St. Petersburg, FL",5,2,8,0,6,12,2,130
50,"Stillwater, OK",1,0,0,0,0,1,0,14
50,"Stockton, CA",3,2,1,0,5,6,0,8
50,"Sun Valley/Hailey/Ketchum, ID",2,2,4,0,0,5,0,32
50,"Syracuse, NY",30,8,39,0,12,56,1,240
50,"Tallahassee, FL",10,2,12,0,8,17,0,102
50,"Tampa, FL",81,10,79,0,97,157,4,1393
50,"Texarkana, AR",2,0,1,0,0,2,1,14
50,"Toledo, OH",0,0,0,0,0,0,0,6
50,"Traverse City, MI",7,2,17,0,4,19,0,57
50,"Trenton, NJ",1,0,0,0,0,1,1,15
50,"Tucson, AZ",29,3,22,0,22,53,0,418
50,"Tulsa, OK",25,1,24,0,26,48,1,342
50,"Twin Falls, ID",1,0,0,0,0,1,0,13
50,"Tyler, TX",2,0,2,0,2,4,0,21
50,"Valdosta, GA",2,2,2,0,6,6,0,20
50,"Valparaiso, FL",10,1,10,0,8,15,0,127
50,"Victoria, TX",0,1,0,0,0,1,0,12
50,"Waco, TX",6,0,2,0,0,6,0,21
50,"Washington, DC",393,35,457,0,507,817,60,3765
50,"West Palm Beach/Palm Beach, FL",50,2,73,0,68,114,3,603
50,"White Plains, NY",33,6,30,0,37,55,11,239
50,"Wichita Falls, TX",1,0,1,0,0,1,0,14
50,"Wichita, KS",17,3,10,0,8,28,1,201
50,"Williston, ND",7,1,2,0,2,10,0,40
50,"Wilmington, NC",17,3,21,0,19,35,0,172
50,"Worcester, MA",1,1,3,0,4,5,2,29
50,"Wrangell, AK",0,1,1,0,3,3,0,14
50,"Yakutat, AK",0,0,1,0,2,2,0,14
50,"Yuma, AZ",2,0,1,0,3,5,0,34
51,"Aberdeen, SD",4,0,1,0,0,4,0,14
51,"Abilene, TX",0,1,2,0,2,2,0,34
51,"Adak Island, AK",0,0,0,0,0,0,0,2
51,"Aguadilla, PR",8,0,4,0,12,13,1,53
51,"Akron, OH",11,0,11,0,15,22,0,68
51,"Albany, GA",2,1,1,0,0,3,0,17
51,"Albany, NY",34,4,35,0,34,55,0,228
51,"Albuquerque, NM",38,2,26,1,53,67,4,469
51,"Alexandria, LA",5,1,5,0,2,11,0,38
51,"Allentown/Bethlehem/Easton, PA",8,3,5,0,10,15,0,82
51,"Alpena, MI",4,0,2,0,0,4,1,12
51,"Amarillo, TX",8,2,7,0,5,14,0,97
51,"Anchorage, AK",22,2,21,0,14,43,0,267
51,"Appleton, WI",20,5,13,0,6,32,5,138
51,"Arcata/Eureka, CA",5,0,3,0,1,7,0,35
51,"Asheville, NC",19,4,12,1,19,32,2,168
51,"Ashland, WV",0,1,1,0,1,1,0,7
51,"Aspen, CO",15,5,28,0,23,57,1,198
51,"Atlanta, GA",1025,49,668,3,683,1451,15,6679
51,"Atlantic City, NJ",2,0,2,0,3,5,0,44
51,"Augusta, GA",14,4,9,0,8,20,0,68
51,"Austin, TX",209,7,167,3,220,338,7,1597
51,"Bakersfield, CA",7,1,5,0,1,9,0,59
51,"Baltimore, MD",351,2,113,2,320,439,10,1829
51,"Bangor, ME",7,1,9,0,4,12,1,63
51,"Barrow, AK",2,0,1,0,1,2,0,7
51,"Baton Rouge, LA",10,2,10,0,10,17,0,85
51,"Beaumont/Port Arthur, TX",0,1,0,0,0,1,1,14
51,"Belleville, IL",4,0,1,0,3,4,0,23
51,"Bellingham, WA",4,0,3,0,2,5,0,42
51,"Bemidji, MN",3,1,2,0,0,4,0,14
51,"Bend/Redmond, OR",9,3,7,0,3,17,1,110
51,"Bethel, AK",1,0,4,3,1,4,0,14
51,"Billings, MT",2,1,1,0,3,6,0,85
51,"Binghamton, NY",3,0,3,0,3,4,1,7
51,"Birmingham, AL",27,2,17,1,30,51,1,335
51,"Bishop, CA",0,1,2,0,1,3,0,11
51,"Bismarck/Mandan, ND",13,9,17,0,5,30,0,90
51,"Bloomington/Normal, IL",3,0,4,0,4,6,0,34
51,"Boise, ID",34,7,24,0,36,71,4,449
51,"Boston, MA",537,146,510,4,469,849,126,2741
51,"Bozeman, MT",9,2,13,0,20,31,0,193
51,"Brainerd, MN",3,0,1,0,0,3,1,12
51,"Bristol/Johnson City/Kingsport, TN",8,0,1,0,7,11,0,40
51,"Brownsville, TX",7,0,4,0,2,8,1,32
51,"Brunswick, GA",3,1,4,0,2,5,0,17
51,"Buffalo, NY",59,11,87,0,66,121,4,405
51,"Burbank, CA",66,1,65,2,89,134,4,639
51,"Burlington, VT",24,7,37,0,21,52,0,157
51,"Butte, MT",0,0,0,0,0,0,0,13
51,"Casper, WY",4,0,1,0,0,4,0,41
51,"Cedar City, UT",0,0,0,0,0,0,0,12
51,"Cedar Rapids/Iowa City, IA",20,4,20,0,18,35,5,156
51,"Champaign/Urbana, IL",3,0,3,0,1,5,0,20
51,"Charleston, SC",41,4,37,1,48,82,6,440
51,"Charleston/Dunbar, WV",8,3,5,0,4,11,0,58
51,"Charlotte Amalie, VI",7,1,9,0,14,21,0,115
51,"Charlotte, NC",673,16,469,9,597,959,16,4119
51,"Charlottesville, VA",7,1,11,0,9,17,0,60
51,"Chattanooga, TN",12,1,11,0,12,23,0,131
51,"Cheyenne, WY",1,0,1,0,0,1,0,13
51,"Chicago, IL",924,188,881,16,876,1689,49,6623
51,"Christiansted, VI",2,0,5,0,10,9,0,33
51,"Cincinnati, OH",80,7,78,1,74,146,4,758
51,"Clarksburg/Fairmont, WV",1,0,0,0,1,1,0,2
51,"Cleveland, OH",88,8,97,0,90,166,7,758
51,"Cody, WY",0,0,0,0,1,1,0,14
51,"College Station/Bryan, TX",5,0,0,0,0,5,1,21
51,"Colorado Springs, CO",15,1,10,0,18,32,1,239
51,"Columbia, MO",5,0,2,0,0,5,0,31
51,"Columbia, SC",13,2,14,0,11,26,0,137
51,"Columbus, GA",1,0,1,0,3,3,0,17
51,"Columbus, MS",0,0,1,0,1,2,0,14
51,"Columbus, OH",76,4,66,0,81,136,3,831
51,"Concord, NC",5,0,2,0,6,8,0,17
51,"Cordova, AK",0,0,0,0,1,1,0,14
51,"Corpus Christi, TX",4,3,4,0,6,11,0,66
51,"Dallas, TX",256,21,140,0,286,387,6,1442
51,"Dallas/Fort Worth, TX",773,215,545,6,603,1237,97,6049
51,"Dayton, OH",9,0,5,0,14,21,1,135
51,"Daytona Beach, FL",10,0,1,0,7,12,0,57
51,"Deadhorse, AK",0,0,1,0,1,1,0,11
51,"Decatur, IL",0,0,1,0,3,3,0,12
51,"Denver, CO",662,17,283,6,540,933,22,5987
51,"Des Moines, IA",32,2,23,1,20,55,0,287
51,"Detroit, MI",457,33,305,0,221,628,17,2544
51,"Devils Lake, ND",0,0,0,0,1,1,0,13
51,"Dickinson, ND",1,0,1,0,2,3,1,13
51,"Dodge City, KS",0,2,0,0,1,3,0,12
51,"Dothan, AL",0,0,1,0,2,3,0,17
51,"Duluth, MN",3,3,6,0,0,7,2,38
51,"Durango, CO",3,0,1,0,0,4,0,82
51,"Eagle, CO",12,0,14,0,16,27,0,126
51,"Eau Claire, WI",2,0,1,0,3,5,0,12
51,"El Paso, TX",48,0,29,0,50,75,3,357
51,"Elko, NV",0,0,0,0,0,0,0,7
51,"Elmira/Corning, NY",5,1,5,1,2,8,0,18
51,"Escanaba, MI",6,0,4,0,0,5,0,13
51,"Eugene, OR",19,1,9,0,13,27,2,148
51,"Evansville, IN",3,0,4,0,3,8,0,35
51,"Everett, WA",3,1,4,0,3,5,0,25
51,"Fairbanks, AK",4,1,6,0,4,11,0,50
51,"Fargo, ND",16,9,17,0,8,33,0,138
51,"Fayetteville, AR",20,3,23,2,17,40,1,298
51,"Fayetteville, NC",4,1,2,0,5,7,0,31
51,"Flagstaff, AZ",3,0,1,0,2,4,0,44
51,"Flint, MI",10,0,11,0,8,18,0,54
51,"Fort Dodge, IA",1,0,1,0,3,4,0,12
51,"Fort Lauderdale, FL",331,13,309,13,353,538,12,1922
51,"Fort Myers, FL",79,1,86,0,119,167,8,856
51,"Fort Smith, AR",1,1,1,0,3,4,0,21
51,"Fort Wayne, IN",23,4,14,0,11,32,0,109
51,"Fresno, CA",33,11,25,1,20,59,5,240
51,"Gainesville, FL",3,0,0,0,1,3,0,56
51,"Garden City, KS",1,0,1,0,1,1,1,14
51,"Gillette, WY",0,0,0,0,0,0,0,14
51,"Grand Forks, ND",1,2,6,0,5,8,0,27
51,"Grand Island, NE",2,1,2,0,1,3,0,20
51,"Grand Junction, CO",8,0,4,0,1,9,0,89
51,"Grand Rapids, MI",36,20,64,0,33,90,1,381
51,"Great Falls, MT",2,0,1,0,1,2,0,46
51,"Green Bay, WI",8,1,6,0,3,12,0,59
51,"Greensboro/High Point, NC",23,2,23,1,22,43,2,213
51,"Greer, SC",34,0,30,2,33,58,5,311
51,"Guam, TT",0,0,0,0,0,0,0,14
51,"Gulfport/Biloxi, MS",3,0,4,0,5,7,0,69
51,"Gunnison, CO",0,0,0,0,0,0,0,26
51,"Hagerstown, MD",4,0,0,0,2,4,0,5
51,"Hancock/Houghton, MI",0,0,3,0,2,3,0,14
51,"Harlingen/San Benito, TX",8,1,8,0,7,15,0,93
51,"Harrisburg, PA",15,3,15,0,10,24,0,94
51,"Hartford, CT",78,7,85,0,59,125,4,437
51,"Hattiesburg/Laurel, MS",1,0,0,0,0,1,0,12
51,"Hayden, CO",6,2,5,0,12,17,0,76
51,"Hays, KS",1,0,0,0,0,1,0,12
51,"Helena, MT",1,2,2,0,1,4,0,28
51,"Hibbing, MN",1,2,2,0,0,3,0,12
51,"Hilo, HI",12,2,2,0,13,14,0,127
51,"Hilton Head, SC",0,0,2,0,2,3,0,18
51,"Hobbs, NM",1,0,0,0,0,1,0,14
51,"Honolulu, HI",150,19,31,3,121,205,8,1211
51,"Houston, TX",464,31,321,4,421,735,15,3252
51,"Huntsville, AL",23,3,16,0,17,35,1,151
51,"Idaho Falls, ID",8,3,7,0,3,13,0,75
51,"Indianapolis, IN",76,3,97,0,87,153,3,920
51,"International Falls, MN",2,1,0,0,0,2,0,12
51,"Iron Mountain/Kingsfd, MI",5,0,3,0,0,5,0,14
51,"Islip, NY",16,0,14,0,21,31,0,109
51,"Ithaca/Cortland, NY",1,0,0,0,2,2,0,14
51,"Jackson, WY",13,2,4,0,15,20,4,113
51,"Jackson/Vicksburg, MS",9,1,7,0,11,20,0,131
51,"Jacksonville, FL",57,0,67,0,79,121,4,602
51,"Jacksonville/Camp Lejeune, NC",2,1,5,0,4,7,0,30
51,"Jamestown, ND",0,0,1,0,1,1,0,13
51,"Johnstown, PA",2,1,3,0,3,5,0,14
51,"Joplin, MO",0,0,0,0,2,2,0,12
51,"Juneau, AK",3,0,3,0,5,7,0,77
51,"Kahului, HI",43,7,14,0,52,64,1,525
51,"Kalamazoo, MI",2,1,0,0,0,3,2,18
51,"Kalispell, MT",6,0,4,0,4,8,0,64
51,"Kansas City, MO",93,3,70,0,102,154,4,913
51,"Kearney, NE",2,0,1,0,0,2,0,12
51,"Ketchikan, AK",3,0,3,0,4,6,0,42
51,"Key West, FL",30,2,27,0,32,47,23,174
51,"Killeen, TX",1,0,1,0,1,2,1,34
51,"Knoxville, TN",28,3,36,0,32,62,1,327
51,"Kodiak, AK",0,0,0,0,0,0,1,14
51,"Kona, HI",28,6,11,0,37,44,3,322
51,"Kotzebue, AK",0,0,0,0,0,0,0,7
51,"Lafayette, LA",6,3,6,0,5,12,0,66
51,"Lake Charles, LA",1,0,1,0,0,1,1,21
51,"Lansing, MI",3,0,2,0,0,4,0,20
51,"Laramie, WY",0,0,0,0,2,2,0,12
51,"Laredo, TX",0,0,2,0,2,4,0,37
51,"Las Vegas, NV",400,11,283,4,362,674,33,3546
51,"Latrobe, PA",1,1,1,0,0,1,0,7
51,"Lawton/Fort Sill, OK",3,0,1,0,0,3,1,21
51,"Lewiston, ID",3,1,0,0,0,4,0,21
51,"Lexington, KY",18,2,15,0,21,34,0,164
51,"Liberal, KS",0,0,0,0,0,0,0,12
51,"Lihue, HI",22,9,10,2,36,45,1,314
51,"Lincoln, NE",7,1,4,0,3,11,0,39
51,"Little Rock, AR",26,7,21,0,18,41,1,228
51,"Long Beach, CA",64,19,39,0,76,115,13,341
51,"Longview, TX",5,0,1,0,0,5,0,14
51,"Los Angeles, CA",457,42,468,7,303,800,13,3807
51,"Louisville, KY",41,3,43,0,39,77,2,419
51,"Lubbock, TX",4,0,7,0,10,15,1,130
51,"Madison, WI",31,5,40,0,21,61,1,220
51,"Manchester, NH",8,1,8,0,13,18,0,95
51,"Manhattan/Ft. Riley, KS",1,0,1,0,1,2,0,21
51,"Marquette, MI",2,2,2,0,0,5,0,14
51,"Mason City, IA",0,0,2,0,2,2,0,12
51,"Medford, OR",9,1,2,0,6,11,3,84
51,"Melbourne, FL",4,0,3,0,5,7,0,60
51,"Memphis, TN",46,4,41,0,46,86,1,413
51,"Meridian, MS",0,0,1,0,1,1,0,12
51,"Miami, FL",383,6,357,8,379,639,18,2321
51,"Midland/Odessa, TX",14,3,16,1,10,30,1,189
51,"Milwaukee, WI",69,15,74,0,52,131,3,506
51,"Minneapolis, MN",389,71,415,5,189,670,6,2394
51,"Minot, ND",17,8,14,0,7,26,0,51
51,"Mission/McAllen/Edinburg, TX",6,0,4,0,5,10,2,107
51,"Missoula, MT",8,2,5,0,4,9,0,69
51,"Mobile, AL",2,1,4,0,7,10,0,54
51,"Moline, IL",11,1,9,0,6,18,0,80
51,"Monroe, LA",4,0,3,0,2,7,1,38
51,"Monterey, CA",7,6,12,0,6,19,5,93
51,"Montgomery, AL",11,0,6,0,7,17,0,55
51,"Montrose/Delta, CO",4,0,2,0,6,9,0,65
51,"Morgantown, WV",4,0,1,0,4,8,0,14
51,"Mosinee, WI",2,1,2,0,2,3,0,14
51,"Myrtle Beach, SC",20,0,15,0,31,41,1,198
51,"Nashville, TN",231,9,165,1,286,407,6,1878
51,"New Orleans, LA",109,7,92,1,129,191,5,963
51,"New York, NY",901,113,936,5,839,1575,46,5577
51,"Newark, NJ",417,53,430,7,342,695,10,2468
51,"Newburgh/Poughkeepsie, NY",1,1,1,0,2,2,0,12
51,"Niagara Falls, NY",0,1,1,0,0,2,0,7
51,"Nome, AK",0,0,1,1,1,1,0,7
51,"Norfolk, VA",47,5,25,0,42,74,4,408
51,"North Bend/Coos Bay, OR",1,0,0,0,2,3,0,4
51,"North Platte, NE",0,0,0,0,1,1,0,12
51,"Oakland, CA",145,3,70,1,148,217,15,735
51,"Oklahoma City, OK",36,4,34,0,34,77,2,440
51,"Omaha, NE",44,4,22,0,31,67,0,467
51,"Ontario, CA",58,3,52,0,64,102,1,495
51,"Orlando, FL",431,14,282,2,431,675,7,3188
51,"Pago Pago, TT",0,0,0,0,0,0,0,3
51,"Palm Springs, CA",37,2,20,0,32,64,1,322
51,"Panama City, FL",8,1,11,0,11,21,0,111
51,"Pasco/Kennewick/Richland, WA",14,3,11,1,3,23,0,131
51,"Pellston, MI",3,0,1,0,0,3,0,12
51,"Pensacola, FL",17,3,12,1,22,35,0,235
51,"Peoria, IL",8,2,7,0,12,19,0,85
51,"Petersburg, AK",0,0,1,0,0,1,0,14
51,"Philadelphia, PA",274,20,263,1,234,442,14,1745
51,"Phoenix, AZ",557,15,368,4,456,816,27,4173
51,"Pittsburgh, PA",93,10,122,0,91,180,7,783
51,"Plattsburgh, NY",1,2,5,0,6,7,2,17
51,"Pocatello, ID",1,0,0,0,0,1,0,14
51,"Ponce, PR",1,0,2,0,2,2,1,20
51,"Portland, ME",15,1,10,0,13,25,0,184
51,"Portland, OR",97,4,106,1,89,204,6,1160
51,"Portsmouth, NH",0,0,0,0,0,0,0,9
51,"Prescott, AZ",6,0,0,0,0,6,0,14
51,"Presque Isle/Houlton, ME",1,0,0,0,0,1,0,7
51,"Providence, RI",39,3,42,0,39,66,1,305
51,"Provo, UT",8,1,7,0,2,12,0,66
51,"Punta Gorda, FL",20,1,23,0,30,43,1,189
51,"Raleigh/Durham, NC",132,0,120,1,150,232,8,1172
51,"Rapid City, SD",7,0,7,0,4,14,0,105
51,"Redding, CA",3,1,3,1,1,7,2,33
51,"Reno, NV",47,6,29,1,35,82,8,413
51,"Rhinelander, WI",4,0,2,0,0,4,0,14
51,"Richmond, VA",55,0,31,0,51,76,4,357
51,"Riverton/Lander, WY",0,0,0,0,0,0,0,14
51,"Roanoke, VA",14,2,7,0,13,20,5,55
51,"Rochester, MN",5,3,3,0,1,9,0,25
51,"Rochester, NY",48,13,66,0,35,83,1,228
51,"Rock Springs, WY",0,0,0,0,0,0,0,14
51,"Rockford, IL",2,0,2,0,1,3,0,20
51,"Roswell, NM",1,0,0,0,1,1,2,21
51,"Sacramento, CA",159,11,99,0,157,248,24,1039
51,"Saginaw/Bay City/Midland, MI",5,4,9,0,3,12,0,44
51,"Saipan, TT",0,0,0,0,0,0,0,7
51,"Salina, KS",2,0,2,0,1,3,0,14
51,"Salt Lake City, UT",239,26,111,1,139,345,8,2215
51,"San Angelo, TX",3,0,0,0,0,3,1,21
51,"San Antonio, TX",67,2,58,0,81,130,8,795
51,"San Diego, CA",393,174,502,4,482,797,177,1840
51,"San Francisco, CA",383,50,381,1,346,749,28,2792
51,"San Jose, CA",115,13,96,1,121,217,29,948
51,"San Juan, PR",165,3,147,6,204,274,7,843
51,"San Luis Obispo, CA",9,1,4,0,0,9,2,113
51,"Sanford, FL",57,6,44,0,47,81,1,222
51,"Santa Ana, CA",96,32,101,0,157,232,24,834
51,"Santa Barbara, CA",4,1,5,0,6,11,0,145
51,"Santa Fe, NM",2,0,2,0,1,3,1,64
51,"Santa Maria, CA",1,0,0,0,1,1,0,2
51,"Santa Rosa, CA",11,5,20,0,13,32,3,88
51,"Sarasota/Bradenton, FL",25,2,27,0,28,48,3,363
51,"Sault Ste. Marie, MI",10,0,5,0,0,10,1,14
51,"Savannah, GA",43,6,34,1,41,69,2,369
51,"Scottsbluff, NE",2,0,1,0,0,1,0,12
51,"Scranton/Wilkes-Barre, PA",1,0,5,0,3,5,0,32
51,"Seattle, WA",342,28,253,10,244,579,14,2863
51,"Sheridan, WY",0,0,0,0,0,0,0,14
51,"Shreveport, LA",6,6,9,1,4,18,1,103
51,"Sioux City, IA",2,1,0,0,0,2,1,14
51,"Sioux Falls, SD",15,7,21,2,10,37,11,155
51,"Sitka, AK",0,0,3,0,2,4,0,21
51,"South Bend, IN",20,7,22,0,23,45,0,153
51,"Spokane, WA",34,5,33,0,28,60,0,335
51,"Springfield, IL",1,0,0,0,1,1,0,3
51,"Springfield, MO",27,5,17,0,22,45,1,188
51,"St. Cloud, MN",0,0,0,0,0,0,0,3
51,"St. George, UT",7,0,1,0,0,7,0,72
51,"St. Louis, MO",143,6,83,0,176,239,7,1243
51,"St. Petersburg, FL",22,3,23,0,24,35,1,187
51,"State College, PA",2,0,4,0,2,4,0,8
51,"Stillwater, OK",0,0,0,0,0,0,0,14
51,"Stockton, CA",4,0,1,0,2,5,0,14
51,"Sun Valley/Hailey/Ketchum, ID",3,2,3,0,0,7,4,57
51,"Syracuse, NY",39,11,45,0,19,69,2,241
51,"Tallahassee, FL",5,1,8,0,6,13,0,98
51,"Tampa, FL",206,1,138,0,225,331,5,1608
51,"Texarkana, AR",3,1,2,0,0,4,0,14
51,"Toledo, OH",1,0,0,0,1,1,0,8
51,"Traverse City, MI",12,4,20,1,7,26,0,74
51,"Trenton, NJ",6,1,3,0,3,8,1,35
51,"Tucson, AZ",28,5,28,0,38,67,3,431
51,"Tulsa, OK",24,1,23,0,24,53,3,339
51,"Twin Falls, ID",0,1,0,0,0,1,0,14
51,"Tyler, TX",5,2,2,0,1,8,1,21
51,"Valdosta, GA",2,1,1,0,3,5,0,17
51,"Valparaiso, FL",16,2,14,0,15,29,0,150
51,"Victoria, TX",0,0,1,0,2,2,0,13
51,"Waco, TX",11,1,5,0,0,12,1,21
51,"Washington, DC",496,21,394,2,532,829,30,3667
51,"West Palm Beach/Palm Beach, FL",105,1,92,0,132,181,10,699
51,"White Plains, NY",32,28,41,0,49,78,2,236
51,"Wichita Falls, TX",0,0,1,0,1,1,0,14
51,"Wichita, KS",18,2,15,0,11,31,1,194
51,"Williston, ND",12,5,9,0,1,20,1,44
51,"Wilmington, NC",14,0,18,0,19,32,1,172
51,"Worcester, MA",3,0,6,1,8,12,1,28
51,"Wrangell, AK",0,0,1,0,0,1,0,14
51,"Yakutat, AK",0,1,0,0,0,1,2,14
51,"Yuma, AZ",1,0,0,0,0,1,0,37
52,"Aberdeen, SD",1,2,2,0,0,3,1,13
52,"Abilene, TX",4,4,6,0,6,12,1,34
52,"Adak Island, AK",0,0,0,0,0,0,0,2
52,"Aguadilla, PR",9,1,6,0,15,18,0,56
52,"Akron, OH",8,1,4,0,10,17,0,67
52,"Albany, GA",0,0,2,0,2,2,0,14
52,"Albany, NY",39,17,54,0,39,87,0,223
52,"Albuquerque, NM",67,7,63,0,68,115,5,467
52,"Alexandria, LA",2,1,4,0,2,6,3,33
52,"Allentown/Bethlehem/Easton, PA",19,2,13,0,14,26,3,88
52,"Alpena, MI",3,0,1,0,0,3,0,13
52,"Amarillo, TX",17,3,16,1,22,33,2,98
52,"Anchorage, AK",14,0,13,0,17,32,0,261
52,"Appleton, WI",17,8,23,0,11,40,20,136
52,"Arcata/Eureka, CA",7,2,5,0,2,12,0,34
52,"Asheville, NC",31,3,28,0,36,61,1,183
52,"Ashland, WV",1,1,4,0,3,4,0,7
52,"Aspen, CO",26,38,74,0,23,121,43,242
52,"Atlanta, GA",1384,90,873,2,1061,1963,41,6274
52,"Atlantic City, NJ",4,0,16,0,3,15,1,47
52,"Augusta, GA",15,2,13,0,10,24,2,63
52,"Austin, TX",253,36,245,7,282,449,17,1551
52,"Bakersfield, CA",4,1,3,0,2,7,0,58
52,"Baltimore, MD",326,6,208,1,364,517,7,1813
52,"Bangor, ME",6,2,14,0,6,19,0,54
52,"Barrow, AK",1,0,3,1,5,5,0,6
52,"Baton Rouge, LA",15,8,10,0,14,26,7,76
52,"Beaumont/Port Arthur, TX",1,2,3,0,0,3,1,13
52,"Belleville, IL",5,1,8,0,5,11,4,31
52,"Bellingham, WA",4,0,0,0,0,4,0,47
52,"Bemidji, MN",5,0,2,0,0,5,0,14
52,"Bend/Redmond, OR",14,0,6,0,5,14,1,107
52,"Bethel, AK",0,0,0,1,1,1,0,12
52,"Billings, MT",8,2,4,0,4,12,0,84
52,"Binghamton, NY",0,0,0,0,1,1,0,7
52,"Birmingham, AL",52,20,51,0,65,98,5,311
52,"Bishop, CA",0,0,0,0,3,3,0,14
52,"Bismarck/Mandan, ND",14,1,10,0,4,19,1,86
52,"Bloomington/Normal, IL",4,2,6,0,4,9,0,34
52,"Boise, ID",40,5,26,0,42,71,2,430
52,"Boston, MA",433,21,363,2,323,668,12,2460
52,"Bozeman, MT",25,1,14,0,28,42,3,235
52,"Brainerd, MN",2,0,0,0,0,2,2,13
52,"Bristol/Johnson City/Kingsport, TN",8,0,8,0,9,13,0,35
52,"Brownsville, TX",5,3,5,0,4,8,4,31
52,"Brunswick, GA",3,0,4,0,1,5,0,14
52,"Buffalo, NY",44,2,42,0,43,79,0,350
52,"Burbank, CA",68,4,72,0,100,150,2,641
52,"Burlington, VT",9,5,10,0,7,24,0,145
52,"Butte, MT",3,0,0,0,0,3,0,13
52,"Casper, WY",3,0,0,0,1,4,0,42
52,"Cedar City, UT",1,0,0,0,0,1,0,13
52,"Cedar Rapids/Iowa City, IA",26,2,13,1,26,39,14,162
52,"Champaign/Urbana, IL",6,1,2,0,3,7,0,20
52,"Charleston, SC",62,4,46,0,65,102,3,423
52,"Charleston/Dunbar, WV",8,0,4,0,7,14,0,50
52,"Charlotte Amalie, VI",11,1,24,0,30,39,1,132
52,"Charlotte, NC",747,221,473,11,831,1271,29,3903
52,"Charlottesville, VA",4,0,7,0,5,8,0,40
52,"Chattanooga, TN",18,6,21,0,23,39,1,104
52,"Cheyenne, WY",0,0,0,0,1,1,0,13
52,"Chicago, IL",865,67,772,3,837,1600,42,6444
52,"Christiansted, VI",8,0,8,0,14,18,1,40
52,"Cincinnati, OH",79,6,78,1,76,156,11,684
52,"Clarksburg/Fairmont, WV",2,0,1,0,2,2,0,3
52,"Cleveland, OH",74,3,73,2,88,161,3,696
52,"Cody, WY",1,0,1,0,0,1,0,14
52,"College Station/Bryan, TX",3,2,2,0,2,8,2,20
52,"Colorado Springs, CO",26,5,16,0,33,48,4,244
52,"Columbia, MO",5,4,7,0,5,11,1,26
52,"Columbia, SC",13,1,12,0,13,20,2,113
52,"Columbus, GA",0,0,1,0,1,1,2,14
52,"Columbus, MS",1,0,2,0,0,2,0,14
52,"Columbus, OH",102,8,87,2,98,174,4,767
52,"Concord, NC",7,1,9,0,14,16,0,25
52,"Cordova, AK",0,0,0,0,0,0,0,12
52,"Corpus Christi, TX",8,7,13,0,12,25,1,66
52,"Dallas, TX",361,162,343,1,580,698,38,1450
52,"Dallas/Fort Worth, TX",1036,886,1191,4,1460,2355,424,5756
52,"Dayton, OH",14,7,9,0,18,29,3,117
52,"Daytona Beach, FL",13,0,7,0,12,17,0,59
52,"Deadhorse, AK",0,0,0,0,0,0,0,9
52,"Decatur, IL",0,0,1,0,2,2,0,12
52,"Denver, CO",822,58,587,7,677,1329,43,6060
52,"Des Moines, IA",30,3,24,1,26,52,5,262
52,"Detroit, MI",357,21,273,0,173,523,9,2331
52,"Devils Lake, ND",0,0,1,0,1,1,2,13
52,"Dickinson, ND",1,0,0,0,0,1,0,13
52,"Dodge City, KS",0,0,2,0,4,5,1,12
52,"Dothan, AL",5,0,2,0,3,6,0,14
52,"Duluth, MN",2,1,1,0,0,3,0,33
52,"Durango, CO",7,9,11,0,6,20,5,79
52,"Eagle, CO",55,10,57,0,42,92,8,167
52,"Eau Claire, WI",0,1,0,0,1,2,1,12
52,"El Paso, TX",44,8,50,0,65,95,9,360
52,"Elko, NV",1,0,0,0,0,1,0,7
52,"Elmira/Corning, NY",0,0,1,0,1,1,0,17
52,"Escanaba, MI",5,0,0,0,0,5,0,13
52,"Eugene, OR",12,2,2,0,12,21,0,144
52,"Evansville, IN",7,4,6,0,5,13,0,32
52,"Everett, WA",0,1,1,0,0,1,0,27
52,"Fairbanks, AK",3,0,10,0,3,11,0,56
52,"Fargo, ND",19,9,17,0,15,33,1,136
52,"Fayetteville, AR",20,17,39,6,33,66,2,264
52,"Fayetteville, NC",6,0,3,0,5,8,0,24
52,"Flagstaff, AZ",6,1,2,0,4,11,1,39
52,"Flint, MI",5,4,13,0,5,17,1,62
52,"Fort Dodge, IA",0,0,1,0,1,1,0,12
52,"Fort Lauderdale, FL",436,14,335,7,479,679,20,2016
52,"Fort Myers, FL",135,6,160,1,241,309,20,944
52,"Fort Smith, AR",1,1,3,0,3,6,1,20
52,"Fort Wayne, IN",20,3,14,0,8,32,0,104
52,"Fresno, CA",30,3,24,0,37,58,2,240
52,"Gainesville, FL",12,2,10,0,11,16,1,51
52,"Garden City, KS",2,1,2,0,1,4,0,13
52,"Gillette, WY",2,0,1,0,1,3,0,14
52,"Grand Forks, ND",0,0,1,0,4,4,0,25
52,"Grand Island, NE",7,1,5,0,4,10,1,20
52,"Grand Junction, CO",12,5,12,0,8,21,0,92
52,"Grand Rapids, MI",30,1,40,0,27,68,4,377
52,"Great Falls, MT",1,1,1,0,2,3,0,44
52,"Green Bay, WI",4,2,2,0,1,8,6,48
52,"Greensboro/High Point, NC",24,2,21,0,20,40,1,186
52,"Greer, SC",46,3,25,0,39,66,5,268
52,"Guam, TT",0,0,0,0,0,0,0,14
52,"Gulfport/Biloxi, MS",9,4,17,0,16,24,2,67
52,"Gunnison, CO",5,2,3,0,7,9,2,33
52,"Hagerstown, MD",0,0,2,0,2,2,1,6
52,"Hancock/Houghton, MI",2,1,1,0,2,5,3,14
52,"Harlingen/San Benito, TX",12,2,10,0,13,22,4,94
52,"Harrisburg, PA",18,0,20,0,12,27,1,88
52,"Hartford, CT",80,1,69,0,75,125,0,426
52,"Hattiesburg/Laurel, MS",1,0,1,0,1,2,2,12
52,"Hayden, CO",21,8,33,0,31,46,2,104
52,"Hays, KS",0,0,0,0,0,0,1,12
52,"Helena, MT",1,1,0,0,0,2,0,26
52,"Hibbing, MN",3,1,1,0,0,4,2,13
52,"Hilo, HI",12,4,0,0,17,16,1,123
52,"Hilton Head, SC",3,0,6,0,8,7,1,19
52,"Hobbs, NM",3,0,1,0,0,3,0,14
52,"Honolulu, HI",145,13,38,6,84,189,8,1222
52,"Houston, TX",685,232,637,1,696,1213,112,3162
52,"Huntsville, AL",23,6,14,0,22,36,6,136
52,"Idaho Falls, ID",9,5,13,0,9,23,2,72
52,"Indianapolis, IN",102,1,111,0,96,194,5,854
52,"International Falls, MN",2,0,0,0,0,2,1,13
52,"Iron Mountain/Kingsfd, MI",2,1,1,0,0,2,3,13
52,"Islip, NY",25,0,30,0,36,53,1,116
52,"Ithaca/Cortland, NY",0,0,1,0,0,1,0,12
52,"Jackson, WY",37,13,48,0,30,66,11,145
52,"Jackson/Vicksburg, MS",19,14,27,0,27,44,6,119
52,"Jacksonville, FL",101,2,53,1,116,156,8,583
52,"Jacksonville/Camp Lejeune, NC",6,1,7,0,5,12,0,37
52,"Jamestown, ND",1,1,2,0,1,3,0,13
52,"Johnstown, PA",1,0,0,0,2,3,0,14
52,"Joplin, MO",3,1,1,0,1,5,0,12
52,"Juneau, AK",2,0,1,0,0,2,1,70
52,"Kahului, HI",54,2,8,1,56,73,1,539
52,"Kalamazoo, MI",1,0,0,0,0,1,0,14
52,"Kalispell, MT",9,1,6,0,6,10,0,63
52,"Kansas City, MO",118,8,90,1,117,192,6,884
52,"Kearney, NE",1,0,2,0,3,4,1,12
52,"Ketchikan, AK",2,0,1,0,2,3,0,38
52,"Key West, FL",57,11,34,0,77,87,2,187
52,"Killeen, TX",3,3,5,0,8,11,3,32
52,"Knoxville, TN",47,0,38,1,56,81,3,298
52,"Kodiak, AK",0,0,1,0,0,1,0,12
52,"Kona, HI",17,3,6,1,30,34,3,331
52,"Kotzebue, AK",0,0,0,0,0,0,0,6
52,"Lafayette, LA",5,10,10,0,8,18,4,59
52,"Lake Charles, LA",1,3,3,0,0,4,2,20
52,"Lansing, MI",0,0,0,0,0,0,0,14
52,"Laramie, WY",2,0,1,0,0,2,0,12
52,"Laredo, TX",3,1,5,0,9,12,2,35
52,"Las Vegas, NV",377,21,300,6,410,682,12,3415
52,"Latrobe, PA",0,0,3,0,0,3,1,7
52,"Lawton/Fort Sill, OK",1,2,3,0,1,4,3,20
52,"Lewiston, ID",2,1,0,0,0,3,1,21
52,"Lexington, KY",16,4,20,0,24,42,1,149
52,"Liberal, KS",1,1,0,0,1,3,0,12
52,"Lihue, HI",30,4,4,0,28,42,2,318
52,"Lincoln, NE",4,0,1,0,3,7,1,41
52,"Little Rock, AR",35,16,36,1,47,68,4,200
52,"Long Beach, CA",27,5,23,0,52,68,0,347
52,"Longview, TX",0,0,0,0,1,1,2,13
52,"Los Angeles, CA",403,50,401,1,391,822,29,3736
52,"Louisville, KY",58,2,47,0,59,98,0,372
52,"Lubbock, TX",14,7,15,0,18,33,4,124
52,"Madison, WI",30,6,20,0,23,52,3,200
52,"Manchester, NH",9,0,10,0,13,19,0,83
52,"Manhattan/Ft. Riley, KS",2,0,0,0,0,2,4,20
52,"Marquette, MI",2,2,1,0,0,4,2,14
52,"Mason City, IA",0,0,1,0,1,1,3,12
52,"Medford, OR",6,0,0,0,3,7,0,79
52,"Melbourne, FL",10,0,9,0,16,20,0,58
52,"Memphis, TN",50,8,50,1,50,97,5,381
52,"Meridian, MS",2,1,2,0,1,4,1,12
52,"Miami, FL",500,16,376,3,509,758,20,2239
52,"Midland/Odessa, TX",11,17,20,0,29,46,3,176
52,"Milwaukee, WI",51,8,51,0,54,100,3,472
52,"Minneapolis, MN",287,31,251,0,107,461,28,2297
52,"Minot, ND",5,3,2,0,1,10,1,51
52,"Mission/McAllen/Edinburg, TX",16,7,18,0,11,33,5,101
52,"Missoula, MT",5,0,3,0,7,10,1,69
52,"Mobile, AL",9,3,14,0,13,20,4,51
52,"Moline, IL",9,3,10,0,10,21,1,87
52,"Monroe, LA",8,1,2,0,2,10,3,34
52,"Monterey, CA",18,3,8,0,10,30,0,90
52,"Montgomery, AL",10,3,6,0,2,14,4,45
52,"Montrose/Delta, CO",19,3,27,1,28,37,1,84
52,"Morgantown, WV",4,0,3,0,3,7,0,14
52,"Mosinee, WI",0,0,0,0,2,2,0,14
52,"Myrtle Beach, SC",12,0,12,0,26,36,2,202
52,"Nashville, TN",251,8,178,1,265,398,15,1791
52,"New Orleans, LA",166,25,175,5,189,297,11,927
52,"New York, NY",619,29,532,3,552,1067,7,4350
52,"Newark, NJ",401,14,341,5,321,632,18,2332
52,"Newburgh/Poughkeepsie, NY",3,0,2,0,5,6,0,14
52,"Niagara Falls, NY",1,0,2,0,3,4,1,11
52,"Nome, AK",0,0,0,0,1,1,0,6
52,"Norfolk, VA",38,7,26,1,46,73,2,352
52,"North Bend/Coos Bay, OR",0,0,1,0,0,1,0,6
52,"North Platte, NE",1,0,0,0,1,2,0,12
52,"Oakland, CA",81,0,33,2,91,124,2,741
52,"Oklahoma City, OK",50,9,37,0,48,87,8,421
52,"Omaha, NE",66,5,32,0,50,88,6,443
52,"Ontario, CA",42,0,36,0,42,75,4,478
52,"Orlando, FL",600,95,433,7,742,1022,33,3244
52,"Pago Pago, TT",0,0,0,0,0,0,0,3
52,"Palm Springs, CA",35,3,36,1,28,64,6,342
52,"Panama City, FL",13,3,16,0,12,32,1,119
52,"Pasco/Kennewick/Richland, WA",9,0,4,0,5,13,0,134
52,"Pellston, MI",1,0,1,0,0,1,0,13
52,"Pensacola, FL",28,10,39,1,51,74,3,227
52,"Peoria, IL",11,3,16,0,14,27,1,96
52,"Petersburg, AK",0,0,0,0,0,0,0,12
52,"Philadelphia, PA",299,26,260,5,251,498,9,1657
52,"Phoenix, AZ",581,23,454,5,501,951,18,4148
52,"Pittsburgh, PA",86,6,74,0,71,142,3,720
52,"Plattsburgh, NY",1,2,12,0,5,14,0,24
52,"Pocatello, ID",2,1,2,0,0,3,0,12
52,"Ponce, PR",1,0,5,0,9,10,0,28
52,"Portland, ME",10,1,9,0,14,21,0,168
52,"Portland, OR",108,11,99,0,121,233,4,1175
52,"Portsmouth, NH",1,0,3,0,3,5,0,12
52,"Prescott, AZ",2,0,3,0,3,5,0,14
52,"Presque Isle/Houlton, ME",0,0,0,0,0,0,0,7
52,"Providence, RI",39,5,37,0,43,75,1,278
52,"Provo, UT",11,1,9,0,7,19,4,73
52,"Punta Gorda, FL",22,3,32,0,38,66,3,253
52,"Raleigh/Durham, NC",124,10,97,0,141,217,7,1062
52,"Rapid City, SD",15,2,9,0,12,25,0,100
52,"Redding, CA",2,1,3,0,4,7,0,34
52,"Reno, NV",53,2,32,0,54,86,3,424
52,"Rhinelander, WI",3,0,2,0,0,3,2,14
52,"Richmond, VA",48,2,42,4,38,79,4,316
52,"Riverton/Lander, WY",1,0,0,0,0,1,0,14
52,"Roanoke, VA",9,0,5,0,10,11,4,48
52,"Rochester, MN",3,0,1,0,0,3,1,19
52,"Rochester, NY",39,0,23,0,20,57,1,212
52,"Rock Springs, WY",0,0,1,0,2,2,0,14
52,"Rockford, IL",3,0,4,0,3,7,1,25
52,"Roswell, NM",3,3,1,0,1,7,3,19
52,"Sacramento, CA",163,10,80,0,166,233,7,1018
52,"Saginaw/Bay City/Midland, MI",9,2,7,0,2,13,0,37
52,"Saipan, TT",0,0,0,0,0,0,0,7
52,"Salina, KS",1,0,1,0,1,2,0,14
52,"Salt Lake City, UT",262,25,227,0,184,433,8,2183
52,"San Angelo, TX",1,1,2,0,1,3,3,20
52,"San Antonio, TX",105,14,116,0,148,219,12,781
52,"San Diego, CA",293,50,467,2,376,680,12,1855
52,"San Francisco, CA",363,22,308,0,408,712,20,2771
52,"San Jose, CA",82,5,48,0,97,137,4,936
52,"San Juan, PR",188,2,163,1,195,305,1,894
52,"San Luis Obispo, CA",12,7,12,1,15,32,6,111
52,"Sanford, FL",51,14,25,0,38,77,3,277
52,"Santa Ana, CA",76,11,77,1,102,166,4,845
52,"Santa Barbara, CA",15,3,8,1,21,29,3,142
52,"Santa Fe, NM",4,5,2,0,4,12,4,60
52,"Santa Maria, CA",0,0,0,0,0,0,0,2
52,"Santa Rosa, CA",4,2,6,0,15,22,0,86
52,"Sarasota/Bradenton, FL",64,5,68,0,112,137,6,426
52,"Sault Ste. Marie, MI",4,0,1,0,0,4,2,13
52,"Savannah, GA",69,14,40,1,77,103,4,367
52,"Scottsbluff, NE",2,0,1,0,0,1,0,12
52,"Scranton/Wilkes-Barre, PA",5,0,2,0,5,8,0,31
52,"Seattle, WA",253,18,238,1,219,508,12,2828
52,"Sheridan, WY",0,0,0,0,0,0,0,14
52,"Shreveport, LA",10,13,12,0,10,26,6,88
52,"Sioux City, IA",2,1,0,0,1,4,1,14
52,"Sioux Falls, SD",19,9,22,0,16,39,4,152
52,"Sitka, AK",1,0,1,0,1,2,0,20
52,"South Bend, IN",14,5,19,0,13,32,2,145
52,"Spokane, WA",29,2,18,0,21,43,1,307
52,"Springfield, IL",3,0,2,0,2,3,0,5
52,"Springfield, MO",28,18,33,0,28,62,3,174
52,"St. Cloud, MN",1,0,1,0,1,2,1,4
52,"St. George, UT",8,1,2,0,0,8,0,69
52,"St. Louis, MO",188,9,122,2,184,311,8,1200
52,"St. Petersburg, FL",15,11,39,0,48,67,8,242
52,"State College, PA",0,1,1,0,0,1,0,6
52,"Stillwater, OK",3,0,0,0,0,3,2,13
52,"Stockton, CA",2,1,0,0,0,3,0,15
52,"Sun Valley/Hailey/Ketchum, ID",13,4,11,0,3,23,0,72
52,"Syracuse, NY",24,1,28,0,17,47,0,216
52,"Tallahassee, FL",15,8,19,0,18,33,2,94
52,"Tampa, FL",294,38,274,1,422,533,15,1652
52,"Texarkana, AR",2,1,0,0,0,3,1,13
52,"Toledo, OH",2,0,6,0,4,6,0,12
52,"Traverse City, MI",12,2,14,0,7,24,0,87
52,"Trenton, NJ",1,0,6,0,6,10,5,37
52,"Tucson, AZ",44,13,47,1,46,97,8,425
52,"Tulsa, OK",35,6,30,0,35,67,8,316
52,"Twin Falls, ID",1,0,0,0,0,1,0,12
52,"Tyler, TX",4,3,3,0,1,10,4,20
52,"Valdosta, GA",2,1,1,0,2,3,0,14
52,"Valparaiso, FL",37,12,24,0,43,63,18,163
52,"Victoria, TX",2,0,1,0,1,3,1,13
52,"Waco, TX",4,3,1,0,0,7,2,19
52,"Washington, DC",412,67,381,2,449,799,11,3146
52,"West Palm Beach/Palm Beach, FL",206,4,113,0,271,316,7,746
52,"White Plains, NY",33,7,45,0,47,75,3,213
52,"Wichita Falls, TX",2,1,1,0,2,4,0,13
52,"Wichita, KS",15,5,15,0,15,30,6,183
52,"Williston, ND",4,0,1,0,2,6,0,38
52,"Wilmington, NC",27,1,15,0,32,42,1,143
52,"Worcester, MA",1,1,3,0,4,6,0,23
52,"Wrangell, AK",0,0,0,0,0,0,0,12
52,"Yakutat, AK",0,0,0,0,0,0,0,12
52,"Yuma, AZ",11,0,2,0,1,13,0,35
