origin_city,dest_city,bool_carrier_delay_min,bool_weather_delay_min,bool_traffic_delay_min,bool_security_delay_min,bool_late_aircraft_delay_min,is_late,cancelled,flight_number
"Aberdeen, SD","Minneapolis, MN",93,29,39,2,0,127,6,728
"Abilene, TX","Dallas/Fort Worth, TX",93,66,139,1,177,284,15,1757
"Adak Island, AK","Anchorage, AK",1,0,6,10,8,16,8,104
"Aguadilla, PR","Fort Lauderdale, FL",30,2,26,0,58,63,2,349
"Aguadilla, PR","New York, NY",81,1,73,0,84,133,12,627
"Aguadilla, PR","Newark, NJ",44,4,37,0,80,82,11,366
"Aguadilla, PR","Orlando, FL",96,14,62,0,186,215,10,917
"Aguadilla, PR","Tampa, FL",34,2,27,0,43,54,2,187
"Akron, OH","Charlotte, NC",150,15,143,0,134,252,7,1287
"Akron, OH","Chicago, IL",127,15,105,0,109,270,17,1069
"Akron, OH","Fort Lauderdale, FL",8,1,11,0,15,20,0,62
"Akron, OH","Las Vegas, NV",0,0,0,0,0,0,0,1
"Akron, OH","Myrtle Beach, SC",3,0,1,0,3,5,0,22
"Akron, OH","Nashville, TN",3,0,2,0,6,8,2,64
"Akron, OH","Punta Gorda, FL",16,1,18,0,14,29,1,116
"Akron, OH","Sanford, FL",10,3,17,0,18,29,2,109
"Akron, OH","Sarasota/Bradenton, FL",9,0,8,0,12,19,5,124
"Akron, OH","Savannah, GA",22,0,20,0,29,38,2,154
"Akron, OH","St. Petersburg, FL",5,4,9,0,10,21,3,104
"Akron, OH","Washington, DC",23,1,28,0,3,43,5,364
"Albany, GA","Atlanta, GA",133,24,46,0,3,158,7,765
"Albany, NY","Atlanta, GA",93,11,66,0,83,162,13,1011
"Albany, NY","Baltimore, MD",153,4,93,1,185,230,10,1645
"Albany, NY","Charlotte, NC",140,24,148,0,187,283,14,1206
"Albany, NY","Chicago, IL",170,20,208,1,149,351,16,1983
"Albany, NY","Dallas/Fort Worth, TX",43,6,45,1,4,72,3,350
"Albany, NY","Denver, CO",31,1,25,0,35,43,2,189
"Albany, NY","Detroit, MI",111,29,72,0,42,177,9,1304
"Albany, NY","Fort Lauderdale, FL",56,4,57,2,45,96,6,396
"Albany, NY","Fort Myers, FL",0,0,3,0,2,3,0,5
"Albany, NY","Las Vegas, NV",24,1,18,0,14,27,0,77
"Albany, NY","Miami, FL",1,2,5,0,0,6,0,21
"Albany, NY","Myrtle Beach, SC",11,4,13,1,13,21,1,110
"Albany, NY","Nashville, TN",7,1,5,2,15,17,2,108
"Albany, NY","New York, NY",25,9,43,0,24,62,19,654
"Albany, NY","Newark, NJ",4,0,10,0,1,13,3,133
"Albany, NY","Orlando, FL",144,8,144,1,171,245,14,1084
"Albany, NY","Punta Gorda, FL",10,5,25,0,22,37,2,138
"Albany, NY","Sanford, FL",5,1,11,0,5,15,1,91
"Albany, NY","St. Petersburg, FL",11,2,8,0,11,22,2,126
"Albany, NY","Tampa, FL",25,0,27,0,33,49,4,203
"Albany, NY","Washington, DC",84,17,166,1,146,248,33,1208
"Albuquerque, NM","Atlanta, GA",68,1,57,0,43,99,8,953
"Albuquerque, NM","Austin, TX",92,4,51,0,79,121,3,730
"Albuquerque, NM","Baltimore, MD",69,1,59,1,65,94,2,396
"Albuquerque, NM","Burbank, CA",55,1,19,0,71,70,3,331
"Albuquerque, NM","Chicago, IL",119,9,107,1,111,188,5,1333
"Albuquerque, NM","Dallas, TX",164,9,146,0,222,293,16,1695
"Albuquerque, NM","Dallas/Fort Worth, TX",213,67,262,0,355,538,66,2460
"Albuquerque, NM","Denver, CO",211,17,163,0,270,389,28,2822
"Albuquerque, NM","Houston, TX",110,7,107,1,99,195,22,1470
"Albuquerque, NM","Kansas City, MO",37,1,20,0,53,59,0,345
"Albuquerque, NM","Las Vegas, NV",173,11,222,1,285,406,9,2113
"Albuquerque, NM","Long Beach, CA",32,0,16,0,43,51,0,293
"Albuquerque, NM","Los Angeles, CA",213,28,111,1,103,294,1,2301
"Albuquerque, NM","Minneapolis, MN",8,1,6,0,0,11,2,244
"Albuquerque, NM","New York, NY",80,2,58,0,89,103,5,259
"Albuquerque, NM","Oakland, CA",14,0,3,0,3,14,0,346
"Albuquerque, NM","Orlando, FL",22,1,26,0,22,33,0,75
"Albuquerque, NM","Phoenix, AZ",278,23,229,2,367,537,6,3243
"Albuquerque, NM","Portland, OR",1,0,0,0,2,3,0,8
"Albuquerque, NM","Salt Lake City, UT",49,26,26,0,3,82,4,1054
"Albuquerque, NM","San Antonio, TX",3,0,1,0,5,5,0,18
"Albuquerque, NM","San Diego, CA",74,4,58,0,113,136,4,607
"Albuquerque, NM","San Francisco, CA",39,2,75,0,23,108,8,581
"Albuquerque, NM","Seattle, WA",18,5,54,3,61,90,4,415
"Alexandria, LA","Atlanta, GA",54,24,53,0,71,131,9,878
"Alexandria, LA","Dallas/Fort Worth, TX",120,66,92,4,34,221,24,1088
"Allentown/Bethlehem/Easton, PA","Atlanta, GA",68,9,73,0,75,147,14,1017
"Allentown/Bethlehem/Easton, PA","Charlotte, NC",84,13,68,1,119,172,15,1166
"Allentown/Bethlehem/Easton, PA","Chicago, IL",35,1,20,0,22,65,12,315
"Allentown/Bethlehem/Easton, PA","Denver, CO",8,1,12,0,5,16,1,86
"Allentown/Bethlehem/Easton, PA","Fort Lauderdale, FL",6,1,6,0,8,13,0,81
"Allentown/Bethlehem/Easton, PA","Melbourne, FL",3,2,4,0,2,8,2,105
"Allentown/Bethlehem/Easton, PA","Myrtle Beach, SC",15,3,6,0,6,20,3,188
"Allentown/Bethlehem/Easton, PA","Nashville, TN",7,0,3,0,11,14,0,105
"Allentown/Bethlehem/Easton, PA","Orlando, FL",7,3,8,0,7,13,2,68
"Allentown/Bethlehem/Easton, PA","Punta Gorda, FL",18,3,23,1,15,37,3,197
"Allentown/Bethlehem/Easton, PA","Sanford, FL",59,13,46,0,50,107,9,642
"Allentown/Bethlehem/Easton, PA","Sarasota/Bradenton, FL",6,0,10,0,4,14,4,106
"Allentown/Bethlehem/Easton, PA","St. Petersburg, FL",15,4,19,1,10,31,6,261
"Alpena, MI","Detroit, MI",80,27,34,2,0,112,20,629
"Amarillo, TX","Austin, TX",8,0,30,0,25,41,1,231
"Amarillo, TX","Dallas, TX",41,4,80,0,94,148,7,1275
"Amarillo, TX","Dallas/Fort Worth, TX",200,61,232,2,262,452,44,2421
"Amarillo, TX","Denver, CO",83,10,69,0,28,135,10,614
"Amarillo, TX","Houston, TX",12,2,6,0,9,24,2,179
"Amarillo, TX","Las Vegas, NV",26,1,48,2,73,94,1,366
"Anchorage, AK","Adak Island, AK",4,0,5,0,3,11,8,104
"Anchorage, AK","Atlanta, GA",56,0,31,0,45,62,4,109
"Anchorage, AK","Barrow, AK",53,4,51,0,52,97,16,363
"Anchorage, AK","Bethel, AK",62,18,65,0,58,134,8,726
"Anchorage, AK","Chicago, IL",106,0,122,0,95,180,8,783
"Anchorage, AK","Cordova, AK",27,4,33,0,45,72,0,363
"Anchorage, AK","Dallas/Fort Worth, TX",52,3,23,2,47,71,2,381
"Anchorage, AK","Deadhorse, AK",27,11,33,0,22,62,17,570
"Anchorage, AK","Denver, CO",47,0,35,0,35,66,4,603
"Anchorage, AK","Detroit, MI",15,0,0,0,15,16,2,45
"Anchorage, AK","Dillingham, AK",4,3,5,0,2,10,3,110
"Anchorage, AK","Fairbanks, AK",55,2,55,0,49,106,7,791
"Anchorage, AK","Honolulu, HI",19,2,28,0,11,41,6,366
"Anchorage, AK","Houston, TX",18,0,11,0,9,20,6,126
"Anchorage, AK","Juneau, AK",88,6,88,1,62,175,5,1218
"Anchorage, AK","Kahului, HI",2,0,2,0,1,4,6,34
"Anchorage, AK","King Salmon, AK",18,0,22,0,16,31,0,178
"Anchorage, AK","Kodiak, AK",41,18,48,0,68,115,28,816
"Anchorage, AK","Kona, HI",5,3,6,0,7,16,5,92
"Anchorage, AK","Kotzebue, AK",15,7,18,0,6,30,14,304
"Anchorage, AK","Las Vegas, NV",4,1,9,0,4,13,0,117
"Anchorage, AK","Los Angeles, CA",22,3,28,0,21,52,4,348
"Anchorage, AK","Minneapolis, MN",69,1,67,0,54,117,5,655
"Anchorage, AK","New York, NY",3,0,9,0,7,12,0,68
"Anchorage, AK","Newark, NJ",22,2,15,0,24,29,3,103
"Anchorage, AK","Nome, AK",30,4,32,0,41,68,10,364
"Anchorage, AK","Phoenix, AZ",24,1,33,0,14,42,6,353
"Anchorage, AK","Portland, OR",24,3,31,0,16,51,5,358
"Anchorage, AK","Salt Lake City, UT",10,0,9,0,7,17,2,121
"Anchorage, AK","San Diego, CA",0,0,2,0,1,2,0,20
"Anchorage, AK","San Francisco, CA",26,0,29,0,27,50,3,264
"Anchorage, AK","Seattle, WA",532,43,627,3,435,1091,88,7587
"Anchorage, AK","Washington, DC",13,0,7,0,10,17,2,103
"Appleton, WI","Atlanta, GA",31,8,19,0,1,49,3,369
"Appleton, WI","Charlotte, NC",43,11,28,0,34,64,6,365
"Appleton, WI","Chicago, IL",273,35,218,0,205,500,52,1868
"Appleton, WI","Dallas/Fort Worth, TX",15,2,6,0,2,19,1,209
"Appleton, WI","Denver, CO",54,7,28,0,9,75,6,435
"Appleton, WI","Detroit, MI",106,40,35,1,1,150,8,817
"Appleton, WI","Fort Lauderdale, FL",4,1,9,0,1,14,1,41
"Appleton, WI","Jacksonville, FL",0,0,0,0,0,0,0,2
"Appleton, WI","Las Vegas, NV",8,7,19,0,3,24,3,150
"Appleton, WI","Los Angeles, CA",0,0,0,0,1,1,0,2
"Appleton, WI","Minneapolis, MN",131,62,111,0,16,217,14,948
"Appleton, WI","Nashville, TN",6,2,6,0,10,12,2,135
"Appleton, WI","Newark, NJ",1,0,2,0,0,2,1,48
"Appleton, WI","Phoenix, AZ",16,4,9,0,2,23,2,198
"Appleton, WI","Portland, OR",4,0,2,0,0,5,0,46
"Appleton, WI","Punta Gorda, FL",9,3,22,0,8,30,4,162
"Appleton, WI","Sanford, FL",9,5,19,0,4,29,3,192
"Appleton, WI","Sarasota/Bradenton, FL",5,0,3,0,5,9,2,66
"Appleton, WI","Savannah, GA",1,1,0,0,1,3,2,35
"Appleton, WI","St. Petersburg, FL",6,5,17,0,5,22,5,171
"Arcata/Eureka, CA","Denver, CO",16,9,25,0,21,55,5,318
"Arcata/Eureka, CA","Los Angeles, CA",11,5,26,0,26,56,3,366
"Arcata/Eureka, CA","San Francisco, CA",103,32,169,1,65,286,25,1053
"Asheville, NC","Atlanta, GA",226,28,141,0,193,336,53,2159
"Asheville, NC","Austin, TX",4,2,17,2,18,23,2,106
"Asheville, NC","Baltimore, MD",13,8,14,0,22,33,2,84
"Asheville, NC","Boston, MA",18,5,31,1,17,42,5,214
"Asheville, NC","Charlotte, NC",248,23,353,2,326,532,69,2112
"Asheville, NC","Chicago, IL",200,15,163,0,148,293,38,1204
"Asheville, NC","Concord, NC",1,0,1,0,0,1,0,1
"Asheville, NC","Dallas/Fort Worth, TX",115,18,70,0,104,170,20,592
"Asheville, NC","Denver, CO",43,6,45,1,27,78,9,391
"Asheville, NC","Fort Lauderdale, FL",70,19,119,7,121,180,21,638
"Asheville, NC","Houston, TX",10,3,17,3,9,22,0,69
"Asheville, NC","Key West, FL",6,1,15,0,7,18,6,107
"Asheville, NC","Las Vegas, NV",4,0,13,1,3,14,1,105
"Asheville, NC","Miami, FL",44,8,17,0,42,53,8,153
"Asheville, NC","Minneapolis, MN",61,4,43,2,48,87,4,251
"Asheville, NC","New York, NY",56,15,88,1,100,144,29,977
"Asheville, NC","Newark, NJ",36,11,69,1,32,102,36,629
"Asheville, NC","Orlando, FL",8,1,13,3,9,23,3,94
"Asheville, NC","Philadelphia, PA",7,1,3,0,9,9,1,47
"Asheville, NC","Phoenix, AZ",10,1,15,0,6,24,3,105
"Asheville, NC","Punta Gorda, FL",14,7,45,0,28,59,8,230
"Asheville, NC","Sanford, FL",43,18,72,0,51,109,16,484
"Asheville, NC","Sarasota/Bradenton, FL",4,2,9,2,16,21,10,122
"Asheville, NC","St. Petersburg, FL",39,16,68,4,80,121,19,488
"Asheville, NC","Valparaiso, FL",0,0,3,0,3,3,0,11
"Asheville, NC","Washington, DC",92,17,81,0,119,153,12,576
"Asheville, NC","West Palm Beach/Palm Beach, FL",4,7,15,1,9,23,2,133
"Ashland, WV","Myrtle Beach, SC",10,1,8,0,5,13,5,57
"Ashland, WV","Punta Gorda, FL",9,0,5,0,12,13,0,22
"Ashland, WV","Sanford, FL",45,7,38,0,48,66,1,137
"Ashland, WV","St. Petersburg, FL",36,8,32,0,46,69,7,167
"Ashland, WV","Valparaiso, FL",9,0,10,0,12,14,1,43
"Aspen, CO","Atlanta, GA",75,86,100,8,0,178,28,458
"Aspen, CO","Austin, TX",12,21,33,4,10,53,9,157
"Aspen, CO","Chicago, IL",116,44,140,14,77,286,65,996
"Aspen, CO","Dallas/Fort Worth, TX",104,109,136,10,58,296,73,1162
"Aspen, CO","Denver, CO",272,106,293,3,250,710,175,2852
"Aspen, CO","Houston, TX",82,25,91,3,90,219,51,661
"Aspen, CO","Los Angeles, CA",119,90,128,11,58,292,80,1169
"Aspen, CO","Phoenix, AZ",12,9,9,3,6,33,13,100
"Aspen, CO","San Francisco, CA",34,20,75,0,30,127,22,333
"Atlanta, GA","Albany, GA",123,32,59,0,2,157,7,765
"Atlanta, GA","Albany, NY",142,11,89,0,81,202,11,1011
"Atlanta, GA","Albuquerque, NM",99,4,72,1,33,131,8,953
"Atlanta, GA","Alexandria, LA",67,11,48,0,43,113,10,878
"Atlanta, GA","Allentown/Bethlehem/Easton, PA",89,12,81,0,49,142,14,1017
"Atlanta, GA","Anchorage, AK",29,6,33,0,7,42,4,109
"Atlanta, GA","Appleton, WI",39,9,27,0,15,61,2,369
"Atlanta, GA","Asheville, NC",201,15,138,0,87,321,54,2162
"Atlanta, GA","Aspen, CO",104,14,56,0,0,123,6,459
"Atlanta, GA","Augusta, GA",227,48,150,0,97,345,38,2172
"Atlanta, GA","Austin, TX",605,29,613,1,453,996,33,4311
"Atlanta, GA","Baltimore, MD",941,45,631,5,756,1341,68,6067
"Atlanta, GA","Baton Rouge, LA",127,20,75,0,64,179,17,1515
"Atlanta, GA","Birmingham, AL",331,22,193,0,143,441,26,2963
"Atlanta, GA","Bloomington/Normal, IL",52,15,56,0,49,99,7,731
"Atlanta, GA","Boise, ID",41,4,41,0,26,73,5,474
"Atlanta, GA","Boston, MA",687,32,586,1,379,1069,41,5025
"Atlanta, GA","Bozeman, MT",34,2,34,0,10,57,2,363
"Atlanta, GA","Bristol/Johnson City/Kingsport, TN",108,20,64,0,68,176,10,1428
"Atlanta, GA","Brunswick, GA",139,32,55,0,6,174,1,795
"Atlanta, GA","Buffalo, NY",174,9,116,0,108,258,21,1337
"Atlanta, GA","Burbank, CA",24,0,24,0,20,47,2,207
"Atlanta, GA","Burlington, VT",39,4,26,1,18,59,4,366
"Atlanta, GA","Cedar Rapids/Iowa City, IA",43,9,44,0,22,71,5,368
"Atlanta, GA","Charleston, SC",336,21,238,0,167,466,20,2792
"Atlanta, GA","Charleston/Dunbar, WV",179,44,72,1,6,231,7,1069
"Atlanta, GA","Charlotte Amalie, VI",69,7,107,0,26,132,2,646
"Atlanta, GA","Charlotte, NC",554,63,514,2,542,976,58,5383
"Atlanta, GA","Charlottesville, VA",77,15,50,0,64,128,8,1123
"Atlanta, GA","Chattanooga, TN",225,30,133,0,132,331,17,2392
"Atlanta, GA","Chicago, IL",1276,72,1048,5,962,2002,100,9482
"Atlanta, GA","Christiansted, VI",11,1,17,0,2,21,0,120
"Atlanta, GA","Cincinnati, OH",299,13,204,0,180,456,24,2831
"Atlanta, GA","Cleveland, OH",405,19,237,1,328,599,22,3006
"Atlanta, GA","Colorado Springs, CO",82,3,57,0,29,106,3,459
"Atlanta, GA","Columbia, SC",194,16,126,0,135,296,15,2231
"Atlanta, GA","Columbus, GA",125,33,71,0,33,185,20,1001
"Atlanta, GA","Columbus, MS",41,6,35,0,42,83,8,732
"Atlanta, GA","Columbus, OH",332,24,204,0,221,469,16,3080
"Atlanta, GA","Dallas, TX",462,19,333,1,349,681,26,3545
"Atlanta, GA","Dallas/Fort Worth, TX",1002,83,1052,7,871,1723,108,6523
"Atlanta, GA","Dayton, OH",111,7,50,1,59,156,12,1354
"Atlanta, GA","Daytona Beach, FL",140,8,92,0,74,209,18,1445
"Atlanta, GA","Denver, CO",773,31,672,2,590,1209,56,6076
"Atlanta, GA","Des Moines, IA",105,8,59,0,56,146,12,1185
"Atlanta, GA","Detroit, MI",759,44,547,11,385,1022,40,4958
"Atlanta, GA","Dothan, AL",89,20,52,0,33,129,6,766
"Atlanta, GA","Eagle, CO",18,1,17,0,4,29,0,179
"Atlanta, GA","El Paso, TX",109,5,85,0,38,135,4,714
"Atlanta, GA","Evansville, IN",112,19,55,2,37,153,9,1001
"Atlanta, GA","Fayetteville, AR",163,19,123,0,98,254,11,1817
"Atlanta, GA","Fayetteville, NC",86,20,49,0,34,123,7,871
"Atlanta, GA","Fort Lauderdale, FL",1277,50,1147,16,813,1879,92,7702
"Atlanta, GA","Fort Myers, FL",424,19,327,2,284,653,51,3290
"Atlanta, GA","Fort Wayne, IN",169,42,62,0,10,213,9,1019
"Atlanta, GA","Fresno, CA",46,4,39,0,15,65,4,204
"Atlanta, GA","Gainesville, FL",158,6,78,0,78,224,18,1692
"Atlanta, GA","Grand Rapids, MI",164,13,89,0,85,222,14,1406
"Atlanta, GA","Green Bay, WI",50,5,35,0,39,79,2,366
"Atlanta, GA","Greensboro/High Point, NC",242,21,133,0,128,335,17,2517
"Atlanta, GA","Greer, SC",292,20,151,0,210,426,22,3123
"Atlanta, GA","Gulfport/Biloxi, MS",101,15,53,0,78,155,15,1240
"Atlanta, GA","Harrisburg, PA",81,11,48,0,46,119,9,996
"Atlanta, GA","Hartford, CT",276,13,194,0,131,369,17,2130
"Atlanta, GA","Hayden, CO",7,0,5,0,5,10,0,109
"Atlanta, GA","Hilton Head, SC",25,6,20,0,19,34,4,189
"Atlanta, GA","Honolulu, HI",43,3,60,0,4,72,0,366
"Atlanta, GA","Houston, TX",1015,55,944,3,683,1563,99,7800
"Atlanta, GA","Huntsville, AL",227,20,107,1,118,315,29,2407
"Atlanta, GA","Indianapolis, IN",381,17,245,0,246,551,15,3246
"Atlanta, GA","Islip, NY",5,0,6,0,9,11,2,43
"Atlanta, GA","Jackson, WY",25,6,15,0,19,39,1,219
"Atlanta, GA","Jackson/Vicksburg, MS",257,18,176,0,202,408,14,2824
"Atlanta, GA","Jacksonville, FL",734,25,450,1,473,995,45,4528
"Atlanta, GA","Jacksonville/Camp Lejeune, NC",60,11,41,0,38,92,4,852
"Atlanta, GA","Kahului, HI",7,0,6,0,0,10,0,41
"Atlanta, GA","Kansas City, MO",411,23,292,3,275,588,23,3283
"Atlanta, GA","Key West, FL",137,20,147,0,57,240,29,1480
"Atlanta, GA","Knoxville, TN",269,27,138,0,167,386,21,2623
"Atlanta, GA","Lafayette, LA",110,26,69,0,40,167,10,1071
"Atlanta, GA","Las Vegas, NV",722,36,727,7,477,1138,42,4965
"Atlanta, GA","Lexington, KY",192,12,84,0,76,261,22,2092
"Atlanta, GA","Little Rock, AR",204,24,121,0,105,287,13,2232
"Atlanta, GA","Los Angeles, CA",879,42,700,5,374,1149,35,5241
"Atlanta, GA","Louisville, KY",313,20,186,0,157,431,20,2847
"Atlanta, GA","Madison, WI",88,5,53,0,53,129,12,1019
"Atlanta, GA","Melbourne, FL",129,10,90,0,85,211,14,1392
"Atlanta, GA","Memphis, TN",369,25,218,0,227,535,33,3333
"Atlanta, GA","Miami, FL",1104,49,973,10,883,1766,76,6699
"Atlanta, GA","Milwaukee, WI",308,16,187,0,154,428,19,2483
"Atlanta, GA","Minneapolis, MN",421,25,329,1,183,612,17,3701
"Atlanta, GA","Mobile, AL",127,27,85,0,81,205,14,1495
"Atlanta, GA","Moline, IL",67,10,65,1,48,122,14,730
"Atlanta, GA","Monroe, LA",65,11,47,1,58,129,8,869
"Atlanta, GA","Montgomery, AL",135,46,72,0,51,213,9,1399
"Atlanta, GA","Montrose/Delta, CO",3,2,8,0,0,10,0,103
"Atlanta, GA","Myrtle Beach, SC",129,10,75,0,75,181,9,1387
"Atlanta, GA","Nashville, TN",411,21,238,2,229,558,28,3685
"Atlanta, GA","New Orleans, LA",722,39,486,0,430,986,36,4602
"Atlanta, GA","New York, NY",1611,57,1168,5,953,2325,118,11647
"Atlanta, GA","Newark, NJ",705,59,1019,2,475,1465,116,6051
"Atlanta, GA","Norfolk, VA",405,22,308,1,207,554,27,2502
"Atlanta, GA","Oakland, CA",34,1,17,0,28,50,3,157
"Atlanta, GA","Oklahoma City, OK",227,15,124,0,127,300,12,2029
"Atlanta, GA","Omaha, NE",233,20,147,1,134,330,15,2010
"Atlanta, GA","Ontario, CA",134,12,102,0,80,194,9,917
"Atlanta, GA","Orlando, FL",1424,64,1418,10,958,2322,145,8935
"Atlanta, GA","Palm Springs, CA",10,0,16,0,4,22,0,124
"Atlanta, GA","Panama City, FL",232,22,143,0,131,324,19,2375
"Atlanta, GA","Pensacola, FL",292,21,203,0,147,425,18,2588
"Atlanta, GA","Philadelphia, PA",835,48,663,4,689,1310,53,5820
"Atlanta, GA","Phoenix, AZ",500,27,421,2,324,767,19,3680
"Atlanta, GA","Pittsburgh, PA",305,21,220,1,213,461,21,2851
"Atlanta, GA","Portland, ME",60,4,49,0,25,90,6,508
"Atlanta, GA","Portland, OR",145,13,172,0,93,255,9,1355
"Atlanta, GA","Providence, RI",142,10,81,0,100,200,7,1004
"Atlanta, GA","Raleigh/Durham, NC",590,26,331,0,399,834,27,4757
"Atlanta, GA","Reno, NV",37,3,30,0,16,47,4,167
"Atlanta, GA","Richmond, VA",440,19,289,1,300,609,16,3089
"Atlanta, GA","Roanoke, VA",94,16,61,1,65,145,11,1097
"Atlanta, GA","Rochester, NY",150,7,85,1,71,192,9,1011
"Atlanta, GA","Sacramento, CA",87,7,92,0,29,133,7,961
"Atlanta, GA","Salt Lake City, UT",350,24,203,0,174,464,18,2984
"Atlanta, GA","San Antonio, TX",385,23,294,2,288,571,19,2986
"Atlanta, GA","San Diego, CA",294,19,384,1,175,527,25,2428
"Atlanta, GA","San Francisco, CA",450,39,620,0,231,864,28,3125
"Atlanta, GA","San Jose, CA",63,8,65,1,27,106,8,818
"Atlanta, GA","San Juan, PR",278,19,291,0,137,442,9,2117
"Atlanta, GA","Santa Ana, CA",169,11,135,0,41,227,7,1011
"Atlanta, GA","Santa Barbara, CA",28,2,25,0,9,40,2,208
"Atlanta, GA","Sarasota/Bradenton, FL",354,23,264,0,215,507,77,2682
"Atlanta, GA","Savannah, GA",339,25,251,1,187,503,19,2835
"Atlanta, GA","Seattle, WA",333,30,311,9,183,566,41,3537
"Atlanta, GA","Shreveport, LA",97,29,96,1,63,185,21,1337
"Atlanta, GA","Sioux Falls, SD",58,2,36,0,16,75,3,369
"Atlanta, GA","South Bend, IN",196,51,82,0,0,246,8,1029
"Atlanta, GA","Spokane, WA",48,5,50,0,29,80,5,471
"Atlanta, GA","Springfield, MO",121,22,66,0,60,183,5,1178
"Atlanta, GA","St. Louis, MO",420,24,230,1,274,573,18,3426
"Atlanta, GA","Syracuse, NY",142,10,96,0,94,200,12,1055
"Atlanta, GA","Tallahassee, FL",184,20,130,0,105,275,26,2035
"Atlanta, GA","Tampa, FL",1017,31,873,2,764,1608,136,6767
"Atlanta, GA","Traverse City, MI",4,0,2,0,2,4,1,30
"Atlanta, GA","Trenton, NJ",30,1,15,0,34,52,2,226
"Atlanta, GA","Tucson, AZ",84,8,77,0,46,122,6,791
"Atlanta, GA","Tulsa, OK",153,15,81,0,63,208,10,1565
"Atlanta, GA","Valdosta, GA",75,17,48,0,44,117,16,781
"Atlanta, GA","Valparaiso, FL",232,22,151,0,104,335,20,2287
"Atlanta, GA","Washington, DC",1233,79,1080,3,825,1983,105,10134
"Atlanta, GA","West Palm Beach/Palm Beach, FL",614,34,477,2,371,927,42,4199
"Atlanta, GA","White Plains, NY",205,24,192,1,71,311,19,1867
"Atlanta, GA","Wichita, KS",103,13,85,0,47,157,9,1039
"Atlanta, GA","Wilmington, NC",104,11,84,0,67,169,10,1292
"Atlantic City, NJ","Fort Lauderdale, FL",42,4,104,1,72,142,14,589
"Atlantic City, NJ","Fort Myers, FL",31,3,47,0,25,71,7,460
"Atlantic City, NJ","Myrtle Beach, SC",19,1,40,1,30,60,3,311
"Atlantic City, NJ","Orlando, FL",56,5,111,0,46,155,14,935
"Atlantic City, NJ","Tampa, FL",22,2,53,0,21,61,13,396
"Atlantic City, NJ","West Palm Beach/Palm Beach, FL",20,2,40,0,10,57,5,361
"Augusta, GA","Atlanta, GA",218,72,176,0,129,384,38,2172
"Augusta, GA","Austin, TX",2,0,2,0,2,3,0,5
"Augusta, GA","Boston, MA",0,1,3,0,2,3,0,13
"Augusta, GA","Charlotte, NC",113,28,159,0,129,254,29,1021
"Augusta, GA","Chicago, IL",2,0,2,0,3,3,0,12
"Augusta, GA","Dallas/Fort Worth, TX",45,9,31,2,67,85,10,373
"Augusta, GA","Detroit, MI",1,0,1,0,0,1,0,9
"Augusta, GA","Miami, FL",0,0,1,0,2,2,0,9
"Augusta, GA","New York, NY",4,0,2,0,5,7,0,30
"Augusta, GA","Orlando, FL",1,0,1,0,0,1,0,2
"Augusta, GA","Philadelphia, PA",3,0,5,0,5,5,0,13
"Augusta, GA","Phoenix, AZ",1,0,1,0,1,1,0,2
"Augusta, GA","Washington, DC",42,9,51,2,8,84,9,359
"Augusta, GA","West Palm Beach/Palm Beach, FL",1,0,0,0,0,1,0,2
"Austin, TX","Albuquerque, NM",72,3,56,1,104,123,3,740
"Austin, TX","Amarillo, TX",34,0,17,1,45,49,0,231
"Austin, TX","Asheville, NC",7,4,9,0,8,19,2,106
"Austin, TX","Aspen, CO",32,7,23,0,7,52,3,157
"Austin, TX","Atlanta, GA",379,33,308,3,506,717,36,4309
"Austin, TX","Augusta, GA",2,0,3,0,1,3,0,5
"Austin, TX","Baltimore, MD",135,5,100,0,170,220,9,1285
"Austin, TX","Boston, MA",227,15,177,1,219,373,14,1442
"Austin, TX","Bozeman, MT",2,1,2,1,1,6,1,23
"Austin, TX","Burbank, CA",76,1,44,0,88,109,0,452
"Austin, TX","Charleston, SC",24,2,12,0,30,35,0,151
"Austin, TX","Charlotte, NC",219,41,208,2,260,425,25,1911
"Austin, TX","Chicago, IL",423,34,414,15,530,834,36,4496
"Austin, TX","Cincinnati, OH",64,19,57,2,47,106,2,575
"Austin, TX","Cleveland, OH",24,4,28,0,39,47,3,111
"Austin, TX","Columbus, OH",59,1,37,1,66,82,1,351
"Austin, TX","Dallas, TX",193,12,202,6,342,449,35,2513
"Austin, TX","Dallas/Fort Worth, TX",516,114,654,7,625,1145,100,4913
"Austin, TX","Denver, CO",368,24,384,4,471,766,43,4673
"Austin, TX","Des Moines, IA",20,0,16,1,24,31,3,116
"Austin, TX","Detroit, MI",102,11,85,0,137,196,11,1288
"Austin, TX","Eagle, CO",4,0,3,0,1,5,0,12
"Austin, TX","El Paso, TX",141,11,98,3,217,240,3,1049
"Austin, TX","Eugene, OR",3,1,4,0,0,6,1,22
"Austin, TX","Fayetteville, AR",0,0,0,0,0,0,0,3
"Austin, TX","Fort Lauderdale, FL",119,7,170,0,166,258,11,980
"Austin, TX","Fort Myers, FL",4,1,4,0,5,7,0,27
"Austin, TX","Gainesville, FL",0,0,0,0,0,0,0,1
"Austin, TX","Grand Rapids, MI",10,1,14,1,20,26,1,95
"Austin, TX","Greer, SC",0,0,0,0,0,0,0,1
"Austin, TX","Harlingen/San Benito, TX",60,4,28,0,101,119,2,721
"Austin, TX","Honolulu, HI",66,2,6,0,2,66,1,166
"Austin, TX","Houston, TX",294,35,446,2,425,750,56,3780
"Austin, TX","Indianapolis, IN",101,6,62,2,139,172,6,694
"Austin, TX","Jacksonville, FL",3,0,2,0,4,4,0,7
"Austin, TX","Kansas City, MO",75,4,37,1,126,143,5,830
"Austin, TX","Knoxville, TN",13,2,12,3,8,28,1,101
"Austin, TX","Las Vegas, NV",364,24,374,10,556,756,15,3306
"Austin, TX","Lexington, KY",0,0,0,0,0,0,0,2
"Austin, TX","Long Beach, CA",69,3,55,0,101,117,1,588
"Austin, TX","Los Angeles, CA",540,36,390,10,584,878,25,4025
"Austin, TX","Louisville, KY",2,1,2,0,0,4,1,31
"Austin, TX","Lubbock, TX",40,2,11,2,82,82,2,321
"Austin, TX","Madison, WI",0,0,0,0,0,0,0,2
"Austin, TX","Memphis, TN",1,1,0,0,1,2,0,7
"Austin, TX","Miami, FL",230,23,251,3,233,425,28,1832
"Austin, TX","Midland/Odessa, TX",111,48,43,1,31,183,2,939
"Austin, TX","Minneapolis, MN",143,12,117,2,182,264,4,1402
"Austin, TX","Mission/McAllen/Edinburg, TX",99,57,40,0,0,160,3,698
"Austin, TX","Montrose/Delta, CO",0,0,0,0,0,0,0,4
"Austin, TX","Nashville, TN",382,63,195,2,370,604,17,3072
"Austin, TX","New Orleans, LA",194,12,137,3,265,331,7,1543
"Austin, TX","New York, NY",331,29,276,1,308,554,36,2406
"Austin, TX","Newark, NJ",144,23,233,1,110,357,42,1833
"Austin, TX","Oakland, CA",73,0,34,0,88,99,0,339
"Austin, TX","Oklahoma City, OK",36,3,17,0,41,60,1,385
"Austin, TX","Omaha, NE",15,3,10,0,9,19,1,68
"Austin, TX","Ontario, CA",80,2,45,4,102,116,2,372
"Austin, TX","Orlando, FL",314,27,344,5,365,600,42,2771
"Austin, TX","Palm Springs, CA",11,1,13,0,13,20,3,62
"Austin, TX","Panama City, FL",12,1,17,0,14,27,1,124
"Austin, TX","Pensacola, FL",0,0,0,0,0,0,0,9
"Austin, TX","Philadelphia, PA",127,19,118,0,123,225,16,984
"Austin, TX","Phoenix, AZ",373,30,246,7,495,652,21,3480
"Austin, TX","Pittsburgh, PA",69,2,42,2,79,104,2,374
"Austin, TX","Portland, OR",17,5,68,2,84,110,6,364
"Austin, TX","Provo, UT",16,2,15,0,20,26,1,109
"Austin, TX","Raleigh/Durham, NC",250,71,203,0,157,387,7,1382
"Austin, TX","Reno, NV",14,2,13,1,20,23,0,97
"Austin, TX","Sacramento, CA",86,5,49,1,125,147,3,552
"Austin, TX","Salt Lake City, UT",179,15,130,1,181,297,9,1753
"Austin, TX","San Diego, CA",219,13,285,9,297,450,19,2000
"Austin, TX","San Francisco, CA",134,32,371,5,173,497,49,2001
"Austin, TX","San Jose, CA",161,9,112,3,200,274,3,1221
"Austin, TX","San Juan, PR",3,0,5,0,3,8,0,30
"Austin, TX","Sanford, FL",7,1,8,0,0,11,1,46
"Austin, TX","Santa Ana, CA",121,5,72,2,142,182,6,712
"Austin, TX","Sarasota/Bradenton, FL",11,1,9,0,8,16,1,33
"Austin, TX","Seattle, WA",145,22,224,5,203,360,36,2022
"Austin, TX","Sioux Falls, SD",5,2,3,1,4,11,0,49
"Austin, TX","St. Louis, MO",89,6,52,1,105,134,1,908
"Austin, TX","Tampa, FL",135,3,113,5,173,235,18,1042
"Austin, TX","Tulsa, OK",35,0,22,0,66,74,0,358
"Austin, TX","Valparaiso, FL",1,0,2,0,2,3,0,9
"Austin, TX","Washington, DC",119,5,102,0,86,184,15,1340
"Bakersfield, CA","Dallas/Fort Worth, TX",51,10,43,1,37,81,9,462
"Bakersfield, CA","Denver, CO",38,4,28,0,16,71,1,541
"Bakersfield, CA","Phoenix, AZ",83,3,55,0,64,139,3,1196
"Bakersfield, CA","San Francisco, CA",35,7,44,0,8,78,4,482
"Baltimore, MD","Albany, NY",362,10,115,2,348,457,7,1665
"Baltimore, MD","Albuquerque, NM",87,3,49,0,64,101,1,396
"Baltimore, MD","Asheville, NC",10,0,13,0,24,29,2,84
"Baltimore, MD","Atlanta, GA",680,25,617,6,696,1193,66,6019
"Baltimore, MD","Austin, TX",242,4,188,0,182,316,7,1308
"Baltimore, MD","Birmingham, AL",70,0,41,1,56,87,1,329
"Baltimore, MD","Boston, MA",508,34,476,4,537,922,55,4070
"Baltimore, MD","Buffalo, NY",371,12,160,2,348,485,18,1691
"Baltimore, MD","Charleston, SC",210,8,130,0,193,281,8,1247
"Baltimore, MD","Charlotte, NC",461,36,470,5,579,854,43,3324
"Baltimore, MD","Chicago, IL",535,35,393,0,548,882,51,4606
"Baltimore, MD","Cincinnati, OH",123,4,52,0,139,170,4,738
"Baltimore, MD","Cleveland, OH",211,6,87,0,189,277,9,999
"Baltimore, MD","Colorado Springs, CO",25,1,10,0,19,35,1,209
"Baltimore, MD","Columbus, OH",221,4,69,1,215,277,2,1096
"Baltimore, MD","Dallas, TX",311,10,234,0,250,426,25,1843
"Baltimore, MD","Dallas/Fort Worth, TX",198,23,250,1,254,405,46,1587
"Baltimore, MD","Denver, CO",503,18,313,2,384,685,33,3193
"Baltimore, MD","Detroit, MI",247,5,157,1,296,415,21,2066
"Baltimore, MD","Fort Lauderdale, FL",577,22,586,6,478,943,63,3886
"Baltimore, MD","Fort Myers, FL",206,6,203,0,192,344,23,1384
"Baltimore, MD","Grand Rapids, MI",45,1,25,0,27,59,3,361
"Baltimore, MD","Greer, SC",91,1,44,0,94,130,4,584
"Baltimore, MD","Hartford, CT",349,9,150,0,319,445,4,1678
"Baltimore, MD","Houston, TX",386,22,357,3,291,602,26,2569
"Baltimore, MD","Indianapolis, IN",213,6,93,1,223,292,9,1190
"Baltimore, MD","Islip, NY",269,6,75,0,227,327,12,1261
"Baltimore, MD","Jackson/Vicksburg, MS",65,3,31,1,62,82,1,316
"Baltimore, MD","Jacksonville, FL",247,6,173,0,226,340,13,1417
"Baltimore, MD","Kansas City, MO",186,8,111,0,143,233,5,853
"Baltimore, MD","Las Vegas, NV",321,15,256,2,244,465,14,2034
"Baltimore, MD","Los Angeles, CA",337,17,242,7,224,434,27,1850
"Baltimore, MD","Louisville, KY",158,0,82,1,140,209,4,895
"Baltimore, MD","Manchester, NH",270,8,89,0,287,382,5,1592
"Baltimore, MD","Memphis, TN",32,1,21,0,31,44,0,263
"Baltimore, MD","Miami, FL",278,16,333,0,301,548,55,2410
"Baltimore, MD","Milwaukee, WI",162,5,82,0,161,225,8,893
"Baltimore, MD","Minneapolis, MN",153,7,136,0,151,258,6,1478
"Baltimore, MD","Myrtle Beach, SC",201,8,98,0,156,265,7,1194
"Baltimore, MD","Nashville, TN",296,9,156,1,298,395,12,1950
"Baltimore, MD","New Orleans, LA",220,8,162,0,188,305,9,1170
"Baltimore, MD","New York, NY",54,2,59,0,40,102,31,595
"Baltimore, MD","Norfolk, VA",280,7,104,0,301,396,7,1536
"Baltimore, MD","Oakland, CA",86,4,44,0,48,99,1,289
"Baltimore, MD","Orlando, FL",706,31,702,5,709,1238,112,5379
"Baltimore, MD","Panama City, FL",9,1,10,0,7,13,0,56
"Baltimore, MD","Philadelphia, PA",0,0,0,0,0,0,1,1
"Baltimore, MD","Phoenix, AZ",233,6,156,2,166,277,5,1128
"Baltimore, MD","Pittsburgh, PA",214,7,64,1,200,275,9,1079
"Baltimore, MD","Portland, ME",242,5,118,0,218,321,17,1270
"Baltimore, MD","Portland, OR",13,1,27,0,10,32,3,132
"Baltimore, MD","Providence, RI",371,7,131,1,346,467,17,1857
"Baltimore, MD","Punta Gorda, FL",2,0,2,0,3,5,0,18
"Baltimore, MD","Raleigh/Durham, NC",359,12,141,1,338,460,11,1872
"Baltimore, MD","Richmond, VA",104,0,61,1,84,132,0,421
"Baltimore, MD","Rochester, NY",219,6,74,2,205,284,4,1110
"Baltimore, MD","Sacramento, CA",15,0,18,0,0,22,1,42
"Baltimore, MD","Salt Lake City, UT",112,1,76,0,62,137,4,724
"Baltimore, MD","San Antonio, TX",150,4,107,2,128,193,4,777
"Baltimore, MD","San Diego, CA",172,4,132,0,142,245,2,982
"Baltimore, MD","San Francisco, CA",34,2,50,0,17,66,20,463
"Baltimore, MD","San Jose, CA",8,0,7,0,3,11,2,66
"Baltimore, MD","San Juan, PR",261,11,228,4,201,388,19,1334
"Baltimore, MD","Sarasota/Bradenton, FL",198,8,152,1,158,293,36,1366
"Baltimore, MD","Savannah, GA",166,4,110,1,145,231,6,971
"Baltimore, MD","Seattle, WA",76,5,119,2,77,178,12,594
"Baltimore, MD","St. Louis, MO",218,5,105,0,184,286,5,1340
"Baltimore, MD","Syracuse, NY",140,3,44,1,145,190,2,624
"Baltimore, MD","Tampa, FL",468,13,383,3,415,715,76,3259
"Baltimore, MD","Valparaiso, FL",29,0,22,0,18,41,0,249
"Baltimore, MD","West Palm Beach/Palm Beach, FL",197,6,192,2,192,339,10,1340
"Bangor, ME","Charlotte, NC",20,3,41,2,27,55,2,225
"Bangor, ME","Chicago, IL",60,6,91,2,53,119,2,350
"Bangor, ME","Fort Lauderdale, FL",5,0,6,0,8,11,0,20
"Bangor, ME","New York, NY",46,3,96,1,83,150,58,1415
"Bangor, ME","Newark, NJ",36,14,78,0,26,106,37,681
"Bangor, ME","Philadelphia, PA",51,2,54,2,63,99,14,468
"Bangor, ME","Punta Gorda, FL",1,2,8,0,0,9,1,90
"Bangor, ME","Sanford, FL",21,3,30,1,22,49,6,229
"Bangor, ME","St. Petersburg, FL",12,6,19,0,20,33,8,196
"Bangor, ME","Washington, DC",70,6,94,1,127,169,27,962
"Barrow, AK","Anchorage, AK",15,7,61,36,64,95,19,364
"Baton Rouge, LA","Atlanta, GA",99,20,91,0,85,186,21,1515
"Baton Rouge, LA","Charlotte, NC",116,41,118,1,140,216,13,957
"Baton Rouge, LA","Dallas/Fort Worth, TX",179,126,212,6,222,415,49,1969
"Baton Rouge, LA","Houston, TX",17,3,16,0,13,35,4,166
"Baton Rouge, LA","Las Vegas, NV",1,0,0,0,0,1,0,3
"Baton Rouge, LA","Oklahoma City, OK",0,0,0,0,0,0,0,1
"Baton Rouge, LA","Washington, DC",22,3,14,1,4,30,3,307
"Beaumont/Port Arthur, TX","Dallas/Fort Worth, TX",48,35,41,0,25,107,15,730
"Belleville, IL","Fort Lauderdale, FL",2,1,5,0,6,7,0,16
"Belleville, IL","Jacksonville, FL",7,1,5,0,10,13,2,46
"Belleville, IL","Knoxville, TN",3,1,3,1,12,14,0,58
"Belleville, IL","Las Vegas, NV",8,1,10,0,11,14,1,52
"Belleville, IL","Myrtle Beach, SC",4,0,0,0,1,4,1,22
"Belleville, IL","Punta Gorda, FL",23,9,22,0,35,51,2,165
"Belleville, IL","Sanford, FL",19,3,17,0,32,39,1,136
"Belleville, IL","Sarasota/Bradenton, FL",3,0,6,0,6,11,4,89
"Belleville, IL","Savannah, GA",2,0,4,0,4,5,0,25
"Belleville, IL","St. Petersburg, FL",18,4,14,0,22,33,6,147
"Belleville, IL","Valparaiso, FL",24,1,25,0,51,60,11,342
"Bellingham, WA","Denver, CO",11,0,9,0,7,14,0,48
"Bellingham, WA","Las Vegas, NV",43,10,43,1,40,84,5,857
"Bellingham, WA","Los Angeles, CA",8,1,8,0,6,14,0,106
"Bellingham, WA","Oakland, CA",28,0,7,0,26,36,3,304
"Bellingham, WA","Palm Springs, CA",7,0,8,0,5,14,0,102
"Bellingham, WA","Phoenix, AZ",10,2,9,0,7,16,1,138
"Bellingham, WA","San Diego, CA",1,0,1,0,0,2,1,24
"Bellingham, WA","Seattle, WA",106,13,139,2,82,209,7,965
"Bemidji, MN","Minneapolis, MN",103,22,46,0,0,123,7,730
"Bend/Redmond, OR","Dallas/Fort Worth, TX",37,7,28,0,54,63,2,132
"Bend/Redmond, OR","Denver, CO",74,20,58,0,43,110,14,731
"Bend/Redmond, OR","Los Angeles, CA",48,7,46,0,22,85,11,449
"Bend/Redmond, OR","Phoenix, AZ",42,24,35,0,15,82,5,743
"Bend/Redmond, OR","Salt Lake City, UT",55,26,28,1,0,80,12,738
"Bend/Redmond, OR","San Diego, CA",59,5,59,0,28,98,6,336
"Bend/Redmond, OR","San Francisco, CA",121,24,216,0,91,312,32,1117
"Bend/Redmond, OR","Seattle, WA",161,50,184,4,57,305,29,1670
"Bethel, AK","Anchorage, AK",51,12,144,94,100,207,8,726
"Billings, MT","Chicago, IL",15,0,20,0,24,27,0,124
"Billings, MT","Cody, WY",0,0,0,0,0,0,0,1
"Billings, MT","Dallas/Fort Worth, TX",55,18,81,1,72,122,4,643
"Billings, MT","Denver, CO",92,16,94,0,87,201,11,1405
"Billings, MT","Las Vegas, NV",12,2,30,0,27,43,1,126
"Billings, MT","Los Angeles, CA",4,0,3,0,5,7,0,26
"Billings, MT","Minneapolis, MN",30,2,27,0,7,50,6,425
"Billings, MT","Phoenix, AZ",31,7,46,0,32,72,4,362
"Billings, MT","Salt Lake City, UT",77,21,52,0,0,109,6,1037
"Binghamton, NY","Detroit, MI",31,2,28,0,18,47,11,359
"Binghamton, NY","New York, NY",1,0,4,0,1,4,1,8
"Birmingham, AL","Atlanta, GA",124,23,177,0,165,333,28,2961
"Birmingham, AL","Baltimore, MD",34,1,30,0,63,71,3,329
"Birmingham, AL","Charlotte, NC",160,73,210,6,331,457,23,2276
"Birmingham, AL","Chicago, IL",113,12,57,0,111,176,10,1108
"Birmingham, AL","Dallas, TX",95,7,78,1,132,178,6,929
"Birmingham, AL","Dallas/Fort Worth, TX",229,111,281,2,329,529,32,2321
"Birmingham, AL","Denver, CO",108,3,82,1,40,151,4,1081
"Birmingham, AL","Detroit, MI",82,19,36,0,11,106,1,504
"Birmingham, AL","Fort Lauderdale, FL",16,0,21,0,9,23,0,73
"Birmingham, AL","Houston, TX",101,5,75,1,74,151,13,758
"Birmingham, AL","Las Vegas, NV",63,2,46,0,74,93,0,367
"Birmingham, AL","Madison, WI",0,0,1,0,1,1,0,2
"Birmingham, AL","Miami, FL",71,19,50,0,86,135,9,685
"Birmingham, AL","Milwaukee, WI",0,0,0,0,0,0,0,1
"Birmingham, AL","Nashville, TN",2,0,2,0,3,3,0,54
"Birmingham, AL","New York, NY",58,12,80,0,55,136,38,1034
"Birmingham, AL","Oklahoma City, OK",0,0,0,0,0,0,0,3
"Birmingham, AL","Orlando, FL",88,3,77,2,128,171,8,728
"Birmingham, AL","Philadelphia, PA",54,24,60,2,60,109,4,567
"Birmingham, AL","Phoenix, AZ",7,0,3,0,7,10,0,50
"Birmingham, AL","Tampa, FL",43,3,42,0,75,84,8,406
"Birmingham, AL","Washington, DC",70,20,89,1,87,171,22,996
"Bishop, CA","Denver, CO",3,1,8,0,20,28,9,103
"Bishop, CA","San Francisco, CA",1,4,24,0,16,38,10,171
"Bismarck/Mandan, ND","Dallas/Fort Worth, TX",65,16,84,3,64,120,2,602
"Bismarck/Mandan, ND","Denver, CO",139,22,92,0,50,231,17,1266
"Bismarck/Mandan, ND","Las Vegas, NV",8,2,11,0,15,23,2,120
"Bismarck/Mandan, ND","Minneapolis, MN",192,61,136,1,4,280,9,1563
"Bismarck/Mandan, ND","Phoenix, AZ",17,8,31,2,21,42,3,283
"Bismarck/Mandan, ND","Sanford, FL",4,4,8,0,4,13,0,73
"Bismarck/Mandan, ND","St. Petersburg, FL",1,2,4,0,2,8,3,67
"Bloomington/Normal, IL","Atlanta, GA",39,5,53,0,44,99,9,731
"Bloomington/Normal, IL","Dallas/Fort Worth, TX",49,30,77,1,59,126,12,729
"Bloomington/Normal, IL","Denver, CO",2,0,16,0,13,18,2,60
"Bloomington/Normal, IL","Sanford, FL",13,3,16,0,19,28,2,122
"Bloomington/Normal, IL","St. Petersburg, FL",8,2,15,0,16,25,2,108
"Boise, ID","Atlanta, GA",59,4,47,0,48,85,5,474
"Boise, ID","Burbank, CA",38,2,40,0,52,77,2,440
"Boise, ID","Chicago, IL",58,0,43,0,23,90,2,610
"Boise, ID","Dallas, TX",3,0,1,0,3,3,0,9
"Boise, ID","Dallas/Fort Worth, TX",107,17,107,5,91,184,13,830
"Boise, ID","Denver, CO",164,19,184,0,181,347,34,2800
"Boise, ID","Las Vegas, NV",106,13,213,0,171,302,14,1683
"Boise, ID","Long Beach, CA",2,0,3,0,6,8,0,41
"Boise, ID","Los Angeles, CA",92,15,44,0,31,143,4,1557
"Boise, ID","Minneapolis, MN",80,13,95,0,61,148,11,812
"Boise, ID","Oakland, CA",26,1,34,0,74,91,3,669
"Boise, ID","Palm Springs, CA",2,0,0,0,0,2,0,4
"Boise, ID","Phoenix, AZ",177,10,108,0,131,267,3,1807
"Boise, ID","Portland, OR",48,9,47,1,50,108,6,1040
"Boise, ID","Sacramento, CA",52,2,43,2,109,130,1,874
"Boise, ID","Salt Lake City, UT",115,33,92,0,114,228,7,1672
"Boise, ID","San Diego, CA",74,4,73,0,45,138,5,705
"Boise, ID","San Francisco, CA",134,18,256,0,52,377,8,1479
"Boise, ID","San Jose, CA",37,1,27,0,52,65,2,597
"Boise, ID","Santa Ana, CA",18,5,21,0,35,45,2,188
"Boise, ID","Seattle, WA",363,96,299,1,146,624,8,3711
"Boise, ID","Spokane, WA",50,6,85,0,70,127,5,857
"Boston, MA","Asheville, NC",24,2,13,0,12,35,5,214
"Boston, MA","Atlanta, GA",587,37,524,3,450,962,45,5028
"Boston, MA","Augusta, GA",1,0,3,0,0,3,0,13
"Boston, MA","Austin, TX",211,10,199,2,115,327,13,1443
"Boston, MA","Baltimore, MD",410,20,328,2,467,709,52,4053
"Boston, MA","Bozeman, MT",13,1,10,0,9,18,1,90
"Boston, MA","Buffalo, NY",140,6,61,0,95,162,13,929
"Boston, MA","Charleston, SC",172,5,170,1,107,279,20,1260
"Boston, MA","Charlotte Amalie, VI",17,3,19,1,4,27,1,114
"Boston, MA","Charlotte, NC",530,37,542,5,451,915,81,5214
"Boston, MA","Chicago, IL",903,62,887,4,887,1547,110,8334
"Boston, MA","Cincinnati, OH",182,16,180,0,187,312,23,2022
"Boston, MA","Cleveland, OH",195,12,103,0,147,269,22,1712
"Boston, MA","Columbus, OH",133,5,103,1,148,229,27,1800
"Boston, MA","Dallas, TX",10,0,6,0,9,11,0,39
"Boston, MA","Dallas/Fort Worth, TX",528,40,553,3,397,870,54,4059
"Boston, MA","Denver, CO",455,24,345,2,364,648,56,3792
"Boston, MA","Detroit, MI",383,22,254,0,294,539,31,2741
"Boston, MA","Fort Lauderdale, FL",568,37,570,10,292,863,51,3172
"Boston, MA","Fort Myers, FL",383,20,383,10,237,605,42,2220
"Boston, MA","Grand Rapids, MI",2,2,7,0,8,11,0,87
"Boston, MA","Hayden, CO",4,0,2,0,1,5,1,32
"Boston, MA","Hilton Head, SC",3,0,6,0,3,7,0,26
"Boston, MA","Honolulu, HI",64,4,12,1,31,76,2,258
"Boston, MA","Houston, TX",253,18,284,0,154,428,37,1983
"Boston, MA","Indianapolis, IN",135,14,125,0,115,234,22,1982
"Boston, MA","Jacksonville, FL",162,17,129,1,101,240,11,1217
"Boston, MA","Kansas City, MO",63,4,67,0,39,112,13,707
"Boston, MA","Key West, FL",24,3,34,0,10,50,3,196
"Boston, MA","Knoxville, TN",5,1,5,0,7,10,0,111
"Boston, MA","Las Vegas, NV",166,14,169,2,102,273,7,1606
"Boston, MA","Los Angeles, CA",647,28,478,1,369,885,18,4655
"Boston, MA","Louisville, KY",29,3,31,1,24,57,1,693
"Boston, MA","Madison, WI",2,0,2,0,2,3,1,14
"Boston, MA","Martha's Vineyard, MA",8,1,6,0,7,14,1,83
"Boston, MA","Memphis, TN",58,5,86,0,82,131,13,582
"Boston, MA","Miami, FL",433,17,504,7,250,731,57,3788
"Boston, MA","Milwaukee, WI",77,3,47,1,49,109,7,854
"Boston, MA","Minneapolis, MN",227,17,194,2,209,365,17,2162
"Boston, MA","Myrtle Beach, SC",73,8,100,0,31,132,14,703
"Boston, MA","Nantucket, MA",23,1,12,0,15,31,2,209
"Boston, MA","Nashville, TN",331,17,274,2,272,502,37,2766
"Boston, MA","New Orleans, LA",93,9,97,1,59,166,15,897
"Boston, MA","New York, NY",1224,93,1314,8,921,2210,308,13347
"Boston, MA","Newark, NJ",275,37,635,1,322,845,137,4362
"Boston, MA","Norfolk, VA",39,2,69,0,27,81,13,412
"Boston, MA","Orlando, FL",801,49,790,17,576,1301,97,4846
"Boston, MA","Panama City, FL",1,0,5,0,1,5,0,13
"Boston, MA","Philadelphia, PA",553,33,449,1,593,977,78,5262
"Boston, MA","Phoenix, AZ",251,18,213,3,213,402,9,2150
"Boston, MA","Pittsburgh, PA",285,14,187,2,224,407,33,2207
"Boston, MA","Portland, OR",68,9,89,0,110,170,12,669
"Boston, MA","Presque Isle/Houlton, ME",21,2,12,0,16,27,1,118
"Boston, MA","Raleigh/Durham, NC",403,29,241,1,267,559,30,3013
"Boston, MA","Richmond, VA",206,16,111,0,176,299,18,1722
"Boston, MA","Sacramento, CA",29,2,13,0,23,37,1,83
"Boston, MA","Salt Lake City, UT",174,12,120,4,105,248,7,1299
"Boston, MA","San Antonio, TX",50,1,37,0,17,70,5,335
"Boston, MA","San Diego, CA",149,12,267,2,104,344,11,1511
"Boston, MA","San Francisco, CA",555,39,762,4,436,1135,43,4446
"Boston, MA","San Jose, CA",32,1,45,0,19,55,1,126
"Boston, MA","San Juan, PR",467,31,433,5,246,644,26,2040
"Boston, MA","Sarasota/Bradenton, FL",38,2,42,0,17,67,18,440
"Boston, MA","Savannah, GA",95,5,60,3,50,117,3,612
"Boston, MA","Seattle, WA",217,18,375,5,194,540,23,2581
"Boston, MA","South Bend, IN",0,0,0,0,0,0,0,2
"Boston, MA","St. Louis, MO",181,9,120,1,174,261,17,1591
"Boston, MA","Syracuse, NY",87,5,32,0,67,101,7,363
"Boston, MA","Tampa, FL",430,23,315,3,269,595,63,2630
"Boston, MA","Traverse City, MI",4,1,9,0,3,11,1,117
"Boston, MA","Valparaiso, FL",1,0,3,0,4,4,0,27
"Boston, MA","Washington, DC",1103,76,1036,3,964,1888,165,11120
"Boston, MA","West Palm Beach/Palm Beach, FL",388,25,359,1,233,571,26,2002
"Boston, MA","Wilmington, NC",20,1,13,0,15,29,2,184
"Bozeman, MT","Atlanta, GA",22,3,33,0,33,58,3,363
"Bozeman, MT","Austin, TX",5,0,0,0,4,7,2,23
"Bozeman, MT","Boston, MA",20,2,26,0,24,41,0,90
"Bozeman, MT","Charlotte, NC",3,1,3,0,3,4,0,12
"Bozeman, MT","Chicago, IL",105,7,98,0,97,179,6,994
"Bozeman, MT","Dallas, TX",2,0,0,0,2,2,0,26
"Bozeman, MT","Dallas/Fort Worth, TX",94,16,100,0,131,183,3,703
"Bozeman, MT","Denver, CO",164,20,253,0,224,428,20,2673
"Bozeman, MT","Houston, TX",7,0,7,0,6,12,1,48
"Bozeman, MT","Las Vegas, NV",55,3,98,0,98,156,4,716
"Bozeman, MT","Los Angeles, CA",42,17,35,0,24,81,4,583
"Bozeman, MT","Minneapolis, MN",24,5,79,0,48,111,3,811
"Bozeman, MT","Nashville, TN",8,3,4,0,7,13,4,129
"Bozeman, MT","New York, NY",8,0,16,0,15,23,3,71
"Bozeman, MT","Newark, NJ",28,3,57,1,30,78,6,308
"Bozeman, MT","Phoenix, AZ",14,2,18,1,19,30,1,129
"Bozeman, MT","Portland, OR",14,3,26,0,18,36,0,154
"Bozeman, MT","Salt Lake City, UT",76,42,62,0,28,143,5,1169
"Bozeman, MT","San Diego, CA",3,1,13,0,12,17,1,66
"Bozeman, MT","San Francisco, CA",26,4,86,0,42,117,8,424
"Bozeman, MT","Seattle, WA",35,8,116,0,96,158,8,705
"Bozeman, MT","Washington, DC",0,0,0,0,0,0,0,6
"Brainerd, MN","Minneapolis, MN",75,23,52,1,0,106,4,649
"Bristol/Johnson City/Kingsport, TN","Atlanta, GA",74,21,70,0,78,166,9,1428
"Bristol/Johnson City/Kingsport, TN","Charlotte, NC",3,0,14,0,7,18,1,102
"Bristol/Johnson City/Kingsport, TN","Dallas/Fort Worth, TX",39,5,30,0,43,66,6,552
"Bristol/Johnson City/Kingsport, TN","Sanford, FL",27,3,18,0,39,43,3,111
"Bristol/Johnson City/Kingsport, TN","St. Petersburg, FL",4,1,12,0,14,16,3,55
"Brownsville, TX","Dallas/Fort Worth, TX",114,49,157,2,147,271,26,1643
"Brownsville, TX","Houston, TX",28,7,13,0,13,52,12,319
"Brunswick, GA","Atlanta, GA",144,35,72,0,12,189,2,795
"Buffalo, NY","Atlanta, GA",95,36,128,0,156,237,22,1338
"Buffalo, NY","Baltimore, MD",119,2,108,0,164,222,19,1672
"Buffalo, NY","Boston, MA",68,4,100,0,72,145,15,929
"Buffalo, NY","Charlotte, NC",158,25,168,5,195,301,20,1271
"Buffalo, NY","Chicago, IL",257,38,331,4,237,507,42,2689
"Buffalo, NY","Dallas, TX",0,0,0,0,0,0,0,9
"Buffalo, NY","Dallas/Fort Worth, TX",56,8,49,1,27,83,9,511
"Buffalo, NY","Denver, CO",54,0,56,0,76,99,8,459
"Buffalo, NY","Detroit, MI",95,47,86,0,62,196,18,1311
"Buffalo, NY","Fort Lauderdale, FL",60,2,78,0,69,116,9,512
"Buffalo, NY","Fort Myers, FL",13,1,31,0,20,42,9,160
"Buffalo, NY","Houston, TX",0,0,0,0,0,0,0,1
"Buffalo, NY","Indianapolis, IN",0,0,0,0,0,0,0,1
"Buffalo, NY","Kansas City, MO",0,0,0,0,0,0,0,2
"Buffalo, NY","Las Vegas, NV",68,0,42,0,64,89,4,357
"Buffalo, NY","Los Angeles, CA",42,1,31,0,58,70,5,256
"Buffalo, NY","Miami, FL",5,0,5,0,1,7,0,28
"Buffalo, NY","Minneapolis, MN",10,0,15,0,23,31,0,144
"Buffalo, NY","Nashville, TN",16,1,9,0,20,23,0,240
"Buffalo, NY","New York, NY",377,65,510,0,457,806,165,4851
"Buffalo, NY","Newark, NJ",35,10,71,0,22,100,31,780
"Buffalo, NY","Orlando, FL",124,6,186,0,202,316,36,1650
"Buffalo, NY","Philadelphia, PA",41,8,43,3,47,78,20,434
"Buffalo, NY","Phoenix, AZ",34,2,31,0,28,42,1,208
"Buffalo, NY","Raleigh/Durham, NC",7,0,8,0,20,22,3,102
"Buffalo, NY","Sarasota/Bradenton, FL",11,0,6,0,9,13,3,43
"Buffalo, NY","Seattle, WA",1,0,1,0,0,1,0,1
"Buffalo, NY","Tampa, FL",66,5,91,0,129,166,23,809
"Buffalo, NY","Washington, DC",107,17,155,4,150,247,30,1369
"Buffalo, NY","West Palm Beach/Palm Beach, FL",6,0,5,0,2,7,0,29
"Burbank, CA","Albuquerque, NM",18,0,13,0,17,31,0,351
"Burbank, CA","Atlanta, GA",15,3,15,0,17,30,2,207
"Burbank, CA","Austin, TX",17,1,26,0,31,45,0,452
"Burbank, CA","Boise, ID",19,6,51,0,82,105,0,440
"Burbank, CA","Chicago, IL",26,0,17,0,24,37,0,275
"Burbank, CA","Dallas, TX",34,1,40,1,34,69,1,445
"Burbank, CA","Dallas/Fort Worth, TX",52,13,71,0,64,119,11,728
"Burbank, CA","Denver, CO",155,8,144,0,165,307,20,2025
"Burbank, CA","Eugene, OR",10,0,13,0,22,28,1,132
"Burbank, CA","Houston, TX",28,0,31,0,41,52,3,315
"Burbank, CA","Kansas City, MO",18,0,11,0,22,26,1,165
"Burbank, CA","Las Vegas, NV",247,22,584,3,487,894,68,4443
"Burbank, CA","Nashville, TN",31,0,31,1,19,48,1,395
"Burbank, CA","New Orleans, LA",28,0,28,1,41,57,0,190
"Burbank, CA","New York, NY",119,2,60,0,108,132,6,300
"Burbank, CA","Oakland, CA",161,2,103,1,332,409,40,3228
"Burbank, CA","Phoenix, AZ",161,8,135,4,341,439,20,3167
"Burbank, CA","Portland, OR",67,6,102,5,78,170,25,1089
"Burbank, CA","Reno, NV",34,0,22,0,63,68,0,439
"Burbank, CA","Sacramento, CA",138,1,120,1,309,370,34,2759
"Burbank, CA","Salt Lake City, UT",84,25,36,0,69,154,2,1353
"Burbank, CA","San Antonio, TX",19,0,15,0,36,42,0,187
"Burbank, CA","San Francisco, CA",258,18,761,1,259,997,49,3121
"Burbank, CA","San Jose, CA",105,3,93,0,278,342,38,2402
"Burbank, CA","Santa Rosa, CA",16,2,44,0,43,72,1,267
"Burbank, CA","Seattle, WA",81,14,201,0,187,307,31,1551
"Burbank, CA","St. Louis, MO",21,0,18,0,23,34,0,210
"Burlington, VT","Atlanta, GA",26,4,39,0,0,47,6,366
"Burlington, VT","Charlotte, NC",62,16,66,2,66,124,10,728
"Burlington, VT","Chicago, IL",90,12,169,0,51,206,13,969
"Burlington, VT","Dallas/Fort Worth, TX",5,0,3,0,5,7,0,19
"Burlington, VT","Denver, CO",21,3,24,0,19,35,0,157
"Burlington, VT","Detroit, MI",31,18,35,1,27,69,3,358
"Burlington, VT","Minneapolis, MN",14,5,13,1,9,22,2,122
"Burlington, VT","New York, NY",97,39,133,1,127,244,47,1692
"Burlington, VT","Newark, NJ",25,7,107,0,42,136,37,950
"Burlington, VT","Orlando, FL",0,0,0,0,0,0,0,7
"Burlington, VT","Philadelphia, PA",82,17,75,1,79,151,14,753
"Burlington, VT","Sanford, FL",1,0,0,0,0,0,1,2
"Burlington, VT","Tampa, FL",0,0,1,0,1,2,0,5
"Burlington, VT","Washington, DC",133,25,190,1,181,330,30,1994
"Butte, MT","Salt Lake City, UT",35,11,10,1,0,46,0,690
"Casper, WY","Denver, CO",122,17,77,1,62,216,13,1432
"Casper, WY","Salt Lake City, UT",21,1,3,0,0,22,0,339
"Cedar City, UT","Salt Lake City, UT",50,15,12,1,0,64,5,629
"Cedar Rapids/Iowa City, IA","Atlanta, GA",28,14,27,0,4,51,5,368
"Cedar Rapids/Iowa City, IA","Charlotte, NC",80,7,50,2,37,106,14,559
"Cedar Rapids/Iowa City, IA","Chicago, IL",212,37,315,1,200,471,52,2078
"Cedar Rapids/Iowa City, IA","Columbus, OH",0,0,0,0,0,0,0,1
"Cedar Rapids/Iowa City, IA","Dallas/Fort Worth, TX",140,17,103,2,156,232,32,998
"Cedar Rapids/Iowa City, IA","Denver, CO",87,14,99,0,69,174,17,1123
"Cedar Rapids/Iowa City, IA","Detroit, MI",0,0,0,0,0,0,0,1
"Cedar Rapids/Iowa City, IA","Fort Lauderdale, FL",7,5,8,0,11,17,2,78
"Cedar Rapids/Iowa City, IA","Las Vegas, NV",7,1,7,0,7,12,2,116
"Cedar Rapids/Iowa City, IA","Los Angeles, CA",5,2,5,0,8,9,0,23
"Cedar Rapids/Iowa City, IA","Miami, FL",0,0,1,0,0,1,3,21
"Cedar Rapids/Iowa City, IA","Minneapolis, MN",80,54,84,0,8,165,16,814
"Cedar Rapids/Iowa City, IA","Nashville, TN",6,1,7,0,11,14,3,88
"Cedar Rapids/Iowa City, IA","Orlando, FL",0,0,2,0,5,6,1,15
"Cedar Rapids/Iowa City, IA","Phoenix, AZ",103,9,75,1,44,137,10,836
"Cedar Rapids/Iowa City, IA","Punta Gorda, FL",13,2,17,0,19,32,4,152
"Cedar Rapids/Iowa City, IA","Sanford, FL",13,0,16,0,24,27,4,139
"Cedar Rapids/Iowa City, IA","Sarasota/Bradenton, FL",3,0,5,0,3,7,2,31
"Cedar Rapids/Iowa City, IA","Seattle, WA",0,0,0,0,0,0,0,1
"Cedar Rapids/Iowa City, IA","St. Petersburg, FL",9,6,19,0,16,33,4,149
"Cedar Rapids/Iowa City, IA","Washington, DC",76,9,70,1,53,118,21,544
"Champaign/Urbana, IL","Chicago, IL",52,22,51,0,71,124,14,659
"Champaign/Urbana, IL","Dallas/Fort Worth, TX",61,25,71,0,61,128,7,726
"Charleston, SC","Atlanta, GA",208,16,207,1,207,368,21,2790
"Charleston, SC","Austin, TX",31,2,44,0,40,55,0,151
"Charleston, SC","Baltimore, MD",95,4,107,0,148,202,9,1249
"Charleston, SC","Boston, MA",156,8,163,0,192,300,21,1259
"Charleston, SC","Charlotte, NC",155,30,319,3,403,559,42,2821
"Charleston, SC","Chicago, IL",103,6,127,0,132,223,21,1819
"Charleston, SC","Cincinnati, OH",12,2,9,0,5,18,1,114
"Charleston, SC","Cleveland, OH",4,0,4,0,11,13,2,50
"Charleston, SC","Columbus, OH",2,2,6,0,4,7,3,20
"Charleston, SC","Dallas, TX",30,1,31,1,41,56,2,322
"Charleston, SC","Dallas/Fort Worth, TX",141,10,140,1,189,288,30,1243
"Charleston, SC","Denver, CO",85,4,80,0,75,133,4,703
"Charleston, SC","Detroit, MI",81,28,41,1,38,120,11,623
"Charleston, SC","Fort Lauderdale, FL",77,5,104,0,93,151,13,636
"Charleston, SC","Fort Myers, FL",0,0,2,0,2,3,1,20
"Charleston, SC","Houston, TX",69,5,61,0,68,118,18,592
"Charleston, SC","Indianapolis, IN",2,0,4,0,1,5,1,24
"Charleston, SC","Las Vegas, NV",24,3,31,0,13,40,5,137
"Charleston, SC","Miami, FL",74,9,78,1,101,160,18,790
"Charleston, SC","Minneapolis, MN",38,1,34,0,31,55,2,273
"Charleston, SC","Nashville, TN",58,3,39,0,100,110,4,747
"Charleston, SC","New York, NY",333,25,289,0,299,554,116,3368
"Charleston, SC","Newark, NJ",82,6,143,0,57,199,21,1425
"Charleston, SC","Philadelphia, PA",101,7,116,1,200,270,16,1375
"Charleston, SC","Pittsburgh, PA",5,1,6,0,5,12,1,48
"Charleston, SC","Seattle, WA",15,3,51,1,41,77,9,350
"Charleston, SC","St. Louis, MO",5,1,1,0,7,7,0,34
"Charleston, SC","Tampa, FL",4,0,7,0,3,7,1,44
"Charleston, SC","Washington, DC",117,12,258,2,241,385,38,2488
"Charleston, SC","White Plains, NY",21,0,24,0,24,32,0,179
"Charleston/Dunbar, WV","Atlanta, GA",159,39,87,1,15,215,7,1069
"Charleston/Dunbar, WV","Charlotte, NC",141,19,163,0,179,277,12,1095
"Charleston/Dunbar, WV","Chicago, IL",132,20,90,1,85,246,17,925
"Charleston/Dunbar, WV","Washington, DC",26,7,25,0,2,37,5,344
"Charlotte Amalie, VI","Atlanta, GA",59,12,92,0,84,149,3,646
"Charlotte Amalie, VI","Charlotte, NC",64,3,131,0,112,171,6,619
"Charlotte Amalie, VI","Chicago, IL",5,0,21,0,10,25,0,112
"Charlotte Amalie, VI","Dallas/Fort Worth, TX",8,0,15,0,13,21,0,48
"Charlotte Amalie, VI","Fort Lauderdale, FL",24,17,74,0,62,106,9,518
"Charlotte Amalie, VI","Houston, TX",10,0,20,0,11,27,2,143
"Charlotte Amalie, VI","Miami, FL",59,9,120,0,162,207,9,908
"Charlotte Amalie, VI","New York, NY",43,13,87,0,86,135,5,543
"Charlotte Amalie, VI","Newark, NJ",12,1,16,0,15,28,1,249
"Charlotte Amalie, VI","Orlando, FL",32,10,99,1,72,130,6,540
"Charlotte Amalie, VI","Philadelphia, PA",13,0,19,0,18,28,1,137
"Charlotte Amalie, VI","San Juan, PR",86,12,99,1,149,195,15,755
"Charlotte Amalie, VI","Washington, DC",36,2,36,0,37,62,3,320
"Charlotte, NC","Akron, OH",181,53,179,5,227,343,12,1287
"Charlotte, NC","Albany, NY",229,35,135,6,213,326,13,1206
"Charlotte, NC","Allentown/Bethlehem/Easton, PA",122,34,116,2,135,245,13,1166
"Charlotte, NC","Appleton, WI",54,16,72,2,82,116,7,365
"Charlotte, NC","Asheville, NC",237,86,234,8,266,463,72,2112
"Charlotte, NC","Atlanta, GA",684,115,612,13,641,1158,51,5383
"Charlotte, NC","Augusta, GA",109,55,77,5,133,230,37,1023
"Charlotte, NC","Austin, TX",328,60,249,13,347,520,23,1911
"Charlotte, NC","Baltimore, MD",657,83,437,31,723,989,44,3324
"Charlotte, NC","Bangor, ME",29,4,13,0,23,38,2,224
"Charlotte, NC","Baton Rouge, LA",108,35,114,4,117,218,12,957
"Charlotte, NC","Birmingham, AL",258,73,264,4,277,484,18,2276
"Charlotte, NC","Boston, MA",725,112,699,14,749,1314,70,5210
"Charlotte, NC","Bozeman, MT",2,0,1,0,2,3,0,12
"Charlotte, NC","Bristol/Johnson City/Kingsport, TN",7,1,7,0,3,12,0,102
"Charlotte, NC","Buffalo, NY",230,41,121,3,234,349,21,1270
"Charlotte, NC","Burlington, VT",98,27,108,4,102,183,11,727
"Charlotte, NC","Cedar Rapids/Iowa City, IA",99,21,63,1,115,164,13,559
"Charlotte, NC","Charleston, SC",427,71,249,5,465,678,39,2819
"Charlotte, NC","Charleston/Dunbar, WV",134,58,127,4,153,272,11,1095
"Charlotte, NC","Charlotte Amalie, VI",90,6,68,0,40,115,4,619
"Charlotte, NC","Charlottesville, VA",3,0,0,0,3,5,0,63
"Charlotte, NC","Chattanooga, TN",115,33,120,4,132,222,11,980
"Charlotte, NC","Chicago, IL",848,121,733,24,832,1392,46,5339
"Charlotte, NC","Christiansted, VI",18,4,23,0,11,30,0,129
"Charlotte, NC","Cincinnati, OH",374,80,324,4,443,639,21,2241
"Charlotte, NC","Cleveland, OH",370,54,243,15,393,574,33,1888
"Charlotte, NC","Columbia, SC",121,47,80,8,155,246,17,1246
"Charlotte, NC","Columbus, OH",361,61,223,7,366,551,17,2043
"Charlotte, NC","Dallas, TX",71,2,58,1,59,99,0,383
"Charlotte, NC","Dallas/Fort Worth, TX",699,120,640,29,624,1133,71,4165
"Charlotte, NC","Dayton, OH",191,52,162,9,198,330,5,1372
"Charlotte, NC","Daytona Beach, FL",145,33,117,0,153,263,33,1397
"Charlotte, NC","Denver, CO",475,62,400,15,504,785,31,2917
"Charlotte, NC","Des Moines, IA",134,23,82,3,143,220,11,727
"Charlotte, NC","Detroit, MI",473,67,269,18,528,778,33,3891
"Charlotte, NC","Evansville, IN",2,0,0,0,1,2,0,22
"Charlotte, NC","Fayetteville, AR",233,63,256,6,237,425,6,1546
"Charlotte, NC","Fayetteville, NC",43,22,33,4,73,101,6,577
"Charlotte, NC","Fort Lauderdale, FL",584,75,537,10,632,1010,57,3607
"Charlotte, NC","Fort Myers, FL",337,49,256,9,355,538,41,2004
"Charlotte, NC","Fort Wayne, IN",20,2,19,0,23,34,0,168
"Charlotte, NC","Gainesville, FL",57,29,50,5,80,123,22,576
"Charlotte, NC","Grand Rapids, MI",182,21,122,11,206,292,11,1067
"Charlotte, NC","Greensboro/High Point, NC",311,84,163,12,358,540,28,2512
"Charlotte, NC","Greer, SC",396,99,335,6,410,699,37,3214
"Charlotte, NC","Gulfport/Biloxi, MS",120,37,133,4,121,229,12,1021
"Charlotte, NC","Harrisburg, PA",188,54,138,7,214,327,14,1349
"Charlotte, NC","Hartford, CT",350,53,193,10,372,520,16,1873
"Charlotte, NC","Hilton Head, SC",112,25,131,4,106,207,11,966
"Charlotte, NC","Houston, TX",436,65,409,10,418,715,55,2686
"Charlotte, NC","Huntsville, AL",123,53,133,9,173,250,17,1139
"Charlotte, NC","Indianapolis, IN",335,48,213,10,387,534,17,1866
"Charlotte, NC","Jackson, WY",23,1,15,0,8,26,0,122
"Charlotte, NC","Jackson/Vicksburg, MS",55,29,86,1,81,137,4,613
"Charlotte, NC","Jacksonville, FL",431,73,275,10,475,671,33,2319
"Charlotte, NC","Jacksonville/Camp Lejeune, NC",102,52,98,1,120,205,19,946
"Charlotte, NC","Kansas City, MO",213,39,136,5,237,332,7,1382
"Charlotte, NC","Key West, FL",175,32,218,2,180,354,34,1438
"Charlotte, NC","Knoxville, TN",372,91,358,8,349,631,30,2575
"Charlotte, NC","Lafayette, LA",60,29,63,4,65,118,7,366
"Charlotte, NC","Las Vegas, NV",394,64,325,11,334,625,22,2579
"Charlotte, NC","Lexington, KY",298,81,254,7,315,505,22,2032
"Charlotte, NC","Little Rock, AR",198,41,215,1,219,340,9,1178
"Charlotte, NC","Los Angeles, CA",517,71,446,19,402,767,43,2991
"Charlotte, NC","Louisville, KY",377,60,261,12,374,590,24,2050
"Charlotte, NC","Madison, WI",187,25,160,4,221,310,5,953
"Charlotte, NC","Manchester, NH",152,33,136,4,158,254,16,1101
"Charlotte, NC","Martha's Vineyard, MA",1,0,1,0,1,1,0,11
"Charlotte, NC","Melbourne, FL",106,29,88,5,115,196,24,1135
"Charlotte, NC","Memphis, TN",320,62,224,16,376,545,17,1959
"Charlotte, NC","Miami, FL",605,87,497,30,432,901,48,3629
"Charlotte, NC","Milwaukee, WI",200,25,118,1,192,296,18,1051
"Charlotte, NC","Minneapolis, MN",309,33,214,10,313,508,25,2537
"Charlotte, NC","Moline, IL",88,25,81,0,96,164,12,721
"Charlotte, NC","Myrtle Beach, SC",356,87,266,8,397,621,33,2624
"Charlotte, NC","Nantucket, MA",0,0,0,0,1,0,0,11
"Charlotte, NC","Nashville, TN",606,93,420,13,669,951,44,3675
"Charlotte, NC","New Bern/Morehead/Beaufort, NC",7,6,8,0,9,18,3,51
"Charlotte, NC","New Orleans, LA",304,44,217,3,320,470,25,1859
"Charlotte, NC","New York, NY",1484,209,1650,37,1432,2610,233,9664
"Charlotte, NC","Newark, NJ",563,89,795,19,581,1160,117,3893
"Charlotte, NC","Norfolk, VA",472,84,334,10,448,686,28,2696
"Charlotte, NC","Oklahoma City, OK",165,22,89,1,161,243,8,817
"Charlotte, NC","Omaha, NE",131,21,67,9,155,208,9,822
"Charlotte, NC","Ontario, CA",89,18,73,3,76,125,3,364
"Charlotte, NC","Orlando, FL",844,146,816,20,1021,1531,108,5419
"Charlotte, NC","Panama City, FL",123,33,139,4,141,242,8,1165
"Charlotte, NC","Pensacola, FL",328,90,307,5,331,547,7,2067
"Charlotte, NC","Peoria, IL",87,35,90,2,102,179,14,759
"Charlotte, NC","Philadelphia, PA",803,99,635,15,833,1242,80,3989
"Charlotte, NC","Phoenix, AZ",545,88,369,13,452,764,19,3038
"Charlotte, NC","Pittsburgh, PA",335,54,157,10,373,516,13,1931
"Charlotte, NC","Portland, ME",159,24,104,2,135,228,14,749
"Charlotte, NC","Portland, OR",81,23,58,6,75,131,3,362
"Charlotte, NC","Providence, RI",300,44,171,2,281,417,16,1585
"Charlotte, NC","Raleigh/Durham, NC",692,97,503,17,782,1090,54,3705
"Charlotte, NC","Rapid City, SD",20,2,22,0,12,28,2,123
"Charlotte, NC","Richmond, VA",465,75,321,15,535,749,32,2766
"Charlotte, NC","Roanoke, VA",27,3,37,0,14,46,3,220
"Charlotte, NC","Rochester, NY",212,28,105,2,201,295,13,1076
"Charlotte, NC","Sacramento, CA",98,16,50,8,98,137,4,370
"Charlotte, NC","Salt Lake City, UT",145,26,104,5,154,234,8,922
"Charlotte, NC","San Antonio, TX",288,46,214,9,284,437,12,1411
"Charlotte, NC","San Diego, CA",310,38,262,7,246,438,12,1625
"Charlotte, NC","San Francisco, CA",396,72,360,16,360,625,14,1617
"Charlotte, NC","San Juan, PR",208,23,138,7,184,286,6,1107
"Charlotte, NC","Santa Ana, CA",69,18,53,2,48,97,2,362
"Charlotte, NC","Sarasota/Bradenton, FL",272,50,192,3,284,442,61,1798
"Charlotte, NC","Savannah, GA",400,102,286,5,453,684,28,2834
"Charlotte, NC","Scranton/Wilkes-Barre, PA",180,32,120,3,196,312,9,1064
"Charlotte, NC","Seattle, WA",310,48,215,13,270,430,16,1321
"Charlotte, NC","Shreveport, LA",91,30,85,3,92,172,8,835
"Charlotte, NC","South Bend, IN",117,37,149,4,138,265,9,1166
"Charlotte, NC","Spokane, WA",26,12,16,3,34,45,1,91
"Charlotte, NC","Springfield, MO",193,47,226,3,205,352,8,1286
"Charlotte, NC","St. Louis, MO",328,48,228,9,342,505,19,2000
"Charlotte, NC","Syracuse, NY",250,33,134,3,224,359,14,1209
"Charlotte, NC","Tallahassee, FL",82,32,72,3,117,173,17,994
"Charlotte, NC","Tampa, FL",660,87,575,17,719,1082,105,3815
"Charlotte, NC","Traverse City, MI",16,4,20,0,20,33,1,209
"Charlotte, NC","Trenton, NJ",6,0,12,0,11,14,4,71
"Charlotte, NC","Tulsa, OK",124,20,65,2,145,204,7,819
"Charlotte, NC","Valparaiso, FL",205,41,138,5,223,322,10,1172
"Charlotte, NC","Washington, DC",749,165,728,26,751,1332,49,5382
"Charlotte, NC","West Palm Beach/Palm Beach, FL",318,38,313,6,331,532,29,2045
"Charlotte, NC","White Plains, NY",216,57,196,5,188,363,28,1483
"Charlotte, NC","Wilmington, NC",445,84,264,13,475,710,36,2827
"Charlottesville, VA","Atlanta, GA",75,5,67,0,77,136,10,1123
"Charlottesville, VA","Charlotte, NC",1,0,3,0,2,5,0,63
"Charlottesville, VA","Chicago, IL",106,6,100,0,34,158,12,636
"Charlottesville, VA","New York, NY",84,23,214,0,109,282,50,1381
"Chattanooga, TN","Atlanta, GA",157,17,154,0,182,314,18,2391
"Chattanooga, TN","Charlotte, NC",102,25,112,3,125,199,11,979
"Chattanooga, TN","Chicago, IL",124,17,123,0,67,245,17,1058
"Chattanooga, TN","Dallas/Fort Worth, TX",190,53,139,2,186,303,23,1455
"Chattanooga, TN","Detroit, MI",34,3,22,0,52,65,2,323
"Chattanooga, TN","Las Vegas, NV",1,0,3,0,0,3,0,53
"Chattanooga, TN","Miami, FL",2,0,1,0,0,2,0,9
"Chattanooga, TN","New York, NY",4,0,2,0,1,5,0,63
"Chattanooga, TN","Sanford, FL",28,5,22,0,35,41,4,110
"Chattanooga, TN","St. Petersburg, FL",27,2,25,1,27,41,5,116
"Chattanooga, TN","Washington, DC",31,2,35,1,17,58,5,296
"Cheyenne, WY","Denver, CO",26,13,31,0,24,67,14,679
"Chicago, IL","Akron, OH",169,15,104,0,118,307,18,1070
"Chicago, IL","Albany, NY",284,32,202,0,247,463,5,1981
"Chicago, IL","Albuquerque, NM",137,8,121,0,119,228,7,1335
"Chicago, IL","Allentown/Bethlehem/Easton, PA",37,3,36,0,28,71,13,314
"Chicago, IL","Anchorage, AK",80,12,122,1,70,181,3,783
"Chicago, IL","Appleton, WI",271,37,216,0,178,486,44,1867
"Chicago, IL","Asheville, NC",120,11,146,0,84,251,38,1205
"Chicago, IL","Aspen, CO",156,34,140,0,67,285,33,998
"Chicago, IL","Atlanta, GA",1029,125,1050,11,1083,1924,101,9428
"Chicago, IL","Augusta, GA",0,0,1,0,0,1,0,12
"Chicago, IL","Austin, TX",555,49,590,4,613,1031,33,4498
"Chicago, IL","Baltimore, MD",555,47,517,3,576,945,48,4616
"Chicago, IL","Bangor, ME",33,2,36,0,30,76,0,350
"Chicago, IL","Billings, MT",11,4,9,0,8,20,0,124
"Chicago, IL","Birmingham, AL",104,11,97,1,120,209,11,1107
"Chicago, IL","Boise, ID",101,3,86,1,43,149,6,615
"Chicago, IL","Boston, MA",965,94,1148,1,1066,1930,101,8331
"Chicago, IL","Bozeman, MT",139,13,78,0,102,201,4,994
"Chicago, IL","Buffalo, NY",361,52,303,1,367,609,35,2712
"Chicago, IL","Burbank, CA",47,1,39,0,37,66,0,276
"Chicago, IL","Burlington, VT",117,10,122,1,111,199,8,968
"Chicago, IL","Cedar Rapids/Iowa City, IA",284,49,273,0,288,562,44,2080
"Chicago, IL","Champaign/Urbana, IL",72,34,92,0,121,177,15,660
"Chicago, IL","Charleston, SC",139,20,126,1,144,260,14,1815
"Chicago, IL","Charleston/Dunbar, WV",150,16,82,1,76,247,14,925
"Chicago, IL","Charlotte Amalie, VI",6,2,7,0,5,13,0,112
"Chicago, IL","Charlotte, NC",725,85,715,12,645,1231,47,5334
"Chicago, IL","Charlottesville, VA",94,9,82,0,38,159,9,636
"Chicago, IL","Chattanooga, TN",125,12,126,0,76,238,12,1058
"Chicago, IL","Cincinnati, OH",422,68,417,3,469,792,24,3664
"Chicago, IL","Cleveland, OH",498,58,370,0,547,857,51,4093
"Chicago, IL","College Station/Bryan, TX",0,0,0,0,0,0,0,2
"Chicago, IL","Colorado Springs, CO",141,7,110,0,96,230,6,1003
"Chicago, IL","Columbia, MO",64,33,106,0,126,178,8,584
"Chicago, IL","Columbia, SC",100,6,77,0,45,156,6,726
"Chicago, IL","Columbus, OH",515,86,467,1,540,919,42,4601
"Chicago, IL","Dallas, TX",399,20,388,6,457,711,55,3381
"Chicago, IL","Dallas/Fort Worth, TX",1080,118,1083,13,857,1788,89,7062
"Chicago, IL","Dayton, OH",145,17,114,0,81,257,12,1209
"Chicago, IL","Decatur, IL",83,11,62,0,54,151,13,627
"Chicago, IL","Denver, CO",1155,87,961,7,1160,1945,155,9765
"Chicago, IL","Des Moines, IA",237,41,216,1,223,430,27,1945
"Chicago, IL","Detroit, MI",874,182,706,1,687,1515,90,7646
"Chicago, IL","Duluth, MN",110,16,85,0,78,200,11,1041
"Chicago, IL","Eagle, CO",39,6,47,0,26,81,2,349
"Chicago, IL","Eau Claire, WI",3,2,3,0,2,8,2,32
"Chicago, IL","El Paso, TX",73,11,73,1,36,134,5,831
"Chicago, IL","Fairbanks, AK",23,4,14,0,19,34,0,147
"Chicago, IL","Fargo, ND",234,64,227,0,212,465,20,1738
"Chicago, IL","Fayetteville, AR",177,42,213,0,152,374,23,1988
"Chicago, IL","Flint, MI",147,17,126,0,82,251,10,829
"Chicago, IL","Fort Dodge, IA",57,3,43,0,48,111,6,384
"Chicago, IL","Fort Lauderdale, FL",509,74,721,13,431,1002,73,4202
"Chicago, IL","Fort Myers, FL",379,46,488,2,330,738,88,3802
"Chicago, IL","Fort Wayne, IN",160,20,149,1,114,306,22,1234
"Chicago, IL","Fresno, CA",58,7,61,0,34,80,7,165
"Chicago, IL","Grand Rapids, MI",483,53,348,0,437,812,53,3672
"Chicago, IL","Great Falls, MT",0,0,0,0,0,0,0,13
"Chicago, IL","Green Bay, WI",216,32,194,1,173,415,31,1708
"Chicago, IL","Greensboro/High Point, NC",124,28,139,0,113,258,13,1301
"Chicago, IL","Greer, SC",124,25,172,2,131,274,16,1435
"Chicago, IL","Hancock/Houghton, MI",79,20,65,0,85,193,32,730
"Chicago, IL","Harlingen/San Benito, TX",1,0,0,0,0,1,0,15
"Chicago, IL","Harrisburg, PA",138,13,117,0,87,219,10,956
"Chicago, IL","Hartford, CT",336,35,287,1,399,591,22,2846
"Chicago, IL","Hayden, CO",18,1,16,0,15,24,0,134
"Chicago, IL","Hays, KS",25,2,20,0,20,45,3,152
"Chicago, IL","Hilton Head, SC",3,0,6,0,3,9,0,38
"Chicago, IL","Honolulu, HI",31,7,31,0,1,48,1,379
"Chicago, IL","Houston, TX",1053,125,1135,1,894,1783,108,7689
"Chicago, IL","Huntsville, AL",133,20,90,0,106,247,8,733
"Chicago, IL","Indianapolis, IN",428,69,385,0,364,715,52,3997
"Chicago, IL","Jackson, WY",122,7,77,0,87,163,7,717
"Chicago, IL","Jacksonville, FL",210,34,202,0,217,394,22,2054
"Chicago, IL","Johnstown, PA",54,16,45,0,33,109,10,365
"Chicago, IL","Joplin, MO",20,1,11,0,20,40,3,214
"Chicago, IL","Kahului, HI",12,1,6,0,4,16,0,126
"Chicago, IL","Kalispell, MT",38,1,37,0,28,63,1,313
"Chicago, IL","Kansas City, MO",735,85,523,2,762,1179,58,5422
"Chicago, IL","Key West, FL",16,12,59,0,19,74,4,378
"Chicago, IL","Knoxville, TN",199,25,218,0,189,405,21,1877
"Chicago, IL","Kona, HI",3,0,3,0,1,4,0,17
"Chicago, IL","La Crosse, WI",30,16,55,0,50,87,6,332
"Chicago, IL","Las Vegas, NV",1046,104,997,12,989,1812,110,8432
"Chicago, IL","Lexington, KY",172,38,157,0,158,330,20,1554
"Chicago, IL","Lincoln, NE",135,12,89,0,60,209,12,973
"Chicago, IL","Little Rock, AR",181,36,231,0,161,390,15,1291
"Chicago, IL","Long Beach, CA",78,6,60,0,57,115,7,530
"Chicago, IL","Los Angeles, CA",1264,107,1060,13,942,1865,95,8025
"Chicago, IL","Louisville, KY",340,46,310,0,331,618,25,3143
"Chicago, IL","Madison, WI",265,53,278,0,289,546,34,2283
"Chicago, IL","Manchester, NH",96,8,62,0,93,153,3,811
"Chicago, IL","Marquette, MI",48,17,66,0,92,125,1,482
"Chicago, IL","Martha's Vineyard, MA",0,0,2,0,1,2,0,11
"Chicago, IL","Mason City, IA",45,6,29,0,31,80,10,453
"Chicago, IL","Memphis, TN",301,56,239,0,322,523,26,2254
"Chicago, IL","Miami, FL",656,64,748,9,541,1166,76,5156
"Chicago, IL","Milwaukee, WI",400,47,336,0,192,678,29,2563
"Chicago, IL","Minneapolis, MN",1148,208,1255,3,1035,2203,80,8843
"Chicago, IL","Missoula, MT",23,8,25,0,21,45,0,250
"Chicago, IL","Moline, IL",171,24,120,0,100,312,25,1195
"Chicago, IL","Montrose/Delta, CO",32,2,25,0,15,52,1,230
"Chicago, IL","Morgantown, WV",2,1,1,0,0,3,1,19
"Chicago, IL","Myrtle Beach, SC",108,5,90,0,103,176,6,841
"Chicago, IL","Nantucket, MA",3,0,4,0,2,6,0,38
"Chicago, IL","Nashville, TN",707,89,567,2,652,1257,84,6688
"Chicago, IL","New Orleans, LA",387,43,348,7,356,650,35,2844
"Chicago, IL","New York, NY",1999,211,2262,16,1747,3667,348,16149
"Chicago, IL","Newark, NJ",690,151,959,4,695,1544,140,6108
"Chicago, IL","Norfolk, VA",244,25,220,0,247,426,8,1761
"Chicago, IL","Oakland, CA",117,4,79,1,94,163,6,645
"Chicago, IL","Oklahoma City, OK",309,54,263,0,276,573,24,2523
"Chicago, IL","Omaha, NE",504,49,368,0,498,827,49,3596
"Chicago, IL","Ontario, CA",44,3,30,1,44,66,5,369
"Chicago, IL","Orlando, FL",909,82,988,4,875,1675,162,7914
"Chicago, IL","Palm Springs, CA",54,9,58,0,49,108,0,578
"Chicago, IL","Panama City, FL",59,2,37,0,43,95,3,479
"Chicago, IL","Pensacola, FL",59,6,35,0,50,87,2,531
"Chicago, IL","Peoria, IL",122,25,107,0,107,268,25,1168
"Chicago, IL","Philadelphia, PA",983,75,960,4,916,1656,67,6301
"Chicago, IL","Phoenix, AZ",1182,92,963,9,1063,1848,90,9068
"Chicago, IL","Pittsburgh, PA",482,42,401,0,470,815,58,4136
"Chicago, IL","Portland, ME",120,14,131,1,100,208,17,1229
"Chicago, IL","Portland, OR",431,34,358,4,340,669,41,2862
"Chicago, IL","Providence, RI",212,36,207,0,230,428,11,1869
"Chicago, IL","Provo, UT",7,2,17,0,18,23,1,78
"Chicago, IL","Punta Gorda, FL",9,1,17,0,19,26,1,92
"Chicago, IL","Raleigh/Durham, NC",515,52,480,2,564,908,33,4318
"Chicago, IL","Rapid City, SD",36,9,27,0,22,57,3,387
"Chicago, IL","Reno, NV",126,11,112,0,92,188,4,499
"Chicago, IL","Richmond, VA",156,8,97,1,118,228,6,1070
"Chicago, IL","Roanoke, VA",84,7,69,0,44,143,9,719
"Chicago, IL","Rochester, MN",45,19,63,0,57,112,4,404
"Chicago, IL","Rochester, NY",244,45,236,0,260,449,18,1970
"Chicago, IL","Sacramento, CA",288,20,228,1,236,422,22,1808
"Chicago, IL","Saginaw/Bay City/Midland, MI",135,19,126,0,101,260,21,1057
"Chicago, IL","Salina, KS",24,3,12,0,10,38,0,195
"Chicago, IL","Salt Lake City, UT",439,57,348,1,339,714,43,3574
"Chicago, IL","San Antonio, TX",314,32,272,2,291,531,17,2114
"Chicago, IL","San Diego, CA",594,38,539,0,463,917,55,3937
"Chicago, IL","San Francisco, CA",777,72,1086,2,672,1582,73,5348
"Chicago, IL","San Jose, CA",177,12,143,1,150,260,4,957
"Chicago, IL","San Juan, PR",129,24,208,3,62,259,11,1315
"Chicago, IL","Santa Ana, CA",258,30,212,2,204,402,5,2119
"Chicago, IL","Sarasota/Bradenton, FL",139,13,178,1,151,278,29,1311
"Chicago, IL","Savannah, GA",123,10,102,0,134,238,15,1578
"Chicago, IL","Scranton/Wilkes-Barre, PA",61,20,97,1,88,155,7,529
"Chicago, IL","Seattle, WA",689,83,787,6,673,1289,50,5574
"Chicago, IL","Sioux City, IA",63,6,45,0,31,103,14,365
"Chicago, IL","Sioux Falls, SD",137,40,128,0,134,267,31,1181
"Chicago, IL","South Bend, IN",292,27,244,0,186,517,51,1989
"Chicago, IL","Spokane, WA",32,5,26,0,16,52,2,143
"Chicago, IL","Springfield, MO",202,40,214,0,189,409,22,1710
"Chicago, IL","St. Louis, MO",458,66,332,3,503,817,53,4515
"Chicago, IL","State College, PA",65,13,48,0,40,124,7,560
"Chicago, IL","Sun Valley/Hailey/Ketchum, ID",18,1,14,0,2,28,2,133
"Chicago, IL","Syracuse, NY",154,42,201,0,195,327,11,1622
"Chicago, IL","Tampa, FL",551,58,620,12,578,1079,122,4885
"Chicago, IL","Traverse City, MI",200,40,214,1,208,396,24,1403
"Chicago, IL","Tucson, AZ",169,19,160,1,144,285,7,1315
"Chicago, IL","Tulsa, OK",201,54,210,0,205,413,12,2028
"Chicago, IL","Valparaiso, FL",7,3,10,0,12,17,1,119
"Chicago, IL","Washington, DC",1326,108,1160,5,1173,2158,129,9950
"Chicago, IL","West Palm Beach/Palm Beach, FL",102,8,133,0,114,222,14,987
"Chicago, IL","White Plains, NY",78,35,113,0,97,191,17,1026
"Chicago, IL","Wichita, KS",241,47,255,1,201,453,22,1588
"Chicago, IL","Wilmington, NC",13,4,12,0,9,25,1,151
"Christiansted, VI","Atlanta, GA",19,1,16,0,16,27,1,120
"Christiansted, VI","Charlotte, NC",12,0,21,2,24,31,1,129
"Christiansted, VI","Fort Lauderdale, FL",15,4,67,8,51,89,8,282
"Christiansted, VI","Miami, FL",73,7,110,7,147,188,4,626
"Christiansted, VI","Orlando, FL",0,0,0,0,1,1,0,6
"Christiansted, VI","San Juan, PR",2,0,9,0,6,10,0,33
"Cincinnati, OH","Atlanta, GA",159,30,202,0,190,355,25,2827
"Cincinnati, OH","Austin, TX",70,13,76,0,15,117,2,575
"Cincinnati, OH","Baltimore, MD",55,4,31,1,76,93,3,729
"Cincinnati, OH","Boston, MA",146,14,245,1,67,331,19,2023
"Cincinnati, OH","Charleston, SC",7,0,8,0,4,14,1,114
"Cincinnati, OH","Charlotte, NC",298,41,267,3,358,549,25,2241
"Cincinnati, OH","Chicago, IL",319,34,435,3,230,654,27,3682
"Cincinnati, OH","Dallas/Fort Worth, TX",269,35,239,1,250,456,42,1877
"Cincinnati, OH","Denver, CO",174,19,161,0,158,299,8,1818
"Cincinnati, OH","Detroit, MI",83,22,53,0,96,169,5,1361
"Cincinnati, OH","Fort Lauderdale, FL",74,8,91,0,45,147,8,813
"Cincinnati, OH","Fort Myers, FL",72,12,88,0,82,155,16,796
"Cincinnati, OH","Houston, TX",43,2,55,0,19,75,13,582
"Cincinnati, OH","Jacksonville, FL",15,4,13,2,9,25,1,128
"Cincinnati, OH","Kansas City, MO",0,0,0,0,0,0,0,1
"Cincinnati, OH","Key West, FL",6,2,10,0,1,15,4,104
"Cincinnati, OH","Knoxville, TN",0,1,1,0,0,1,0,1
"Cincinnati, OH","Las Vegas, NV",67,6,67,0,69,138,5,699
"Cincinnati, OH","Los Angeles, CA",32,6,31,1,25,63,3,380
"Cincinnati, OH","Melbourne, FL",1,0,1,0,1,2,1,15
"Cincinnati, OH","Miami, FL",142,16,130,0,101,233,11,1177
"Cincinnati, OH","Minneapolis, MN",83,14,96,1,137,207,18,1391
"Cincinnati, OH","Myrtle Beach, SC",17,1,7,0,2,18,2,126
"Cincinnati, OH","Nashville, TN",27,0,11,0,37,37,1,210
"Cincinnati, OH","New Orleans, LA",9,2,6,0,5,14,1,90
"Cincinnati, OH","New York, NY",243,44,395,0,280,649,105,4625
"Cincinnati, OH","Newark, NJ",74,21,198,0,88,270,60,1746
"Cincinnati, OH","Norfolk, VA",1,0,3,0,2,4,1,24
"Cincinnati, OH","Orlando, FL",179,21,192,0,195,375,37,1789
"Cincinnati, OH","Pensacola, FL",3,0,0,0,3,5,0,63
"Cincinnati, OH","Philadelphia, PA",144,16,148,0,131,263,16,1280
"Cincinnati, OH","Phoenix, AZ",81,11,81,0,48,139,6,651
"Cincinnati, OH","Portland, ME",1,1,2,0,1,3,0,36
"Cincinnati, OH","Providence, RI",2,0,2,0,2,3,0,18
"Cincinnati, OH","Punta Gorda, FL",24,5,33,1,15,46,4,317
"Cincinnati, OH","Raleigh/Durham, NC",42,19,49,0,61,114,8,672
"Cincinnati, OH","Salt Lake City, UT",41,14,31,0,29,74,3,676
"Cincinnati, OH","Sanford, FL",38,9,40,0,38,74,4,340
"Cincinnati, OH","Sarasota/Bradenton, FL",22,3,22,0,10,42,8,241
"Cincinnati, OH","Savannah, GA",14,4,9,0,27,34,3,173
"Cincinnati, OH","Seattle, WA",40,8,61,3,91,126,16,714
"Cincinnati, OH","St. Louis, MO",0,0,0,0,0,0,0,1
"Cincinnati, OH","St. Petersburg, FL",47,10,42,0,31,80,6,364
"Cincinnati, OH","Tampa, FL",94,8,95,0,136,206,25,980
"Cincinnati, OH","Valparaiso, FL",47,14,30,1,47,86,5,400
"Cincinnati, OH","Washington, DC",209,27,302,0,185,449,28,2319
"Cincinnati, OH","West Palm Beach/Palm Beach, FL",8,2,13,0,3,19,1,81
"Clarksburg/Fairmont, WV","Myrtle Beach, SC",7,0,7,2,12,13,0,22
"Clarksburg/Fairmont, WV","Sanford, FL",28,3,21,2,35,44,2,117
"Clarksburg/Fairmont, WV","St. Petersburg, FL",2,2,6,0,2,10,1,57
"Clarksburg/Fairmont, WV","Valparaiso, FL",1,1,2,0,4,4,2,11
"Cleveland, OH","Atlanta, GA",257,13,227,1,239,450,24,3007
"Cleveland, OH","Austin, TX",21,1,24,0,20,38,2,111
"Cleveland, OH","Baltimore, MD",72,2,57,0,92,123,7,999
"Cleveland, OH","Boston, MA",118,7,188,0,110,280,21,1712
"Cleveland, OH","Charleston, SC",6,0,4,0,4,10,2,51
"Cleveland, OH","Charlotte, NC",193,16,208,0,250,405,32,1888
"Cleveland, OH","Chicago, IL",271,17,333,2,318,597,51,4092
"Cleveland, OH","Dallas/Fort Worth, TX",216,16,225,0,200,395,38,1677
"Cleveland, OH","Denver, CO",183,5,149,2,159,307,10,1860
"Cleveland, OH","Detroit, MI",137,36,78,0,50,221,10,1477
"Cleveland, OH","Fort Lauderdale, FL",76,6,98,1,44,143,12,1049
"Cleveland, OH","Fort Myers, FL",77,6,102,0,78,176,35,1093
"Cleveland, OH","Houston, TX",80,5,126,0,58,174,17,1246
"Cleveland, OH","Jacksonville, FL",1,0,7,0,8,11,2,46
"Cleveland, OH","Las Vegas, NV",131,7,84,0,118,215,13,911
"Cleveland, OH","Los Angeles, CA",57,2,52,0,30,86,11,708
"Cleveland, OH","Miami, FL",73,2,63,0,53,127,17,664
"Cleveland, OH","Minneapolis, MN",88,24,109,0,97,211,13,1291
"Cleveland, OH","Myrtle Beach, SC",23,0,17,0,18,29,8,183
"Cleveland, OH","Nashville, TN",57,0,44,0,92,105,4,759
"Cleveland, OH","New Orleans, LA",9,0,9,0,11,14,2,42
"Cleveland, OH","New York, NY",248,27,393,5,314,658,131,4577
"Cleveland, OH","Newark, NJ",71,8,232,0,98,302,57,1938
"Cleveland, OH","Orlando, FL",209,10,205,0,272,439,51,2043
"Cleveland, OH","Pensacola, FL",7,0,4,0,3,6,1,36
"Cleveland, OH","Philadelphia, PA",156,7,218,3,190,315,23,1241
"Cleveland, OH","Phoenix, AZ",119,4,96,2,90,182,9,873
"Cleveland, OH","Pittsburgh, PA",3,0,3,0,2,5,5,39
"Cleveland, OH","Raleigh/Durham, NC",26,1,14,0,25,37,6,212
"Cleveland, OH","Salt Lake City, UT",15,2,11,0,8,26,4,106
"Cleveland, OH","San Francisco, CA",29,2,33,0,11,52,11,470
"Cleveland, OH","San Juan, PR",35,1,46,0,32,61,5,203
"Cleveland, OH","Sarasota/Bradenton, FL",42,2,43,0,41,76,11,270
"Cleveland, OH","Savannah, GA",5,0,6,0,6,8,0,40
"Cleveland, OH","Seattle, WA",7,0,56,2,59,90,4,439
"Cleveland, OH","St. Louis, MO",58,3,37,3,86,101,4,705
"Cleveland, OH","Tampa, FL",128,8,117,0,167,256,30,1055
"Cleveland, OH","Washington, DC",121,9,160,0,161,270,24,1991
"Cleveland, OH","West Palm Beach/Palm Beach, FL",1,0,2,0,0,2,0,2
"Cody, WY","Denver, CO",74,16,61,1,40,133,5,631
"College Station/Bryan, TX","Chicago, IL",0,0,1,0,0,1,0,2
"College Station/Bryan, TX","Dallas/Fort Worth, TX",75,35,90,0,105,209,28,1118
"College Station/Bryan, TX","Washington, DC",0,0,0,0,0,0,0,2
"Colorado Springs, CO","Atlanta, GA",37,6,41,0,18,65,3,460
"Colorado Springs, CO","Baltimore, MD",12,0,19,0,15,25,1,209
"Colorado Springs, CO","Chicago, IL",76,4,48,0,66,124,9,998
"Colorado Springs, CO","Dallas, TX",80,4,101,1,99,160,4,889
"Colorado Springs, CO","Dallas/Fort Worth, TX",227,41,253,1,251,476,33,1985
"Colorado Springs, CO","Denver, CO",379,60,322,0,308,775,72,5006
"Colorado Springs, CO","Houston, TX",63,7,41,0,30,100,8,531
"Colorado Springs, CO","Las Vegas, NV",67,4,100,0,123,173,4,913
"Colorado Springs, CO","Long Beach, CA",18,0,20,0,18,29,1,195
"Colorado Springs, CO","Minneapolis, MN",20,1,23,0,30,41,1,94
"Colorado Springs, CO","Phoenix, AZ",67,6,73,0,118,156,4,976
"Colorado Springs, CO","Salt Lake City, UT",20,4,4,0,0,23,0,366
"Colorado Springs, CO","San Antonio, TX",5,0,1,0,9,10,0,16
"Colorado Springs, CO","San Diego, CA",1,0,3,0,2,4,0,16
"Columbia, MO","Chicago, IL",68,19,88,1,71,141,8,583
"Columbia, MO","Dallas/Fort Worth, TX",122,60,136,1,148,266,28,1196
"Columbia, SC","Atlanta, GA",88,23,109,0,148,234,16,2229
"Columbia, SC","Charlotte, NC",106,10,167,3,115,249,9,1244
"Columbia, SC","Chicago, IL",71,4,57,0,19,113,5,726
"Columbia, SC","Dallas/Fort Worth, TX",138,17,114,0,116,213,21,728
"Columbia, SC","Miami, FL",1,1,1,0,0,1,0,13
"Columbia, SC","New York, NY",58,20,59,0,54,117,31,850
"Columbia, SC","Oklahoma City, OK",0,0,0,0,0,0,0,1
"Columbia, SC","Washington, DC",135,12,139,0,141,247,24,1026
"Columbus, GA","Atlanta, GA",105,22,71,0,55,159,22,1001
"Columbus, MS","Atlanta, GA",15,4,42,0,33,69,8,732
"Columbus, OH","Atlanta, GA",167,15,199,2,203,370,21,3077
"Columbus, OH","Austin, TX",26,1,39,0,34,47,1,351
"Columbus, OH","Baltimore, MD",81,3,36,0,91,116,2,1098
"Columbus, OH","Boston, MA",83,9,173,0,83,242,15,1802
"Columbus, OH","Cedar Rapids/Iowa City, IA",0,0,0,0,0,0,0,1
"Columbus, OH","Charleston, SC",2,0,3,0,5,7,3,20
"Columbus, OH","Charlotte, NC",199,24,255,1,275,456,20,2042
"Columbus, OH","Chicago, IL",432,29,494,2,398,839,42,4610
"Columbus, OH","Dallas, TX",47,4,35,1,59,76,4,401
"Columbus, OH","Dallas/Fort Worth, TX",168,15,161,2,168,303,33,1720
"Columbus, OH","Denver, CO",179,11,166,2,166,317,11,1809
"Columbus, OH","Detroit, MI",143,35,59,0,18,204,5,1492
"Columbus, OH","Eugene, OR",0,0,0,0,0,0,0,2
"Columbus, OH","Fort Lauderdale, FL",118,9,167,6,120,254,10,1156
"Columbus, OH","Fort Myers, FL",54,4,61,1,77,116,10,644
"Columbus, OH","Houston, TX",127,7,136,0,82,204,19,978
"Columbus, OH","Kansas City, MO",1,0,1,0,2,1,0,21
"Columbus, OH","Knoxville, TN",0,0,0,0,0,0,0,1
"Columbus, OH","Las Vegas, NV",126,9,146,3,130,232,9,1109
"Columbus, OH","Los Angeles, CA",33,3,35,0,23,51,4,314
"Columbus, OH","Miami, FL",78,12,59,0,67,133,6,827
"Columbus, OH","Minneapolis, MN",72,23,69,0,61,166,10,1243
"Columbus, OH","Myrtle Beach, SC",10,2,17,0,17,29,6,160
"Columbus, OH","Nashville, TN",38,2,18,1,82,97,3,757
"Columbus, OH","New Orleans, LA",4,0,5,0,10,10,2,36
"Columbus, OH","New York, NY",251,23,422,0,155,565,80,4754
"Columbus, OH","Newark, NJ",77,4,161,0,32,208,34,2002
"Columbus, OH","Omaha, NE",0,0,0,0,0,0,0,2
"Columbus, OH","Orlando, FL",157,13,215,0,218,362,36,2151
"Columbus, OH","Philadelphia, PA",86,7,166,0,139,258,25,1469
"Columbus, OH","Phoenix, AZ",81,4,60,1,64,129,3,1039
"Columbus, OH","Portland, OR",0,0,0,0,0,0,0,2
"Columbus, OH","Punta Gorda, FL",21,4,29,0,38,52,4,161
"Columbus, OH","Salt Lake City, UT",7,0,4,0,0,10,2,207
"Columbus, OH","San Diego, CA",5,0,2,0,6,7,0,9
"Columbus, OH","San Francisco, CA",80,2,60,0,56,113,5,329
"Columbus, OH","Sanford, FL",32,3,21,0,50,54,2,142
"Columbus, OH","Sarasota/Bradenton, FL",21,2,26,1,27,43,16,268
"Columbus, OH","Savannah, GA",6,2,7,0,14,20,0,114
"Columbus, OH","Seattle, WA",19,10,47,1,49,80,9,471
"Columbus, OH","St. Louis, MO",40,0,29,0,89,110,8,656
"Columbus, OH","St. Petersburg, FL",7,4,15,0,26,34,3,140
"Columbus, OH","Tampa, FL",80,6,87,1,124,171,20,892
"Columbus, OH","Valparaiso, FL",7,0,8,0,10,13,1,93
"Columbus, OH","Washington, DC",156,17,187,0,175,329,21,2658
"Concord, NC","Fort Lauderdale, FL",32,4,28,0,54,66,6,191
"Concord, NC","Punta Gorda, FL",11,1,20,0,24,31,1,118
"Concord, NC","Sanford, FL",22,4,24,0,49,56,4,179
"Concord, NC","St. Petersburg, FL",19,7,23,0,36,52,5,215
"Cordova, AK","Anchorage, AK",14,0,43,14,54,72,12,363
"Cordova, AK","Yakutat, AK",8,2,24,1,46,52,2,363
"Corpus Christi, TX","Dallas, TX",0,0,0,0,0,0,0,9
"Corpus Christi, TX","Dallas/Fort Worth, TX",124,105,248,1,276,435,50,2499
"Corpus Christi, TX","Houston, TX",73,6,130,0,117,209,16,1363
"Dallas, TX","Albuquerque, NM",234,15,143,2,286,377,19,1696
"Dallas, TX","Amarillo, TX",147,7,64,0,216,253,9,1274
"Dallas, TX","Atlanta, GA",423,53,290,3,456,695,29,3538
"Dallas, TX","Austin, TX",306,21,221,3,384,511,31,2510
"Dallas, TX","Baltimore, MD",248,21,194,4,256,390,23,1824
"Dallas, TX","Birmingham, AL",156,6,113,0,187,245,8,930
"Dallas, TX","Boise, ID",1,0,2,0,1,2,0,9
"Dallas, TX","Boston, MA",5,0,13,1,4,13,0,39
"Dallas, TX","Bozeman, MT",3,0,2,1,3,4,0,26
"Dallas, TX","Buffalo, NY",1,0,0,0,1,1,0,9
"Dallas, TX","Burbank, CA",82,7,42,0,95,114,1,459
"Dallas, TX","Charleston, SC",40,5,39,1,47,74,2,322
"Dallas, TX","Charlotte, NC",84,4,56,0,100,124,0,383
"Dallas, TX","Chicago, IL",452,25,262,2,492,681,46,3402
"Dallas, TX","Colorado Springs, CO",134,12,66,0,163,199,2,889
"Dallas, TX","Columbus, OH",67,5,44,1,87,103,0,409
"Dallas, TX","Corpus Christi, TX",1,0,0,0,0,1,0,9
"Dallas, TX","Denver, CO",454,34,349,2,521,734,42,3283
"Dallas, TX","Detroit, MI",1,0,1,0,0,1,0,1
"Dallas, TX","El Paso, TX",244,14,136,1,285,382,17,1740
"Dallas, TX","Fort Lauderdale, FL",110,9,93,3,129,192,8,779
"Dallas, TX","Fort Myers, FL",21,2,19,0,24,35,2,151
"Dallas, TX","Fresno, CA",0,0,0,0,0,0,0,9
"Dallas, TX","Harlingen/San Benito, TX",40,1,18,0,55,67,1,276
"Dallas, TX","Hayden, CO",4,2,13,0,5,11,1,102
"Dallas, TX","Houston, TX",619,52,540,2,725,1082,102,4718
"Dallas, TX","Indianapolis, IN",108,6,38,1,135,164,3,696
"Dallas, TX","Jacksonville, FL",22,4,29,1,37,45,0,148
"Dallas, TX","Kansas City, MO",292,21,142,4,369,452,24,2035
"Dallas, TX","Las Vegas, NV",389,31,276,3,482,647,26,2931
"Dallas, TX","Little Rock, AR",145,8,37,0,164,205,6,1014
"Dallas, TX","Long Beach, CA",93,5,48,1,92,118,4,637
"Dallas, TX","Los Angeles, CA",298,21,166,1,294,424,15,1825
"Dallas, TX","Louisville, KY",18,1,18,0,18,36,0,141
"Dallas, TX","Lubbock, TX",196,11,104,2,268,334,16,1603
"Dallas, TX","Memphis, TN",75,8,43,2,87,116,2,464
"Dallas, TX","Miami, FL",44,6,51,0,44,86,7,456
"Dallas, TX","Midland/Odessa, TX",158,10,93,2,224,287,22,1466
"Dallas, TX","Milwaukee, WI",75,5,41,0,72,95,4,400
"Dallas, TX","Minneapolis, MN",12,0,9,0,13,17,0,80
"Dallas, TX","Montrose/Delta, CO",11,2,12,0,12,22,0,111
"Dallas, TX","Myrtle Beach, SC",8,0,7,0,6,15,0,40
"Dallas, TX","Nashville, TN",284,26,176,4,362,473,26,2405
"Dallas, TX","New Orleans, LA",311,24,227,5,367,499,29,2288
"Dallas, TX","New York, NY",183,16,167,2,161,293,18,1356
"Dallas, TX","Norfolk, VA",8,0,12,0,9,16,0,77
"Dallas, TX","Oakland, CA",109,4,62,1,121,157,4,671
"Dallas, TX","Omaha, NE",52,2,38,0,62,90,5,433
"Dallas, TX","Ontario, CA",77,4,37,0,73,98,3,382
"Dallas, TX","Orlando, FL",394,38,361,1,446,671,55,2694
"Dallas, TX","Palm Springs, CA",25,2,13,0,16,31,1,140
"Dallas, TX","Panama City, FL",90,7,64,0,108,143,2,694
"Dallas, TX","Pensacola, FL",36,6,44,1,43,68,1,442
"Dallas, TX","Philadelphia, PA",9,0,12,1,5,17,0,47
"Dallas, TX","Phoenix, AZ",451,30,245,4,518,665,29,3089
"Dallas, TX","Pittsburgh, PA",47,7,36,0,48,72,2,360
"Dallas, TX","Portland, OR",39,1,31,1,39,57,0,146
"Dallas, TX","Providence, RI",1,0,1,0,1,1,0,17
"Dallas, TX","Raleigh/Durham, NC",79,5,48,0,68,98,2,406
"Dallas, TX","Reno, NV",16,1,12,0,13,24,1,75
"Dallas, TX","Sacramento, CA",102,2,70,0,105,137,4,560
"Dallas, TX","Salt Lake City, UT",97,13,62,0,103,149,2,670
"Dallas, TX","San Antonio, TX",314,21,208,1,379,514,33,2725
"Dallas, TX","San Diego, CA",276,19,207,1,280,406,11,1490
"Dallas, TX","San Francisco, CA",1,1,1,0,0,3,1,22
"Dallas, TX","San Jose, CA",91,5,53,2,94,135,1,607
"Dallas, TX","Santa Ana, CA",57,1,38,1,66,86,1,370
"Dallas, TX","Sarasota/Bradenton, FL",22,1,17,0,23,36,2,128
"Dallas, TX","Savannah, GA",47,6,57,1,59,79,1,376
"Dallas, TX","Seattle, WA",31,9,65,0,47,78,8,393
"Dallas, TX","Spokane, WA",2,0,1,0,1,2,0,9
"Dallas, TX","St. Louis, MO",266,19,119,0,315,390,17,2083
"Dallas, TX","Tampa, FL",221,17,205,3,241,367,29,1335
"Dallas, TX","Tucson, AZ",11,2,4,0,14,18,0,118
"Dallas, TX","Tulsa, OK",145,6,45,1,180,236,9,1101
"Dallas, TX","Valparaiso, FL",47,4,36,2,34,80,2,428
"Dallas, TX","Washington, DC",243,18,197,5,263,397,15,1698
"Dallas, TX","West Palm Beach/Palm Beach, FL",1,2,1,0,1,3,0,5
"Dallas/Fort Worth, TX","Abilene, TX",170,68,251,0,248,392,15,1757
"Dallas/Fort Worth, TX","Albany, NY",120,15,67,0,117,170,4,350
"Dallas/Fort Worth, TX","Albuquerque, NM",484,72,300,1,485,730,61,2460
"Dallas/Fort Worth, TX","Alexandria, LA",92,36,57,1,32,168,26,1088
"Dallas/Fort Worth, TX","Amarillo, TX",252,76,244,1,284,477,43,2422
"Dallas/Fort Worth, TX","Anchorage, AK",100,15,64,0,56,124,2,381
"Dallas/Fort Worth, TX","Appleton, WI",24,7,21,1,29,47,1,210
"Dallas/Fort Worth, TX","Asheville, NC",73,31,47,0,95,139,17,593
"Dallas/Fort Worth, TX","Aspen, CO",139,45,86,0,12,208,34,1162
"Dallas/Fort Worth, TX","Atlanta, GA",962,155,743,3,979,1615,99,6516
"Dallas/Fort Worth, TX","Augusta, GA",32,9,30,1,42,68,10,373
"Dallas/Fort Worth, TX","Austin, TX",862,167,606,1,893,1372,93,4920
"Dallas/Fort Worth, TX","Bakersfield, CA",130,17,56,0,134,171,9,462
"Dallas/Fort Worth, TX","Baltimore, MD",335,32,223,5,303,488,42,1590
"Dallas/Fort Worth, TX","Baton Rouge, LA",194,66,224,2,216,399,47,1967
"Dallas/Fort Worth, TX","Beaumont/Port Arthur, TX",56,26,36,1,19,105,18,730
"Dallas/Fort Worth, TX","Bend/Redmond, OR",38,3,32,0,42,55,2,132
"Dallas/Fort Worth, TX","Billings, MT",66,34,91,0,93,145,2,642
"Dallas/Fort Worth, TX","Birmingham, AL",252,87,286,1,303,516,30,2326
"Dallas/Fort Worth, TX","Bismarck/Mandan, ND",48,22,58,0,69,109,2,603
"Dallas/Fort Worth, TX","Bloomington/Normal, IL",50,29,58,0,79,125,12,729
"Dallas/Fort Worth, TX","Boise, ID",195,19,108,0,177,260,13,829
"Dallas/Fort Worth, TX","Boston, MA",668,112,557,2,597,1102,51,4058
"Dallas/Fort Worth, TX","Bozeman, MT",104,14,87,0,107,172,3,703
"Dallas/Fort Worth, TX","Bristol/Johnson City/Kingsport, TN",41,15,33,2,50,84,3,551
"Dallas/Fort Worth, TX","Brownsville, TX",148,50,159,1,135,279,29,1643
"Dallas/Fort Worth, TX","Buffalo, NY",122,14,58,0,135,177,7,511
"Dallas/Fort Worth, TX","Burbank, CA",130,23,97,2,121,197,11,728
"Dallas/Fort Worth, TX","Burlington, VT",2,0,2,0,2,4,0,19
"Dallas/Fort Worth, TX","Cedar Rapids/Iowa City, IA",212,35,120,0,207,315,30,997
"Dallas/Fort Worth, TX","Champaign/Urbana, IL",56,28,68,1,90,140,6,725
"Dallas/Fort Worth, TX","Charleston, SC",235,40,117,0,239,348,29,1245
"Dallas/Fort Worth, TX","Charlotte Amalie, VI",17,1,19,0,12,25,0,48
"Dallas/Fort Worth, TX","Charlotte, NC",826,127,532,1,665,1160,59,4161
"Dallas/Fort Worth, TX","Chattanooga, TN",110,46,128,0,152,247,24,1454
"Dallas/Fort Worth, TX","Chicago, IL",1090,147,884,2,956,1764,99,7072
"Dallas/Fort Worth, TX","Cincinnati, OH",359,45,226,0,417,576,39,1876
"Dallas/Fort Worth, TX","Cleveland, OH",306,45,208,0,366,488,37,1678
"Dallas/Fort Worth, TX","College Station/Bryan, TX",120,38,91,2,107,220,28,1118
"Dallas/Fort Worth, TX","Colorado Springs, CO",311,61,194,2,224,461,31,1986
"Dallas/Fort Worth, TX","Columbia, MO",138,37,126,0,154,268,27,1195
"Dallas/Fort Worth, TX","Columbia, SC",198,27,55,0,186,267,19,728
"Dallas/Fort Worth, TX","Columbus, OH",288,46,169,0,311,430,31,1721
"Dallas/Fort Worth, TX","Corpus Christi, TX",207,80,296,0,262,452,44,2500
"Dallas/Fort Worth, TX","Dayton, OH",132,48,130,0,183,276,16,1350
"Dallas/Fort Worth, TX","Daytona Beach, FL",0,0,0,0,0,0,0,3
"Dallas/Fort Worth, TX","Denver, CO",1007,121,841,1,964,1651,126,6206
"Dallas/Fort Worth, TX","Des Moines, IA",288,41,128,0,291,421,21,1218
"Dallas/Fort Worth, TX","Detroit, MI",571,96,381,4,580,893,50,3629
"Dallas/Fort Worth, TX","Durango, CO",132,28,86,0,43,205,18,1103
"Dallas/Fort Worth, TX","Eagle, CO",194,20,105,1,150,259,8,906
"Dallas/Fort Worth, TX","El Paso, TX",576,103,342,1,585,871,54,3032
"Dallas/Fort Worth, TX","Eugene, OR",97,13,46,0,102,145,8,348
"Dallas/Fort Worth, TX","Evansville, IN",95,31,85,0,119,189,8,881
"Dallas/Fort Worth, TX","Fargo, ND",70,37,97,1,111,176,4,935
"Dallas/Fort Worth, TX","Fayetteville, AR",391,106,357,3,446,699,43,3291
"Dallas/Fort Worth, TX","Fayetteville, NC",8,2,10,0,8,16,1,63
"Dallas/Fort Worth, TX","Flagstaff, AZ",74,23,41,0,22,124,3,463
"Dallas/Fort Worth, TX","Fort Lauderdale, FL",553,72,495,7,440,862,70,3053
"Dallas/Fort Worth, TX","Fort Myers, FL",290,43,201,1,303,459,53,1342
"Dallas/Fort Worth, TX","Fort Smith, AR",130,40,102,1,126,229,26,1184
"Dallas/Fort Worth, TX","Fort Wayne, IN",85,27,94,0,87,174,5,906
"Dallas/Fort Worth, TX","Fresno, CA",350,44,201,0,322,483,27,1435
"Dallas/Fort Worth, TX","Gainesville, FL",36,12,50,1,46,80,11,424
"Dallas/Fort Worth, TX","Garden City, KS",88,28,71,0,93,164,16,730
"Dallas/Fort Worth, TX","Grand Island, NE",74,30,45,0,28,140,19,729
"Dallas/Fort Worth, TX","Grand Junction, CO",80,37,95,0,49,171,8,938
"Dallas/Fort Worth, TX","Grand Rapids, MI",259,30,141,0,257,367,17,1125
"Dallas/Fort Worth, TX","Greensboro/High Point, NC",190,35,122,1,207,284,23,931
"Dallas/Fort Worth, TX","Greer, SC",232,33,142,2,219,342,18,1197
"Dallas/Fort Worth, TX","Gulfport/Biloxi, MS",93,35,109,1,103,203,24,1064
"Dallas/Fort Worth, TX","Gunnison, CO",25,5,6,0,21,32,2,131
"Dallas/Fort Worth, TX","Harlingen/San Benito, TX",130,46,179,0,163,280,26,1641
"Dallas/Fort Worth, TX","Harrisburg, PA",108,14,50,0,106,151,3,366
"Dallas/Fort Worth, TX","Hartford, CT",158,21,92,1,159,222,14,590
"Dallas/Fort Worth, TX","Hayden, CO",28,7,22,0,25,47,1,185
"Dallas/Fort Worth, TX","Honolulu, HI",99,10,83,0,22,148,1,649
"Dallas/Fort Worth, TX","Houston, TX",1071,196,1072,8,1076,1902,242,7571
"Dallas/Fort Worth, TX","Huntsville, AL",204,66,216,0,260,433,42,2154
"Dallas/Fort Worth, TX","Idaho Falls, ID",83,16,41,0,24,126,7,547
"Dallas/Fort Worth, TX","Indianapolis, IN",372,41,207,0,377,537,29,1882
"Dallas/Fort Worth, TX","Jackson, WY",127,13,65,0,103,174,10,622
"Dallas/Fort Worth, TX","Jackson/Vicksburg, MS",218,76,251,1,212,426,32,1949
"Dallas/Fort Worth, TX","Jacksonville, FL",380,61,262,0,394,579,46,2010
"Dallas/Fort Worth, TX","Kahului, HI",47,12,26,0,14,71,0,366
"Dallas/Fort Worth, TX","Kalispell, MT",41,5,46,0,34,68,2,289
"Dallas/Fort Worth, TX","Kansas City, MO",487,73,270,2,511,708,45,2553
"Dallas/Fort Worth, TX","Key West, FL",98,21,95,0,95,173,14,541
"Dallas/Fort Worth, TX","Killeen, TX",217,76,198,0,227,404,37,1797
"Dallas/Fort Worth, TX","Knoxville, TN",289,47,199,0,310,453,27,1438
"Dallas/Fort Worth, TX","Lafayette, LA",143,42,154,0,166,313,47,1597
"Dallas/Fort Worth, TX","Lake Charles, LA",111,34,70,0,30,173,27,1086
"Dallas/Fort Worth, TX","Laredo, TX",174,48,227,0,177,330,25,1660
"Dallas/Fort Worth, TX","Las Vegas, NV",1196,160,906,9,1147,1874,102,6167
"Dallas/Fort Worth, TX","Lawton/Fort Sill, OK",92,36,56,1,43,164,29,1086
"Dallas/Fort Worth, TX","Lexington, KY",155,31,118,1,161,260,26,1069
"Dallas/Fort Worth, TX","Little Rock, AR",359,84,391,1,381,662,56,2999
"Dallas/Fort Worth, TX","Longview, TX",73,34,59,0,51,149,17,729
"Dallas/Fort Worth, TX","Los Angeles, CA",1399,187,1010,9,1003,1894,82,7013
"Dallas/Fort Worth, TX","Louisville, KY",345,70,236,2,368,557,36,2162
"Dallas/Fort Worth, TX","Lubbock, TX",313,83,276,2,328,556,59,2665
"Dallas/Fort Worth, TX","Madison, WI",284,42,132,0,267,395,19,1067
"Dallas/Fort Worth, TX","Manhattan/Ft. Riley, KS",74,27,75,1,96,161,15,981
"Dallas/Fort Worth, TX","Memphis, TN",458,80,296,3,516,717,60,2584
"Dallas/Fort Worth, TX","Miami, FL",1020,143,768,6,720,1476,95,5003
"Dallas/Fort Worth, TX","Midland/Odessa, TX",285,93,400,0,327,625,55,3103
"Dallas/Fort Worth, TX","Milwaukee, WI",289,36,125,1,301,424,28,1257
"Dallas/Fort Worth, TX","Minneapolis, MN",437,79,357,4,512,752,45,3220
"Dallas/Fort Worth, TX","Mission/McAllen/Edinburg, TX",497,79,339,4,538,776,50,2674
"Dallas/Fort Worth, TX","Missoula, MT",69,12,65,0,50,109,2,457
"Dallas/Fort Worth, TX","Mobile, AL",99,35,122,1,136,211,20,1070
"Dallas/Fort Worth, TX","Moline, IL",70,37,73,1,109,156,15,803
"Dallas/Fort Worth, TX","Monroe, LA",118,37,99,1,91,203,18,1155
"Dallas/Fort Worth, TX","Monterey, CA",132,15,63,0,100,161,7,462
"Dallas/Fort Worth, TX","Montgomery, AL",101,26,81,0,98,185,18,934
"Dallas/Fort Worth, TX","Montrose/Delta, CO",58,12,40,1,62,98,3,566
"Dallas/Fort Worth, TX","Myrtle Beach, SC",65,17,60,0,83,112,6,463
"Dallas/Fort Worth, TX","Nashville, TN",719,112,479,1,754,1120,103,3585
"Dallas/Fort Worth, TX","New Orleans, LA",626,95,455,1,655,994,61,3023
"Dallas/Fort Worth, TX","New York, NY",1036,202,881,8,953,1768,166,8374
"Dallas/Fort Worth, TX","Newark, NJ",470,74,533,5,473,925,83,3566
"Dallas/Fort Worth, TX","Norfolk, VA",186,24,91,1,173,264,30,998
"Dallas/Fort Worth, TX","Oklahoma City, OK",486,94,263,0,531,806,78,3315
"Dallas/Fort Worth, TX","Omaha, NE",305,58,193,0,319,477,21,1521
"Dallas/Fort Worth, TX","Ontario, CA",444,69,242,2,426,648,44,2404
"Dallas/Fort Worth, TX","Orlando, FL",952,134,790,7,971,1587,120,4954
"Dallas/Fort Worth, TX","Palm Springs, CA",189,26,99,0,181,276,22,1029
"Dallas/Fort Worth, TX","Panama City, FL",183,29,183,0,205,327,16,1059
"Dallas/Fort Worth, TX","Pensacola, FL",315,50,267,2,349,532,50,1753
"Dallas/Fort Worth, TX","Peoria, IL",60,26,70,0,109,149,9,729
"Dallas/Fort Worth, TX","Philadelphia, PA",711,96,468,4,526,997,60,3533
"Dallas/Fort Worth, TX","Phoenix, AZ",1057,165,648,8,946,1503,70,5205
"Dallas/Fort Worth, TX","Pittsburgh, PA",250,47,144,0,262,396,25,1539
"Dallas/Fort Worth, TX","Portland, ME",9,0,0,0,6,10,0,54
"Dallas/Fort Worth, TX","Portland, OR",534,64,378,3,503,792,54,2525
"Dallas/Fort Worth, TX","Provo, UT",50,11,43,0,18,79,4,224
"Dallas/Fort Worth, TX","Raleigh/Durham, NC",480,70,284,0,436,674,32,2173
"Dallas/Fort Worth, TX","Rapid City, SD",79,37,104,1,99,190,8,1107
"Dallas/Fort Worth, TX","Reno, NV",235,36,150,1,225,350,22,1329
"Dallas/Fort Worth, TX","Richmond, VA",220,33,87,1,218,310,20,997
"Dallas/Fort Worth, TX","Roswell, NM",106,25,75,1,46,175,27,963
"Dallas/Fort Worth, TX","Sacramento, CA",435,61,233,2,358,575,35,1777
"Dallas/Fort Worth, TX","Salt Lake City, UT",699,101,425,0,748,1075,56,4001
"Dallas/Fort Worth, TX","San Angelo, TX",121,32,93,0,97,198,20,1089
"Dallas/Fort Worth, TX","San Antonio, TX",995,155,626,3,973,1470,109,4548
"Dallas/Fort Worth, TX","San Diego, CA",754,119,536,4,697,1101,65,3528
"Dallas/Fort Worth, TX","San Francisco, CA",871,129,862,3,785,1477,64,4061
"Dallas/Fort Worth, TX","San Jose, CA",260,31,192,2,240,383,16,1332
"Dallas/Fort Worth, TX","San Juan, PR",199,27,171,0,120,286,8,948
"Dallas/Fort Worth, TX","San Luis Obispo, CA",104,12,61,1,83,139,2,466
"Dallas/Fort Worth, TX","Santa Ana, CA",376,68,235,0,319,543,50,2798
"Dallas/Fort Worth, TX","Santa Barbara, CA",129,12,55,0,108,160,9,471
"Dallas/Fort Worth, TX","Santa Fe, NM",187,62,121,0,55,312,23,1605
"Dallas/Fort Worth, TX","Santa Rosa, CA",47,6,34,0,28,56,1,210
"Dallas/Fort Worth, TX","Sarasota/Bradenton, FL",48,16,56,0,67,95,18,377
"Dallas/Fort Worth, TX","Savannah, GA",225,24,125,1,230,331,27,994
"Dallas/Fort Worth, TX","Seattle, WA",778,134,788,11,728,1372,92,5008
"Dallas/Fort Worth, TX","Shreveport, LA",161,59,169,1,219,368,44,1928
"Dallas/Fort Worth, TX","Sioux Falls, SD",168,29,87,1,173,258,12,905
"Dallas/Fort Worth, TX","South Bend, IN",100,27,57,0,29,163,12,871
"Dallas/Fort Worth, TX","Spokane, WA",209,22,111,2,176,263,6,686
"Dallas/Fort Worth, TX","Springfield, MO",264,104,375,1,361,585,53,3046
"Dallas/Fort Worth, TX","St. George, UT",27,9,25,0,8,46,1,270
"Dallas/Fort Worth, TX","St. Louis, MO",443,67,231,2,390,633,49,2394
"Dallas/Fort Worth, TX","State College, PA",0,0,1,0,0,1,0,1
"Dallas/Fort Worth, TX","Stillwater, OK",55,30,40,0,30,110,13,730
"Dallas/Fort Worth, TX","Syracuse, NY",120,16,50,0,124,164,4,350
"Dallas/Fort Worth, TX","Tallahassee, FL",107,42,154,1,132,233,21,1090
"Dallas/Fort Worth, TX","Tampa, FL",536,97,453,4,519,860,89,2969
"Dallas/Fort Worth, TX","Texarkana, AR",85,33,52,1,79,166,18,737
"Dallas/Fort Worth, TX","Traverse City, MI",24,1,12,0,25,36,0,133
"Dallas/Fort Worth, TX","Tucson, AZ",474,67,269,0,415,645,46,2307
"Dallas/Fort Worth, TX","Tulsa, OK",562,93,265,0,513,802,73,3148
"Dallas/Fort Worth, TX","Tyler, TX",115,36,74,0,53,193,26,1090
"Dallas/Fort Worth, TX","Valparaiso, FL",240,44,162,2,254,383,30,1394
"Dallas/Fort Worth, TX","Waco, TX",131,38,100,1,87,232,30,1087
"Dallas/Fort Worth, TX","Washington, DC",879,131,499,3,675,1186,77,5006
"Dallas/Fort Worth, TX","West Palm Beach/Palm Beach, FL",271,37,176,1,278,405,37,1141
"Dallas/Fort Worth, TX","Wichita Falls, TX",63,27,44,2,23,120,11,725
"Dallas/Fort Worth, TX","Wichita, KS",354,78,319,3,358,619,48,2678
"Dallas/Fort Worth, TX","Wilmington, NC",55,26,58,0,77,112,6,601
"Dallas/Fort Worth, TX","Yuma, AZ",46,10,33,0,21,78,3,365
"Dayton, OH","Atlanta, GA",52,5,41,1,67,113,13,1353
"Dayton, OH","Charlotte, NC",108,14,121,0,123,230,1,1369
"Dayton, OH","Chicago, IL",99,17,108,0,83,241,13,1209
"Dayton, OH","Dallas/Fort Worth, TX",90,25,132,1,133,236,16,1351
"Dayton, OH","Denver, CO",30,1,15,0,0,38,1,366
"Dayton, OH","New York, NY",30,4,26,0,13,53,12,543
"Dayton, OH","Philadelphia, PA",3,0,0,0,0,3,0,39
"Dayton, OH","Punta Gorda, FL",14,0,10,0,23,26,3,92
"Dayton, OH","Sanford, FL",12,2,12,0,19,25,3,80
"Dayton, OH","St. Petersburg, FL",5,1,8,0,13,15,6,106
"Dayton, OH","Washington, DC",83,6,128,0,117,193,24,1132
"Daytona Beach, FL","Atlanta, GA",68,14,75,0,110,168,19,1444
"Daytona Beach, FL","Charlotte, NC",101,30,73,1,155,212,34,1397
"Daytona Beach, FL","Dallas/Fort Worth, TX",0,0,0,0,0,0,0,3
"Daytona Beach, FL","Detroit, MI",0,0,0,0,0,0,0,2
"Daytona Beach, FL","New York, NY",0,0,0,0,0,0,0,2
"Daytona Beach, FL","Washington, DC",4,0,2,0,7,8,0,26
"Deadhorse, AK","Anchorage, AK",8,3,34,1,50,59,18,569
"Deadhorse, AK","Barrow, AK",0,0,0,0,0,0,0,1
"Decatur, IL","Chicago, IL",35,6,68,0,84,136,9,628
"Decatur, IL","Joplin, MO",5,0,14,0,16,21,9,152
"Denver, CO","Albany, NY",50,0,29,1,56,71,1,189
"Denver, CO","Albuquerque, NM",390,24,257,3,375,594,18,2821
"Denver, CO","Allentown/Bethlehem/Easton, PA",14,1,13,0,12,20,1,86
"Denver, CO","Amarillo, TX",75,10,63,0,55,146,7,610
"Denver, CO","Anchorage, AK",63,5,55,0,43,90,3,604
"Denver, CO","Appleton, WI",38,8,45,0,36,77,7,436
"Denver, CO","Arcata/Eureka, CA",32,5,38,1,19,61,2,319
"Denver, CO","Asheville, NC",48,4,53,0,34,92,9,391
"Denver, CO","Aspen, CO",291,83,319,2,225,670,165,2848
"Denver, CO","Atlanta, GA",779,46,610,8,639,1219,50,6098
"Denver, CO","Austin, TX",641,17,490,7,580,1006,38,4684
"Denver, CO","Bakersfield, CA",46,8,48,0,20,84,1,540
"Denver, CO","Baltimore, MD",474,12,331,5,391,670,33,3154
"Denver, CO","Bellingham, WA",9,1,10,0,14,17,0,48
"Denver, CO","Bend/Redmond, OR",91,11,91,1,73,163,10,731
"Denver, CO","Billings, MT",180,18,88,0,159,293,8,1405
"Denver, CO","Birmingham, AL",193,6,128,2,146,290,4,1081
"Denver, CO","Bishop, CA",17,2,14,0,10,33,8,103
"Denver, CO","Bismarck/Mandan, ND",138,18,88,0,69,229,18,1267
"Denver, CO","Bloomington/Normal, IL",3,0,1,0,11,12,1,60
"Denver, CO","Boise, ID",436,21,268,1,368,625,28,2812
"Denver, CO","Boston, MA",584,30,631,4,541,1054,48,3797
"Denver, CO","Bozeman, MT",369,16,148,0,325,501,16,2673
"Denver, CO","Buffalo, NY",94,1,69,2,118,158,4,434
"Denver, CO","Burbank, CA",303,15,189,2,286,447,13,1987
"Denver, CO","Burlington, VT",17,0,13,0,10,25,1,157
"Denver, CO","Casper, WY",155,13,93,0,83,253,12,1433
"Denver, CO","Cedar Rapids/Iowa City, IA",138,11,94,1,129,219,13,1122
"Denver, CO","Charleston, SC",83,3,88,2,68,132,4,703
"Denver, CO","Charlotte, NC",376,50,341,4,294,607,26,2914
"Denver, CO","Cheyenne, WY",53,12,30,0,32,100,12,679
"Denver, CO","Chicago, IL",1364,87,1084,13,1289,2223,133,9766
"Denver, CO","Cincinnati, OH",262,11,202,1,210,396,5,1817
"Denver, CO","Cleveland, OH",305,7,191,3,260,421,9,1860
"Denver, CO","Cody, WY",56,6,52,0,44,111,3,632
"Denver, CO","Colorado Springs, CO",631,53,357,5,517,1029,68,5005
"Denver, CO","Columbus, OH",291,6,227,3,263,430,10,1826
"Denver, CO","Dallas, TX",548,26,403,8,474,801,54,3287
"Denver, CO","Dallas/Fort Worth, TX",754,115,887,6,820,1498,122,6210
"Denver, CO","Dayton, OH",49,2,47,0,34,93,2,366
"Denver, CO","Des Moines, IA",309,21,222,0,313,497,26,2317
"Denver, CO","Detroit, MI",393,23,278,2,359,617,19,3019
"Denver, CO","Devils Lake, ND",31,3,14,0,12,47,7,347
"Denver, CO","Dickinson, ND",50,11,28,0,24,92,15,671
"Denver, CO","Dodge City, KS",34,5,25,0,19,62,13,418
"Denver, CO","Durango, CO",212,18,143,0,142,339,15,1779
"Denver, CO","Eagle, CO",82,20,100,0,64,198,16,1414
"Denver, CO","El Paso, TX",228,12,163,4,236,393,12,1819
"Denver, CO","Eugene, OR",155,8,105,0,134,224,14,969
"Denver, CO","Fairbanks, AK",15,2,5,0,9,20,0,90
"Denver, CO","Fargo, ND",137,15,89,0,90,233,17,1467
"Denver, CO","Fayetteville, AR",127,15,98,2,77,223,9,1294
"Denver, CO","Fort Lauderdale, FL",279,11,247,4,181,402,23,1572
"Denver, CO","Fort Myers, FL",109,4,96,0,78,175,24,847
"Denver, CO","Fresno, CA",196,16,154,0,101,303,5,1446
"Denver, CO","Gillette, WY",57,13,35,0,33,105,11,732
"Denver, CO","Grand Junction, CO",178,24,104,0,131,303,16,1743
"Denver, CO","Grand Rapids, MI",185,10,137,0,146,275,9,1322
"Denver, CO","Great Falls, MT",77,4,48,0,63,122,10,731
"Denver, CO","Green Bay, WI",3,2,6,0,8,14,0,66
"Denver, CO","Greensboro/High Point, NC",54,7,57,0,14,91,2,366
"Denver, CO","Greer, SC",37,3,28,0,18,63,1,384
"Denver, CO","Gunnison, CO",46,18,43,1,28,107,8,718
"Denver, CO","Harlingen/San Benito, TX",0,0,1,0,1,1,0,4
"Denver, CO","Hartford, CT",115,3,100,1,101,194,12,823
"Denver, CO","Hayden, CO",179,27,123,0,136,296,17,1533
"Denver, CO","Hays, KS",35,11,18,1,22,74,3,429
"Denver, CO","Helena, MT",66,14,51,0,43,127,10,731
"Denver, CO","Hobbs, NM",41,5,50,0,19,75,2,223
"Denver, CO","Honolulu, HI",112,4,67,0,55,146,9,585
"Denver, CO","Houston, TX",1148,48,1027,12,977,1824,113,7785
"Denver, CO","Huntsville, AL",78,10,42,0,43,135,6,717
"Denver, CO","Idaho Falls, ID",84,13,57,0,69,171,9,1133
"Denver, CO","Indianapolis, IN",396,16,283,4,352,583,22,2660
"Denver, CO","Jackson, WY",160,29,96,0,126,262,13,1544
"Denver, CO","Jacksonville, FL",159,8,155,1,110,245,6,928
"Denver, CO","Jamestown, ND",21,3,11,0,6,32,11,331
"Denver, CO","Joplin, MO",33,3,18,1,20,58,4,261
"Denver, CO","Kahului, HI",41,3,34,0,27,67,3,388
"Denver, CO","Kalispell, MT",134,14,84,0,99,196,11,1063
"Denver, CO","Kansas City, MO",560,20,367,3,564,888,34,4278
"Denver, CO","Kearney, NE",5,1,3,0,4,9,4,106
"Denver, CO","Knoxville, TN",104,10,86,0,78,180,7,941
"Denver, CO","Kona, HI",50,5,26,0,29,68,2,366
"Denver, CO","Laramie, WY",61,9,44,0,27,102,21,627
"Denver, CO","Las Vegas, NV",1106,84,946,3,1198,2019,84,8162
"Denver, CO","Lewiston, ID",35,5,24,1,14,55,2,366
"Denver, CO","Lexington, KY",38,5,39,0,24,68,3,367
"Denver, CO","Liberal, KS",48,6,25,0,34,87,9,419
"Denver, CO","Lihue, HI",63,1,48,1,39,88,1,381
"Denver, CO","Lincoln, NE",104,17,79,0,71,210,7,891
"Denver, CO","Little Rock, AR",171,19,133,1,91,256,3,1325
"Denver, CO","Long Beach, CA",145,5,80,2,163,223,8,1094
"Denver, CO","Los Angeles, CA",1028,49,658,3,857,1530,92,7754
"Denver, CO","Louisville, KY",177,9,156,1,151,272,6,1110
"Denver, CO","Lubbock, TX",114,9,69,1,81,180,4,678
"Denver, CO","Madison, WI",132,9,106,0,121,215,8,1136
"Denver, CO","Medford, OR",103,10,118,0,74,183,1,731
"Denver, CO","Memphis, TN",186,11,144,1,168,279,7,1266
"Denver, CO","Miami, FL",414,46,412,2,339,732,30,2459
"Denver, CO","Midland/Odessa, TX",138,12,107,1,91,249,17,1269
"Denver, CO","Milwaukee, WI",420,23,273,1,374,631,27,2731
"Denver, CO","Minneapolis, MN",708,33,586,4,758,1265,58,6360
"Denver, CO","Minot, ND",68,21,48,0,40,132,18,760
"Denver, CO","Missoula, MT",127,12,86,0,119,211,18,1122
"Denver, CO","Moab, UT",2,1,1,0,3,6,2,31
"Denver, CO","Moline, IL",66,12,40,0,46,128,6,367
"Denver, CO","Monterey, CA",51,9,66,0,33,108,4,633
"Denver, CO","Montrose/Delta, CO",184,13,147,2,164,301,10,1483
"Denver, CO","Myrtle Beach, SC",6,0,11,0,3,11,0,42
"Denver, CO","Nashville, TN",555,21,373,0,497,793,35,4031
"Denver, CO","New Orleans, LA",328,14,265,2,317,525,37,2314
"Denver, CO","New York, NY",780,52,751,2,641,1314,69,6128
"Denver, CO","Newark, NJ",390,19,451,0,318,744,88,3097
"Denver, CO","Norfolk, VA",109,4,99,0,81,154,9,563
"Denver, CO","North Bend/Coos Bay, OR",7,0,6,0,4,13,0,45
"Denver, CO","North Platte, NE",63,9,45,0,31,106,9,627
"Denver, CO","Oakland, CA",387,8,233,4,303,486,9,1865
"Denver, CO","Oklahoma City, OK",374,31,241,2,339,602,22,2921
"Denver, CO","Omaha, NE",485,23,322,2,462,740,41,3270
"Denver, CO","Ontario, CA",454,29,254,1,424,660,15,2919
"Denver, CO","Orlando, FL",670,32,587,5,538,1084,107,4788
"Denver, CO","Palm Springs, CA",202,17,174,2,182,345,6,1850
"Denver, CO","Panama City, FL",28,0,21,0,19,45,1,159
"Denver, CO","Pasco/Kennewick/Richland, WA",63,15,67,0,42,133,2,731
"Denver, CO","Pensacola, FL",71,5,43,0,79,116,5,432
"Denver, CO","Peoria, IL",14,3,30,0,19,42,2,100
"Denver, CO","Philadelphia, PA",471,23,396,3,387,711,32,2987
"Denver, CO","Phoenix, AZ",1252,75,941,10,1297,2068,101,9446
"Denver, CO","Pittsburgh, PA",256,6,177,1,262,402,7,1820
"Denver, CO","Portland, ME",10,0,12,0,6,18,0,157
"Denver, CO","Portland, OR",631,38,418,2,588,958,52,4501
"Denver, CO","Prescott, AZ",41,8,34,0,29,77,3,366
"Denver, CO","Providence, RI",24,0,13,0,21,27,0,100
"Denver, CO","Raleigh/Durham, NC",327,17,240,1,275,469,15,1889
"Denver, CO","Rapid City, SD",258,29,196,0,184,429,30,2105
"Denver, CO","Reno, NV",406,16,210,2,351,547,22,2424
"Denver, CO","Richmond, VA",135,5,114,0,99,182,0,665
"Denver, CO","Riverton/Lander, WY",51,8,28,0,27,90,10,622
"Denver, CO","Rock Springs, WY",39,14,34,0,35,93,7,623
"Denver, CO","Sacramento, CA",688,20,395,3,639,924,36,4094
"Denver, CO","Salina, KS",28,7,26,0,12,52,8,365
"Denver, CO","Salt Lake City, UT",1107,68,643,8,1076,1747,60,8103
"Denver, CO","San Antonio, TX",405,26,320,3,397,662,31,3224
"Denver, CO","San Diego, CA",744,50,667,6,740,1290,80,5558
"Denver, CO","San Francisco, CA",778,62,1186,9,774,1775,64,5546
"Denver, CO","San Jose, CA",460,12,280,3,430,658,20,3177
"Denver, CO","San Juan, PR",45,4,69,0,14,72,2,307
"Denver, CO","San Luis Obispo, CA",131,11,83,0,85,188,2,732
"Denver, CO","Santa Ana, CA",444,15,265,4,420,658,27,3619
"Denver, CO","Santa Barbara, CA",136,6,104,1,144,225,16,1112
"Denver, CO","Santa Fe, NM",101,13,53,0,65,185,10,886
"Denver, CO","Sarasota/Bradenton, FL",24,1,38,0,14,46,3,191
"Denver, CO","Savannah, GA",44,1,48,0,33,79,4,408
"Denver, CO","Scottsbluff, NE",49,11,48,0,44,104,13,627
"Denver, CO","Seattle, WA",902,77,858,6,873,1552,55,6731
"Denver, CO","Sheridan, WY",69,9,41,0,26,105,14,730
"Denver, CO","Shreveport, LA",20,8,21,0,13,43,2,223
"Denver, CO","Sioux City, IA",35,5,20,0,24,63,5,365
"Denver, CO","Sioux Falls, SD",167,19,100,1,155,307,16,1711
"Denver, CO","Spokane, WA",332,14,169,1,279,439,17,1904
"Denver, CO","Springfield, MO",125,16,83,0,62,203,11,944
"Denver, CO","St. George, UT",76,15,57,0,40,132,7,725
"Denver, CO","St. Louis, MO",555,20,380,5,540,836,32,3840
"Denver, CO","Sun Valley/Hailey/Ketchum, ID",38,13,44,0,34,95,7,609
"Denver, CO","Syracuse, NY",67,2,68,0,48,111,5,442
"Denver, CO","Tampa, FL",481,23,463,4,414,807,80,3256
"Denver, CO","Traverse City, MI",17,1,7,0,11,26,0,166
"Denver, CO","Tucson, AZ",387,19,243,3,327,582,16,2533
"Denver, CO","Tulsa, OK",315,24,203,2,277,500,15,2287
"Denver, CO","Vernal, UT",4,1,6,0,3,7,0,52
"Denver, CO","Washington, DC",616,36,480,0,530,968,79,4710
"Denver, CO","West Palm Beach/Palm Beach, FL",1,0,8,0,1,8,1,20
"Denver, CO","West Yellowstone, MT",3,1,1,0,0,4,0,36
"Denver, CO","Wichita, KS",272,18,158,3,238,440,6,1751
"Denver, CO","Williston, ND",117,18,82,0,64,207,22,1237
"Des Moines, IA","Appleton, WI",0,0,0,0,0,0,0,2
"Des Moines, IA","Atlanta, GA",68,14,52,0,73,140,12,1185
"Des Moines, IA","Austin, TX",25,3,22,0,26,42,3,116
"Des Moines, IA","Charlotte, NC",109,21,104,0,92,197,11,728
"Des Moines, IA","Chicago, IL",143,36,222,1,134,333,29,1943
"Des Moines, IA","Dallas/Fort Worth, TX",142,40,157,4,245,349,23,1219
"Des Moines, IA","Denver, CO",215,23,215,2,154,386,31,2318
"Des Moines, IA","Detroit, MI",50,9,38,1,71,105,11,944
"Des Moines, IA","Fort Lauderdale, FL",8,1,12,0,5,16,4,95
"Des Moines, IA","Houston, TX",45,9,51,0,14,84,14,421
"Des Moines, IA","Las Vegas, NV",68,1,62,0,53,108,7,582
"Des Moines, IA","Los Angeles, CA",4,0,4,0,4,5,0,23
"Des Moines, IA","Miami, FL",12,6,20,1,0,26,6,177
"Des Moines, IA","Minneapolis, MN",69,16,119,0,52,169,11,1017
"Des Moines, IA","Nashville, TN",19,2,16,0,12,32,4,198
"Des Moines, IA","New York, NY",72,18,69,1,36,142,31,960
"Des Moines, IA","Newark, NJ",7,0,7,0,0,11,1,88
"Des Moines, IA","Orlando, FL",9,1,11,0,21,23,1,85
"Des Moines, IA","Phoenix, AZ",117,18,84,2,75,176,10,1070
"Des Moines, IA","Portland, OR",6,0,3,0,1,6,0,46
"Des Moines, IA","Punta Gorda, FL",30,4,33,0,17,54,2,154
"Des Moines, IA","San Diego, CA",4,0,4,0,4,7,0,24
"Des Moines, IA","Sanford, FL",29,4,20,0,11,40,2,161
"Des Moines, IA","Santa Ana, CA",9,1,9,0,0,12,1,107
"Des Moines, IA","Sarasota/Bradenton, FL",7,0,9,0,2,13,5,72
"Des Moines, IA","St. Louis, MO",41,4,28,0,58,89,6,681
"Des Moines, IA","St. Petersburg, FL",27,4,26,0,8,46,4,168
"Des Moines, IA","Valparaiso, FL",1,0,2,0,0,2,0,11
"Des Moines, IA","Washington, DC",70,17,83,3,66,150,11,708
"Detroit, MI","Albany, NY",165,20,113,1,64,243,9,1304
"Detroit, MI","Alpena, MI",98,24,43,0,0,121,18,629
"Detroit, MI","Anchorage, AK",12,0,4,0,8,14,2,45
"Detroit, MI","Appleton, WI",114,38,34,0,1,152,6,817
"Detroit, MI","Atlanta, GA",612,34,438,5,337,860,43,4948
"Detroit, MI","Augusta, GA",0,0,1,0,0,1,0,9
"Detroit, MI","Austin, TX",158,11,242,0,81,309,11,1288
"Detroit, MI","Baltimore, MD",237,6,171,2,188,361,26,2067
"Detroit, MI","Binghamton, NY",29,6,20,0,22,44,10,359
"Detroit, MI","Birmingham, AL",102,12,50,0,11,119,1,503
"Detroit, MI","Boston, MA",288,27,360,0,260,590,33,2747
"Detroit, MI","Buffalo, NY",200,22,105,0,77,268,19,1312
"Detroit, MI","Burlington, VT",48,7,28,0,11,65,3,359
"Detroit, MI","Cedar Rapids/Iowa City, IA",0,0,0,0,0,0,0,1
"Detroit, MI","Charleston, SC",80,12,60,0,14,105,12,624
"Detroit, MI","Charlotte, NC",288,40,282,1,342,615,35,3890
"Detroit, MI","Chattanooga, TN",26,2,26,0,17,49,2,323
"Detroit, MI","Chicago, IL",798,99,768,0,456,1376,89,7641
"Detroit, MI","Cincinnati, OH",112,11,81,1,61,177,5,1362
"Detroit, MI","Cleveland, OH",189,37,88,1,40,259,10,1477
"Detroit, MI","Columbus, OH",184,29,102,0,23,237,3,1490
"Detroit, MI","Dallas, TX",0,0,0,0,0,0,0,1
"Detroit, MI","Dallas/Fort Worth, TX",497,44,549,4,424,866,53,3631
"Detroit, MI","Daytona Beach, FL",0,0,0,0,0,0,0,2
"Detroit, MI","Denver, CO",358,20,317,0,280,550,23,3020
"Detroit, MI","Des Moines, IA",67,7,63,0,50,120,10,944
"Detroit, MI","Elmira/Corning, NY",136,30,65,0,0,162,2,711
"Detroit, MI","Escanaba, MI",44,10,8,0,0,54,2,293
"Detroit, MI","Fayetteville, AR",3,0,7,0,6,9,0,42
"Detroit, MI","Fort Lauderdale, FL",328,15,349,3,203,538,28,2468
"Detroit, MI","Fort Myers, FL",196,19,283,2,120,391,38,1961
"Detroit, MI","Fort Wayne, IN",40,7,19,0,0,46,0,195
"Detroit, MI","Grand Rapids, MI",280,39,118,1,74,352,9,1548
"Detroit, MI","Green Bay, WI",181,44,50,0,0,225,8,996
"Detroit, MI","Greensboro/High Point, NC",26,3,19,0,22,44,6,478
"Detroit, MI","Greer, SC",81,7,51,1,36,119,6,669
"Detroit, MI","Harrisburg, PA",79,26,33,1,2,110,2,547
"Detroit, MI","Hartford, CT",129,15,86,0,62,203,11,1245
"Detroit, MI","Honolulu, HI",33,4,37,0,5,55,3,340
"Detroit, MI","Houston, TX",317,11,358,1,151,525,31,2454
"Detroit, MI","Huntsville, AL",35,6,24,0,4,46,1,278
"Detroit, MI","Indianapolis, IN",191,24,112,0,78,265,6,1491
"Detroit, MI","Iron Mountain/Kingsfd, MI",60,13,22,0,0,71,3,373
"Detroit, MI","Jacksonville, FL",72,3,50,0,34,97,6,533
"Detroit, MI","Kalamazoo, MI",158,38,50,0,0,197,16,1005
"Detroit, MI","Kansas City, MO",134,7,60,0,58,161,6,1334
"Detroit, MI","Knoxville, TN",47,4,42,0,47,80,6,565
"Detroit, MI","Lansing, MI",203,40,76,0,11,247,9,1004
"Detroit, MI","Las Vegas, NV",383,26,421,1,217,622,22,3198
"Detroit, MI","Lexington, KY",97,15,34,0,8,114,3,820
"Detroit, MI","Los Angeles, CA",316,29,227,5,139,442,22,2773
"Detroit, MI","Louisville, KY",135,21,96,0,17,186,3,1235
"Detroit, MI","Madison, WI",186,33,66,2,43,251,7,1302
"Detroit, MI","Marquette, MI",42,9,17,0,8,54,7,366
"Detroit, MI","Memphis, TN",87,7,54,0,39,121,3,820
"Detroit, MI","Miami, FL",203,16,239,0,122,353,23,1647
"Detroit, MI","Milwaukee, WI",205,50,113,0,35,283,8,1488
"Detroit, MI","Minneapolis, MN",239,19,208,0,97,359,7,2325
"Detroit, MI","Myrtle Beach, SC",55,2,54,1,28,80,8,560
"Detroit, MI","Nashville, TN",238,7,169,2,192,331,19,2249
"Detroit, MI","New Orleans, LA",88,3,77,2,44,134,4,803
"Detroit, MI","New York, NY",521,39,639,3,343,980,83,5881
"Detroit, MI","Newark, NJ",263,18,411,0,155,593,62,3328
"Detroit, MI","Norfolk, VA",120,12,85,0,29,171,2,833
"Detroit, MI","Oakland, CA",0,0,0,0,0,0,0,1
"Detroit, MI","Omaha, NE",175,39,81,0,2,210,3,1025
"Detroit, MI","Orlando, FL",470,28,466,2,295,801,57,3799
"Detroit, MI","Pellston, MI",141,30,37,0,0,172,14,845
"Detroit, MI","Philadelphia, PA",306,22,377,0,244,587,66,3309
"Detroit, MI","Phoenix, AZ",272,20,223,0,176,426,22,2305
"Detroit, MI","Pittsburgh, PA",162,24,90,0,66,233,12,1362
"Detroit, MI","Portland, ME",104,14,77,0,15,141,5,695
"Detroit, MI","Portland, OR",43,4,39,0,15,60,3,306
"Detroit, MI","Providence, RI",95,11,62,0,37,135,11,802
"Detroit, MI","Raleigh/Durham, NC",154,10,125,1,107,250,22,1514
"Detroit, MI","Richmond, VA",149,22,81,0,35,192,8,994
"Detroit, MI","Rochester, NY",140,17,102,0,46,205,7,1308
"Detroit, MI","Sacramento, CA",24,0,9,0,17,26,2,94
"Detroit, MI","Saginaw/Bay City/Midland, MI",189,35,73,0,6,228,6,1153
"Detroit, MI","Salt Lake City, UT",173,18,96,1,88,216,7,1521
"Detroit, MI","San Antonio, TX",107,4,116,0,51,172,9,902
"Detroit, MI","San Diego, CA",156,12,138,0,95,251,9,1181
"Detroit, MI","San Francisco, CA",190,7,255,0,116,367,12,1529
"Detroit, MI","San Juan, PR",21,3,43,0,11,52,0,324
"Detroit, MI","Santa Ana, CA",33,4,28,0,0,49,0,265
"Detroit, MI","Sarasota/Bradenton, FL",9,3,15,0,2,23,0,101
"Detroit, MI","Sault Ste. Marie, MI",67,7,23,0,0,73,6,364
"Detroit, MI","Savannah, GA",17,1,11,0,4,21,3,250
"Detroit, MI","Seattle, WA",223,17,196,1,154,348,19,2081
"Detroit, MI","South Bend, IN",92,16,59,0,0,111,2,367
"Detroit, MI","St. Louis, MO",180,11,104,1,132,266,8,1864
"Detroit, MI","Syracuse, NY",171,23,99,0,54,228,9,1301
"Detroit, MI","Tampa, FL",238,22,256,2,146,434,51,2333
"Detroit, MI","Traverse City, MI",166,42,68,0,43,232,10,1137
"Detroit, MI","Washington, DC",485,62,451,1,230,793,44,4026
"Detroit, MI","West Palm Beach/Palm Beach, FL",47,6,72,0,29,98,6,435
"Detroit, MI","White Plains, NY",155,33,73,0,3,190,16,923
"Devils Lake, ND","Denver, CO",19,9,25,0,21,61,13,394
"Devils Lake, ND","Jamestown, ND",13,7,16,0,20,41,16,284
"Dickinson, ND","Denver, CO",42,9,21,0,19,81,17,671
"Dillingham, AK","Anchorage, AK",4,0,9,4,11,15,3,110
"Dodge City, KS","Denver, CO",36,9,44,0,45,104,16,480
"Dodge City, KS","Liberal, KS",7,0,8,0,9,16,3,147
"Dothan, AL","Atlanta, GA",55,9,63,1,45,125,6,766
"Duluth, MN","Chicago, IL",66,13,67,1,50,149,12,1041
"Duluth, MN","Minneapolis, MN",101,60,96,1,37,202,10,1191
"Durango, CO","Dallas/Fort Worth, TX",146,39,103,1,49,239,15,1104
"Durango, CO","Denver, CO",144,33,140,0,121,305,20,1778
"Durango, CO","Phoenix, AZ",100,18,60,2,22,142,2,944
"Eagle, CO","Atlanta, GA",27,1,24,0,14,37,1,179
"Eagle, CO","Austin, TX",8,1,3,0,1,10,0,12
"Eagle, CO","Chicago, IL",46,10,53,0,48,86,6,348
"Eagle, CO","Dallas/Fort Worth, TX",134,19,116,4,187,257,11,904
"Eagle, CO","Denver, CO",104,15,79,0,53,203,16,1414
"Eagle, CO","Houston, TX",19,4,16,0,15,29,2,159
"Eagle, CO","Los Angeles, CA",34,8,33,0,32,69,2,243
"Eagle, CO","Miami, FL",39,1,51,0,46,70,3,132
"Eagle, CO","New York, NY",28,1,28,0,27,40,1,105
"Eagle, CO","Newark, NJ",27,3,15,0,25,36,3,112
"Eagle, CO","Phoenix, AZ",12,1,11,0,7,20,0,77
"Eagle, CO","San Diego, CA",0,0,0,0,1,1,1,6
"Eagle, CO","San Francisco, CA",9,3,28,0,2,38,1,105
"Eagle, CO","Seattle, WA",1,0,1,0,0,1,0,6
"Eau Claire, WI","Chicago, IL",3,1,2,0,4,8,2,31
"El Paso, TX","Atlanta, GA",57,4,28,0,39,80,4,714
"El Paso, TX","Austin, TX",76,3,61,1,102,144,4,1049
"El Paso, TX","Chicago, IL",58,9,52,0,68,118,7,832
"El Paso, TX","Dallas, TX",111,9,112,0,199,249,15,1724
"El Paso, TX","Dallas/Fort Worth, TX",278,88,283,3,441,669,54,3032
"El Paso, TX","Denver, CO",149,4,122,1,207,298,15,1813
"El Paso, TX","Houston, TX",90,6,69,0,112,179,19,1350
"El Paso, TX","Las Vegas, NV",112,4,127,0,216,283,10,1437
"El Paso, TX","Long Beach, CA",14,1,7,0,25,30,3,308
"El Paso, TX","Los Angeles, CA",122,4,80,0,112,184,2,1371
"El Paso, TX","Ontario, CA",0,0,0,0,1,1,2,17
"El Paso, TX","Orlando, FL",8,0,5,0,12,14,1,78
"El Paso, TX","Phoenix, AZ",199,12,159,0,232,376,8,2631
"El Paso, TX","San Antonio, TX",74,1,36,0,122,135,0,778
"El Paso, TX","San Diego, CA",46,0,32,0,64,81,2,360
"Elko, NV","Salt Lake City, UT",19,4,4,0,0,22,2,366
"Elmira/Corning, NY","Detroit, MI",117,31,36,1,0,147,2,711
"Elmira/Corning, NY","Punta Gorda, FL",0,1,6,0,4,8,2,42
"Elmira/Corning, NY","Sanford, FL",7,1,15,2,21,26,1,135
"Elmira/Corning, NY","St. Petersburg, FL",9,1,12,0,13,21,2,119
"Escanaba, MI","Detroit, MI",45,7,10,0,0,49,3,292
"Escanaba, MI","Minneapolis, MN",49,9,21,0,0,58,2,358
"Eugene, OR","Austin, TX",4,0,2,0,5,6,1,22
"Eugene, OR","Burbank, CA",29,0,8,0,34,37,1,132
"Eugene, OR","Columbus, OH",0,0,1,0,0,1,0,2
"Eugene, OR","Dallas/Fort Worth, TX",42,4,40,2,27,76,9,348
"Eugene, OR","Denver, CO",81,4,44,0,44,114,18,970
"Eugene, OR","Indianapolis, IN",1,0,0,0,1,1,0,2
"Eugene, OR","Las Vegas, NV",49,1,45,0,73,92,11,491
"Eugene, OR","Los Angeles, CA",25,2,25,0,41,66,2,293
"Eugene, OR","North Bend/Coos Bay, OR",0,0,0,0,0,0,0,1
"Eugene, OR","Oakland, CA",19,3,20,1,24,41,11,495
"Eugene, OR","Phoenix, AZ",82,2,43,2,70,119,14,733
"Eugene, OR","Sacramento, CA",16,0,4,0,26,26,2,211
"Eugene, OR","Salt Lake City, UT",53,14,15,0,0,65,9,732
"Eugene, OR","San Diego, CA",22,3,19,0,15,40,0,200
"Eugene, OR","San Francisco, CA",73,5,137,0,59,197,19,864
"Eugene, OR","San Jose, CA",34,0,6,0,44,43,5,272
"Eugene, OR","Santa Ana, CA",13,1,8,1,12,18,2,95
"Eugene, OR","Seattle, WA",104,42,86,1,10,174,20,1348
"Evansville, IN","Atlanta, GA",79,16,78,0,41,150,9,1001
"Evansville, IN","Charlotte, NC",2,0,0,0,2,3,0,22
"Evansville, IN","Dallas/Fort Worth, TX",53,32,118,1,90,188,8,881
"Evansville, IN","Sanford, FL",26,10,16,0,36,52,5,122
"Evansville, IN","St. Petersburg, FL",5,5,1,0,10,14,2,58
"Evansville, IN","Valparaiso, FL",2,1,2,0,5,5,1,22
"Everett, WA","Honolulu, HI",10,5,27,0,1,29,7,149
"Everett, WA","Las Vegas, NV",10,2,30,0,13,36,2,158
"Everett, WA","Los Angeles, CA",7,0,12,0,7,18,7,260
"Everett, WA","Phoenix, AZ",28,1,43,0,36,71,16,504
"Fairbanks, AK","Anchorage, AK",18,2,44,0,40,69,8,790
"Fairbanks, AK","Chicago, IL",24,0,4,0,16,24,1,147
"Fairbanks, AK","Denver, CO",4,1,1,0,5,7,3,90
"Fairbanks, AK","Minneapolis, MN",10,0,6,0,6,17,0,94
"Fairbanks, AK","Seattle, WA",154,18,235,2,224,411,28,2331
"Fargo, ND","Chicago, IL",202,42,178,2,134,357,22,1734
"Fargo, ND","Dallas/Fort Worth, TX",71,50,76,1,86,147,6,936
"Fargo, ND","Denver, CO",121,16,149,0,118,294,23,1470
"Fargo, ND","Las Vegas, NV",4,3,8,0,4,12,1,123
"Fargo, ND","Minneapolis, MN",166,76,156,0,26,294,8,1711
"Fargo, ND","Nashville, TN",10,2,5,0,19,22,1,110
"Fargo, ND","Orlando, FL",1,0,3,0,3,4,0,31
"Fargo, ND","Phoenix, AZ",25,14,26,0,20,49,3,476
"Fargo, ND","Sanford, FL",3,1,6,0,10,14,1,77
"Fargo, ND","St. Petersburg, FL",2,0,8,0,6,12,0,47
"Fayetteville, AR","Atlanta, GA",74,10,109,0,106,205,11,1817
"Fayetteville, AR","Austin, TX",0,0,0,0,0,0,0,3
"Fayetteville, AR","Charlotte, NC",147,71,182,8,166,310,6,1545
"Fayetteville, AR","Chicago, IL",127,48,185,2,129,298,19,1987
"Fayetteville, AR","Dallas/Fort Worth, TX",286,209,425,15,459,760,45,3290
"Fayetteville, AR","Denver, CO",111,17,134,1,104,261,10,1293
"Fayetteville, AR","Detroit, MI",1,0,0,0,2,3,0,42
"Fayetteville, AR","Fort Lauderdale, FL",19,0,16,0,21,29,0,81
"Fayetteville, AR","Houston, TX",16,1,13,0,6,25,0,215
"Fayetteville, AR","Knoxville, TN",0,0,0,0,0,0,0,2
"Fayetteville, AR","Las Vegas, NV",18,3,12,2,22,33,1,115
"Fayetteville, AR","Los Angeles, CA",59,16,36,0,11,86,0,470
"Fayetteville, AR","Miami, FL",15,3,18,2,1,25,0,148
"Fayetteville, AR","Minneapolis, MN",18,10,51,0,53,88,2,460
"Fayetteville, AR","Nashville, TN",6,2,10,0,9,15,2,107
"Fayetteville, AR","New York, NY",48,32,86,1,66,142,16,963
"Fayetteville, AR","Orlando, FL",0,0,1,0,1,1,0,6
"Fayetteville, AR","Philadelphia, PA",1,1,1,0,3,3,0,11
"Fayetteville, AR","Phoenix, AZ",33,16,38,0,17,63,0,536
"Fayetteville, AR","Sanford, FL",24,5,22,0,26,42,1,135
"Fayetteville, AR","St. Petersburg, FL",8,2,10,0,9,16,2,66
"Fayetteville, AR","Valparaiso, FL",20,3,14,0,21,31,3,194
"Fayetteville, AR","Washington, DC",19,9,33,4,1,48,2,388
"Fayetteville, NC","Atlanta, GA",74,24,57,1,41,127,5,871
"Fayetteville, NC","Charlotte, NC",42,8,71,0,49,108,8,577
"Fayetteville, NC","Dallas/Fort Worth, TX",4,2,5,0,0,8,1,64
"Flagstaff, AZ","Dallas/Fort Worth, TX",63,15,34,0,15,96,5,462
"Flagstaff, AZ","Los Angeles, CA",1,0,2,0,1,2,0,12
"Flagstaff, AZ","Phoenix, AZ",122,25,73,0,37,191,3,1376
"Flint, MI","Chicago, IL",96,21,98,0,73,209,13,828
"Flint, MI","Fort Lauderdale, FL",1,0,5,0,3,6,0,16
"Flint, MI","Jacksonville, FL",11,1,6,0,7,16,0,74
"Flint, MI","Las Vegas, NV",8,4,13,0,11,23,0,105
"Flint, MI","Nashville, TN",10,2,10,1,12,20,2,142
"Flint, MI","Phoenix, AZ",11,3,15,0,6,22,0,106
"Flint, MI","Punta Gorda, FL",27,7,37,0,19,53,3,276
"Flint, MI","Sanford, FL",18,4,33,0,11,45,2,258
"Flint, MI","Sarasota/Bradenton, FL",12,3,16,0,6,28,4,158
"Flint, MI","St. Petersburg, FL",15,6,33,0,15,46,3,235
"Flint, MI","Valparaiso, FL",0,1,2,0,0,2,1,14
"Fort Dodge, IA","Chicago, IL",26,3,35,0,57,89,9,453
"Fort Dodge, IA","Mason City, IA",7,1,20,0,40,51,5,174
"Fort Lauderdale, FL","Aguadilla, PR",55,2,39,0,29,63,2,348
"Fort Lauderdale, FL","Akron, OH",8,3,14,0,8,20,0,62
"Fort Lauderdale, FL","Albany, NY",120,2,46,5,80,133,4,398
"Fort Lauderdale, FL","Allentown/Bethlehem/Easton, PA",9,0,5,0,4,14,0,81
"Fort Lauderdale, FL","Appleton, WI",3,2,15,0,11,16,1,41
"Fort Lauderdale, FL","Asheville, NC",66,20,118,3,126,176,20,638
"Fort Lauderdale, FL","Atlanta, GA",1130,141,1325,87,1156,2133,94,7702
"Fort Lauderdale, FL","Atlantic City, NJ",104,14,120,17,53,145,13,588
"Fort Lauderdale, FL","Austin, TX",176,10,242,4,154,312,8,980
"Fort Lauderdale, FL","Baltimore, MD",611,42,566,31,564,966,68,3884
"Fort Lauderdale, FL","Bangor, ME",3,2,10,0,9,11,0,20
"Fort Lauderdale, FL","Belleville, IL",3,0,4,0,4,6,0,16
"Fort Lauderdale, FL","Birmingham, AL",8,0,10,0,4,12,0,73
"Fort Lauderdale, FL","Boston, MA",539,40,534,19,414,871,50,3161
"Fort Lauderdale, FL","Buffalo, NY",91,11,67,3,69,121,9,512
"Fort Lauderdale, FL","Cedar Rapids/Iowa City, IA",7,2,5,0,3,11,2,78
"Fort Lauderdale, FL","Charleston, SC",113,9,96,1,77,160,13,636
"Fort Lauderdale, FL","Charlotte Amalie, VI",56,8,68,2,33,90,7,518
"Fort Lauderdale, FL","Charlotte, NC",471,97,576,32,526,876,57,3607
"Fort Lauderdale, FL","Chicago, IL",680,72,823,44,560,1154,83,4209
"Fort Lauderdale, FL","Christiansted, VI",41,10,66,0,24,80,8,282
"Fort Lauderdale, FL","Cincinnati, OH",78,17,113,0,136,189,8,813
"Fort Lauderdale, FL","Cleveland, OH",176,14,188,7,145,268,13,1051
"Fort Lauderdale, FL","Columbus, OH",225,17,233,15,154,337,11,1156
"Fort Lauderdale, FL","Concord, NC",21,9,36,1,40,57,6,191
"Fort Lauderdale, FL","Dallas, TX",118,5,129,3,147,215,7,779
"Fort Lauderdale, FL","Dallas/Fort Worth, TX",529,86,621,33,457,908,68,3058
"Fort Lauderdale, FL","Denver, CO",178,17,160,2,131,285,28,1569
"Fort Lauderdale, FL","Des Moines, IA",3,4,15,0,11,16,4,95
"Fort Lauderdale, FL","Detroit, MI",253,35,285,6,241,480,26,2470
"Fort Lauderdale, FL","Fayetteville, AR",9,7,12,0,9,22,0,81
"Fort Lauderdale, FL","Flint, MI",2,0,2,0,0,3,0,16
"Fort Lauderdale, FL","Grand Rapids, MI",4,1,6,0,8,13,1,65
"Fort Lauderdale, FL","Greer, SC",12,3,19,0,13,23,4,93
"Fort Lauderdale, FL","Harrisburg, PA",9,2,8,0,10,17,1,50
"Fort Lauderdale, FL","Hartford, CT",164,11,107,5,121,208,8,797
"Fort Lauderdale, FL","Hayden, CO",3,0,6,0,3,8,0,28
"Fort Lauderdale, FL","Houston, TX",558,62,609,27,403,888,68,3607
"Fort Lauderdale, FL","Indianapolis, IN",201,18,212,20,188,324,11,1152
"Fort Lauderdale, FL","Islip, NY",59,3,47,0,60,82,10,303
"Fort Lauderdale, FL","Jacksonville, FL",105,4,54,4,75,132,8,559
"Fort Lauderdale, FL","Kansas City, MO",125,12,111,2,91,172,7,580
"Fort Lauderdale, FL","Knoxville, TN",41,14,80,2,79,114,3,378
"Fort Lauderdale, FL","Las Vegas, NV",176,12,195,5,90,253,3,885
"Fort Lauderdale, FL","Lexington, KY",15,4,20,1,13,34,1,123
"Fort Lauderdale, FL","Los Angeles, CA",266,16,295,24,160,408,22,1941
"Fort Lauderdale, FL","Louisville, KY",82,1,81,6,39,110,6,450
"Fort Lauderdale, FL","Memphis, TN",16,1,19,1,9,28,2,140
"Fort Lauderdale, FL","Milwaukee, WI",25,0,22,1,30,38,1,109
"Fort Lauderdale, FL","Minneapolis, MN",42,10,65,0,74,118,3,707
"Fort Lauderdale, FL","Myrtle Beach, SC",89,13,109,12,57,144,13,570
"Fort Lauderdale, FL","Nashville, TN",303,17,259,22,259,468,24,2021
"Fort Lauderdale, FL","New Orleans, LA",283,23,279,25,229,429,28,1471
"Fort Lauderdale, FL","New York, NY",1350,100,1149,27,1055,2095,154,8554
"Fort Lauderdale, FL","Newark, NJ",724,54,840,15,546,1267,130,5261
"Fort Lauderdale, FL","Newburgh/Poughkeepsie, NY",0,1,2,0,1,2,0,14
"Fort Lauderdale, FL","Norfolk, VA",69,8,92,5,38,115,14,409
"Fort Lauderdale, FL","Omaha, NE",7,0,1,0,7,7,1,13
"Fort Lauderdale, FL","Orlando, FL",242,15,225,16,183,349,18,1287
"Fort Lauderdale, FL","Pensacola, FL",54,7,58,10,21,82,10,429
"Fort Lauderdale, FL","Peoria, IL",2,0,5,0,3,5,1,10
"Fort Lauderdale, FL","Philadelphia, PA",384,43,404,22,402,678,53,2540
"Fort Lauderdale, FL","Phoenix, AZ",92,5,100,5,64,131,9,388
"Fort Lauderdale, FL","Pittsburgh, PA",226,21,250,20,198,373,17,1165
"Fort Lauderdale, FL","Plattsburgh, NY",16,2,29,1,14,32,5,136
"Fort Lauderdale, FL","Portland, OR",5,1,12,1,2,13,11,101
"Fort Lauderdale, FL","Providence, RI",122,3,72,2,88,155,6,498
"Fort Lauderdale, FL","Raleigh/Durham, NC",271,23,219,5,267,419,17,1422
"Fort Lauderdale, FL","Richmond, VA",203,13,138,10,126,275,15,922
"Fort Lauderdale, FL","Rochester, NY",12,1,18,0,10,28,0,126
"Fort Lauderdale, FL","Salt Lake City, UT",59,5,53,1,53,108,3,589
"Fort Lauderdale, FL","San Antonio, TX",91,11,103,6,57,135,5,356
"Fort Lauderdale, FL","San Diego, CA",78,16,125,5,69,163,15,486
"Fort Lauderdale, FL","San Francisco, CA",178,16,353,3,140,428,21,1501
"Fort Lauderdale, FL","San Juan, PR",470,44,289,11,332,616,23,2409
"Fort Lauderdale, FL","Savannah, GA",0,0,0,0,1,1,0,16
"Fort Lauderdale, FL","Seattle, WA",83,21,120,5,104,215,32,905
"Fort Lauderdale, FL","Sioux Falls, SD",5,1,12,1,7,14,0,33
"Fort Lauderdale, FL","St. Louis, MO",123,6,123,3,130,212,16,892
"Fort Lauderdale, FL","Syracuse, NY",14,3,24,0,5,28,1,118
"Fort Lauderdale, FL","Tallahassee, FL",26,0,13,0,10,33,6,298
"Fort Lauderdale, FL","Tampa, FL",183,11,149,11,133,267,31,1196
"Fort Lauderdale, FL","Traverse City, MI",6,1,5,0,2,11,1,66
"Fort Lauderdale, FL","Trenton, NJ",5,0,2,0,14,16,1,93
"Fort Lauderdale, FL","Washington, DC",438,41,320,3,385,654,36,3213
"Fort Lauderdale, FL","White Plains, NY",205,10,113,9,155,253,7,979
"Fort Lauderdale, FL","Worcester, MA",54,2,33,0,31,63,6,323
"Fort Myers, FL","Albany, NY",0,0,0,0,1,1,0,5
"Fort Myers, FL","Atlanta, GA",163,27,220,0,284,440,51,3289
"Fort Myers, FL","Atlantic City, NJ",42,4,57,0,54,87,10,461
"Fort Myers, FL","Austin, TX",4,1,6,0,5,6,0,27
"Fort Myers, FL","Baltimore, MD",117,8,120,1,181,238,27,1380
"Fort Myers, FL","Boston, MA",315,12,330,1,362,591,44,2219
"Fort Myers, FL","Buffalo, NY",29,0,20,0,34,46,8,161
"Fort Myers, FL","Charleston, SC",1,0,2,0,1,2,1,20
"Fort Myers, FL","Charlotte, NC",126,39,180,1,290,365,43,2004
"Fort Myers, FL","Chicago, IL",344,35,490,1,489,778,94,3799
"Fort Myers, FL","Cincinnati, OH",70,8,67,0,123,165,18,797
"Fort Myers, FL","Cleveland, OH",77,9,91,0,139,187,34,1094
"Fort Myers, FL","Columbus, OH",60,7,74,0,93,121,9,644
"Fort Myers, FL","Dallas, TX",28,1,35,1,36,49,2,150
"Fort Myers, FL","Dallas/Fort Worth, TX",137,48,225,2,274,388,54,1342
"Fort Myers, FL","Denver, CO",75,12,101,0,87,154,25,846
"Fort Myers, FL","Detroit, MI",140,12,231,0,185,336,35,1959
"Fort Myers, FL","Grand Rapids, MI",12,2,15,0,17,28,6,134
"Fort Myers, FL","Hartford, CT",61,0,43,0,65,78,3,229
"Fort Myers, FL","Houston, TX",63,14,101,0,95,165,26,850
"Fort Myers, FL","Indianapolis, IN",99,5,97,0,127,180,17,919
"Fort Myers, FL","Islip, NY",18,0,19,0,30,41,4,152
"Fort Myers, FL","Kansas City, MO",22,0,31,0,34,51,2,243
"Fort Myers, FL","Los Angeles, CA",13,0,6,0,6,14,0,50
"Fort Myers, FL","Louisville, KY",7,0,2,0,9,10,0,26
"Fort Myers, FL","Milwaukee, WI",55,3,35,1,76,90,8,374
"Fort Myers, FL","Minneapolis, MN",68,6,107,0,121,188,25,1281
"Fort Myers, FL","Nashville, TN",59,5,46,1,81,105,12,616
"Fort Myers, FL","New York, NY",303,17,296,0,369,545,55,2303
"Fort Myers, FL","Newark, NJ",173,22,240,1,210,385,72,1998
"Fort Myers, FL","Norfolk, VA",1,0,3,0,1,5,0,30
"Fort Myers, FL","Orlando, FL",0,0,0,0,0,0,0,7
"Fort Myers, FL","Philadelphia, PA",155,21,185,1,277,367,30,1369
"Fort Myers, FL","Pittsburgh, PA",58,6,45,0,80,102,9,563
"Fort Myers, FL","Providence, RI",16,0,9,0,18,23,1,117
"Fort Myers, FL","Richmond, VA",2,0,3,0,4,6,2,30
"Fort Myers, FL","San Francisco, CA",2,0,7,0,0,8,1,57
"Fort Myers, FL","San Juan, PR",11,0,14,0,12,24,4,116
"Fort Myers, FL","Seattle, WA",19,0,22,0,1,29,7,167
"Fort Myers, FL","St. Louis, MO",90,7,101,0,134,187,15,875
"Fort Myers, FL","Syracuse, NY",9,0,8,0,16,19,3,75
"Fort Myers, FL","Trenton, NJ",20,2,19,0,36,48,4,168
"Fort Myers, FL","Washington, DC",88,12,122,0,155,223,30,1383
"Fort Myers, FL","White Plains, NY",63,6,43,0,61,85,9,457
"Fort Myers, FL","Worcester, MA",23,1,23,0,21,30,3,85
"Fort Smith, AR","Dallas/Fort Worth, TX",77,55,129,6,141,243,28,1184
"Fort Wayne, IN","Atlanta, GA",168,48,77,2,14,222,7,1019
"Fort Wayne, IN","Charlotte, NC",22,1,19,0,12,35,0,167
"Fort Wayne, IN","Chicago, IL",138,25,121,0,109,271,25,1234
"Fort Wayne, IN","Dallas/Fort Worth, TX",100,25,120,0,83,184,5,906
"Fort Wayne, IN","Detroit, MI",49,2,23,0,0,51,0,195
"Fort Wayne, IN","Las Vegas, NV",11,0,8,1,13,19,0,95
"Fort Wayne, IN","Minneapolis, MN",55,3,16,0,2,60,4,366
"Fort Wayne, IN","Myrtle Beach, SC",5,0,4,0,4,7,3,33
"Fort Wayne, IN","Phoenix, AZ",9,0,9,0,8,16,1,66
"Fort Wayne, IN","Punta Gorda, FL",29,2,36,0,27,59,2,209
"Fort Wayne, IN","Sanford, FL",24,3,29,0,32,48,6,161
"Fort Wayne, IN","Sarasota/Bradenton, FL",6,2,10,0,5,17,3,92
"Fort Wayne, IN","St. Petersburg, FL",21,4,26,1,36,52,7,179
"Fresno, CA","Atlanta, GA",53,1,20,0,20,59,4,204
"Fresno, CA","Chicago, IL",41,0,15,0,19,44,8,165
"Fresno, CA","Dallas, TX",0,0,0,0,0,0,0,9
"Fresno, CA","Dallas/Fort Worth, TX",199,23,154,6,183,312,28,1435
"Fresno, CA","Denver, CO",120,5,56,0,66,178,6,1442
"Fresno, CA","Las Vegas, NV",145,9,240,3,252,371,3,1770
"Fresno, CA","Los Angeles, CA",53,15,42,2,30,100,1,776
"Fresno, CA","Monterey, CA",0,0,0,0,0,0,0,1
"Fresno, CA","Phoenix, AZ",161,10,108,6,146,276,2,1493
"Fresno, CA","Portland, OR",31,9,40,1,17,67,1,531
"Fresno, CA","Salt Lake City, UT",79,30,20,1,0,109,1,1052
"Fresno, CA","San Diego, CA",94,23,131,4,97,231,10,1010
"Fresno, CA","San Francisco, CA",85,12,104,1,34,196,14,1044
"Fresno, CA","Seattle, WA",59,12,62,1,48,128,10,863
"Gainesville, FL","Atlanta, GA",104,20,62,1,122,193,21,1692
"Gainesville, FL","Austin, TX",0,0,0,0,0,0,0,1
"Gainesville, FL","Charlotte, NC",36,8,35,1,45,81,24,575
"Gainesville, FL","Dallas/Fort Worth, TX",62,20,47,1,68,102,8,423
"Gainesville, FL","Miami, FL",21,7,20,0,30,43,10,334
"Garden City, KS","Dallas/Fort Worth, TX",90,23,85,0,63,147,19,730
"Gillette, WY","Denver, CO",54,11,54,0,24,96,9,732
"Grand Forks, ND","Las Vegas, NV",4,2,14,0,12,17,1,106
"Grand Forks, ND","Minneapolis, MN",111,35,82,1,10,172,6,1091
"Grand Forks, ND","Phoenix, AZ",5,2,4,0,3,8,0,61
"Grand Forks, ND","Sanford, FL",4,0,7,0,4,9,0,25
"Grand Island, NE","Dallas/Fort Worth, TX",100,25,65,3,14,147,12,729
"Grand Island, NE","Las Vegas, NV",17,2,15,0,14,28,1,110
"Grand Island, NE","Phoenix, AZ",18,1,18,4,18,28,3,115
"Grand Junction, CO","Aspen, CO",0,0,0,0,0,0,0,1
"Grand Junction, CO","Dallas/Fort Worth, TX",108,40,109,0,73,196,8,937
"Grand Junction, CO","Denver, CO",124,20,115,0,93,258,18,1742
"Grand Junction, CO","Las Vegas, NV",10,1,24,0,26,35,0,105
"Grand Junction, CO","Los Angeles, CA",4,0,2,0,4,6,2,22
"Grand Junction, CO","Phoenix, AZ",93,15,55,1,43,146,5,1110
"Grand Junction, CO","Salt Lake City, UT",8,0,6,0,0,7,0,49
"Grand Rapids, MI","Atlanta, GA",62,9,103,0,94,174,15,1406
"Grand Rapids, MI","Austin, TX",12,1,15,0,11,20,1,95
"Grand Rapids, MI","Baltimore, MD",38,0,47,0,69,80,2,361
"Grand Rapids, MI","Boston, MA",6,1,5,0,0,10,0,87
"Grand Rapids, MI","Charlotte, NC",116,28,117,2,124,221,12,1067
"Grand Rapids, MI","Chicago, IL",265,58,454,2,356,683,51,3670
"Grand Rapids, MI","Dallas/Fort Worth, TX",185,35,190,6,224,341,17,1125
"Grand Rapids, MI","Denver, CO",147,11,165,0,141,261,12,1321
"Grand Rapids, MI","Detroit, MI",162,53,85,1,29,250,10,1547
"Grand Rapids, MI","Fort Lauderdale, FL",5,0,14,0,4,17,1,65
"Grand Rapids, MI","Fort Myers, FL",11,3,24,0,21,35,6,135
"Grand Rapids, MI","Houston, TX",39,5,49,0,18,77,13,366
"Grand Rapids, MI","Las Vegas, NV",23,2,31,0,25,46,1,263
"Grand Rapids, MI","Los Angeles, CA",6,0,1,0,5,6,1,22
"Grand Rapids, MI","Miami, FL",13,11,27,0,4,35,4,188
"Grand Rapids, MI","Minneapolis, MN",113,48,118,0,70,226,11,1378
"Grand Rapids, MI","Nashville, TN",21,1,18,0,21,35,1,215
"Grand Rapids, MI","New York, NY",39,16,105,0,90,156,40,1175
"Grand Rapids, MI","Newark, NJ",33,5,89,0,31,119,34,901
"Grand Rapids, MI","Orlando, FL",36,4,58,0,84,110,12,405
"Grand Rapids, MI","Philadelphia, PA",2,0,1,0,1,3,0,33
"Grand Rapids, MI","Phoenix, AZ",33,15,39,0,5,57,2,344
"Grand Rapids, MI","Portland, OR",2,0,2,0,0,4,0,24
"Grand Rapids, MI","Punta Gorda, FL",22,9,44,0,18,62,6,300
"Grand Rapids, MI","Sanford, FL",28,14,47,0,27,67,3,360
"Grand Rapids, MI","Sarasota/Bradenton, FL",13,2,14,0,10,27,5,144
"Grand Rapids, MI","Savannah, GA",2,0,1,0,2,3,0,35
"Grand Rapids, MI","St. Petersburg, FL",31,9,42,0,13,65,8,348
"Grand Rapids, MI","Tampa, FL",11,1,16,0,11,26,2,85
"Grand Rapids, MI","Valparaiso, FL",3,1,3,0,3,7,1,64
"Grand Rapids, MI","Washington, DC",66,17,91,2,88,154,20,694
"Grand Rapids, MI","West Palm Beach/Palm Beach, FL",1,0,2,0,2,3,0,14
"Great Falls, MT","Chicago, IL",0,0,0,0,0,0,0,13
"Great Falls, MT","Denver, CO",41,6,48,0,31,89,16,731
"Great Falls, MT","Las Vegas, NV",13,4,19,0,17,29,1,109
"Great Falls, MT","Minneapolis, MN",28,8,10,0,0,34,0,366
"Great Falls, MT","Phoenix, AZ",12,1,9,0,9,17,0,65
"Great Falls, MT","Salt Lake City, UT",67,20,32,1,0,82,0,1023
"Great Falls, MT","Seattle, WA",13,1,19,0,17,31,0,129
"Green Bay, WI","Atlanta, GA",36,6,27,0,6,59,2,366
"Green Bay, WI","Chicago, IL",159,21,159,0,141,337,35,1709
"Green Bay, WI","Denver, CO",8,1,15,0,13,24,0,66
"Green Bay, WI","Detroit, MI",117,39,28,0,0,152,8,995
"Green Bay, WI","Jacksonville, FL",0,0,0,0,0,0,0,1
"Green Bay, WI","Minneapolis, MN",124,48,80,0,1,187,12,1018
"Green Bay, WI","Orlando, FL",0,1,2,0,5,7,3,46
"Green Bay, WI","San Jose, CA",0,0,0,0,0,0,0,1
"Green Bay, WI","Seattle, WA",0,0,0,0,0,0,0,1
"Greensboro/High Point, NC","Atlanta, GA",104,28,106,0,108,248,18,2516
"Greensboro/High Point, NC","Charlotte, NC",225,37,371,1,350,592,33,2512
"Greensboro/High Point, NC","Chicago, IL",148,22,178,2,88,278,10,1301
"Greensboro/High Point, NC","Dallas/Fort Worth, TX",135,31,117,0,133,231,22,930
"Greensboro/High Point, NC","Denver, CO",24,2,13,0,1,29,0,366
"Greensboro/High Point, NC","Detroit, MI",28,6,19,0,15,49,6,477
"Greensboro/High Point, NC","Miami, FL",27,1,26,1,2,38,1,376
"Greensboro/High Point, NC","New York, NY",109,26,190,2,143,277,61,1978
"Greensboro/High Point, NC","Newark, NJ",15,3,53,0,18,67,22,525
"Greensboro/High Point, NC","Philadelphia, PA",7,1,4,0,5,11,0,76
"Greensboro/High Point, NC","Sanford, FL",7,2,15,0,17,17,2,46
"Greensboro/High Point, NC","St. Petersburg, FL",11,7,16,0,20,30,2,96
"Greensboro/High Point, NC","Washington, DC",58,11,95,0,64,141,15,752
"Greer, SC","Atlanta, GA",127,17,127,0,191,294,24,3122
"Greer, SC","Austin, TX",0,0,0,0,0,0,0,1
"Greer, SC","Baltimore, MD",60,5,47,0,83,104,3,584
"Greer, SC","Charlotte, NC",345,40,465,8,444,758,35,3212
"Greer, SC","Chicago, IL",123,12,204,1,91,292,15,1442
"Greer, SC","Dallas/Fort Worth, TX",140,26,120,2,171,265,19,1198
"Greer, SC","Denver, CO",24,5,28,0,21,54,2,384
"Greer, SC","Detroit, MI",55,13,14,0,37,87,8,668
"Greer, SC","Fort Lauderdale, FL",12,1,17,1,21,27,5,93
"Greer, SC","Houston, TX",50,6,40,1,14,72,10,486
"Greer, SC","Miami, FL",48,2,30,1,29,64,3,500
"Greer, SC","Nashville, TN",13,0,3,2,20,22,0,211
"Greer, SC","New York, NY",93,22,127,0,105,210,40,1644
"Greer, SC","Newark, NJ",41,6,65,0,40,115,29,964
"Greer, SC","Philadelphia, PA",52,9,28,0,27,76,13,575
"Greer, SC","Sanford, FL",19,7,21,0,38,45,1,116
"Greer, SC","St. Petersburg, FL",6,3,13,1,25,30,4,120
"Greer, SC","Washington, DC",108,8,115,0,110,207,21,1002
"Guam, TT","Honolulu, HI",21,0,6,0,2,23,4,366
"Guam, TT","Saipan, TT",10,0,2,0,0,10,2,366
"Gulfport/Biloxi, MS","Atlanta, GA",44,8,59,0,80,135,15,1240
"Gulfport/Biloxi, MS","Charlotte, NC",91,32,101,0,125,196,9,1020
"Gulfport/Biloxi, MS","Dallas/Fort Worth, TX",80,45,86,0,92,178,20,1064
"Gulfport/Biloxi, MS","Houston, TX",3,2,0,0,0,5,0,21
"Gulfport/Biloxi, MS","Sanford, FL",14,2,7,1,10,18,0,26
"Gunnison, CO","Dallas/Fort Worth, TX",16,2,23,1,30,37,2,131
"Gunnison, CO","Denver, CO",58,9,32,1,18,89,8,718
"Gustavus, AK","Juneau, AK",3,1,4,3,5,10,6,90
"Hagerstown, MD","Myrtle Beach, SC",11,1,10,1,22,23,3,77
"Hagerstown, MD","Sanford, FL",25,5,22,0,39,49,2,119
"Hagerstown, MD","St. Petersburg, FL",16,2,10,0,20,28,4,100
"Hancock/Houghton, MI","Chicago, IL",92,24,65,2,62,191,30,730
"Harlingen/San Benito, TX","Austin, TX",84,3,46,0,95,124,3,721
"Harlingen/San Benito, TX","Chicago, IL",4,0,2,0,1,5,0,15
"Harlingen/San Benito, TX","Dallas, TX",27,0,26,0,35,45,0,276
"Harlingen/San Benito, TX","Dallas/Fort Worth, TX",65,36,160,1,204,277,27,1641
"Harlingen/San Benito, TX","Denver, CO",0,1,0,0,0,1,0,4
"Harlingen/San Benito, TX","Houston, TX",115,4,162,0,175,259,11,1440
"Harlingen/San Benito, TX","Minneapolis, MN",14,1,7,0,10,20,1,208
"Harrisburg, PA","Atlanta, GA",83,8,44,0,50,119,9,996
"Harrisburg, PA","Charlotte, NC",176,16,149,2,177,267,14,1346
"Harrisburg, PA","Chicago, IL",85,9,95,0,61,173,13,954
"Harrisburg, PA","Dallas/Fort Worth, TX",55,3,48,1,7,79,3,366
"Harrisburg, PA","Detroit, MI",60,24,23,0,5,87,2,546
"Harrisburg, PA","Fort Lauderdale, FL",5,0,11,0,13,17,1,50
"Harrisburg, PA","Jacksonville, FL",3,2,3,0,5,9,2,58
"Harrisburg, PA","Minneapolis, MN",0,0,0,0,0,0,0,2
"Harrisburg, PA","Myrtle Beach, SC",9,1,13,0,17,22,3,75
"Harrisburg, PA","Nashville, TN",4,0,4,0,14,14,1,95
"Harrisburg, PA","Newark, NJ",1,2,5,0,3,9,2,168
"Harrisburg, PA","Orlando, FL",6,0,10,0,19,22,2,80
"Harrisburg, PA","Phoenix, AZ",0,0,1,0,0,1,0,1
"Harrisburg, PA","Punta Gorda, FL",9,3,21,0,15,29,2,126
"Harrisburg, PA","Sanford, FL",34,8,36,0,56,77,3,256
"Harrisburg, PA","Sarasota/Bradenton, FL",7,0,13,0,11,17,2,91
"Harrisburg, PA","Seattle, WA",0,0,0,0,0,0,0,1
"Harrisburg, PA","St. Petersburg, FL",9,5,13,0,16,29,3,156
"Hartford, CT","Atlanta, GA",180,19,183,1,152,331,19,2130
"Hartford, CT","Baltimore, MD",136,6,100,2,165,224,7,1687
"Hartford, CT","Charlotte, NC",209,36,241,1,267,424,17,1875
"Hartford, CT","Chicago, IL",240,23,337,2,222,500,31,2836
"Hartford, CT","Dallas/Fort Worth, TX",79,5,74,5,73,127,16,590
"Hartford, CT","Denver, CO",103,9,77,0,60,145,13,823
"Hartford, CT","Detroit, MI",86,12,71,0,99,167,12,1245
"Hartford, CT","Fort Lauderdale, FL",80,3,102,0,73,148,8,791
"Hartford, CT","Fort Myers, FL",30,1,36,0,24,54,2,230
"Hartford, CT","Los Angeles, CA",24,4,13,0,26,33,0,113
"Hartford, CT","Miami, FL",40,0,45,4,7,61,8,482
"Hartford, CT","Minneapolis, MN",61,14,65,0,59,122,6,893
"Hartford, CT","Myrtle Beach, SC",3,4,34,0,26,51,7,266
"Hartford, CT","Nashville, TN",47,4,39,0,62,75,3,377
"Hartford, CT","New York, NY",24,2,21,0,1,34,10,236
"Hartford, CT","Orlando, FL",229,9,236,2,294,431,27,1888
"Hartford, CT","Philadelphia, PA",42,6,44,2,43,82,22,660
"Hartford, CT","Raleigh/Durham, NC",9,0,9,0,20,24,0,87
"Hartford, CT","San Juan, PR",288,12,206,1,299,392,19,1000
"Hartford, CT","Tampa, FL",111,7,136,0,137,208,17,958
"Hartford, CT","Washington, DC",170,13,252,1,310,449,45,2612
"Hartford, CT","West Palm Beach/Palm Beach, FL",70,1,73,0,52,110,11,523
"Hattiesburg/Laurel, MS","Houston, TX",34,2,25,1,32,68,11,454
"Hattiesburg/Laurel, MS","Meridian, MS",10,0,13,0,31,40,7,173
"Hayden, CO","Atlanta, GA",21,2,19,0,14,31,0,109
"Hayden, CO","Boston, MA",7,1,8,1,6,13,1,32
"Hayden, CO","Chicago, IL",24,4,23,0,20,33,1,134
"Hayden, CO","Dallas, TX",9,0,20,0,16,26,1,102
"Hayden, CO","Dallas/Fort Worth, TX",24,5,47,0,46,63,1,185
"Hayden, CO","Denver, CO",154,29,169,0,166,329,17,1533
"Hayden, CO","Fort Lauderdale, FL",4,1,8,0,7,11,0,28
"Hayden, CO","Houston, TX",10,3,10,0,8,22,2,129
"Hayden, CO","Los Angeles, CA",4,2,10,0,7,13,1,71
"Hayden, CO","Minneapolis, MN",2,0,5,0,5,6,0,25
"Hayden, CO","Nashville, TN",1,0,4,0,5,6,0,15
"Hayden, CO","Newark, NJ",9,2,9,0,5,16,0,74
"Hayden, CO","San Diego, CA",4,2,3,0,6,10,2,46
"Hayden, CO","San Francisco, CA",1,0,2,0,1,3,0,15
"Hayden, CO","Seattle, WA",0,0,1,0,1,1,0,3
"Hayden, CO","Washington, DC",4,0,1,0,3,4,0,15
"Hays, KS","Denver, CO",25,1,13,0,19,49,8,517
"Hays, KS","Salina, KS",10,3,18,0,28,41,5,153
"Helena, MT","Denver, CO",73,21,72,0,27,134,7,731
"Helena, MT","Salt Lake City, UT",40,15,23,1,0,52,2,734
"Helena, MT","Seattle, WA",10,0,13,0,9,21,0,92
"Hibbing, MN","Minneapolis, MN",69,27,38,0,0,97,7,629
"Hilo, HI","Honolulu, HI",460,54,105,18,579,681,59,6432
"Hilo, HI","Kahului, HI",22,1,0,1,6,25,1,325
"Hilton Head, SC","Atlanta, GA",18,3,23,0,9,30,3,189
"Hilton Head, SC","Boston, MA",4,1,1,0,7,9,0,26
"Hilton Head, SC","Charlotte, NC",74,13,167,0,208,262,18,966
"Hilton Head, SC","Chicago, IL",4,1,2,0,7,8,0,38
"Hilton Head, SC","New York, NY",23,2,26,0,21,49,9,189
"Hilton Head, SC","Newark, NJ",9,3,19,0,15,34,8,210
"Hilton Head, SC","Philadelphia, PA",0,0,1,0,2,2,0,17
"Hilton Head, SC","Washington, DC",9,0,20,1,20,32,4,239
"Hobbs, NM","Denver, CO",35,1,13,1,4,41,2,222
"Hobbs, NM","Houston, TX",38,3,8,0,5,43,4,222
"Honolulu, HI","Anchorage, AK",19,3,27,0,49,77,10,366
"Honolulu, HI","Atlanta, GA",39,0,22,0,37,58,2,366
"Honolulu, HI","Austin, TX",29,1,0,1,0,29,1,166
"Honolulu, HI","Boston, MA",48,1,0,2,13,55,2,257
"Honolulu, HI","Chicago, IL",22,0,13,0,5,24,1,379
"Honolulu, HI","Dallas/Fort Worth, TX",38,1,30,0,29,60,1,650
"Honolulu, HI","Denver, CO",79,1,28,0,49,86,11,585
"Honolulu, HI","Detroit, MI",26,1,24,1,45,65,4,340
"Honolulu, HI","Everett, WA",15,2,42,1,30,60,8,148
"Honolulu, HI","Guam, TT",36,0,21,0,29,59,4,366
"Honolulu, HI","Hilo, HI",649,43,62,4,548,775,59,6433
"Honolulu, HI","Houston, TX",29,0,11,0,9,33,6,439
"Honolulu, HI","Kahului, HI",946,56,105,7,708,1148,111,11634
"Honolulu, HI","Kona, HI",798,47,66,4,568,906,65,8046
"Honolulu, HI","Las Vegas, NV",192,2,17,3,45,219,2,1564
"Honolulu, HI","Lihue, HI",808,73,95,8,617,963,104,8640
"Honolulu, HI","Long Beach, CA",49,0,11,0,29,70,1,732
"Honolulu, HI","Los Angeles, CA",587,3,249,11,281,803,41,5609
"Honolulu, HI","Minneapolis, MN",19,0,13,1,19,35,3,365
"Honolulu, HI","New York, NY",139,1,12,3,33,154,2,701
"Honolulu, HI","Newark, NJ",18,0,10,0,16,27,4,136
"Honolulu, HI","Oakland, CA",105,1,30,4,48,133,6,1089
"Honolulu, HI","Ontario, CA",73,1,0,2,32,81,1,367
"Honolulu, HI","Pago Pago, TT",17,2,0,1,1,16,0,125
"Honolulu, HI","Phoenix, AZ",120,1,50,7,64,166,1,1318
"Honolulu, HI","Portland, OR",95,1,44,2,55,134,13,734
"Honolulu, HI","Sacramento, CA",96,0,19,3,38,112,2,733
"Honolulu, HI","Salt Lake City, UT",36,0,22,0,19,55,6,633
"Honolulu, HI","San Diego, CA",155,3,99,8,83,248,19,1666
"Honolulu, HI","San Francisco, CA",370,0,132,9,179,480,36,2528
"Honolulu, HI","San Jose, CA",134,0,59,5,118,222,13,1394
"Honolulu, HI","Seattle, WA",290,11,204,4,218,504,46,2912
"Honolulu, HI","Washington, DC",15,0,5,0,17,23,3,127
"Houston, TX","Albuquerque, NM",196,10,100,1,216,305,18,1468
"Houston, TX","Amarillo, TX",13,4,9,0,11,26,3,183
"Houston, TX","Anchorage, AK",18,3,19,0,8,28,2,126
"Houston, TX","Asheville, NC",7,2,9,0,19,21,0,69
"Houston, TX","Aspen, CO",107,11,95,0,48,194,39,661
"Houston, TX","Atlanta, GA",848,96,799,8,970,1587,104,7800
"Houston, TX","Austin, TX",550,54,416,2,485,896,43,3763
"Houston, TX","Baltimore, MD",331,30,255,4,265,485,46,2600
"Houston, TX","Baton Rouge, LA",17,3,12,0,13,34,4,166
"Houston, TX","Birmingham, AL",97,12,55,0,106,170,15,756
"Houston, TX","Boston, MA",277,42,280,0,251,496,36,1984
"Houston, TX","Bozeman, MT",8,0,8,0,4,11,1,48
"Houston, TX","Brownsville, TX",50,5,20,0,14,69,12,319
"Houston, TX","Buffalo, NY",0,0,0,0,0,0,0,1
"Houston, TX","Burbank, CA",43,9,39,0,43,68,2,332
"Houston, TX","Charleston, SC",106,13,64,1,115,177,13,591
"Houston, TX","Charlotte Amalie, VI",16,3,16,0,5,23,1,145
"Houston, TX","Charlotte, NC",408,82,362,2,366,657,67,2682
"Houston, TX","Chicago, IL",996,135,845,3,951,1673,115,7687
"Houston, TX","Cincinnati, OH",122,6,69,0,122,171,14,581
"Houston, TX","Cleveland, OH",196,19,104,0,171,265,17,1246
"Houston, TX","Colorado Springs, CO",63,9,57,0,44,120,9,532
"Houston, TX","Columbus, OH",168,17,104,0,157,253,13,978
"Houston, TX","Corpus Christi, TX",119,8,50,3,209,257,20,1363
"Houston, TX","Dallas, TX",402,52,463,4,592,906,102,4743
"Houston, TX","Dallas/Fort Worth, TX",811,226,1051,3,1171,1909,240,7577
"Houston, TX","Denver, CO",893,113,862,6,908,1581,128,7811
"Houston, TX","Des Moines, IA",89,10,72,0,65,136,11,421
"Houston, TX","Detroit, MI",317,33,261,2,210,484,31,2451
"Houston, TX","Eagle, CO",18,6,35,0,15,45,2,159
"Houston, TX","El Paso, TX",166,14,98,3,187,263,15,1332
"Houston, TX","Fayetteville, AR",27,5,19,0,10,43,0,215
"Houston, TX","Fort Lauderdale, FL",517,59,494,2,460,855,72,3600
"Houston, TX","Fort Myers, FL",147,15,117,0,125,236,24,850
"Houston, TX","Grand Rapids, MI",67,9,49,0,29,99,12,365
"Houston, TX","Greer, SC",110,9,45,0,82,143,8,486
"Houston, TX","Gulfport/Biloxi, MS",4,1,1,0,1,6,0,21
"Houston, TX","Harlingen/San Benito, TX",150,15,50,1,196,253,17,1440
"Houston, TX","Hattiesburg/Laurel, MS",68,12,50,0,35,124,14,627
"Houston, TX","Hayden, CO",16,1,14,0,11,28,2,129
"Houston, TX","Hobbs, NM",35,8,27,0,14,57,6,223
"Houston, TX","Honolulu, HI",141,6,111,0,24,170,4,439
"Houston, TX","Indianapolis, IN",204,22,112,0,190,305,27,1355
"Houston, TX","Jackson, WY",14,1,8,0,8,16,1,74
"Houston, TX","Jackson/Vicksburg, MS",122,12,51,1,147,193,6,833
"Houston, TX","Jacksonville, FL",217,14,126,1,173,307,18,1227
"Houston, TX","Kalispell, MT",4,0,7,0,3,7,1,26
"Houston, TX","Kansas City, MO",210,11,127,0,206,318,22,1532
"Houston, TX","Key West, FL",9,3,11,0,5,20,1,94
"Houston, TX","Knoxville, TN",7,1,7,1,9,13,4,59
"Houston, TX","Lafayette, LA",23,6,8,2,6,37,6,220
"Houston, TX","Laredo, TX",0,0,0,0,0,0,0,1
"Houston, TX","Las Vegas, NV",788,77,701,5,711,1331,72,6215
"Houston, TX","Little Rock, AR",55,11,33,0,38,104,14,444
"Houston, TX","Long Beach, CA",58,6,35,2,57,86,3,626
"Houston, TX","Los Angeles, CA",914,105,592,5,615,1265,101,6630
"Houston, TX","Louisville, KY",56,13,36,2,60,86,2,347
"Houston, TX","Lubbock, TX",26,4,16,0,9,41,3,192
"Houston, TX","Madison, WI",2,0,0,0,0,2,0,9
"Houston, TX","Memphis, TN",184,18,86,2,192,283,15,1198
"Houston, TX","Meridian, MS",59,7,29,0,28,93,14,454
"Houston, TX","Miami, FL",565,82,660,2,487,1054,112,4032
"Houston, TX","Midland/Odessa, TX",178,17,138,3,205,333,23,1973
"Houston, TX","Milwaukee, WI",39,8,27,1,29,73,10,281
"Houston, TX","Minneapolis, MN",218,18,158,0,199,383,23,1829
"Houston, TX","Mission/McAllen/Edinburg, TX",106,11,38,0,72,151,21,826
"Houston, TX","Mobile, AL",10,0,6,0,2,12,0,39
"Houston, TX","Montrose/Delta, CO",30,3,32,0,11,51,6,192
"Houston, TX","Nashville, TN",436,42,247,6,437,713,50,3759
"Houston, TX","New Orleans, LA",622,75,327,3,579,971,96,5188
"Houston, TX","New York, NY",693,90,693,7,594,1272,105,5713
"Houston, TX","Newark, NJ",525,89,531,0,407,919,94,3763
"Houston, TX","Norfolk, VA",63,10,45,0,57,91,6,366
"Houston, TX","Oakland, CA",58,3,41,2,69,99,5,487
"Houston, TX","Oklahoma City, OK",227,34,169,1,235,414,31,2107
"Houston, TX","Omaha, NE",148,12,89,0,132,219,15,925
"Houston, TX","Ontario, CA",153,12,109,1,147,213,7,705
"Houston, TX","Orlando, FL",694,101,680,7,677,1283,129,5801
"Houston, TX","Palm Springs, CA",15,3,15,0,13,29,0,181
"Houston, TX","Panama City, FL",46,8,35,1,55,80,4,452
"Houston, TX","Pensacola, FL",145,16,70,0,156,229,8,836
"Houston, TX","Philadelphia, PA",270,52,249,1,219,452,53,2175
"Houston, TX","Phoenix, AZ",625,67,419,1,617,979,53,4741
"Houston, TX","Pittsburgh, PA",141,11,67,0,154,209,18,958
"Houston, TX","Portland, OR",151,11,102,0,97,193,11,892
"Houston, TX","Provo, UT",14,4,18,0,15,28,0,110
"Houston, TX","Raleigh/Durham, NC",247,27,121,0,235,331,17,1194
"Houston, TX","Reno, NV",10,2,5,0,7,11,1,50
"Houston, TX","Richmond, VA",45,4,19,0,41,61,5,217
"Houston, TX","Sacramento, CA",185,20,141,1,163,267,10,918
"Houston, TX","Salt Lake City, UT",291,28,200,0,241,456,26,2380
"Houston, TX","San Antonio, TX",557,51,371,1,515,840,64,3752
"Houston, TX","San Diego, CA",353,34,287,2,281,540,52,2637
"Houston, TX","San Francisco, CA",495,49,496,0,319,838,55,3153
"Houston, TX","San Jose, CA",115,13,68,2,109,178,5,720
"Houston, TX","San Juan, PR",150,19,158,1,99,246,18,1058
"Houston, TX","Santa Ana, CA",207,14,133,0,112,255,19,1280
"Houston, TX","Sarasota/Bradenton, FL",35,4,24,0,47,60,24,275
"Houston, TX","Savannah, GA",38,8,28,1,41,68,4,272
"Houston, TX","Seattle, WA",284,37,277,3,249,482,44,2145
"Houston, TX","Shreveport, LA",1,1,1,0,0,2,0,19
"Houston, TX","Springfield, MO",50,1,34,0,19,68,0,267
"Houston, TX","St. Louis, MO",279,15,127,2,301,421,23,2292
"Houston, TX","Tampa, FL",379,38,314,6,315,610,82,2899
"Houston, TX","Traverse City, MI",1,0,2,0,2,3,0,8
"Houston, TX","Tucson, AZ",147,12,124,1,124,243,16,936
"Houston, TX","Tulsa, OK",98,11,64,1,118,188,10,964
"Houston, TX","Valparaiso, FL",41,8,24,1,51,69,4,323
"Houston, TX","Victoria, TX",51,11,25,0,39,105,14,635
"Houston, TX","Washington, DC",721,81,461,2,532,1008,69,4848
"Houston, TX","West Palm Beach/Palm Beach, FL",35,6,49,0,25,75,5,304
"Houston, TX","Wichita, KS",91,9,66,0,52,158,13,615
"Huntsville, AL","Atlanta, GA",120,37,122,0,147,263,29,2406
"Huntsville, AL","Charlotte, NC",161,17,152,3,146,270,16,1142
"Huntsville, AL","Chicago, IL",123,16,78,0,43,189,9,731
"Huntsville, AL","Dallas/Fort Worth, TX",343,60,258,3,285,521,43,2153
"Huntsville, AL","Denver, CO",68,5,47,1,12,97,7,716
"Huntsville, AL","Detroit, MI",32,8,13,0,17,46,1,278
"Huntsville, AL","Madison, WI",0,0,0,0,0,0,0,1
"Huntsville, AL","Miami, FL",2,1,0,0,0,2,0,37
"Huntsville, AL","Oklahoma City, OK",1,0,0,0,1,1,0,2
"Huntsville, AL","Washington, DC",205,27,179,3,221,361,28,1430
"Hyannis, MA","New York, NY",30,3,57,1,40,71,9,195
"Hyannis, MA","Washington, DC",9,3,14,0,12,19,0,74
"Idaho Falls, ID","Dallas/Fort Worth, TX",59,21,44,1,14,94,4,546
"Idaho Falls, ID","Denver, CO",93,14,64,0,53,172,10,1133
"Idaho Falls, ID","Las Vegas, NV",6,3,29,0,27,39,0,109
"Idaho Falls, ID","Oakland, CA",0,0,0,0,1,1,1,22
"Idaho Falls, ID","Phoenix, AZ",26,7,35,0,27,56,1,429
"Idaho Falls, ID","Portland, OR",6,1,6,0,6,13,0,41
"Idaho Falls, ID","Salt Lake City, UT",72,26,44,1,1,108,1,1046
"Idaho Falls, ID","Santa Ana, CA",6,1,14,0,13,21,0,104
"Indianapolis, IN","Atlanta, GA",217,17,243,0,280,465,18,3254
"Indianapolis, IN","Austin, TX",70,2,76,0,77,123,4,693
"Indianapolis, IN","Baltimore, MD",107,1,75,0,126,175,9,1196
"Indianapolis, IN","Boston, MA",96,30,213,1,108,296,14,1982
"Indianapolis, IN","Buffalo, NY",0,0,0,0,0,0,0,1
"Indianapolis, IN","Charleston, SC",0,1,2,0,1,2,1,24
"Indianapolis, IN","Charlotte, NC",195,23,255,2,242,407,17,1864
"Indianapolis, IN","Chicago, IL",242,51,340,0,254,574,56,4006
"Indianapolis, IN","Dallas, TX",96,0,74,0,91,143,4,696
"Indianapolis, IN","Dallas/Fort Worth, TX",208,29,224,2,247,383,34,1881
"Indianapolis, IN","Denver, CO",248,14,221,1,273,428,20,2667
"Indianapolis, IN","Detroit, MI",130,34,72,0,62,225,6,1490
"Indianapolis, IN","Eugene, OR",0,0,1,0,0,1,0,2
"Indianapolis, IN","Fort Lauderdale, FL",133,9,204,1,153,299,14,1149
"Indianapolis, IN","Fort Myers, FL",102,4,129,0,125,204,17,919
"Indianapolis, IN","Houston, TX",103,8,154,1,85,215,31,1349
"Indianapolis, IN","Jacksonville, FL",13,0,14,0,9,21,0,81
"Indianapolis, IN","Kansas City, MO",36,0,21,0,40,50,1,380
"Indianapolis, IN","Key West, FL",4,5,10,0,11,22,4,85
"Indianapolis, IN","Las Vegas, NV",136,3,140,1,148,251,7,1493
"Indianapolis, IN","Los Angeles, CA",89,6,43,0,77,123,3,639
"Indianapolis, IN","Miami, FL",112,10,102,2,113,198,9,807
"Indianapolis, IN","Minneapolis, MN",84,9,111,0,102,199,10,1353
"Indianapolis, IN","Myrtle Beach, SC",2,0,3,0,2,4,0,38
"Indianapolis, IN","New Orleans, LA",3,0,7,0,8,9,2,35
"Indianapolis, IN","New York, NY",246,46,411,1,176,586,104,4828
"Indianapolis, IN","Newark, NJ",84,10,239,0,65,301,68,2276
"Indianapolis, IN","Orlando, FL",185,8,243,0,276,437,40,2418
"Indianapolis, IN","Panama City, FL",4,0,6,0,4,8,0,53
"Indianapolis, IN","Philadelphia, PA",105,13,175,0,149,259,21,1676
"Indianapolis, IN","Phoenix, AZ",204,9,121,2,147,262,2,1500
"Indianapolis, IN","Portland, OR",0,0,0,0,0,0,0,2
"Indianapolis, IN","Punta Gorda, FL",24,3,40,0,24,57,4,213
"Indianapolis, IN","Raleigh/Durham, NC",10,0,8,0,19,23,2,73
"Indianapolis, IN","Salt Lake City, UT",15,0,7,0,3,17,1,296
"Indianapolis, IN","San Diego, CA",14,0,7,1,17,20,0,81
"Indianapolis, IN","San Francisco, CA",49,2,55,0,15,75,5,425
"Indianapolis, IN","Sanford, FL",20,3,21,1,26,44,4,209
"Indianapolis, IN","Sarasota/Bradenton, FL",45,4,43,0,35,69,22,323
"Indianapolis, IN","Savannah, GA",1,0,2,0,4,4,0,35
"Indianapolis, IN","Seattle, WA",26,5,72,1,76,124,11,539
"Indianapolis, IN","St. Petersburg, FL",26,3,28,0,29,58,9,228
"Indianapolis, IN","Tampa, FL",87,2,101,0,132,192,33,1123
"Indianapolis, IN","Valparaiso, FL",17,0,15,0,17,27,0,81
"Indianapolis, IN","Washington, DC",143,27,218,1,160,372,25,3281
"Indianapolis, IN","West Palm Beach/Palm Beach, FL",0,1,2,0,0,3,0,14
"International Falls, MN","Minneapolis, MN",74,31,40,0,0,101,8,653
"Iron Mountain/Kingsfd, MI","Detroit, MI",52,18,19,0,0,70,6,373
"Iron Mountain/Kingsfd, MI","Minneapolis, MN",51,10,27,1,0,61,3,356
"Islip, NY","Atlanta, GA",2,0,5,0,9,10,4,44
"Islip, NY","Baltimore, MD",107,4,48,2,136,171,11,1262
"Islip, NY","Fort Lauderdale, FL",25,4,47,0,25,64,5,304
"Islip, NY","Fort Myers, FL",9,1,20,0,28,41,3,151
"Islip, NY","Miami, FL",1,0,0,0,2,2,1,32
"Islip, NY","Myrtle Beach, SC",12,1,14,0,31,37,17,188
"Islip, NY","Orlando, FL",129,5,149,0,211,291,25,1358
"Islip, NY","Tampa, FL",39,4,57,0,75,105,10,450
"Islip, NY","West Palm Beach/Palm Beach, FL",106,16,108,0,125,203,16,988
"Ithaca/Cortland, NY","New York, NY",26,17,40,0,45,82,21,727
"Ithaca/Cortland, NY","Newark, NJ",5,1,4,0,2,10,3,83
"Jackson, WY","Atlanta, GA",34,4,27,0,10,47,2,219
"Jackson, WY","Charlotte, NC",14,2,34,0,33,47,0,122
"Jackson, WY","Chicago, IL",80,8,94,0,107,171,9,717
"Jackson, WY","Dallas/Fort Worth, TX",59,24,98,0,144,188,11,622
"Jackson, WY","Denver, CO",121,29,153,0,110,255,16,1544
"Jackson, WY","Houston, TX",13,2,10,0,6,17,1,74
"Jackson, WY","Los Angeles, CA",61,11,52,1,17,97,8,466
"Jackson, WY","Minneapolis, MN",8,1,2,0,5,9,1,25
"Jackson, WY","Newark, NJ",48,5,28,0,26,63,13,226
"Jackson, WY","Salt Lake City, UT",83,25,78,0,80,169,8,1059
"Jackson, WY","San Diego, CA",1,0,2,0,3,5,1,26
"Jackson, WY","San Francisco, CA",24,5,93,0,27,110,11,362
"Jackson, WY","Seattle, WA",10,11,24,1,16,38,4,163
"Jackson/Vicksburg, MS","Atlanta, GA",132,27,151,0,210,336,17,2825
"Jackson/Vicksburg, MS","Baltimore, MD",38,1,19,0,48,57,1,309
"Jackson/Vicksburg, MS","Charlotte, NC",69,27,72,3,81,132,6,610
"Jackson/Vicksburg, MS","Dallas/Fort Worth, TX",227,115,221,11,255,455,40,1950
"Jackson/Vicksburg, MS","Houston, TX",92,8,70,2,114,162,8,839
"Jackson/Vicksburg, MS","Orlando, FL",4,0,6,0,6,8,1,33
"Jackson/Vicksburg, MS","Washington, DC",17,6,14,0,3,31,13,301
"Jacksonville, FL","Appleton, WI",0,0,0,0,0,0,0,2
"Jacksonville, FL","Atlanta, GA",241,49,347,0,409,662,46,4528
"Jacksonville, FL","Austin, TX",4,0,7,0,6,7,0,7
"Jacksonville, FL","Baltimore, MD",110,13,108,0,184,236,18,1416
"Jacksonville, FL","Belleville, IL",4,2,5,0,8,12,2,46
"Jacksonville, FL","Boston, MA",119,20,139,0,157,279,14,1216
"Jacksonville, FL","Charlotte, NC",257,26,275,3,364,521,36,2319
"Jacksonville, FL","Chicago, IL",167,30,167,0,134,309,20,2059
"Jacksonville, FL","Cincinnati, OH",11,3,16,0,35,36,1,128
"Jacksonville, FL","Cleveland, OH",0,1,5,0,8,10,2,46
"Jacksonville, FL","Dallas, TX",27,0,14,0,23,32,0,148
"Jacksonville, FL","Dallas/Fort Worth, TX",269,50,280,1,319,498,48,2011
"Jacksonville, FL","Denver, CO",91,10,80,0,78,145,8,927
"Jacksonville, FL","Detroit, MI",29,8,32,1,78,100,6,534
"Jacksonville, FL","Flint, MI",9,3,7,0,20,22,1,74
"Jacksonville, FL","Fort Lauderdale, FL",56,4,50,0,119,135,9,558
"Jacksonville, FL","Harrisburg, PA",2,0,3,0,5,8,2,58
"Jacksonville, FL","Houston, TX",102,15,99,0,89,174,24,1204
"Jacksonville, FL","Indianapolis, IN",12,3,17,1,28,29,0,81
"Jacksonville, FL","Knoxville, TN",4,3,3,0,5,10,1,60
"Jacksonville, FL","Miami, FL",206,40,203,1,302,417,48,1899
"Jacksonville, FL","Milwaukee, WI",0,0,0,0,0,0,0,1
"Jacksonville, FL","Minneapolis, MN",24,6,30,0,41,69,6,393
"Jacksonville, FL","Nashville, TN",67,8,34,0,112,136,7,966
"Jacksonville, FL","New York, NY",279,38,264,1,270,513,70,3053
"Jacksonville, FL","Newark, NJ",85,13,163,0,93,229,27,1304
"Jacksonville, FL","Norfolk, VA",2,0,8,0,6,10,0,42
"Jacksonville, FL","Philadelphia, PA",133,32,137,3,212,309,24,1620
"Jacksonville, FL","Phoenix, AZ",60,2,50,1,8,79,4,361
"Jacksonville, FL","Pittsburgh, PA",10,2,12,0,22,25,2,106
"Jacksonville, FL","San Juan, PR",20,0,21,0,52,65,9,256
"Jacksonville, FL","St. Louis, MO",45,7,25,0,68,76,2,377
"Jacksonville, FL","Washington, DC",249,49,283,1,295,495,32,2418
"Jacksonville/Camp Lejeune, NC","Atlanta, GA",29,8,34,0,41,78,4,852
"Jacksonville/Camp Lejeune, NC","Charlotte, NC",102,15,115,0,112,201,17,945
"Jamestown, ND","Denver, CO",12,6,23,0,22,43,16,284
"Jamestown, ND","Devils Lake, ND",22,2,16,0,13,36,19,331
"Johnstown, PA","Chicago, IL",12,1,31,0,47,65,9,365
"Johnstown, PA","Washington, DC",52,3,22,0,11,64,8,366
"Joplin, MO","Chicago, IL",21,6,11,0,4,31,3,213
"Joplin, MO","Decatur, IL",22,2,8,0,4,31,5,153
"Joplin, MO","Denver, CO",13,4,16,0,18,40,4,261
"Juneau, AK","Anchorage, AK",38,10,98,0,113,161,22,1218
"Juneau, AK","Gustavus, AK",5,1,8,0,5,9,6,90
"Juneau, AK","Ketchikan, AK",20,8,23,0,0,38,14,363
"Juneau, AK","Petersburg, AK",27,8,32,0,25,62,1,363
"Juneau, AK","Seattle, WA",119,14,156,2,115,268,22,1612
"Juneau, AK","Sitka, AK",25,8,51,0,63,96,15,729
"Juneau, AK","Yakutat, AK",11,10,49,0,47,72,6,363
"Kahului, HI","Anchorage, AK",3,2,3,0,3,7,5,33
"Kahului, HI","Atlanta, GA",2,0,2,0,2,4,0,41
"Kahului, HI","Chicago, IL",6,0,3,0,3,8,2,126
"Kahului, HI","Dallas/Fort Worth, TX",20,2,11,1,11,29,0,366
"Kahului, HI","Denver, CO",20,0,14,0,9,29,10,388
"Kahului, HI","Hilo, HI",48,5,0,0,57,57,1,325
"Kahului, HI","Honolulu, HI",810,108,260,4,1027,1253,128,11642
"Kahului, HI","Kona, HI",124,7,19,1,154,164,2,1529
"Kahului, HI","Las Vegas, NV",64,2,19,1,18,75,1,827
"Kahului, HI","Lihue, HI",134,6,10,2,134,170,0,1464
"Kahului, HI","Long Beach, CA",10,0,0,0,7,12,1,321
"Kahului, HI","Los Angeles, CA",116,2,89,2,94,207,12,1934
"Kahului, HI","Newark, NJ",1,0,0,0,1,1,0,3
"Kahului, HI","Oakland, CA",51,0,25,1,42,81,7,863
"Kahului, HI","Phoenix, AZ",26,0,27,0,1,32,2,829
"Kahului, HI","Portland, OR",82,4,35,0,51,119,11,660
"Kahului, HI","Sacramento, CA",55,2,10,1,58,91,3,528
"Kahului, HI","Salt Lake City, UT",10,0,10,0,13,20,5,149
"Kahului, HI","San Diego, CA",63,6,25,0,24,89,17,713
"Kahului, HI","San Francisco, CA",135,1,71,0,105,198,18,1481
"Kahului, HI","San Jose, CA",43,0,10,0,27,59,6,575
"Kahului, HI","Seattle, WA",151,28,111,1,160,315,41,1746
"Kalamazoo, MI","Detroit, MI",126,36,40,0,0,160,16,1005
"Kalispell, MT","Chicago, IL",42,2,45,1,54,77,2,313
"Kalispell, MT","Dallas/Fort Worth, TX",39,5,46,0,72,82,2,289
"Kalispell, MT","Denver, CO",77,8,91,0,74,168,11,1063
"Kalispell, MT","Houston, TX",6,0,8,0,6,10,1,26
"Kalispell, MT","Las Vegas, NV",15,3,26,1,25,40,2,105
"Kalispell, MT","Los Angeles, CA",11,4,12,0,13,27,0,161
"Kalispell, MT","Minneapolis, MN",42,10,40,0,20,77,4,429
"Kalispell, MT","Oakland, CA",1,0,2,0,1,3,0,18
"Kalispell, MT","Phoenix, AZ",9,1,10,1,5,15,1,73
"Kalispell, MT","Salt Lake City, UT",77,24,41,0,3,115,6,1149
"Kalispell, MT","San Diego, CA",1,0,2,0,7,7,1,39
"Kalispell, MT","San Francisco, CA",6,0,24,0,15,37,2,169
"Kalispell, MT","Seattle, WA",0,0,0,0,0,0,0,6
"Kansas City, MO","Albuquerque, NM",26,1,12,0,38,41,0,352
"Kansas City, MO","Atlanta, GA",168,15,192,0,234,387,27,3256
"Kansas City, MO","Austin, TX",82,5,80,1,110,147,5,850
"Kansas City, MO","Baltimore, MD",91,4,82,0,122,163,7,850
"Kansas City, MO","Birmingham, AL",0,0,0,0,0,0,0,1
"Kansas City, MO","Boston, MA",46,7,93,0,46,119,13,707
"Kansas City, MO","Buffalo, NY",0,0,0,0,0,0,0,2
"Kansas City, MO","Burbank, CA",35,1,31,0,31,47,0,165
"Kansas City, MO","Charlotte, NC",164,22,190,2,216,312,8,1382
"Kansas City, MO","Chicago, IL",384,49,436,1,473,798,59,5365
"Kansas City, MO","Cincinnati, OH",0,0,0,0,0,0,0,1
"Kansas City, MO","Columbus, OH",5,0,1,0,5,5,0,21
"Kansas City, MO","Dallas, TX",163,22,184,1,254,328,25,2027
"Kansas City, MO","Dallas/Fort Worth, TX",266,67,324,1,339,574,46,2555
"Kansas City, MO","Denver, CO",308,26,428,1,419,725,42,4274
"Kansas City, MO","Detroit, MI",68,6,58,0,73,137,6,1332
"Kansas City, MO","Fort Lauderdale, FL",72,3,98,1,89,142,8,581
"Kansas City, MO","Fort Myers, FL",16,2,23,0,18,37,2,238
"Kansas City, MO","Houston, TX",128,5,128,0,144,238,30,1531
"Kansas City, MO","Indianapolis, IN",44,0,18,0,60,66,0,380
"Kansas City, MO","Las Vegas, NV",168,15,177,2,226,341,16,2076
"Kansas City, MO","Long Beach, CA",31,1,27,0,36,51,1,298
"Kansas City, MO","Los Angeles, CA",149,5,108,0,149,238,10,1251
"Kansas City, MO","Miami, FL",46,5,58,0,8,72,9,430
"Kansas City, MO","Milwaukee, WI",32,1,10,0,53,60,1,389
"Kansas City, MO","Minneapolis, MN",104,16,121,0,113,227,13,1643
"Kansas City, MO","Myrtle Beach, SC",1,0,3,0,1,3,0,9
"Kansas City, MO","Nashville, TN",99,6,58,0,116,159,10,1257
"Kansas City, MO","New Orleans, LA",40,2,29,0,52,69,0,378
"Kansas City, MO","New York, NY",187,30,261,0,216,426,76,2681
"Kansas City, MO","Newark, NJ",21,7,79,0,21,101,27,571
"Kansas City, MO","Oakland, CA",75,1,50,1,75,97,1,349
"Kansas City, MO","Orlando, FL",154,9,183,1,158,290,27,1729
"Kansas City, MO","Panama City, FL",17,1,17,0,19,29,1,101
"Kansas City, MO","Pensacola, FL",14,0,4,0,12,17,0,133
"Kansas City, MO","Philadelphia, PA",90,13,107,0,80,181,12,853
"Kansas City, MO","Phoenix, AZ",219,15,190,0,290,427,16,2644
"Kansas City, MO","Portland, OR",3,0,2,0,2,2,0,34
"Kansas City, MO","Punta Gorda, FL",7,1,17,0,13,20,4,94
"Kansas City, MO","Raleigh/Durham, NC",15,0,10,0,13,16,0,35
"Kansas City, MO","Sacramento, CA",11,0,11,0,8,15,0,62
"Kansas City, MO","Salt Lake City, UT",42,3,38,0,66,106,9,961
"Kansas City, MO","San Antonio, TX",30,1,33,0,40,57,2,317
"Kansas City, MO","San Diego, CA",66,2,58,0,71,103,0,469
"Kansas City, MO","San Francisco, CA",50,2,28,0,3,62,7,443
"Kansas City, MO","San Jose, CA",0,0,0,0,0,0,0,1
"Kansas City, MO","Sarasota/Bradenton, FL",2,0,6,0,1,7,0,15
"Kansas City, MO","Seattle, WA",69,8,121,0,60,162,12,1173
"Kansas City, MO","St. Louis, MO",79,2,39,0,108,135,11,1055
"Kansas City, MO","St. Petersburg, FL",4,3,7,0,9,15,1,78
"Kansas City, MO","Tampa, FL",50,7,60,0,82,123,17,598
"Kansas City, MO","Valparaiso, FL",4,1,10,0,7,12,0,55
"Kansas City, MO","Washington, DC",184,13,198,1,191,327,30,1817
"Kearney, NE","Denver, CO",9,1,5,0,4,14,3,105
"Ketchikan, AK","Juneau, AK",7,2,21,0,28,40,15,363
"Ketchikan, AK","Seattle, WA",72,15,85,10,109,188,24,1423
"Ketchikan, AK","Sitka, AK",29,3,37,0,55,82,3,366
"Ketchikan, AK","Wrangell, AK",13,7,28,0,47,63,4,363
"Key West, FL","Asheville, NC",18,1,14,1,15,26,6,107
"Key West, FL","Atlanta, GA",89,9,108,0,165,240,32,1480
"Key West, FL","Boston, MA",36,5,33,1,41,54,5,195
"Key West, FL","Charlotte, NC",272,42,190,7,311,432,41,1437
"Key West, FL","Chicago, IL",74,1,74,4,67,109,8,378
"Key West, FL","Cincinnati, OH",8,0,12,0,18,20,4,104
"Key West, FL","Dallas/Fort Worth, TX",137,32,128,6,181,235,16,541
"Key West, FL","Houston, TX",9,0,10,0,14,21,1,94
"Key West, FL","Indianapolis, IN",7,1,9,0,6,14,2,85
"Key West, FL","Miami, FL",148,23,117,9,226,259,37,1251
"Key West, FL","Nashville, TN",1,0,1,0,1,1,0,2
"Key West, FL","New York, NY",36,11,29,1,40,63,8,355
"Key West, FL","Newark, NJ",59,5,76,0,69,121,16,508
"Key West, FL","Philadelphia, PA",92,19,67,5,96,139,16,429
"Key West, FL","Pittsburgh, PA",12,2,12,1,12,21,5,92
"Key West, FL","Sanford, FL",13,0,16,1,22,28,4,85
"Key West, FL","St. Petersburg, FL",18,6,28,1,32,42,6,169
"Key West, FL","Washington, DC",83,8,70,2,85,130,9,635
"Killeen, TX","Dallas/Fort Worth, TX",205,57,178,1,224,378,37,1796
"King Salmon, AK","Anchorage, AK",3,0,23,10,18,29,1,178
"Knoxville, TN","Atlanta, GA",131,7,125,0,130,279,22,2622
"Knoxville, TN","Austin, TX",7,2,15,0,25,31,2,101
"Knoxville, TN","Belleville, IL",5,3,1,0,12,14,0,58
"Knoxville, TN","Boston, MA",3,0,7,0,0,8,0,111
"Knoxville, TN","Charlotte, NC",246,28,300,3,385,566,36,2578
"Knoxville, TN","Chicago, IL",174,22,191,0,161,336,26,1875
"Knoxville, TN","Columbus, OH",0,0,0,0,0,0,0,1
"Knoxville, TN","Dallas/Fort Worth, TX",196,42,142,0,213,310,29,1437
"Knoxville, TN","Denver, CO",63,6,66,1,56,128,6,942
"Knoxville, TN","Detroit, MI",19,1,9,0,14,32,5,565
"Knoxville, TN","Fayetteville, AR",0,0,0,0,0,0,0,2
"Knoxville, TN","Fort Lauderdale, FL",32,4,47,1,40,79,3,378
"Knoxville, TN","Houston, TX",5,1,4,0,3,8,4,59
"Knoxville, TN","Jacksonville, FL",4,1,5,0,2,8,1,60
"Knoxville, TN","Las Vegas, NV",13,2,13,0,14,23,1,112
"Knoxville, TN","Miami, FL",21,5,28,0,3,38,3,352
"Knoxville, TN","Minneapolis, MN",20,0,11,0,0,22,4,226
"Knoxville, TN","New York, NY",59,17,99,0,84,168,43,1356
"Knoxville, TN","Newark, NJ",10,0,10,0,0,18,1,154
"Knoxville, TN","Oklahoma City, OK",0,0,0,0,0,0,0,2
"Knoxville, TN","Orlando, FL",10,1,25,0,16,36,4,156
"Knoxville, TN","Philadelphia, PA",47,3,42,0,43,80,6,512
"Knoxville, TN","Phoenix, AZ",16,0,11,0,9,21,0,112
"Knoxville, TN","Punta Gorda, FL",24,2,31,0,42,54,7,194
"Knoxville, TN","Sanford, FL",58,15,67,0,96,145,14,630
"Knoxville, TN","South Bend, IN",1,0,1,0,3,4,2,58
"Knoxville, TN","St. Petersburg, FL",42,12,53,0,58,100,15,457
"Knoxville, TN","Tampa, FL",0,0,0,0,0,0,0,2
"Knoxville, TN","Valparaiso, FL",2,0,9,0,11,13,2,89
"Knoxville, TN","Washington, DC",123,14,122,2,117,213,21,1075
"Knoxville, TN","West Palm Beach/Palm Beach, FL",2,0,2,0,1,2,0,5
"Kodiak, AK","Anchorage, AK",36,17,57,8,65,119,17,816
"Kona, HI","Anchorage, AK",5,3,8,0,11,18,5,92
"Kona, HI","Chicago, IL",2,0,1,0,2,2,0,17
"Kona, HI","Denver, CO",14,1,5,0,7,21,3,366
"Kona, HI","Honolulu, HI",566,92,153,2,768,893,73,8048
"Kona, HI","Kahului, HI",80,3,15,0,66,101,2,1525
"Kona, HI","Las Vegas, NV",7,0,5,0,0,9,0,366
"Kona, HI","Lihue, HI",9,2,0,0,10,14,1,366
"Kona, HI","Los Angeles, CA",154,0,104,2,131,248,19,1626
"Kona, HI","Oakland, CA",12,0,16,0,3,18,0,366
"Kona, HI","Phoenix, AZ",15,0,7,1,3,16,0,385
"Kona, HI","Portland, OR",29,1,37,0,40,66,10,314
"Kona, HI","Sacramento, CA",4,0,0,1,0,3,1,95
"Kona, HI","San Diego, CA",12,1,34,0,19,48,11,337
"Kona, HI","San Francisco, CA",50,0,31,0,41,75,15,747
"Kona, HI","San Jose, CA",24,0,22,0,34,56,10,308
"Kona, HI","Seattle, WA",95,0,93,2,92,180,34,1369
"Kotzebue, AK","Anchorage, AK",7,0,20,3,31,35,22,365
"Kotzebue, AK","Nome, AK",0,0,0,0,0,0,0,1
"La Crosse, WI","Chicago, IL",26,1,29,1,26,53,6,332
"Lafayette, LA","Atlanta, GA",85,16,69,0,47,155,11,1071
"Lafayette, LA","Charlotte, NC",23,14,26,0,3,45,7,366
"Lafayette, LA","Dallas/Fort Worth, TX",133,163,142,9,217,341,45,1597
"Lafayette, LA","Houston, TX",27,9,14,1,7,46,4,220
"Lafayette, LA","New Orleans, LA",0,0,1,0,0,1,0,1
"Lake Charles, LA","Dallas/Fort Worth, TX",114,54,74,0,61,220,27,1086
"Lansing, MI","Detroit, MI",154,44,70,0,16,210,9,1004
"Lansing, MI","Washington, DC",21,6,52,0,69,81,9,294
"Laramie, WY","Denver, CO",36,17,33,1,34,97,23,627
"Laredo, TX","Dallas/Fort Worth, TX",63,6,159,0,221,288,26,1660
"Laredo, TX","Houston, TX",0,0,0,0,0,0,0,1
"Laredo, TX","Las Vegas, NV",14,0,14,0,13,23,0,116
"Laredo, TX","Los Angeles, CA",5,1,3,0,5,7,2,18
"Las Vegas, NV","Akron, OH",1,0,1,0,0,1,0,1
"Las Vegas, NV","Albany, NY",8,0,5,0,4,9,0,77
"Las Vegas, NV","Albuquerque, NM",254,6,196,2,309,454,9,2102
"Las Vegas, NV","Amarillo, TX",29,0,15,0,31,47,1,366
"Las Vegas, NV","Anchorage, AK",5,14,30,0,28,47,2,117
"Las Vegas, NV","Appleton, WI",14,0,11,0,16,24,4,151
"Las Vegas, NV","Asheville, NC",10,0,6,0,7,13,1,105
"Las Vegas, NV","Atlanta, GA",603,35,528,3,488,923,47,4990
"Las Vegas, NV","Austin, TX",452,9,350,1,521,777,16,3318
"Las Vegas, NV","Baltimore, MD",299,3,214,2,217,403,13,2053
"Las Vegas, NV","Baton Rouge, LA",1,0,3,0,0,3,0,3
"Las Vegas, NV","Belleville, IL",8,0,8,0,2,11,1,52
"Las Vegas, NV","Bellingham, WA",70,6,66,1,121,158,4,856
"Las Vegas, NV","Billings, MT",16,2,20,0,18,30,1,126
"Las Vegas, NV","Birmingham, AL",78,1,62,1,63,103,0,367
"Las Vegas, NV","Bismarck/Mandan, ND",11,1,3,0,3,15,2,120
"Las Vegas, NV","Boise, ID",193,9,134,1,194,320,8,1689
"Las Vegas, NV","Boston, MA",166,11,187,0,153,316,11,1606
"Las Vegas, NV","Bozeman, MT",95,4,53,1,139,164,2,716
"Las Vegas, NV","Buffalo, NY",56,0,41,0,30,78,1,334
"Las Vegas, NV","Burbank, CA",513,10,337,2,529,838,52,4404
"Las Vegas, NV","Cedar Rapids/Iowa City, IA",7,1,5,0,2,11,1,115
"Las Vegas, NV","Charleston, SC",14,1,15,0,4,21,2,137
"Las Vegas, NV","Charlotte, NC",306,53,300,4,211,517,22,2576
"Las Vegas, NV","Chattanooga, TN",1,0,2,0,0,2,0,53
"Las Vegas, NV","Chicago, IL",1039,36,791,5,1000,1698,112,8428
"Las Vegas, NV","Cincinnati, OH",89,1,59,0,89,143,5,697
"Las Vegas, NV","Cleveland, OH",113,2,74,0,102,179,10,910
"Las Vegas, NV","Colorado Springs, CO",123,2,63,3,180,215,5,909
"Las Vegas, NV","Columbus, OH",150,5,129,0,107,212,4,1097
"Las Vegas, NV","Dallas, TX",453,15,344,4,403,674,33,2943
"Las Vegas, NV","Dallas/Fort Worth, TX",724,58,758,9,786,1373,110,6161
"Las Vegas, NV","Denver, CO",864,34,757,7,1138,1680,100,8192
"Las Vegas, NV","Des Moines, IA",75,1,69,0,92,126,7,582
"Las Vegas, NV","Detroit, MI",302,22,324,2,197,501,22,3205
"Las Vegas, NV","El Paso, TX",177,2,103,1,233,295,7,1433
"Las Vegas, NV","Eugene, OR",63,3,43,1,54,92,8,490
"Las Vegas, NV","Everett, WA",3,2,24,0,29,37,9,158
"Las Vegas, NV","Fargo, ND",2,1,2,0,0,4,1,123
"Las Vegas, NV","Fayetteville, AR",14,1,18,0,6,29,0,115
"Las Vegas, NV","Flint, MI",22,1,13,0,18,27,0,105
"Las Vegas, NV","Fort Lauderdale, FL",162,8,148,0,104,225,4,887
"Las Vegas, NV","Fort Wayne, IN",6,4,11,1,5,18,0,95
"Las Vegas, NV","Fresno, CA",204,16,132,1,251,353,3,1770
"Las Vegas, NV","Grand Forks, ND",9,1,6,1,3,14,1,106
"Las Vegas, NV","Grand Island, NE",11,1,10,0,3,16,1,110
"Las Vegas, NV","Grand Junction, CO",4,3,14,0,16,23,0,105
"Las Vegas, NV","Grand Rapids, MI",31,5,34,0,30,55,1,263
"Las Vegas, NV","Great Falls, MT",8,3,7,0,7,17,1,109
"Las Vegas, NV","Honolulu, HI",308,4,62,1,142,354,2,1563
"Las Vegas, NV","Houston, TX",762,26,634,5,664,1196,75,6270
"Las Vegas, NV","Idaho Falls, ID",12,7,21,0,7,25,0,109
"Las Vegas, NV","Indianapolis, IN",234,7,173,1,210,343,8,1489
"Las Vegas, NV","Kahului, HI",137,2,54,0,45,164,2,827
"Las Vegas, NV","Kalispell, MT",11,3,9,0,7,22,1,105
"Las Vegas, NV","Kansas City, MO",268,5,185,2,269,391,14,2070
"Las Vegas, NV","Knoxville, TN",13,1,15,0,8,22,1,112
"Las Vegas, NV","Kona, HI",53,0,41,2,34,74,0,366
"Las Vegas, NV","Laredo, TX",9,2,11,0,3,14,0,116
"Las Vegas, NV","Lexington, KY",6,1,2,0,0,8,0,91
"Las Vegas, NV","Lihue, HI",60,0,64,1,28,85,0,366
"Las Vegas, NV","Little Rock, AR",46,1,28,0,44,67,0,348
"Las Vegas, NV","Long Beach, CA",265,6,146,3,329,432,16,2276
"Las Vegas, NV","Los Angeles, CA",1233,28,1120,11,1336,2095,74,9559
"Las Vegas, NV","Louisville, KY",88,5,72,0,73,129,1,493
"Las Vegas, NV","Lubbock, TX",32,2,16,0,36,52,0,366
"Las Vegas, NV","Medford, OR",18,6,25,0,13,37,0,154
"Las Vegas, NV","Memphis, TN",56,5,52,1,27,75,4,623
"Las Vegas, NV","Miami, FL",152,24,194,4,129,306,18,1536
"Las Vegas, NV","Midland/Odessa, TX",34,0,24,1,35,51,1,366
"Las Vegas, NV","Milwaukee, WI",203,6,147,0,198,295,12,1364
"Las Vegas, NV","Minneapolis, MN",190,14,203,0,224,401,22,2787
"Las Vegas, NV","Minot, ND",7,1,12,0,6,18,0,126
"Las Vegas, NV","Mission/McAllen/Edinburg, TX",35,2,23,1,14,50,1,333
"Las Vegas, NV","Missoula, MT",13,1,19,0,15,28,0,117
"Las Vegas, NV","Moline, IL",8,1,7,0,1,12,0,106
"Las Vegas, NV","Monterey, CA",14,1,19,0,15,25,1,106
"Las Vegas, NV","Nashville, TN",288,5,182,2,240,407,11,2034
"Las Vegas, NV","New Orleans, LA",141,6,128,0,124,222,6,1052
"Las Vegas, NV","New York, NY",347,28,364,0,274,631,28,3360
"Las Vegas, NV","Newark, NJ",330,26,372,1,241,624,55,3165
"Las Vegas, NV","Norfolk, VA",0,0,0,0,0,0,0,1
"Las Vegas, NV","Oakland, CA",700,15,439,3,698,1045,19,4622
"Las Vegas, NV","Oklahoma City, OK",177,4,111,0,192,267,7,1140
"Las Vegas, NV","Omaha, NE",186,4,137,2,217,304,11,1155
"Las Vegas, NV","Ontario, CA",330,5,163,1,403,545,11,2750
"Las Vegas, NV","Orlando, FL",211,7,162,2,161,315,19,1282
"Las Vegas, NV","Palm Springs, CA",101,1,47,1,130,162,1,706
"Las Vegas, NV","Pasco/Kennewick/Richland, WA",8,2,12,0,6,17,1,127
"Las Vegas, NV","Peoria, IL",10,2,9,0,6,18,2,115
"Las Vegas, NV","Philadelphia, PA",160,22,195,1,112,304,18,1622
"Las Vegas, NV","Phoenix, AZ",746,16,528,4,1014,1386,46,7057
"Las Vegas, NV","Pittsburgh, PA",149,6,127,1,117,220,5,940
"Las Vegas, NV","Portland, OR",386,41,441,3,471,804,40,3773
"Las Vegas, NV","Provo, UT",8,2,15,0,22,29,0,92
"Las Vegas, NV","Raleigh/Durham, NC",39,0,33,0,27,63,5,435
"Las Vegas, NV","Rapid City, SD",9,2,9,0,12,18,0,126
"Las Vegas, NV","Reno, NV",530,13,274,5,580,849,33,4228
"Las Vegas, NV","Richmond, VA",15,3,20,0,7,22,1,138
"Las Vegas, NV","Rochester, NY",7,0,3,0,6,9,0,49
"Las Vegas, NV","Rockford, IL",9,4,11,0,3,18,1,105
"Las Vegas, NV","Sacramento, CA",673,54,422,3,694,1073,39,5566
"Las Vegas, NV","Salt Lake City, UT",426,19,322,3,504,781,26,4428
"Las Vegas, NV","San Antonio, TX",301,8,232,0,300,484,13,2350
"Las Vegas, NV","San Diego, CA",1099,84,1235,1,909,1938,66,6808
"Las Vegas, NV","San Francisco, CA",598,54,1475,4,775,1956,98,5773
"Las Vegas, NV","San Jose, CA",472,13,297,1,510,775,26,4530
"Las Vegas, NV","San Luis Obispo, CA",13,7,34,0,23,49,4,169
"Las Vegas, NV","Sanford, FL",3,1,5,0,4,8,0,21
"Las Vegas, NV","Santa Ana, CA",454,7,231,3,507,686,30,3691
"Las Vegas, NV","Santa Barbara, CA",110,1,49,0,143,185,16,854
"Las Vegas, NV","Santa Maria, CA",7,3,17,0,11,25,0,106
"Las Vegas, NV","Santa Rosa, CA",3,0,14,0,14,20,1,39
"Las Vegas, NV","Seattle, WA",589,86,776,7,805,1379,73,6620
"Las Vegas, NV","Shreveport, LA",5,0,10,0,3,11,1,107
"Las Vegas, NV","Sioux Falls, SD",16,2,14,0,8,28,0,178
"Las Vegas, NV","South Bend, IN",1,1,4,0,0,6,0,105
"Las Vegas, NV","Spokane, WA",88,1,52,0,116,154,1,760
"Las Vegas, NV","Springfield, MO",8,1,7,0,3,12,1,116
"Las Vegas, NV","St. Louis, MO",277,3,175,3,263,409,11,2116
"Las Vegas, NV","Stockton, CA",30,8,46,2,32,72,1,399
"Las Vegas, NV","Tampa, FL",161,12,153,1,116,250,22,965
"Las Vegas, NV","Tucson, AZ",183,3,76,0,236,296,2,1301
"Las Vegas, NV","Tulsa, OK",103,1,59,1,109,169,2,746
"Las Vegas, NV","Valparaiso, FL",9,2,11,0,7,17,0,81
"Las Vegas, NV","Washington, DC",127,7,110,0,82,197,18,1310
"Las Vegas, NV","Wichita, KS",54,3,44,0,60,88,2,468
"Latrobe, PA","Myrtle Beach, SC",11,0,12,0,13,25,5,245
"Latrobe, PA","Orlando, FL",10,3,35,0,26,52,9,331
"Lawton/Fort Sill, OK","Dallas/Fort Worth, TX",109,53,94,0,39,198,37,1086
"Lewiston, ID","Denver, CO",29,2,12,2,15,46,3,365
"Lewiston, ID","Salt Lake City, UT",24,13,7,0,0,37,1,366
"Lewiston, ID","Seattle, WA",47,2,12,0,0,49,2,366
"Lexington, KY","Atlanta, GA",106,17,85,0,104,215,22,2091
"Lexington, KY","Austin, TX",0,0,0,0,0,0,0,2
"Lexington, KY","Charlotte, NC",158,57,269,5,312,467,23,2032
"Lexington, KY","Chicago, IL",135,18,156,3,101,277,18,1555
"Lexington, KY","Dallas/Fort Worth, TX",120,33,128,2,156,241,26,1068
"Lexington, KY","Denver, CO",38,4,28,1,8,52,2,366
"Lexington, KY","Detroit, MI",74,14,30,2,8,95,3,820
"Lexington, KY","Fort Lauderdale, FL",12,2,26,0,22,34,3,123
"Lexington, KY","Las Vegas, NV",9,3,17,0,8,23,0,91
"Lexington, KY","Miami, FL",0,2,3,0,0,2,0,15
"Lexington, KY","Myrtle Beach, SC",0,2,2,0,3,7,0,22
"Lexington, KY","Philadelphia, PA",4,0,2,0,3,5,3,61
"Lexington, KY","Punta Gorda, FL",20,0,33,0,41,56,4,157
"Lexington, KY","Sanford, FL",38,4,54,0,70,87,8,216
"Lexington, KY","St. Petersburg, FL",10,3,24,0,41,50,4,188
"Lexington, KY","Valparaiso, FL",4,2,12,0,16,19,0,33
"Lexington, KY","Washington, DC",17,4,21,2,0,35,5,298
"Liberal, KS","Denver, CO",15,4,19,0,27,45,11,357
"Liberal, KS","Dodge City, KS",18,5,17,0,19,40,9,209
"Lihue, HI","Denver, CO",10,0,2,0,9,15,1,381
"Lihue, HI","Honolulu, HI",499,117,196,3,765,934,109,8640
"Lihue, HI","Kahului, HI",103,2,8,1,119,148,2,1464
"Lihue, HI","Kona, HI",42,0,0,0,58,58,0,366
"Lihue, HI","Las Vegas, NV",13,0,15,0,0,19,0,366
"Lihue, HI","Los Angeles, CA",135,3,68,5,68,184,11,1467
"Lihue, HI","Oakland, CA",60,0,5,2,26,64,4,732
"Lihue, HI","Phoenix, AZ",18,0,12,0,2,20,0,385
"Lihue, HI","Portland, OR",4,1,6,0,13,19,0,75
"Lihue, HI","Sacramento, CA",7,0,1,0,5,10,1,127
"Lihue, HI","San Diego, CA",17,2,37,0,42,56,1,213
"Lihue, HI","San Francisco, CA",26,0,18,0,11,43,3,548
"Lihue, HI","San Jose, CA",9,0,17,0,16,24,1,124
"Lihue, HI","Seattle, WA",45,9,86,0,97,165,15,1069
"Lincoln, NE","Chicago, IL",84,17,58,0,65,169,9,972
"Lincoln, NE","Denver, CO",81,15,43,0,37,143,4,891
"Little Rock, AR","Atlanta, GA",112,22,117,0,132,246,14,2230
"Little Rock, AR","Charlotte, NC",118,80,128,2,190,270,7,1179
"Little Rock, AR","Chicago, IL",168,63,184,1,147,338,13,1290
"Little Rock, AR","Dallas, TX",56,6,76,1,107,143,3,1013
"Little Rock, AR","Dallas/Fort Worth, TX",298,271,454,4,447,778,57,2995
"Little Rock, AR","Denver, CO",124,10,109,0,109,234,7,1328
"Little Rock, AR","Houston, TX",53,4,44,2,23,83,13,445
"Little Rock, AR","Las Vegas, NV",41,1,33,0,54,73,1,348
"Little Rock, AR","Los Angeles, CA",4,0,8,0,4,10,0,22
"Little Rock, AR","Miami, FL",3,3,5,0,0,8,1,47
"Little Rock, AR","New York, NY",62,13,51,1,1,92,8,613
"Little Rock, AR","Phoenix, AZ",2,0,0,0,2,1,0,6
"Little Rock, AR","Sanford, FL",17,3,20,0,15,29,1,51
"Little Rock, AR","St. Louis, MO",36,4,17,0,61,71,3,680
"Little Rock, AR","St. Petersburg, FL",3,0,5,0,6,10,0,24
"Little Rock, AR","Valparaiso, FL",2,1,7,0,7,7,0,22
"Little Rock, AR","Washington, DC",27,17,45,0,1,61,2,364
"Long Beach, CA","Albuquerque, NM",32,0,12,0,35,44,0,293
"Long Beach, CA","Austin, TX",49,3,53,0,56,88,4,588
"Long Beach, CA","Boise, ID",2,0,0,0,2,2,0,41
"Long Beach, CA","Chicago, IL",32,2,17,1,28,46,7,530
"Long Beach, CA","Colorado Springs, CO",24,0,17,0,32,37,2,195
"Long Beach, CA","Dallas, TX",51,7,50,2,50,105,3,637
"Long Beach, CA","Denver, CO",74,12,61,0,103,157,11,1094
"Long Beach, CA","El Paso, TX",26,0,9,1,34,39,1,308
"Long Beach, CA","Honolulu, HI",87,5,52,2,24,123,2,732
"Long Beach, CA","Houston, TX",39,2,42,1,52,80,2,626
"Long Beach, CA","Kahului, HI",28,0,1,0,2,29,2,320
"Long Beach, CA","Kansas City, MO",39,0,14,0,42,49,0,298
"Long Beach, CA","Las Vegas, NV",142,7,255,0,286,440,15,2275
"Long Beach, CA","Nashville, TN",26,1,28,0,27,44,2,369
"Long Beach, CA","New Orleans, LA",1,0,0,0,1,1,0,26
"Long Beach, CA","Oakland, CA",89,5,42,0,178,209,10,1786
"Long Beach, CA","Orlando, FL",3,0,4,0,3,4,0,22
"Long Beach, CA","Phoenix, AZ",109,8,79,0,181,226,3,1437
"Long Beach, CA","Portland, OR",5,0,1,0,9,8,0,37
"Long Beach, CA","Reno, NV",37,0,21,0,88,100,3,725
"Long Beach, CA","Sacramento, CA",102,6,42,0,191,231,10,2004
"Long Beach, CA","Salt Lake City, UT",136,24,56,0,78,212,4,1606
"Long Beach, CA","San Jose, CA",73,1,21,1,150,166,9,1336
"Long Beach, CA","St. Louis, MO",26,1,13,0,25,35,1,365
"Longview, TX","Dallas/Fort Worth, TX",95,28,57,0,45,149,15,729
"Los Angeles, CA","Albuquerque, NM",246,39,158,0,91,331,2,2282
"Los Angeles, CA","Anchorage, AK",26,0,66,2,34,86,7,348
"Los Angeles, CA","Appleton, WI",1,0,0,0,0,1,0,2
"Los Angeles, CA","Arcata/Eureka, CA",34,4,23,0,13,57,0,366
"Los Angeles, CA","Aspen, CO",202,39,178,1,42,342,33,1171
"Los Angeles, CA","Atlanta, GA",753,11,651,4,505,1118,33,5225
"Los Angeles, CA","Austin, TX",466,10,442,0,501,854,22,4025
"Los Angeles, CA","Baltimore, MD",235,1,209,5,195,350,22,1849
"Los Angeles, CA","Bellingham, WA",7,2,13,0,16,21,0,106
"Los Angeles, CA","Bend/Redmond, OR",31,4,40,2,27,73,8,450
"Los Angeles, CA","Billings, MT",5,0,5,0,4,7,0,26
"Los Angeles, CA","Birmingham, AL",0,0,0,0,0,0,0,3
"Los Angeles, CA","Boise, ID",101,27,88,0,74,204,3,1551
"Los Angeles, CA","Boston, MA",421,5,565,1,261,809,17,4660
"Los Angeles, CA","Bozeman, MT",40,6,12,0,23,59,3,583
"Los Angeles, CA","Buffalo, NY",39,0,25,0,27,50,3,257
"Los Angeles, CA","Burbank, CA",0,0,0,0,0,0,0,1
"Los Angeles, CA","Cedar Rapids/Iowa City, IA",3,0,4,0,4,5,0,23
"Los Angeles, CA","Charlotte, NC",342,5,238,8,201,443,33,2990
"Los Angeles, CA","Chicago, IL",940,7,687,5,743,1401,99,8047
"Los Angeles, CA","Cincinnati, OH",41,2,42,0,33,69,3,379
"Los Angeles, CA","Cleveland, OH",53,0,35,1,55,85,12,709
"Los Angeles, CA","Columbus, OH",18,2,19,2,16,29,3,310
"Los Angeles, CA","Dallas, TX",220,2,259,0,231,385,10,1820
"Los Angeles, CA","Dallas/Fort Worth, TX",1010,32,837,11,888,1601,88,7018
"Los Angeles, CA","Denver, CO",688,23,549,0,712,1213,87,7688
"Los Angeles, CA","Des Moines, IA",4,0,3,0,3,4,0,23
"Los Angeles, CA","Detroit, MI",257,3,242,5,188,393,29,2772
"Los Angeles, CA","Eagle, CO",26,5,24,0,8,49,2,244
"Los Angeles, CA","El Paso, TX",95,0,60,1,79,151,1,1384
"Los Angeles, CA","Eugene, OR",13,2,26,0,27,43,1,291
"Los Angeles, CA","Everett, WA",12,1,22,0,19,34,9,260
"Los Angeles, CA","Fayetteville, AR",29,1,10,0,4,36,0,470
"Los Angeles, CA","Flagstaff, AZ",0,0,0,0,1,1,0,12
"Los Angeles, CA","Fort Lauderdale, FL",237,0,224,3,150,353,18,1943
"Los Angeles, CA","Fort Myers, FL",3,1,8,0,4,12,1,50
"Los Angeles, CA","Fresno, CA",83,9,54,0,41,133,0,771
"Los Angeles, CA","Grand Junction, CO",3,0,5,0,2,5,2,22
"Los Angeles, CA","Grand Rapids, MI",4,0,4,0,0,4,1,22
"Los Angeles, CA","Hartford, CT",24,0,14,0,10,29,0,113
"Los Angeles, CA","Hayden, CO",7,3,5,0,4,16,1,71
"Los Angeles, CA","Honolulu, HI",753,12,406,7,297,1051,38,5612
"Los Angeles, CA","Houston, TX",612,16,534,7,537,1011,101,6641
"Los Angeles, CA","Indianapolis, IN",89,1,62,2,67,127,3,639
"Los Angeles, CA","Jackson, WY",46,6,26,0,16,70,5,466
"Los Angeles, CA","Kahului, HI",179,5,93,1,79,245,8,1935
"Los Angeles, CA","Kalispell, MT",21,1,17,0,9,32,0,161
"Los Angeles, CA","Kansas City, MO",128,0,104,1,114,195,6,1251
"Los Angeles, CA","Kona, HI",200,1,116,1,102,277,9,1625
"Los Angeles, CA","Laredo, TX",5,0,1,0,2,5,1,18
"Los Angeles, CA","Las Vegas, NV",1103,24,1519,12,1360,2317,87,9603
"Los Angeles, CA","Lihue, HI",115,3,58,1,52,162,7,1467
"Los Angeles, CA","Little Rock, AR",2,1,2,0,0,3,0,22
"Los Angeles, CA","Louisville, KY",11,0,10,0,8,16,1,120
"Los Angeles, CA","Madison, WI",0,0,0,0,0,0,0,1
"Los Angeles, CA","Medford, OR",5,1,5,0,1,7,1,38
"Los Angeles, CA","Memphis, TN",51,0,54,0,40,85,2,380
"Los Angeles, CA","Miami, FL",472,9,432,7,299,739,26,3516
"Los Angeles, CA","Milwaukee, WI",0,0,0,0,0,0,0,1
"Los Angeles, CA","Minneapolis, MN",161,4,139,1,126,284,18,2299
"Los Angeles, CA","Mission/McAllen/Edinburg, TX",0,0,0,0,0,0,0,22
"Los Angeles, CA","Missoula, MT",6,0,12,0,3,15,0,91
"Los Angeles, CA","Monterey, CA",47,4,36,0,38,89,1,787
"Los Angeles, CA","Montrose/Delta, CO",1,2,4,0,5,9,0,34
"Los Angeles, CA","Nashville, TN",244,0,204,0,208,359,19,2083
"Los Angeles, CA","New Orleans, LA",162,8,159,4,119,246,16,1645
"Los Angeles, CA","New York, NY",1029,10,984,4,634,1640,44,9916
"Los Angeles, CA","Newark, NJ",526,19,556,0,370,975,108,5556
"Los Angeles, CA","Oakland, CA",341,14,177,1,395,537,30,3360
"Los Angeles, CA","Oklahoma City, OK",37,2,20,1,17,57,1,726
"Los Angeles, CA","Omaha, NE",24,2,21,1,8,39,1,394
"Los Angeles, CA","Orlando, FL",357,4,325,0,259,557,44,2962
"Los Angeles, CA","Palm Springs, CA",14,3,16,0,17,36,3,217
"Los Angeles, CA","Pasco/Kennewick/Richland, WA",12,0,6,0,5,15,0,113
"Los Angeles, CA","Philadelphia, PA",317,3,335,5,188,485,17,2582
"Los Angeles, CA","Phoenix, AZ",910,68,719,4,820,1441,34,7159
"Los Angeles, CA","Pittsburgh, PA",34,1,34,0,19,44,7,259
"Los Angeles, CA","Portland, OR",296,13,283,5,261,578,46,4353
"Los Angeles, CA","Prescott, AZ",26,7,37,0,38,72,2,365
"Los Angeles, CA","Provo, UT",0,0,0,0,1,1,0,2
"Los Angeles, CA","Raleigh/Durham, NC",78,0,66,1,51,128,4,687
"Los Angeles, CA","Rapid City, SD",5,0,2,0,4,8,0,59
"Los Angeles, CA","Redding, CA",24,1,14,0,15,42,0,366
"Los Angeles, CA","Reno, NV",253,48,148,0,160,402,6,2806
"Los Angeles, CA","Rockford, IL",3,0,2,0,0,5,0,36
"Los Angeles, CA","Sacramento, CA",473,60,217,1,310,710,10,5202
"Los Angeles, CA","Salt Lake City, UT",328,9,195,2,281,517,18,4456
"Los Angeles, CA","San Antonio, TX",203,5,191,0,190,356,9,2153
"Los Angeles, CA","San Diego, CA",228,57,153,1,50,350,9,2156
"Los Angeles, CA","San Francisco, CA",1075,72,2775,3,1238,3635,104,11526
"Los Angeles, CA","San Jose, CA",460,61,287,3,397,783,11,5756
"Los Angeles, CA","San Luis Obispo, CA",40,9,26,0,27,76,9,641
"Los Angeles, CA","Santa Ana, CA",0,0,0,0,0,0,1,1
"Los Angeles, CA","Santa Barbara, CA",61,19,57,2,35,119,10,714
"Los Angeles, CA","Santa Rosa, CA",52,9,63,0,47,121,1,617
"Los Angeles, CA","Seattle, WA",497,15,579,6,509,1106,78,7382
"Los Angeles, CA","Sioux Falls, SD",4,1,5,0,0,8,1,22
"Los Angeles, CA","Spokane, WA",55,6,47,0,30,98,6,771
"Los Angeles, CA","Springfield, MO",14,0,10,0,9,19,0,104
"Los Angeles, CA","St. George, UT",5,1,2,0,2,8,0,97
"Los Angeles, CA","St. Louis, MO",169,0,102,1,183,250,5,1158
"Los Angeles, CA","Sun Valley/Hailey/Ketchum, ID",13,4,13,0,13,32,2,242
"Los Angeles, CA","Tampa, FL",97,1,101,2,57,158,19,1104
"Los Angeles, CA","Tucson, AZ",296,99,271,1,117,474,1,2488
"Los Angeles, CA","Tulsa, OK",29,3,16,1,7,39,1,468
"Los Angeles, CA","Washington, DC",350,6,343,2,272,611,37,4075
"Los Angeles, CA","West Palm Beach/Palm Beach, FL",13,0,13,0,13,25,0,186
"Los Angeles, CA","Wichita, KS",0,0,1,0,1,2,0,22
"Louisville, KY","Atlanta, GA",133,15,150,0,150,286,24,2847
"Louisville, KY","Austin, TX",1,0,4,0,5,5,1,31
"Louisville, KY","Baltimore, MD",71,0,70,2,107,133,4,905
"Louisville, KY","Boston, MA",48,20,116,0,42,140,7,693
"Louisville, KY","Charlotte, NC",262,24,305,2,321,543,25,2049
"Louisville, KY","Chicago, IL",209,27,302,3,231,504,28,3143
"Louisville, KY","Dallas, TX",10,0,10,0,18,23,3,142
"Louisville, KY","Dallas/Fort Worth, TX",284,36,305,3,315,528,38,2161
"Louisville, KY","Denver, CO",87,6,85,1,56,138,7,1109
"Louisville, KY","Detroit, MI",115,29,52,0,17,159,2,1236
"Louisville, KY","Fort Lauderdale, FL",43,4,113,0,71,136,6,450
"Louisville, KY","Fort Myers, FL",0,0,2,0,4,4,0,26
"Louisville, KY","Houston, TX",28,1,41,0,49,67,5,347
"Louisville, KY","Las Vegas, NV",59,0,77,0,61,112,2,494
"Louisville, KY","Los Angeles, CA",18,1,17,0,11,25,2,120
"Louisville, KY","Miami, FL",108,7,62,2,36,133,6,508
"Louisville, KY","Minneapolis, MN",93,29,64,0,19,146,5,904
"Louisville, KY","Myrtle Beach, SC",3,0,0,0,0,2,0,10
"Louisville, KY","New York, NY",90,21,116,1,34,188,25,1579
"Louisville, KY","Newark, NJ",40,3,56,0,19,83,18,1015
"Louisville, KY","Orlando, FL",92,1,115,1,85,169,9,943
"Louisville, KY","Philadelphia, PA",44,2,46,0,40,80,9,480
"Louisville, KY","Phoenix, AZ",54,0,47,0,59,79,0,379
"Louisville, KY","Punta Gorda, FL",5,4,16,0,21,25,2,111
"Louisville, KY","Raleigh/Durham, NC",0,0,0,0,0,0,0,2
"Louisville, KY","Salt Lake City, UT",1,0,1,0,0,1,0,1
"Louisville, KY","San Francisco, CA",1,0,0,0,0,1,0,1
"Louisville, KY","Sanford, FL",19,6,23,0,39,49,4,132
"Louisville, KY","Sarasota/Bradenton, FL",6,1,5,0,12,16,0,71
"Louisville, KY","Savannah, GA",4,0,1,0,4,6,0,20
"Louisville, KY","St. Petersburg, FL",9,2,17,1,22,30,4,116
"Louisville, KY","Tampa, FL",27,2,36,0,40,57,8,418
"Louisville, KY","Valparaiso, FL",6,1,9,0,14,15,1,115
"Louisville, KY","Washington, DC",104,11,146,0,88,214,14,1564
"Lubbock, TX","Austin, TX",11,2,12,0,9,19,1,321
"Lubbock, TX","Dallas, TX",63,5,98,1,175,207,18,1603
"Lubbock, TX","Dallas/Fort Worth, TX",233,89,282,1,311,546,59,2664
"Lubbock, TX","Denver, CO",58,8,44,0,33,101,7,678
"Lubbock, TX","Houston, TX",16,3,14,0,13,32,6,192
"Lubbock, TX","Las Vegas, NV",15,2,33,0,57,66,1,366
"Lubbock, TX","Phoenix, AZ",26,5,14,0,0,32,1,366
"Madison, WI","Atlanta, GA",40,5,42,0,54,100,13,1019
"Madison, WI","Austin, TX",0,0,0,0,0,0,0,2
"Madison, WI","Birmingham, AL",0,0,0,0,0,0,0,1
"Madison, WI","Boston, MA",0,0,3,0,0,3,0,14
"Madison, WI","Charlotte, NC",134,33,115,2,139,236,7,953
"Madison, WI","Chicago, IL",193,36,317,0,234,487,43,2284
"Madison, WI","Dallas/Fort Worth, TX",162,41,150,6,180,300,20,1068
"Madison, WI","Denver, CO",100,11,119,0,67,202,13,1135
"Madison, WI","Detroit, MI",121,24,40,0,29,174,9,1302
"Madison, WI","Houston, TX",2,0,2,0,1,2,0,8
"Madison, WI","Huntsville, AL",0,0,0,0,0,0,0,1
"Madison, WI","Los Angeles, CA",0,0,0,0,0,0,0,1
"Madison, WI","Miami, FL",3,1,6,0,0,8,1,21
"Madison, WI","Minneapolis, MN",135,45,111,0,49,247,14,1432
"Madison, WI","New York, NY",35,2,31,0,14,58,15,578
"Madison, WI","Newark, NJ",20,1,23,0,2,34,4,357
"Madison, WI","Orlando, FL",4,0,8,0,11,16,5,72
"Madison, WI","Philadelphia, PA",19,5,26,2,22,39,4,189
"Madison, WI","Phoenix, AZ",50,5,32,0,17,70,0,402
"Madison, WI","Salt Lake City, UT",0,0,1,0,1,1,0,2
"Madison, WI","San Francisco, CA",0,0,0,0,0,0,0,1
"Madison, WI","Washington, DC",81,14,115,1,70,171,9,947
"Manchester, NH","Baltimore, MD",79,3,76,1,116,162,7,1565
"Manchester, NH","Charlotte, NC",103,12,112,0,136,206,21,1103
"Manchester, NH","Chicago, IL",49,0,61,1,74,121,3,819
"Manchester, NH","Newark, NJ",1,0,6,0,2,7,1,39
"Manchester, NH","Orlando, FL",50,6,95,1,77,130,10,644
"Manchester, NH","Philadelphia, PA",7,1,7,0,3,15,0,132
"Manchester, NH","Tampa, FL",20,0,20,0,19,30,0,103
"Manchester, NH","Washington, DC",85,7,142,1,138,225,20,1245
"Manhattan/Ft. Riley, KS","Chicago, IL",0,0,0,0,0,0,0,1
"Manhattan/Ft. Riley, KS","Dallas/Fort Worth, TX",44,14,55,0,67,113,16,980
"Marquette, MI","Chicago, IL",69,19,57,3,41,111,2,481
"Marquette, MI","Detroit, MI",25,14,17,1,8,47,7,366
"Martha's Vineyard, MA","Boston, MA",6,1,17,1,14,25,1,83
"Martha's Vineyard, MA","Charlotte, NC",3,3,6,1,1,7,0,11
"Martha's Vineyard, MA","Chicago, IL",7,0,4,0,6,7,0,11
"Martha's Vineyard, MA","New York, NY",55,33,111,3,100,175,45,726
"Martha's Vineyard, MA","Philadelphia, PA",0,1,3,3,2,4,0,11
"Martha's Vineyard, MA","Washington, DC",25,0,29,1,27,42,6,233
"Mason City, IA","Chicago, IL",18,4,34,0,57,86,15,384
"Mason City, IA","Fort Dodge, IA",10,2,23,0,35,48,8,243
"Medford, OR","Denver, CO",69,1,32,0,38,84,7,731
"Medford, OR","Las Vegas, NV",14,1,22,0,38,42,2,154
"Medford, OR","Los Angeles, CA",7,0,4,0,11,11,1,38
"Medford, OR","Phoenix, AZ",60,2,19,0,4,64,4,715
"Medford, OR","Salt Lake City, UT",63,28,24,0,0,90,5,732
"Medford, OR","San Diego, CA",2,0,3,0,9,9,0,22
"Medford, OR","San Francisco, CA",84,14,138,0,79,212,14,879
"Medford, OR","Santa Ana, CA",7,1,6,0,11,17,3,102
"Medford, OR","Seattle, WA",79,34,35,0,0,113,9,996
"Melbourne, FL","Allentown/Bethlehem/Easton, PA",3,1,4,0,8,11,2,105
"Melbourne, FL","Atlanta, GA",56,11,70,0,116,168,14,1392
"Melbourne, FL","Charlotte, NC",101,12,108,1,134,191,23,1135
"Melbourne, FL","Cincinnati, OH",2,0,2,0,1,3,1,15
"Melbourne, FL","Nashville, TN",4,0,3,0,6,8,0,38
"Melbourne, FL","Pittsburgh, PA",12,3,9,0,13,20,3,104
"Melbourne, FL","Washington, DC",5,0,5,0,8,9,0,24
"Memphis, TN","Atlanta, GA",128,22,203,0,180,360,33,3332
"Memphis, TN","Austin, TX",0,0,1,0,0,1,0,7
"Memphis, TN","Baltimore, MD",25,0,21,0,40,47,1,247
"Memphis, TN","Boston, MA",34,3,21,0,4,50,4,581
"Memphis, TN","Charlotte, NC",221,22,204,4,230,399,19,1958
"Memphis, TN","Chicago, IL",234,17,227,2,177,412,29,2258
"Memphis, TN","Dallas, TX",56,4,42,1,83,103,3,464
"Memphis, TN","Dallas/Fort Worth, TX",373,59,358,3,398,669,59,2586
"Memphis, TN","Denver, CO",139,11,132,0,117,236,9,1265
"Memphis, TN","Detroit, MI",48,8,22,0,28,78,5,820
"Memphis, TN","Fort Lauderdale, FL",18,1,18,1,27,35,2,140
"Memphis, TN","Houston, TX",102,7,106,0,111,212,21,1212
"Memphis, TN","Las Vegas, NV",52,1,80,1,43,102,4,623
"Memphis, TN","Los Angeles, CA",46,2,44,1,53,80,3,380
"Memphis, TN","Miami, FL",39,2,25,0,4,46,6,372
"Memphis, TN","Minneapolis, MN",48,11,47,0,51,114,15,892
"Memphis, TN","New York, NY",96,28,121,1,70,204,45,1567
"Memphis, TN","Newark, NJ",36,3,74,0,18,97,12,477
"Memphis, TN","Orlando, FL",64,3,75,1,96,140,14,823
"Memphis, TN","Philadelphia, PA",52,6,49,2,36,82,3,572
"Memphis, TN","Phoenix, AZ",52,4,21,0,15,65,0,418
"Memphis, TN","Salt Lake City, UT",9,4,10,0,0,15,3,366
"Memphis, TN","Sanford, FL",16,1,14,0,32,33,2,100
"Memphis, TN","St. Petersburg, FL",9,1,6,0,14,15,1,68
"Memphis, TN","Tampa, FL",7,0,11,0,11,15,1,59
"Memphis, TN","Valparaiso, FL",1,0,2,0,3,3,1,24
"Memphis, TN","Washington, DC",71,8,81,0,58,139,11,1013
"Meridian, MS","Houston, TX",55,10,56,1,32,109,19,627
"Miami, FL","Albany, NY",1,0,4,1,1,5,3,21
"Miami, FL","Asheville, NC",13,9,54,0,17,54,8,153
"Miami, FL","Atlanta, GA",1045,119,1070,11,1147,1839,80,6698
"Miami, FL","Augusta, GA",0,0,1,0,0,1,0,9
"Miami, FL","Austin, TX",298,54,275,2,333,514,28,1829
"Miami, FL","Baltimore, MD",297,29,269,5,331,510,41,2411
"Miami, FL","Birmingham, AL",85,5,116,2,117,182,11,683
"Miami, FL","Boston, MA",602,93,552,14,649,1083,58,3791
"Miami, FL","Buffalo, NY",3,0,4,0,2,7,1,28
"Miami, FL","Cedar Rapids/Iowa City, IA",4,0,4,0,3,6,1,21
"Miami, FL","Charleston, SC",132,19,76,3,162,233,16,791
"Miami, FL","Charlotte Amalie, VI",100,19,96,4,102,193,8,908
"Miami, FL","Charlotte, NC",548,114,512,11,468,926,47,3635
"Miami, FL","Chattanooga, TN",1,1,2,0,4,4,0,9
"Miami, FL","Chicago, IL",685,112,734,13,688,1231,72,5154
"Miami, FL","Christiansted, VI",90,15,70,3,98,158,4,626
"Miami, FL","Cincinnati, OH",110,15,125,1,159,244,11,1176
"Miami, FL","Cleveland, OH",115,12,114,2,130,214,15,664
"Miami, FL","Columbia, SC",2,1,0,0,5,5,0,13
"Miami, FL","Columbus, OH",85,10,102,1,130,183,6,826
"Miami, FL","Dallas, TX",81,8,104,0,93,144,8,456
"Miami, FL","Dallas/Fort Worth, TX",840,152,884,11,665,1441,88,4998
"Miami, FL","Denver, CO",434,60,390,9,354,668,31,2458
"Miami, FL","Des Moines, IA",18,5,27,0,17,41,7,177
"Miami, FL","Detroit, MI",238,29,237,0,227,403,23,1644
"Miami, FL","Eagle, CO",24,2,33,0,13,45,1,131
"Miami, FL","Fayetteville, AR",20,1,12,0,18,33,0,150
"Miami, FL","Gainesville, FL",12,2,30,0,27,43,9,334
"Miami, FL","Grand Rapids, MI",21,1,31,0,27,47,4,189
"Miami, FL","Greensboro/High Point, NC",41,6,45,0,63,88,2,377
"Miami, FL","Greer, SC",56,5,67,0,78,117,4,500
"Miami, FL","Hartford, CT",93,14,59,0,99,146,8,482
"Miami, FL","Houston, TX",618,82,684,13,652,1083,106,4039
"Miami, FL","Huntsville, AL",6,1,3,0,6,9,0,37
"Miami, FL","Indianapolis, IN",154,30,126,0,153,256,10,807
"Miami, FL","Islip, NY",0,0,2,0,8,8,0,32
"Miami, FL","Jacksonville, FL",307,57,240,5,323,523,47,1900
"Miami, FL","Kansas City, MO",96,16,70,0,87,156,7,430
"Miami, FL","Key West, FL",90,11,123,0,128,203,36,1250
"Miami, FL","Knoxville, TN",34,3,38,0,44,68,5,352
"Miami, FL","Las Vegas, NV",290,39,278,11,208,464,19,1534
"Miami, FL","Lexington, KY",0,0,0,0,0,0,0,15
"Miami, FL","Little Rock, AR",1,0,3,0,2,4,2,47
"Miami, FL","Los Angeles, CA",664,109,557,12,384,942,24,3520
"Miami, FL","Louisville, KY",93,17,70,1,98,152,5,507
"Miami, FL","Madison, WI",3,0,2,0,4,6,0,21
"Miami, FL","Memphis, TN",88,12,48,0,79,127,6,371
"Miami, FL","Milwaukee, WI",32,3,9,1,33,44,4,112
"Miami, FL","Minneapolis, MN",186,30,186,3,170,324,12,1275
"Miami, FL","Myrtle Beach, SC",0,0,0,0,0,0,1,2
"Miami, FL","Nashville, TN",355,76,334,2,412,647,48,2529
"Miami, FL","New Orleans, LA",300,41,308,4,332,528,34,1804
"Miami, FL","New York, NY",1726,228,1573,26,1623,2898,227,11146
"Miami, FL","Newark, NJ",580,67,645,6,585,1069,133,4200
"Miami, FL","Norfolk, VA",65,20,45,1,66,112,6,560
"Miami, FL","Oklahoma City, OK",73,9,43,0,72,113,2,263
"Miami, FL","Omaha, NE",53,4,29,0,40,63,2,150
"Miami, FL","Orlando, FL",609,102,502,8,628,1055,76,3745
"Miami, FL","Pensacola, FL",92,12,123,1,118,196,13,1081
"Miami, FL","Philadelphia, PA",522,78,398,6,444,830,59,3132
"Miami, FL","Phoenix, AZ",286,46,260,9,245,476,19,1766
"Miami, FL","Pittsburgh, PA",122,20,67,1,110,177,5,684
"Miami, FL","Portland, OR",85,18,115,3,95,170,14,415
"Miami, FL","Raleigh/Durham, NC",405,76,330,4,457,697,45,2397
"Miami, FL","Richmond, VA",75,13,30,1,75,117,5,435
"Miami, FL","Rochester, NY",0,2,1,1,1,4,1,21
"Miami, FL","Sacramento, CA",58,12,56,3,55,94,3,270
"Miami, FL","Salt Lake City, UT",86,5,92,0,72,138,3,554
"Miami, FL","San Antonio, TX",89,15,76,2,80,156,10,473
"Miami, FL","San Diego, CA",140,18,134,3,110,203,8,559
"Miami, FL","San Francisco, CA",330,37,369,11,257,565,26,1530
"Miami, FL","San Juan, PR",444,57,338,7,395,695,28,2963
"Miami, FL","Santa Ana, CA",13,3,30,0,10,37,2,194
"Miami, FL","Savannah, GA",104,6,77,3,106,163,12,803
"Miami, FL","Seattle, WA",113,25,142,4,116,228,24,788
"Miami, FL","South Bend, IN",0,0,0,0,0,0,0,1
"Miami, FL","St. Louis, MO",143,22,123,2,181,264,10,960
"Miami, FL","Syracuse, NY",2,0,4,0,2,4,0,32
"Miami, FL","Tallahassee, FL",127,16,177,0,162,281,25,1314
"Miami, FL","Tampa, FL",465,77,350,7,469,779,73,2602
"Miami, FL","Tulsa, OK",19,2,17,0,21,40,2,130
"Miami, FL","Washington, DC",700,116,537,15,632,1077,82,4488
"Miami, FL","White Plains, NY",18,0,46,0,21,46,2,182
"Miami, FL","Wichita, KS",5,0,8,0,2,8,0,30
"Miami, FL","Wilmington, NC",13,2,16,0,24,32,0,149
"Midland/Odessa, TX","Austin, TX",106,30,70,1,33,172,2,938
"Midland/Odessa, TX","Dallas, TX",56,4,82,4,119,168,19,1465
"Midland/Odessa, TX","Dallas/Fort Worth, TX",264,191,292,9,361,626,60,3102
"Midland/Odessa, TX","Denver, CO",130,11,97,2,62,220,13,1268
"Midland/Odessa, TX","Houston, TX",96,11,118,8,162,263,28,1976
"Midland/Odessa, TX","Las Vegas, NV",23,3,34,0,50,74,1,366
"Midland/Odessa, TX","Phoenix, AZ",37,4,23,0,7,49,3,366
"Milwaukee, WI","Atlanta, GA",154,32,162,0,161,330,20,2476
"Milwaukee, WI","Baltimore, MD",61,9,78,1,101,145,6,894
"Milwaukee, WI","Birmingham, AL",0,0,0,0,0,0,0,1
"Milwaukee, WI","Boston, MA",43,8,100,0,69,153,9,854
"Milwaukee, WI","Charlotte, NC",112,27,141,0,170,257,18,1052
"Milwaukee, WI","Chicago, IL",304,28,202,0,173,526,41,2564
"Milwaukee, WI","Dallas, TX",27,0,45,0,46,64,3,400
"Milwaukee, WI","Dallas/Fort Worth, TX",167,28,161,2,198,322,30,1254
"Milwaukee, WI","Denver, CO",224,23,204,0,211,407,33,2740
"Milwaukee, WI","Detroit, MI",154,38,93,0,60,238,9,1488
"Milwaukee, WI","Fort Lauderdale, FL",7,1,18,1,6,24,3,110
"Milwaukee, WI","Fort Myers, FL",37,3,38,0,62,81,7,373
"Milwaukee, WI","Houston, TX",41,2,29,0,12,58,7,280
"Milwaukee, WI","Jacksonville, FL",0,0,0,0,0,0,0,1
"Milwaukee, WI","Kansas City, MO",14,0,17,0,28,37,1,372
"Milwaukee, WI","Las Vegas, NV",108,10,133,1,122,217,9,1355
"Milwaukee, WI","Los Angeles, CA",0,0,0,0,0,0,0,1
"Milwaukee, WI","Miami, FL",22,3,29,0,5,41,4,112
"Milwaukee, WI","Minneapolis, MN",82,24,151,0,105,253,17,1525
"Milwaukee, WI","Nashville, TN",60,3,63,0,88,115,6,778
"Milwaukee, WI","New York, NY",198,39,183,0,122,371,58,2138
"Milwaukee, WI","Newark, NJ",31,12,88,0,44,122,32,846
"Milwaukee, WI","Orlando, FL",112,11,176,2,198,303,32,1668
"Milwaukee, WI","Philadelphia, PA",58,7,71,0,60,102,7,521
"Milwaukee, WI","Phoenix, AZ",157,7,116,1,172,239,10,1460
"Milwaukee, WI","Raleigh/Durham, NC",0,0,4,0,5,5,0,38
"Milwaukee, WI","Salt Lake City, UT",20,3,13,0,0,27,2,367
"Milwaukee, WI","San Diego, CA",1,0,2,0,1,2,0,9
"Milwaukee, WI","Sarasota/Bradenton, FL",1,0,2,0,2,3,1,10
"Milwaukee, WI","Seattle, WA",17,9,54,1,13,67,4,473
"Milwaukee, WI","St. Louis, MO",48,1,37,0,88,103,5,674
"Milwaukee, WI","Tampa, FL",35,2,65,0,62,103,11,500
"Milwaukee, WI","Washington, DC",112,19,135,0,94,207,17,1360
"Minneapolis, MN","Aberdeen, SD",109,30,52,0,0,137,6,728
"Minneapolis, MN","Albuquerque, NM",23,2,22,0,16,39,1,244
"Minneapolis, MN","Anchorage, AK",86,5,69,1,54,122,6,655
"Minneapolis, MN","Appleton, WI",124,41,64,0,14,177,13,948
"Minneapolis, MN","Asheville, NC",25,1,36,0,29,54,4,251
"Minneapolis, MN","Atlanta, GA",369,26,413,0,252,631,17,3696
"Minneapolis, MN","Austin, TX",160,6,201,1,109,294,6,1409
"Minneapolis, MN","Baltimore, MD",165,8,147,0,128,270,4,1475
"Minneapolis, MN","Bemidji, MN",103,19,39,1,0,121,6,730
"Minneapolis, MN","Billings, MT",76,4,30,0,41,94,6,425
"Minneapolis, MN","Bismarck/Mandan, ND",200,53,96,0,53,275,6,1563
"Minneapolis, MN","Boise, ID",99,7,73,0,50,148,9,812
"Minneapolis, MN","Boston, MA",256,12,282,0,198,479,19,2162
"Minneapolis, MN","Bozeman, MT",91,4,52,0,58,130,4,811
"Minneapolis, MN","Brainerd, MN",75,20,35,0,0,94,4,649
"Minneapolis, MN","Buffalo, NY",17,1,10,0,5,23,0,143
"Minneapolis, MN","Burlington, VT",14,1,6,0,3,17,2,122
"Minneapolis, MN","Cedar Rapids/Iowa City, IA",80,57,62,0,3,140,13,814
"Minneapolis, MN","Charleston, SC",22,1,20,0,11,37,2,272
"Minneapolis, MN","Charlotte, NC",289,27,265,2,272,512,23,2535
"Minneapolis, MN","Chicago, IL",942,104,1075,1,848,1798,94,8857
"Minneapolis, MN","Cincinnati, OH",160,11,153,0,105,260,18,1391
"Minneapolis, MN","Cleveland, OH",176,22,113,0,94,274,12,1292
"Minneapolis, MN","Colorado Springs, CO",19,4,16,0,4,25,1,94
"Minneapolis, MN","Columbus, OH",141,12,80,0,41,198,8,1242
"Minneapolis, MN","Dallas, TX",6,0,5,0,11,15,0,80
"Minneapolis, MN","Dallas/Fort Worth, TX",381,38,395,2,350,670,43,3222
"Minneapolis, MN","Denver, CO",553,39,596,2,639,1134,59,6370
"Minneapolis, MN","Des Moines, IA",71,10,120,0,76,169,10,1018
"Minneapolis, MN","Detroit, MI",205,16,212,2,116,331,9,2327
"Minneapolis, MN","Duluth, MN",131,42,81,0,32,193,11,1191
"Minneapolis, MN","Escanaba, MI",45,2,16,0,0,45,1,358
"Minneapolis, MN","Fairbanks, AK",20,0,7,0,9,22,0,94
"Minneapolis, MN","Fargo, ND",240,44,90,0,70,324,7,1710
"Minneapolis, MN","Fayetteville, AR",29,2,43,0,30,66,2,461
"Minneapolis, MN","Fort Lauderdale, FL",54,7,81,0,27,110,2,707
"Minneapolis, MN","Fort Myers, FL",136,5,149,0,68,229,23,1281
"Minneapolis, MN","Fort Wayne, IN",75,34,53,0,2,115,5,366
"Minneapolis, MN","Grand Forks, ND",135,36,75,0,9,186,4,1091
"Minneapolis, MN","Grand Rapids, MI",184,27,110,0,89,251,10,1378
"Minneapolis, MN","Great Falls, MT",47,18,32,0,0,66,2,366
"Minneapolis, MN","Green Bay, WI",139,59,68,1,0,200,10,1018
"Minneapolis, MN","Harlingen/San Benito, TX",12,1,9,0,3,19,0,208
"Minneapolis, MN","Harrisburg, PA",0,0,0,0,0,0,0,2
"Minneapolis, MN","Hartford, CT",95,5,96,0,34,159,5,893
"Minneapolis, MN","Hayden, CO",1,1,1,0,1,3,0,25
"Minneapolis, MN","Hibbing, MN",90,22,39,0,0,113,6,629
"Minneapolis, MN","Honolulu, HI",37,4,40,0,3,55,1,365
"Minneapolis, MN","Houston, TX",188,15,191,0,59,326,20,1829
"Minneapolis, MN","Indianapolis, IN",169,17,131,0,73,248,9,1353
"Minneapolis, MN","International Falls, MN",87,30,29,0,0,119,7,653
"Minneapolis, MN","Iron Mountain/Kingsfd, MI",47,7,17,0,0,55,4,355
"Minneapolis, MN","Jackson, WY",5,0,5,0,3,7,0,25
"Minneapolis, MN","Jacksonville, FL",35,1,30,0,10,52,6,393
"Minneapolis, MN","Kalispell, MT",65,1,33,0,33,81,4,429
"Minneapolis, MN","Kansas City, MO",175,13,92,0,104,258,14,1626
"Minneapolis, MN","Knoxville, TN",22,3,37,1,22,48,4,227
"Minneapolis, MN","Las Vegas, NV",249,10,317,0,184,466,22,2784
"Minneapolis, MN","Los Angeles, CA",223,11,185,0,114,324,18,2297
"Minneapolis, MN","Louisville, KY",120,35,78,1,1,165,6,904
"Minneapolis, MN","Madison, WI",198,30,131,0,84,280,10,1432
"Minneapolis, MN","Memphis, TN",86,8,81,0,43,152,12,892
"Minneapolis, MN","Miami, FL",122,7,161,0,33,228,9,1275
"Minneapolis, MN","Milwaukee, WI",152,18,88,0,75,220,17,1525
"Minneapolis, MN","Minot, ND",128,65,78,1,0,196,16,1240
"Minneapolis, MN","Missoula, MT",57,3,35,0,34,84,5,474
"Minneapolis, MN","Mosinee, WI",44,13,72,0,44,108,6,731
"Minneapolis, MN","Myrtle Beach, SC",20,2,6,0,4,25,1,161
"Minneapolis, MN","Nashville, TN",153,9,141,0,103,256,9,1628
"Minneapolis, MN","New Orleans, LA",26,2,30,0,13,43,3,367
"Minneapolis, MN","New York, NY",285,27,367,1,169,581,45,3471
"Minneapolis, MN","Newark, NJ",225,12,317,0,135,498,28,2282
"Minneapolis, MN","Norfolk, VA",21,2,43,0,21,51,1,195
"Minneapolis, MN","Oklahoma City, OK",67,31,40,0,0,102,3,367
"Minneapolis, MN","Omaha, NE",181,46,99,1,30,241,9,1385
"Minneapolis, MN","Orlando, FL",214,21,296,0,152,455,35,2187
"Minneapolis, MN","Palm Springs, CA",20,2,62,0,8,68,0,308
"Minneapolis, MN","Pasco/Kennewick/Richland, WA",54,3,39,0,19,72,4,366
"Minneapolis, MN","Philadelphia, PA",231,12,235,2,152,388,24,1924
"Minneapolis, MN","Phoenix, AZ",366,22,274,1,262,574,21,3458
"Minneapolis, MN","Pittsburgh, PA",133,16,88,0,46,196,7,1219
"Minneapolis, MN","Portland, ME",7,0,6,0,2,11,0,143
"Minneapolis, MN","Portland, OR",128,7,100,0,90,188,10,1260
"Minneapolis, MN","Providence, RI",8,0,6,0,1,11,1,88
"Minneapolis, MN","Punta Gorda, FL",5,0,8,0,4,9,0,43
"Minneapolis, MN","Raleigh/Durham, NC",133,5,96,0,57,204,7,1219
"Minneapolis, MN","Rapid City, SD",106,25,68,0,30,151,7,1057
"Minneapolis, MN","Reno, NV",17,0,7,0,7,22,3,124
"Minneapolis, MN","Rhinelander, WI",123,38,61,0,0,163,7,827
"Minneapolis, MN","Richmond, VA",61,15,55,0,30,97,4,359
"Minneapolis, MN","Rochester, MN",132,44,84,1,18,193,12,1011
"Minneapolis, MN","Sacramento, CA",71,2,59,0,42,108,4,550
"Minneapolis, MN","Salt Lake City, UT",128,9,87,0,78,182,6,1599
"Minneapolis, MN","San Antonio, TX",107,2,91,0,53,172,6,879
"Minneapolis, MN","San Diego, CA",138,4,188,0,80,262,7,1327
"Minneapolis, MN","San Francisco, CA",147,19,421,0,103,500,18,1943
"Minneapolis, MN","San Jose, CA",58,0,51,0,40,95,2,472
"Minneapolis, MN","San Juan, PR",7,0,9,0,1,13,1,129
"Minneapolis, MN","Santa Ana, CA",92,5,68,0,40,134,3,570
"Minneapolis, MN","Sarasota/Bradenton, FL",8,0,22,0,5,26,7,239
"Minneapolis, MN","Sault Ste. Marie, MI",62,16,26,0,0,76,2,364
"Minneapolis, MN","Savannah, GA",26,1,14,0,11,30,2,250
"Minneapolis, MN","Seattle, WA",232,20,250,2,170,408,23,2733
"Minneapolis, MN","Sioux Falls, SD",170,77,88,1,66,304,14,1547
"Minneapolis, MN","South Bend, IN",74,32,52,0,0,107,3,366
"Minneapolis, MN","Spokane, WA",81,2,68,0,39,112,7,807
"Minneapolis, MN","St. Louis, MO",222,15,164,0,175,347,16,2003
"Minneapolis, MN","Syracuse, NY",20,4,21,0,20,43,2,232
"Minneapolis, MN","Tampa, FL",92,6,111,0,53,175,26,1192
"Minneapolis, MN","Traverse City, MI",20,15,21,0,0,35,1,216
"Minneapolis, MN","Tucson, AZ",16,2,10,0,1,20,0,141
"Minneapolis, MN","Valparaiso, FL",30,1,20,0,18,47,1,338
"Minneapolis, MN","Washington, DC",391,48,333,2,204,629,40,3236
"Minneapolis, MN","West Palm Beach/Palm Beach, FL",12,1,21,0,5,29,0,124
"Minneapolis, MN","Wichita, KS",49,35,36,0,0,88,2,361
"Minneapolis, MN","Williston, ND",106,38,44,1,0,146,4,735
"Minneapolis, MN","Wilmington, NC",7,0,11,0,1,15,1,53
"Minot, ND","Denver, CO",62,10,51,0,33,114,15,760
"Minot, ND","Las Vegas, NV",10,1,16,0,16,23,1,127
"Minot, ND","Minneapolis, MN",193,74,121,3,0,275,16,1240
"Minot, ND","Phoenix, AZ",16,3,22,1,17,34,1,158
"Minot, ND","Sanford, FL",7,5,12,1,4,17,2,91
"Mission/McAllen/Edinburg, TX","Austin, TX",112,45,62,1,0,160,3,697
"Mission/McAllen/Edinburg, TX","Dallas/Fort Worth, TX",228,51,318,7,375,611,54,2673
"Mission/McAllen/Edinburg, TX","Houston, TX",52,3,34,0,20,87,26,825
"Mission/McAllen/Edinburg, TX","Las Vegas, NV",28,6,30,3,38,62,1,333
"Mission/McAllen/Edinburg, TX","Los Angeles, CA",2,0,0,0,1,0,0,22
"Mission/McAllen/Edinburg, TX","Phoenix, AZ",0,0,0,0,0,0,0,1
"Mission/McAllen/Edinburg, TX","Sanford, FL",10,2,9,0,10,19,1,101
"Mission/McAllen/Edinburg, TX","St. Petersburg, FL",3,2,1,0,4,7,1,32
"Missoula, MT","Chicago, IL",31,6,41,1,42,63,0,250
"Missoula, MT","Dallas/Fort Worth, TX",47,12,55,4,60,97,4,457
"Missoula, MT","Denver, CO",109,8,114,0,86,202,22,1122
"Missoula, MT","Las Vegas, NV",12,1,22,1,21,37,1,117
"Missoula, MT","Los Angeles, CA",9,1,6,1,4,15,0,91
"Missoula, MT","Minneapolis, MN",38,7,33,0,7,58,6,475
"Missoula, MT","Oakland, CA",5,0,2,0,5,8,0,24
"Missoula, MT","Phoenix, AZ",32,2,28,0,31,45,3,176
"Missoula, MT","Portland, OR",1,0,1,0,1,2,0,17
"Missoula, MT","Salt Lake City, UT",91,27,48,0,2,123,10,1061
"Missoula, MT","San Diego, CA",0,1,3,0,2,4,0,10
"Missoula, MT","San Francisco, CA",8,0,7,0,7,19,0,88
"Missoula, MT","Santa Ana, CA",7,0,5,1,8,10,3,26
"Missoula, MT","Seattle, WA",10,2,7,1,53,58,0,256
"Moab, UT","Denver, CO",1,0,0,0,2,3,2,31
"Mobile, AL","Atlanta, GA",57,15,106,0,85,191,15,1495
"Mobile, AL","Dallas/Fort Worth, TX",122,42,136,2,149,226,22,1070
"Mobile, AL","Houston, TX",5,0,1,0,3,8,0,39
"Moline, IL","Atlanta, GA",36,15,52,0,51,104,15,730
"Moline, IL","Charlotte, NC",62,31,84,0,74,135,14,721
"Moline, IL","Chicago, IL",120,24,123,0,112,275,25,1195
"Moline, IL","Dallas/Fort Worth, TX",69,29,91,1,85,142,17,803
"Moline, IL","Denver, CO",47,4,13,0,4,54,9,367
"Moline, IL","Las Vegas, NV",8,0,16,0,12,20,0,106
"Moline, IL","Phoenix, AZ",6,1,9,0,13,16,0,92
"Moline, IL","Punta Gorda, FL",3,2,11,0,10,19,2,91
"Moline, IL","Sanford, FL",5,0,12,0,7,15,1,92
"Moline, IL","St. Petersburg, FL",4,0,6,0,11,13,2,85
"Monroe, LA","Atlanta, GA",65,6,64,0,71,140,7,869
"Monroe, LA","Dallas/Fort Worth, TX",93,26,101,3,123,221,19,1155
"Monterey, CA","Dallas/Fort Worth, TX",94,9,64,0,75,126,8,462
"Monterey, CA","Denver, CO",43,8,25,0,19,74,6,633
"Monterey, CA","Las Vegas, NV",21,2,35,0,31,51,1,106
"Monterey, CA","Los Angeles, CA",53,10,36,0,40,106,4,786
"Monterey, CA","Phoenix, AZ",117,9,93,1,111,198,6,1391
"Monterey, CA","San Diego, CA",41,7,73,0,62,121,6,588
"Monterey, CA","San Francisco, CA",59,11,76,0,29,137,11,584
"Monterey, CA","Seattle, WA",7,1,16,0,16,24,0,138
"Montgomery, AL","Atlanta, GA",146,41,104,0,90,246,9,1399
"Montgomery, AL","Dallas/Fort Worth, TX",96,26,98,1,86,194,14,934
"Montgomery, AL","Washington, DC",23,7,39,1,48,68,16,294
"Montrose/Delta, CO","Atlanta, GA",7,1,8,0,4,12,0,103
"Montrose/Delta, CO","Austin, TX",0,0,1,1,0,1,0,4
"Montrose/Delta, CO","Chicago, IL",10,3,19,0,19,34,1,230
"Montrose/Delta, CO","Dallas, TX",12,0,13,0,21,24,1,111
"Montrose/Delta, CO","Dallas/Fort Worth, TX",44,13,77,2,97,122,3,566
"Montrose/Delta, CO","Denver, CO",97,9,138,5,173,263,13,1483
"Montrose/Delta, CO","Houston, TX",19,4,24,0,17,48,7,192
"Montrose/Delta, CO","Los Angeles, CA",4,1,5,0,2,7,0,34
"Montrose/Delta, CO","Newark, NJ",12,0,8,0,9,17,1,90
"Montrose/Delta, CO","San Francisco, CA",0,1,8,0,4,11,1,43
"Morgantown, WV","Chicago, IL",3,0,1,0,6,9,0,19
"Morgantown, WV","Washington, DC",7,0,3,0,1,8,0,18
"Mosinee, WI","Minneapolis, MN",32,8,49,0,43,89,6,731
"Myrtle Beach, SC","Akron, OH",3,0,4,0,4,9,0,22
"Myrtle Beach, SC","Albany, NY",6,1,7,0,8,13,1,110
"Myrtle Beach, SC","Allentown/Bethlehem/Easton, PA",14,4,20,0,32,43,3,188
"Myrtle Beach, SC","Ashland, WV",5,3,11,0,9,14,5,57
"Myrtle Beach, SC","Atlanta, GA",40,6,37,0,73,111,11,1386
"Myrtle Beach, SC","Atlantic City, NJ",27,3,52,0,40,69,8,311
"Myrtle Beach, SC","Baltimore, MD",62,6,76,0,124,166,11,1192
"Myrtle Beach, SC","Belleville, IL",2,0,0,0,3,4,1,22
"Myrtle Beach, SC","Boston, MA",32,1,89,0,41,124,13,703
"Myrtle Beach, SC","Charlotte, NC",168,23,246,3,373,505,41,2624
"Myrtle Beach, SC","Chicago, IL",65,4,79,0,92,147,10,841
"Myrtle Beach, SC","Cincinnati, OH",9,2,23,0,25,33,2,126
"Myrtle Beach, SC","Clarksburg/Fairmont, WV",4,2,9,0,13,12,0,22
"Myrtle Beach, SC","Cleveland, OH",15,0,19,1,17,28,6,183
"Myrtle Beach, SC","Columbus, OH",16,5,13,0,26,31,7,160
"Myrtle Beach, SC","Dallas, TX",12,0,5,0,13,14,0,40
"Myrtle Beach, SC","Dallas/Fort Worth, TX",46,9,52,0,69,98,6,462
"Myrtle Beach, SC","Denver, CO",15,0,6,0,13,17,0,42
"Myrtle Beach, SC","Detroit, MI",19,0,23,0,41,52,9,560
"Myrtle Beach, SC","Fort Lauderdale, FL",48,1,77,0,58,114,11,572
"Myrtle Beach, SC","Fort Wayne, IN",2,1,3,0,3,4,2,33
"Myrtle Beach, SC","Hagerstown, MD",7,5,16,0,21,25,3,76
"Myrtle Beach, SC","Harrisburg, PA",6,2,12,0,20,23,3,75
"Myrtle Beach, SC","Hartford, CT",14,2,28,0,26,43,7,265
"Myrtle Beach, SC","Indianapolis, IN",1,1,3,0,1,5,0,38
"Myrtle Beach, SC","Islip, NY",17,1,18,0,36,45,6,188
"Myrtle Beach, SC","Kansas City, MO",5,0,3,0,5,6,0,9
"Myrtle Beach, SC","Latrobe, PA",13,2,12,0,13,25,6,245
"Myrtle Beach, SC","Lexington, KY",0,2,3,0,5,6,0,22
"Myrtle Beach, SC","Louisville, KY",2,0,1,0,0,2,0,10
"Myrtle Beach, SC","Minneapolis, MN",11,2,11,0,22,32,1,161
"Myrtle Beach, SC","Nashville, TN",46,1,26,1,92,100,2,586
"Myrtle Beach, SC","New York, NY",45,6,114,0,78,179,31,1277
"Myrtle Beach, SC","Newark, NJ",54,4,200,0,81,246,52,1243
"Myrtle Beach, SC","Newburgh/Poughkeepsie, NY",9,2,14,0,15,18,4,146
"Myrtle Beach, SC","Orlando, FL",22,1,54,1,36,79,13,355
"Myrtle Beach, SC","Philadelphia, PA",36,6,37,0,70,97,25,553
"Myrtle Beach, SC","Pittsburgh, PA",30,3,41,0,56,78,9,346
"Myrtle Beach, SC","Rochester, NY",2,0,1,0,1,4,2,48
"Myrtle Beach, SC","St. Louis, MO",5,0,2,0,7,8,0,52
"Myrtle Beach, SC","Syracuse, NY",3,0,3,0,0,5,0,38
"Myrtle Beach, SC","Washington, DC",41,9,85,0,97,136,15,621
"Nantucket, MA","Boston, MA",16,0,27,0,26,45,7,209
"Nantucket, MA","Charlotte, NC",2,0,2,0,2,2,0,11
"Nantucket, MA","Chicago, IL",8,0,6,0,8,12,1,38
"Nantucket, MA","New York, NY",66,2,110,4,93,162,57,809
"Nantucket, MA","Philadelphia, PA",3,0,20,0,15,22,8,75
"Nantucket, MA","Washington, DC",24,0,41,1,52,66,9,301
"Nantucket, MA","White Plains, NY",11,0,16,3,26,36,10,232
"Nashville, TN","Akron, OH",2,1,5,0,5,6,2,64
"Nashville, TN","Albany, NY",10,2,6,0,3,16,2,108
"Nashville, TN","Allentown/Bethlehem/Easton, PA",13,1,6,0,9,17,1,105
"Nashville, TN","Appleton, WI",6,2,8,0,11,15,2,136
"Nashville, TN","Atlanta, GA",139,38,251,0,286,460,32,3700
"Nashville, TN","Austin, TX",371,41,296,0,297,575,17,3065
"Nashville, TN","Baltimore, MD",195,9,98,0,237,308,22,1962
"Nashville, TN","Birmingham, AL",6,0,4,0,4,8,0,54
"Nashville, TN","Boston, MA",272,21,336,1,328,580,39,2767
"Nashville, TN","Bozeman, MT",6,1,2,0,2,8,4,129
"Nashville, TN","Buffalo, NY",26,0,5,0,25,35,0,240
"Nashville, TN","Burbank, CA",56,0,59,0,55,86,1,390
"Nashville, TN","Cedar Rapids/Iowa City, IA",6,1,4,0,12,15,3,88
"Nashville, TN","Charleston, SC",77,4,47,0,98,132,5,747
"Nashville, TN","Charlotte, NC",438,54,607,3,643,963,50,3674
"Nashville, TN","Chicago, IL",611,47,578,3,637,1160,91,6642
"Nashville, TN","Cincinnati, OH",27,0,16,0,29,39,1,210
"Nashville, TN","Cleveland, OH",108,5,43,0,118,156,6,757
"Nashville, TN","Columbus, OH",79,2,30,0,104,134,8,753
"Nashville, TN","Dallas, TX",262,11,224,0,345,477,29,2412
"Nashville, TN","Dallas/Fort Worth, TX",519,56,535,2,651,967,110,3587
"Nashville, TN","Denver, CO",364,23,343,1,451,708,39,4056
"Nashville, TN","Des Moines, IA",10,2,16,0,28,37,5,199
"Nashville, TN","Detroit, MI",158,15,132,0,232,331,20,2247
"Nashville, TN","Fargo, ND",13,2,12,0,13,22,1,110
"Nashville, TN","Fayetteville, AR",8,3,5,0,5,12,1,107
"Nashville, TN","Flint, MI",9,3,5,1,10,18,1,142
"Nashville, TN","Fort Lauderdale, FL",224,12,229,2,243,402,31,2026
"Nashville, TN","Fort Myers, FL",90,4,71,0,101,152,8,617
"Nashville, TN","Grand Rapids, MI",9,2,15,0,25,32,1,215
"Nashville, TN","Greer, SC",32,3,19,0,40,51,1,211
"Nashville, TN","Harrisburg, PA",9,2,6,0,12,16,1,95
"Nashville, TN","Hartford, CT",42,1,16,0,44,55,0,372
"Nashville, TN","Hayden, CO",2,0,3,0,2,4,0,15
"Nashville, TN","Houston, TX",346,29,362,0,363,656,54,3732
"Nashville, TN","Jacksonville, FL",92,11,75,0,144,178,10,966
"Nashville, TN","Kansas City, MO",96,7,60,0,140,182,9,1255
"Nashville, TN","Key West, FL",0,0,0,0,0,0,0,2
"Nashville, TN","Las Vegas, NV",250,9,195,4,274,402,12,2046
"Nashville, TN","Long Beach, CA",45,0,17,0,41,54,1,369
"Nashville, TN","Los Angeles, CA",267,16,185,0,180,371,21,2106
"Nashville, TN","Melbourne, FL",2,1,4,0,1,7,0,38
"Nashville, TN","Miami, FL",338,26,309,6,319,576,47,2531
"Nashville, TN","Milwaukee, WI",69,4,32,0,122,141,6,772
"Nashville, TN","Minneapolis, MN",81,12,87,0,133,199,11,1627
"Nashville, TN","Myrtle Beach, SC",66,4,43,0,74,98,2,586
"Nashville, TN","New Orleans, LA",129,6,91,0,165,234,8,1322
"Nashville, TN","New York, NY",573,112,631,4,541,1111,142,6592
"Nashville, TN","Newark, NJ",136,16,240,1,139,357,57,1998
"Nashville, TN","Norfolk, VA",45,3,24,0,40,58,0,422
"Nashville, TN","Oakland, CA",54,3,30,0,58,77,0,270
"Nashville, TN","Oklahoma City, OK",20,1,13,0,28,36,0,234
"Nashville, TN","Omaha, NE",13,1,4,0,17,19,2,240
"Nashville, TN","Ontario, CA",24,0,10,0,16,29,0,187
"Nashville, TN","Orlando, FL",292,15,366,0,340,581,48,2907
"Nashville, TN","Panama City, FL",112,4,67,0,138,184,5,1049
"Nashville, TN","Pensacola, FL",80,4,41,0,125,151,2,888
"Nashville, TN","Peoria, IL",5,3,7,0,2,10,1,108
"Nashville, TN","Philadelphia, PA",340,34,341,1,441,641,39,2795
"Nashville, TN","Phoenix, AZ",301,16,198,4,297,443,15,2259
"Nashville, TN","Pittsburgh, PA",72,9,50,0,123,161,5,941
"Nashville, TN","Portland, ME",6,0,2,0,9,8,0,108
"Nashville, TN","Portland, OR",3,5,10,0,17,23,0,292
"Nashville, TN","Providence, RI",4,1,2,0,0,6,0,76
"Nashville, TN","Provo, UT",8,1,7,0,8,15,1,101
"Nashville, TN","Punta Gorda, FL",14,3,14,0,5,26,5,144
"Nashville, TN","Raleigh/Durham, NC",186,21,157,2,317,401,20,2331
"Nashville, TN","Richmond, VA",25,2,16,0,27,38,0,318
"Nashville, TN","Rockford, IL",2,0,0,0,0,2,0,50
"Nashville, TN","Sacramento, CA",43,1,31,1,41,54,0,225
"Nashville, TN","Salt Lake City, UT",56,8,46,0,51,102,7,1012
"Nashville, TN","San Antonio, TX",59,3,50,0,86,122,5,745
"Nashville, TN","San Diego, CA",125,6,99,0,144,201,2,875
"Nashville, TN","San Francisco, CA",87,6,128,0,73,187,23,623
"Nashville, TN","San Jose, CA",56,2,38,0,65,86,1,286
"Nashville, TN","San Juan, PR",9,0,8,0,7,12,0,48
"Nashville, TN","Sanford, FL",15,4,21,0,13,33,1,147
"Nashville, TN","Santa Ana, CA",2,0,3,0,1,3,1,18
"Nashville, TN","Sarasota/Bradenton, FL",38,4,46,0,66,96,22,643
"Nashville, TN","Savannah, GA",56,4,64,0,80,125,4,713
"Nashville, TN","Seattle, WA",77,12,150,2,65,213,14,1312
"Nashville, TN","Sioux Falls, SD",9,4,5,0,4,17,3,119
"Nashville, TN","St. Louis, MO",93,3,44,0,135,169,7,1219
"Nashville, TN","St. Petersburg, FL",12,6,15,0,11,27,2,111
"Nashville, TN","Syracuse, NY",11,3,19,0,10,33,3,165
"Nashville, TN","Tampa, FL",252,16,208,0,342,451,56,2274
"Nashville, TN","Valparaiso, FL",65,6,31,0,117,132,3,875
"Nashville, TN","Washington, DC",390,52,494,1,450,843,62,5146
"New Bern/Morehead/Beaufort, NC","Charlotte, NC",7,2,3,0,14,17,4,51
"New Orleans, LA","Atlanta, GA",344,53,455,5,451,794,43,4604
"New Orleans, LA","Austin, TX",209,23,237,3,300,401,10,1538
"New Orleans, LA","Baltimore, MD",140,12,125,3,172,230,14,1173
"New Orleans, LA","Boston, MA",99,7,121,0,113,204,16,897
"New Orleans, LA","Burbank, CA",44,3,44,0,32,59,1,191
"New Orleans, LA","Charlotte, NC",191,44,189,0,266,382,27,1862
"New Orleans, LA","Chicago, IL",259,26,241,4,282,481,27,2845
"New Orleans, LA","Cincinnati, OH",7,9,7,0,4,18,1,90
"New Orleans, LA","Cleveland, OH",7,0,11,0,12,18,3,43
"New Orleans, LA","Columbus, OH",7,1,6,0,12,13,1,36
"New Orleans, LA","Dallas, TX",315,16,260,3,400,535,29,2263
"New Orleans, LA","Dallas/Fort Worth, TX",367,97,483,4,585,866,61,3027
"New Orleans, LA","Denver, CO",269,21,249,3,270,469,42,2347
"New Orleans, LA","Detroit, MI",64,9,51,1,88,126,4,803
"New Orleans, LA","Fort Lauderdale, FL",169,11,192,2,229,339,30,1470
"New Orleans, LA","Houston, TX",473,62,440,2,603,903,121,5164
"New Orleans, LA","Indianapolis, IN",4,0,7,0,7,9,2,34
"New Orleans, LA","Kansas City, MO",31,4,17,1,44,45,1,379
"New Orleans, LA","Las Vegas, NV",175,6,163,1,165,267,4,1040
"New Orleans, LA","Long Beach, CA",9,1,9,0,7,10,0,26
"New Orleans, LA","Los Angeles, CA",211,19,158,3,148,270,19,1646
"New Orleans, LA","Miami, FL",204,31,214,2,219,396,34,1799
"New Orleans, LA","Minneapolis, MN",20,5,14,0,35,51,4,367
"New Orleans, LA","Nashville, TN",130,9,73,3,184,218,10,1319
"New Orleans, LA","New York, NY",315,26,260,2,348,544,30,2587
"New Orleans, LA","Newark, NJ",89,15,122,1,78,206,30,1456
"New Orleans, LA","Oakland, CA",2,0,1,0,2,2,0,4
"New Orleans, LA","Orlando, FL",259,24,264,2,382,521,47,2497
"New Orleans, LA","Philadelphia, PA",102,22,99,1,138,221,19,1053
"New Orleans, LA","Phoenix, AZ",130,10,95,1,123,179,3,759
"New Orleans, LA","Raleigh/Durham, NC",8,0,6,0,15,19,3,78
"New Orleans, LA","Salt Lake City, UT",25,4,27,0,37,54,2,372
"New Orleans, LA","San Antonio, TX",59,4,51,0,84,97,0,365
"New Orleans, LA","San Diego, CA",108,5,79,0,93,126,1,328
"New Orleans, LA","San Francisco, CA",53,4,127,0,47,163,3,527
"New Orleans, LA","San Juan, PR",8,0,10,0,4,13,2,100
"New Orleans, LA","Seattle, WA",52,7,107,3,75,156,5,703
"New Orleans, LA","St. Louis, MO",58,3,34,1,91,114,4,711
"New Orleans, LA","Tampa, FL",129,6,109,0,188,259,30,1211
"New Orleans, LA","Washington, DC",261,49,195,1,321,473,42,2459
"New York, NY","Aguadilla, PR",177,2,122,5,106,221,10,628
"New York, NY","Albany, NY",49,3,35,1,72,103,22,654
"New York, NY","Albuquerque, NM",92,0,50,0,50,100,4,259
"New York, NY","Anchorage, AK",4,0,10,1,0,11,0,68
"New York, NY","Asheville, NC",51,3,60,0,54,105,22,977
"New York, NY","Atlanta, GA",1491,38,1151,3,1068,2229,124,11643
"New York, NY","Augusta, GA",3,0,6,0,2,8,0,29
"New York, NY","Austin, TX",279,9,313,2,174,470,37,2399
"New York, NY","Baltimore, MD",32,2,57,0,61,93,29,596
"New York, NY","Bangor, ME",98,12,73,0,118,197,58,1415
"New York, NY","Binghamton, NY",0,0,1,0,1,1,1,8
"New York, NY","Birmingham, AL",76,4,72,0,92,149,34,1034
"New York, NY","Boston, MA",1356,57,1448,3,1293,2559,296,13358
"New York, NY","Bozeman, MT",11,2,10,0,2,19,1,71
"New York, NY","Buffalo, NY",634,31,429,2,531,930,162,4851
"New York, NY","Burbank, CA",119,1,72,0,63,132,5,300
"New York, NY","Burlington, VT",122,18,127,0,137,264,51,1692
"New York, NY","Charleston, SC",352,11,327,2,278,583,104,3368
"New York, NY","Charlotte Amalie, VI",56,8,70,0,12,100,2,543
"New York, NY","Charlotte, NC",829,74,1017,15,1030,1764,236,9661
"New York, NY","Charlottesville, VA",87,2,111,0,112,203,48,1381
"New York, NY","Chattanooga, TN",4,0,6,0,8,14,0,63
"New York, NY","Chicago, IL",1575,168,1737,8,1496,3038,369,16147
"New York, NY","Cincinnati, OH",285,27,399,2,415,711,107,4626
"New York, NY","Cleveland, OH",322,42,349,2,350,670,129,4574
"New York, NY","Columbia, SC",74,6,82,0,86,134,27,849
"New York, NY","Columbus, OH",263,27,357,2,289,594,81,4754
"New York, NY","Dallas, TX",160,6,141,2,183,268,23,1356
"New York, NY","Dallas/Fort Worth, TX",849,95,1090,10,866,1759,168,8372
"New York, NY","Dayton, OH",35,3,37,0,38,74,16,542
"New York, NY","Daytona Beach, FL",0,0,0,0,0,0,0,2
"New York, NY","Denver, CO",717,40,598,7,574,1142,76,6130
"New York, NY","Des Moines, IA",69,5,82,0,91,151,36,960
"New York, NY","Detroit, MI",449,26,577,13,565,1009,91,5877
"New York, NY","Eagle, CO",8,2,6,0,1,11,2,105
"New York, NY","Fayetteville, AR",57,2,94,2,61,139,14,963
"New York, NY","Fort Lauderdale, FL",1437,39,1307,25,1016,2144,174,8555
"New York, NY","Fort Myers, FL",323,11,330,0,181,503,55,2305
"New York, NY","Grand Rapids, MI",83,10,92,0,104,182,40,1174
"New York, NY","Greensboro/High Point, NC",113,15,157,1,151,275,56,1977
"New York, NY","Greer, SC",114,7,135,0,166,256,43,1644
"New York, NY","Hartford, CT",20,0,16,0,32,46,12,235
"New York, NY","Hilton Head, SC",18,1,19,0,5,28,2,189
"New York, NY","Honolulu, HI",120,8,46,0,29,152,4,703
"New York, NY","Houston, TX",683,46,676,7,435,1111,100,5713
"New York, NY","Hyannis, MA",28,0,19,0,21,36,8,195
"New York, NY","Indianapolis, IN",297,27,428,0,396,718,112,4820
"New York, NY","Ithaca/Cortland, NY",39,5,54,0,66,107,25,727
"New York, NY","Jacksonville, FL",348,11,284,2,228,514,81,3053
"New York, NY","Kansas City, MO",255,22,224,1,210,417,67,2682
"New York, NY","Key West, FL",14,4,46,0,13,56,6,354
"New York, NY","Knoxville, TN",88,4,107,0,96,188,39,1357
"New York, NY","Las Vegas, NV",344,11,375,1,164,584,28,3355
"New York, NY","Little Rock, AR",65,4,72,0,71,124,16,612
"New York, NY","Los Angeles, CA",984,58,1078,4,410,1638,39,9916
"New York, NY","Louisville, KY",81,8,94,0,77,175,29,1581
"New York, NY","Madison, WI",42,3,46,0,46,90,19,577
"New York, NY","Martha's Vineyard, MA",94,5,86,0,77,141,32,726
"New York, NY","Memphis, TN",120,6,131,1,128,233,48,1568
"New York, NY","Miami, FL",1399,75,1607,32,1123,2511,221,11148
"New York, NY","Milwaukee, WI",266,37,174,0,92,359,51,2137
"New York, NY","Minneapolis, MN",268,16,297,0,200,493,42,3472
"New York, NY","Myrtle Beach, SC",80,8,81,0,64,151,36,1275
"New York, NY","Nantucket, MA",95,17,81,0,50,141,29,809
"New York, NY","Nashville, TN",617,89,502,3,429,1065,168,6583
"New York, NY","New Orleans, LA",341,10,279,3,218,527,26,2583
"New York, NY","New York, NY",1,0,0,0,0,1,0,1
"New York, NY","Norfolk, VA",176,19,272,3,253,448,109,3169
"New York, NY","Oklahoma City, OK",110,28,135,0,64,211,32,1016
"New York, NY","Omaha, NE",145,29,127,0,69,240,40,1441
"New York, NY","Ontario, CA",56,3,38,0,37,75,5,300
"New York, NY","Orlando, FL",1450,38,1282,27,1093,2265,202,9508
"New York, NY","Palm Springs, CA",15,0,19,0,17,31,14,239
"New York, NY","Pensacola, FL",26,2,20,0,16,42,3,244
"New York, NY","Philadelphia, PA",52,12,128,0,60,181,42,1375
"New York, NY","Phoenix, AZ",302,11,287,4,210,472,30,2664
"New York, NY","Pittsburgh, PA",288,23,358,1,416,692,131,5012
"New York, NY","Ponce, PR",100,4,44,1,58,109,6,266
"New York, NY","Portland, ME",225,8,208,0,231,403,86,2496
"New York, NY","Portland, OR",98,2,123,0,73,195,23,952
"New York, NY","Providence, RI",30,1,22,0,40,57,10,409
"New York, NY","Raleigh/Durham, NC",724,42,704,4,833,1392,212,8075
"New York, NY","Reno, NV",31,3,22,0,17,37,4,122
"New York, NY","Richmond, VA",168,9,244,0,237,424,85,2835
"New York, NY","Roanoke, VA",34,2,83,0,63,117,22,639
"New York, NY","Rochester, NY",367,12,252,1,362,557,110,2703
"New York, NY","Sacramento, CA",83,5,52,1,44,105,2,300
"New York, NY","Salt Lake City, UT",233,8,198,2,126,353,14,1961
"New York, NY","San Antonio, TX",86,2,103,0,28,137,6,659
"New York, NY","San Diego, CA",164,12,274,2,115,370,27,2396
"New York, NY","San Francisco, CA",525,25,1098,3,351,1424,60,6457
"New York, NY","San Jose, CA",22,0,20,0,10,25,0,34
"New York, NY","San Juan, PR",772,21,590,6,424,1006,36,3725
"New York, NY","Santa Ana, CA",9,4,25,0,5,31,1,362
"New York, NY","Sarasota/Bradenton, FL",139,3,124,2,83,213,31,1072
"New York, NY","Savannah, GA",223,6,261,4,218,443,74,2538
"New York, NY","Seattle, WA",286,14,333,3,174,518,50,2935
"New York, NY","South Bend, IN",1,0,3,0,3,4,0,23
"New York, NY","St. Louis, MO",320,10,240,0,321,533,104,3732
"New York, NY","Syracuse, NY",250,35,202,2,179,428,78,2502
"New York, NY","Tampa, FL",696,19,603,3,537,1081,102,4621
"New York, NY","Traverse City, MI",7,0,7,0,4,12,2,116
"New York, NY","Tulsa, OK",42,5,54,0,45,87,12,424
"New York, NY","Washington, DC",551,65,803,2,630,1331,213,8833
"New York, NY","West Palm Beach/Palm Beach, FL",818,22,762,3,563,1271,90,5020
"New York, NY","Wilmington, NC",103,6,153,0,138,254,56,1665
"New York, NY","Worcester, MA",37,5,34,0,45,80,22,659
"Newark, NJ","Aguadilla, PR",81,6,72,0,45,109,7,366
"Newark, NJ","Albany, NY",6,2,6,0,7,12,4,134
"Newark, NJ","Anchorage, AK",15,7,15,0,16,29,2,103
"Newark, NJ","Appleton, WI",0,0,0,0,0,0,1,48
"Newark, NJ","Asheville, NC",41,3,69,0,46,94,36,629
"Newark, NJ","Atlanta, GA",795,80,815,4,746,1394,108,6051
"Newark, NJ","Austin, TX",254,7,214,0,197,378,46,1828
"Newark, NJ","Bangor, ME",62,6,102,0,65,136,38,681
"Newark, NJ","Boston, MA",494,55,616,3,554,1051,130,4362
"Newark, NJ","Bozeman, MT",27,1,15,0,25,40,3,308
"Newark, NJ","Buffalo, NY",98,6,73,0,105,166,33,781
"Newark, NJ","Burlington, VT",112,9,85,0,120,197,20,948
"Newark, NJ","Charleston, SC",126,9,116,0,112,215,30,1425
"Newark, NJ","Charlotte Amalie, VI",22,1,28,0,13,37,0,249
"Newark, NJ","Charlotte, NC",558,34,464,6,556,866,89,3893
"Newark, NJ","Chicago, IL",914,67,918,9,836,1515,148,6104
"Newark, NJ","Cincinnati, OH",149,12,187,1,256,345,54,1748
"Newark, NJ","Cleveland, OH",227,16,203,0,222,378,47,1936
"Newark, NJ","Columbus, OH",137,10,173,0,139,276,53,2005
"Newark, NJ","Dallas/Fort Worth, TX",479,50,460,2,365,752,76,3569
"Newark, NJ","Denver, CO",453,22,326,1,372,670,87,3103
"Newark, NJ","Des Moines, IA",3,0,13,0,12,16,2,89
"Newark, NJ","Detroit, MI",351,31,345,5,359,651,80,3328
"Newark, NJ","Eagle, CO",17,2,10,0,14,26,1,112
"Newark, NJ","Fort Lauderdale, FL",749,51,812,4,608,1238,141,5263
"Newark, NJ","Fort Myers, FL",273,14,249,0,259,441,69,1998
"Newark, NJ","Grand Rapids, MI",57,7,78,0,44,122,28,898
"Newark, NJ","Greensboro/High Point, NC",38,4,44,1,39,80,27,524
"Newark, NJ","Greer, SC",78,6,73,0,74,140,38,971
"Newark, NJ","Harrisburg, PA",13,1,5,0,9,17,1,166
"Newark, NJ","Hayden, CO",4,0,5,0,3,7,0,74
"Newark, NJ","Hilton Head, SC",13,3,16,0,2,23,6,210
"Newark, NJ","Honolulu, HI",30,0,17,0,8,36,1,136
"Newark, NJ","Houston, TX",577,39,539,1,415,875,89,3763
"Newark, NJ","Indianapolis, IN",216,15,222,2,167,354,67,2283
"Newark, NJ","Ithaca/Cortland, NY",2,1,8,0,2,8,4,83
"Newark, NJ","Jackson, WY",48,5,40,0,36,72,11,227
"Newark, NJ","Jacksonville, FL",160,6,130,0,124,232,19,1305
"Newark, NJ","Kahului, HI",1,0,0,0,0,1,0,3
"Newark, NJ","Kansas City, MO",91,4,85,0,81,151,17,572
"Newark, NJ","Key West, FL",47,1,79,0,24,104,12,508
"Newark, NJ","Knoxville, TN",5,0,18,0,17,23,1,154
"Newark, NJ","Las Vegas, NV",381,25,417,2,279,641,59,3162
"Newark, NJ","Los Angeles, CA",741,61,713,14,490,1230,111,5556
"Newark, NJ","Louisville, KY",77,4,92,0,82,151,29,1017
"Newark, NJ","Madison, WI",51,5,46,0,57,93,18,356
"Newark, NJ","Manchester, NH",1,0,0,0,2,2,1,38
"Newark, NJ","Memphis, TN",67,4,63,0,74,114,10,477
"Newark, NJ","Miami, FL",632,40,596,6,482,993,128,4202
"Newark, NJ","Milwaukee, WI",55,5,65,1,54,110,42,846
"Newark, NJ","Minneapolis, MN",281,35,243,0,283,496,30,2282
"Newark, NJ","Montrose/Delta, CO",12,0,3,0,7,13,0,90
"Newark, NJ","Myrtle Beach, SC",88,8,145,0,74,194,32,1245
"Newark, NJ","Nashville, TN",233,10,255,3,234,430,45,1999
"Newark, NJ","New Orleans, LA",142,6,146,2,116,241,28,1455
"Newark, NJ","Norfolk, VA",114,4,84,0,92,169,41,942
"Newark, NJ","Oakland, CA",20,4,38,0,9,44,10,144
"Newark, NJ","Omaha, NE",0,0,0,0,0,0,0,2
"Newark, NJ","Orlando, FL",841,43,863,9,680,1417,195,6563
"Newark, NJ","Philadelphia, PA",12,1,2,0,14,22,3,267
"Newark, NJ","Phoenix, AZ",374,24,263,3,306,537,32,2709
"Newark, NJ","Pittsburgh, PA",177,16,227,2,171,367,84,2476
"Newark, NJ","Portland, ME",113,8,110,0,110,186,33,993
"Newark, NJ","Portland, OR",80,11,108,2,93,170,16,837
"Newark, NJ","Providence, RI",11,0,11,0,10,19,1,130
"Newark, NJ","Raleigh/Durham, NC",308,25,328,0,374,588,62,2642
"Newark, NJ","Reno, NV",0,0,0,0,0,0,0,1
"Newark, NJ","Richmond, VA",6,0,8,0,2,9,2,87
"Newark, NJ","Rochester, NY",87,6,48,0,88,139,14,534
"Newark, NJ","Sacramento, CA",55,6,70,0,49,92,8,284
"Newark, NJ","Salt Lake City, UT",129,25,121,0,121,226,20,1215
"Newark, NJ","San Antonio, TX",78,3,67,0,55,118,9,840
"Newark, NJ","San Diego, CA",196,15,216,4,210,381,30,1629
"Newark, NJ","San Francisco, CA",630,34,649,5,423,1093,91,4012
"Newark, NJ","San Juan, PR",427,30,397,4,238,622,30,2252
"Newark, NJ","Santa Ana, CA",95,5,72,0,75,138,11,1096
"Newark, NJ","Sarasota/Bradenton, FL",110,8,106,0,110,186,35,939
"Newark, NJ","Savannah, GA",94,6,92,0,102,178,17,937
"Newark, NJ","Seattle, WA",206,19,277,13,225,444,44,2025
"Newark, NJ","South Bend, IN",0,0,0,0,0,0,0,10
"Newark, NJ","St. Louis, MO",129,8,112,0,121,208,18,1051
"Newark, NJ","Syracuse, NY",48,1,49,0,51,93,22,590
"Newark, NJ","Tampa, FL",386,19,323,1,328,617,114,2960
"Newark, NJ","Valparaiso, FL",6,0,12,0,12,17,0,97
"Newark, NJ","Washington, DC",244,16,215,1,181,370,33,1472
"Newark, NJ","West Palm Beach/Palm Beach, FL",449,21,442,1,397,766,112,3452
"Newark, NJ","Wilmington, NC",14,0,10,0,17,26,4,128
"Newburgh/Poughkeepsie, NY","Fort Lauderdale, FL",2,0,2,0,3,3,0,14
"Newburgh/Poughkeepsie, NY","Myrtle Beach, SC",14,5,19,0,22,29,4,146
"Newburgh/Poughkeepsie, NY","Punta Gorda, FL",9,1,15,0,14,23,1,88
"Newburgh/Poughkeepsie, NY","Sanford, FL",6,3,8,0,13,17,0,69
"Newburgh/Poughkeepsie, NY","St. Petersburg, FL",7,3,13,0,9,20,2,108
"Niagara Falls, NY","Punta Gorda, FL",27,5,33,0,25,54,2,188
"Niagara Falls, NY","Sanford, FL",12,0,14,0,15,23,2,77
"Niagara Falls, NY","St. Petersburg, FL",14,4,26,0,16,35,4,118
"Nome, AK","Anchorage, AK",24,1,46,6,46,58,7,303
"Nome, AK","Kotzebue, AK",2,1,6,0,8,10,6,62
"Norfolk, VA","Atlanta, GA",282,27,185,1,259,446,29,2501
"Norfolk, VA","Baltimore, MD",160,4,86,0,204,249,5,1534
"Norfolk, VA","Boston, MA",30,8,87,1,45,110,11,412
"Norfolk, VA","Charlotte, NC",177,38,267,2,417,534,31,2696
"Norfolk, VA","Chicago, IL",187,13,126,0,136,275,16,1757
"Norfolk, VA","Cincinnati, OH",4,2,6,0,6,7,1,24
"Norfolk, VA","Dallas, TX",20,2,14,1,23,26,0,82
"Norfolk, VA","Dallas/Fort Worth, TX",117,19,115,1,145,236,31,998
"Norfolk, VA","Denver, CO",64,1,65,0,40,105,8,566
"Norfolk, VA","Detroit, MI",90,24,34,0,40,134,3,833
"Norfolk, VA","Fort Lauderdale, FL",40,2,59,0,49,87,15,410
"Norfolk, VA","Fort Myers, FL",3,0,5,0,0,6,2,30
"Norfolk, VA","Houston, TX",27,0,31,0,1,48,7,366
"Norfolk, VA","Jacksonville, FL",2,1,6,0,9,12,0,42
"Norfolk, VA","Miami, FL",52,8,54,2,38,100,7,560
"Norfolk, VA","Minneapolis, MN",31,1,30,0,37,51,1,195
"Norfolk, VA","Nashville, TN",56,4,20,0,71,76,0,416
"Norfolk, VA","New York, NY",239,55,409,3,225,574,101,3169
"Norfolk, VA","Newark, NJ",79,15,130,0,63,183,45,943
"Norfolk, VA","Orlando, FL",87,11,128,2,132,201,9,745
"Norfolk, VA","Philadelphia, PA",66,6,59,1,34,116,7,743
"Norfolk, VA","San Juan, PR",4,0,6,0,9,9,1,27
"Norfolk, VA","Sanford, FL",7,0,5,0,12,17,2,65
"Norfolk, VA","St. Louis, MO",4,0,0,0,4,4,0,17
"Norfolk, VA","St. Petersburg, FL",5,4,8,0,4,13,0,22
"Norfolk, VA","Tampa, FL",3,1,6,0,0,7,0,44
"Norfolk, VA","Washington, DC",122,16,193,0,155,301,27,1923
"North Bend/Coos Bay, OR","Denver, CO",5,1,4,0,5,13,0,45
"North Bend/Coos Bay, OR","San Francisco, CA",16,7,54,0,29,91,4,300
"North Platte, NE","Denver, CO",35,6,39,0,36,85,12,628
"Oakland, CA","Albuquerque, NM",48,1,20,1,63,78,1,346
"Oakland, CA","Atlanta, GA",19,1,19,0,19,28,4,157
"Oakland, CA","Austin, TX",41,0,26,1,20,51,1,365
"Oakland, CA","Baltimore, MD",29,0,22,2,17,41,1,289
"Oakland, CA","Bellingham, WA",23,0,15,1,28,40,2,304
"Oakland, CA","Boise, ID",93,0,36,0,102,139,2,668
"Oakland, CA","Burbank, CA",244,6,113,1,333,461,35,3243
"Oakland, CA","Chicago, IL",104,0,43,1,84,122,4,664
"Oakland, CA","Dallas, TX",85,3,72,1,56,122,3,653
"Oakland, CA","Denver, CO",196,2,115,0,198,289,11,1879
"Oakland, CA","Detroit, MI",0,0,0,0,0,0,0,1
"Oakland, CA","Eugene, OR",64,0,25,0,84,98,11,495
"Oakland, CA","Honolulu, HI",153,2,72,1,55,185,7,1089
"Oakland, CA","Houston, TX",52,1,32,0,27,64,3,478
"Oakland, CA","Idaho Falls, ID",1,0,2,0,1,2,1,22
"Oakland, CA","Kahului, HI",84,0,71,0,60,121,5,864
"Oakland, CA","Kalispell, MT",1,0,1,0,1,2,0,18
"Oakland, CA","Kansas City, MO",30,0,21,0,25,39,0,357
"Oakland, CA","Kona, HI",58,0,53,1,42,82,0,366
"Oakland, CA","Las Vegas, NV",458,10,497,18,556,944,27,4641
"Oakland, CA","Lihue, HI",69,0,48,1,42,97,8,733
"Oakland, CA","Long Beach, CA",114,1,46,0,126,195,9,1786
"Oakland, CA","Los Angeles, CA",296,13,158,3,293,492,22,3376
"Oakland, CA","Missoula, MT",6,0,8,0,8,9,0,24
"Oakland, CA","Nashville, TN",10,0,9,0,3,13,0,265
"Oakland, CA","New Orleans, LA",1,0,1,0,0,1,0,4
"Oakland, CA","Newark, NJ",24,1,37,0,10,40,11,144
"Oakland, CA","Ontario, CA",139,1,24,0,163,214,8,1554
"Oakland, CA","Palm Springs, CA",52,0,26,0,59,83,0,580
"Oakland, CA","Phoenix, AZ",246,0,79,1,270,333,5,2036
"Oakland, CA","Portland, OR",172,2,83,6,209,283,6,1804
"Oakland, CA","Reno, NV",44,0,16,0,61,76,2,561
"Oakland, CA","Salt Lake City, UT",135,14,60,1,110,210,5,1992
"Oakland, CA","San Diego, CA",383,14,421,4,463,746,51,3431
"Oakland, CA","Santa Ana, CA",184,1,71,0,252,328,19,2669
"Oakland, CA","Santa Barbara, CA",13,3,7,0,12,25,2,367
"Oakland, CA","Seattle, WA",228,3,261,2,279,453,19,2256
"Oakland, CA","Spokane, WA",71,0,31,1,93,113,0,652
"Oakland, CA","St. Louis, MO",12,0,8,0,1,13,0,236
"Oklahoma City, OK","Atlanta, GA",95,7,85,0,114,194,15,2036
"Oklahoma City, OK","Austin, TX",36,3,42,1,49,71,2,385
"Oklahoma City, OK","Baton Rouge, LA",0,0,0,0,0,0,0,1
"Oklahoma City, OK","Birmingham, AL",0,0,0,0,0,0,0,3
"Oklahoma City, OK","Charlotte, NC",91,14,97,0,105,189,8,817
"Oklahoma City, OK","Chicago, IL",221,30,179,0,154,382,16,2520
"Oklahoma City, OK","Columbia, SC",1,0,0,0,0,1,0,1
"Oklahoma City, OK","Dallas/Fort Worth, TX",285,75,397,1,443,731,78,3313
"Oklahoma City, OK","Denver, CO",350,25,266,1,256,602,28,3005
"Oklahoma City, OK","Houston, TX",143,24,181,1,180,330,23,2020
"Oklahoma City, OK","Huntsville, AL",0,0,0,0,0,0,0,2
"Oklahoma City, OK","Knoxville, TN",0,1,0,0,0,1,0,2
"Oklahoma City, OK","Las Vegas, NV",94,9,92,1,155,203,5,1136
"Oklahoma City, OK","Los Angeles, CA",79,7,29,1,5,92,1,727
"Oklahoma City, OK","Miami, FL",21,6,31,0,5,43,3,264
"Oklahoma City, OK","Minneapolis, MN",27,3,8,1,0,31,2,367
"Oklahoma City, OK","Nashville, TN",31,1,10,0,34,40,0,234
"Oklahoma City, OK","New York, NY",76,11,64,0,29,127,22,1016
"Oklahoma City, OK","Orlando, FL",30,4,37,1,53,66,4,340
"Oklahoma City, OK","Phoenix, AZ",170,17,80,0,93,230,2,1790
"Oklahoma City, OK","Salt Lake City, UT",84,13,22,0,0,97,0,703
"Oklahoma City, OK","San Antonio, TX",15,2,20,0,32,35,0,259
"Oklahoma City, OK","Sanford, FL",6,2,3,0,5,8,0,22
"Oklahoma City, OK","Seattle, WA",15,17,62,4,30,74,8,347
"Oklahoma City, OK","St. Louis, MO",36,4,31,0,61,81,3,697
"Oklahoma City, OK","Valparaiso, FL",7,2,8,0,12,17,1,67
"Oklahoma City, OK","Washington, DC",40,5,67,0,61,107,8,720
"Omaha, NE","Atlanta, GA",123,26,122,0,129,256,15,2010
"Omaha, NE","Austin, TX",12,1,12,0,15,22,1,68
"Omaha, NE","Charlotte, NC",84,16,117,2,80,177,9,825
"Omaha, NE","Chicago, IL",290,39,314,1,349,589,55,3615
"Omaha, NE","Columbus, OH",1,0,0,0,1,1,0,2
"Omaha, NE","Dallas, TX",44,5,51,0,77,96,5,433
"Omaha, NE","Dallas/Fort Worth, TX",155,30,198,2,297,406,22,1520
"Omaha, NE","Denver, CO",299,36,381,0,386,670,49,3296
"Omaha, NE","Detroit, MI",128,42,55,0,1,169,3,1024
"Omaha, NE","Fort Lauderdale, FL",0,1,3,0,2,4,0,13
"Omaha, NE","Houston, TX",71,9,93,0,71,145,16,923
"Omaha, NE","Las Vegas, NV",101,9,96,0,138,194,10,1138
"Omaha, NE","Los Angeles, CA",34,9,24,0,10,55,1,394
"Omaha, NE","Miami, FL",19,4,22,0,1,32,2,149
"Omaha, NE","Minneapolis, MN",141,66,127,0,17,248,10,1385
"Omaha, NE","Nashville, TN",18,0,3,0,23,25,1,233
"Omaha, NE","New York, NY",131,30,131,0,28,223,42,1441
"Omaha, NE","Newark, NJ",0,0,2,0,1,2,0,3
"Omaha, NE","Orlando, FL",47,3,51,0,64,84,5,366
"Omaha, NE","Phoenix, AZ",186,10,127,1,207,296,14,1851
"Omaha, NE","Punta Gorda, FL",6,0,7,0,3,11,2,54
"Omaha, NE","Salt Lake City, UT",74,19,30,0,0,92,1,697
"Omaha, NE","San Francisco, CA",30,1,17,0,6,41,2,213
"Omaha, NE","Sanford, FL",11,0,15,0,18,23,2,90
"Omaha, NE","Seattle, WA",33,5,64,2,41,89,7,470
"Omaha, NE","St. Louis, MO",63,8,40,0,79,107,5,764
"Omaha, NE","St. Petersburg, FL",14,3,15,0,10,24,3,105
"Omaha, NE","Tampa, FL",5,0,5,0,7,7,0,9
"Omaha, NE","Valparaiso, FL",3,0,4,0,1,5,1,30
"Omaha, NE","Washington, DC",49,2,41,0,46,77,5,645
"Ontario, CA","Atlanta, GA",41,1,28,0,24,59,9,917
"Ontario, CA","Austin, TX",26,0,27,0,15,36,0,372
"Ontario, CA","Charlotte, NC",37,1,14,0,20,43,3,364
"Ontario, CA","Chicago, IL",28,0,22,1,13,36,2,369
"Ontario, CA","Dallas, TX",28,1,32,0,19,45,2,374
"Ontario, CA","Dallas/Fort Worth, TX",267,20,204,3,256,428,43,2404
"Ontario, CA","Denver, CO",192,5,162,1,258,393,23,2902
"Ontario, CA","El Paso, TX",2,0,0,0,6,6,2,17
"Ontario, CA","Honolulu, HI",71,4,1,0,0,71,2,368
"Ontario, CA","Houston, TX",66,2,85,2,48,117,9,704
"Ontario, CA","Las Vegas, NV",211,5,333,0,446,590,20,2783
"Ontario, CA","Nashville, TN",13,0,10,0,6,15,0,187
"Ontario, CA","New York, NY",50,0,17,0,39,56,6,300
"Ontario, CA","Oakland, CA",115,0,32,0,179,195,9,1562
"Ontario, CA","Orlando, FL",0,0,0,0,0,0,0,4
"Ontario, CA","Palm Springs, CA",0,0,0,0,0,0,1,1
"Ontario, CA","Phoenix, AZ",193,4,195,2,356,470,15,3313
"Ontario, CA","Portland, OR",29,0,54,2,70,104,15,736
"Ontario, CA","Sacramento, CA",146,0,35,1,216,233,5,1923
"Ontario, CA","Salt Lake City, UT",68,7,39,0,44,115,16,1213
"Ontario, CA","San Francisco, CA",101,19,311,0,128,426,20,1485
"Ontario, CA","San Jose, CA",69,0,30,0,150,164,3,1360
"Ontario, CA","Seattle, WA",143,22,156,1,133,307,27,2517
"Orlando, FL","Aguadilla, PR",170,16,70,1,159,239,10,916
"Orlando, FL","Albany, NY",181,10,111,3,148,236,14,1083
"Orlando, FL","Albuquerque, NM",17,0,14,0,7,22,1,75
"Orlando, FL","Allentown/Bethlehem/Easton, PA",9,5,10,1,13,19,2,68
"Orlando, FL","Asheville, NC",10,6,24,2,21,31,3,94
"Orlando, FL","Atlanta, GA",1093,173,1363,20,1293,2226,137,8967
"Orlando, FL","Atlantic City, NJ",131,17,190,4,72,221,12,934
"Orlando, FL","Augusta, GA",0,0,0,0,0,0,0,1
"Orlando, FL","Austin, TX",378,43,503,13,391,710,34,2762
"Orlando, FL","Baltimore, MD",748,68,639,33,682,1187,104,5371
"Orlando, FL","Birmingham, AL",108,13,50,2,134,159,11,727
"Orlando, FL","Boston, MA",678,77,694,9,525,1157,92,4846
"Orlando, FL","Buffalo, NY",258,14,186,4,239,390,38,1645
"Orlando, FL","Burlington, VT",0,0,0,0,0,0,0,7
"Orlando, FL","Cedar Rapids/Iowa City, IA",2,0,3,0,4,5,0,15
"Orlando, FL","Charlotte Amalie, VI",67,8,75,9,13,110,2,539
"Orlando, FL","Charlotte, NC",581,211,716,8,811,1258,106,5413
"Orlando, FL","Chicago, IL",956,158,1006,24,972,1806,162,7916
"Orlando, FL","Christiansted, VI",2,0,1,0,0,2,0,6
"Orlando, FL","Cincinnati, OH",228,27,199,0,274,427,31,1789
"Orlando, FL","Cleveland, OH",205,26,213,1,209,387,46,2047
"Orlando, FL","Columbus, OH",326,17,269,11,304,506,31,2148
"Orlando, FL","Dallas, TX",435,35,456,27,489,769,50,2686
"Orlando, FL","Dallas/Fort Worth, TX",681,271,898,16,767,1403,117,4951
"Orlando, FL","Denver, CO",631,80,570,4,572,1076,101,4729
"Orlando, FL","Des Moines, IA",8,1,12,0,14,24,1,85
"Orlando, FL","Detroit, MI",475,78,561,9,419,872,59,3798
"Orlando, FL","El Paso, TX",14,1,13,1,17,22,0,83
"Orlando, FL","Fargo, ND",1,0,5,0,3,6,0,31
"Orlando, FL","Fayetteville, AR",0,0,0,0,1,1,0,6
"Orlando, FL","Fort Lauderdale, FL",149,13,112,12,126,236,17,1291
"Orlando, FL","Fort Myers, FL",1,0,0,0,2,2,0,7
"Orlando, FL","Grand Rapids, MI",47,5,47,0,50,98,6,406
"Orlando, FL","Green Bay, WI",1,0,2,0,3,5,2,46
"Orlando, FL","Harrisburg, PA",10,1,8,0,9,18,1,80
"Orlando, FL","Hartford, CT",323,22,201,2,260,445,28,1890
"Orlando, FL","Houston, TX",826,96,784,17,745,1358,126,5817
"Orlando, FL","Indianapolis, IN",329,29,250,7,346,526,39,2433
"Orlando, FL","Islip, NY",182,14,116,3,177,279,19,1360
"Orlando, FL","Jackson/Vicksburg, MS",8,0,4,0,9,11,2,33
"Orlando, FL","Kansas City, MO",260,30,264,19,217,430,28,1720
"Orlando, FL","Knoxville, TN",22,3,22,1,16,36,2,156
"Orlando, FL","Las Vegas, NV",193,14,214,5,121,292,18,1281
"Orlando, FL","Latrobe, PA",32,1,36,0,14,50,7,331
"Orlando, FL","Long Beach, CA",7,0,7,0,4,10,0,22
"Orlando, FL","Los Angeles, CA",335,75,336,1,260,563,44,2959
"Orlando, FL","Louisville, KY",165,12,155,7,148,259,11,951
"Orlando, FL","Madison, WI",8,0,10,0,10,17,4,72
"Orlando, FL","Manchester, NH",56,4,46,1,48,91,7,626
"Orlando, FL","Memphis, TN",134,17,130,2,114,206,12,821
"Orlando, FL","Miami, FL",361,172,338,6,497,771,78,3746
"Orlando, FL","Milwaukee, WI",241,20,197,8,240,379,19,1649
"Orlando, FL","Minneapolis, MN",202,44,225,2,227,421,29,2187
"Orlando, FL","Myrtle Beach, SC",47,7,59,1,25,82,8,354
"Orlando, FL","Nashville, TN",371,25,281,24,370,599,54,2891
"Orlando, FL","New Orleans, LA",346,47,364,10,329,600,51,2499
"Orlando, FL","New York, NY",1382,126,1198,8,1090,2190,204,9493
"Orlando, FL","Newark, NJ",796,105,970,13,633,1535,192,6568
"Orlando, FL","Norfolk, VA",65,9,70,3,59,123,8,744
"Orlando, FL","Oklahoma City, OK",48,4,42,3,54,73,2,340
"Orlando, FL","Omaha, NE",50,5,50,0,43,83,2,366
"Orlando, FL","Ontario, CA",0,0,0,0,0,0,0,2
"Orlando, FL","Pensacola, FL",52,9,69,4,27,90,9,435
"Orlando, FL","Philadelphia, PA",750,193,805,18,890,1466,113,5567
"Orlando, FL","Phoenix, AZ",224,49,230,2,176,378,17,1616
"Orlando, FL","Pittsburgh, PA",382,40,335,21,323,604,37,2372
"Orlando, FL","Ponce, PR",114,10,59,0,97,153,11,681
"Orlando, FL","Portland, ME",23,1,27,0,31,54,9,269
"Orlando, FL","Portland, OR",35,8,85,2,88,147,14,517
"Orlando, FL","Providence, RI",241,17,139,6,226,339,20,1596
"Orlando, FL","Raleigh/Durham, NC",383,37,280,6,449,636,42,2689
"Orlando, FL","Richmond, VA",154,15,115,0,100,206,10,898
"Orlando, FL","Rochester, NY",78,7,66,0,37,105,8,628
"Orlando, FL","Sacramento, CA",9,1,5,0,7,10,0,18
"Orlando, FL","Salt Lake City, UT",184,55,248,2,182,380,22,1866
"Orlando, FL","San Antonio, TX",163,22,185,11,161,298,19,1194
"Orlando, FL","San Diego, CA",43,21,126,5,55,169,27,585
"Orlando, FL","San Francisco, CA",100,31,223,2,110,313,41,1170
"Orlando, FL","San Juan, PR",1043,84,521,12,794,1396,69,6308
"Orlando, FL","Seattle, WA",149,34,260,8,182,418,57,1851
"Orlando, FL","St. Louis, MO",368,21,260,22,357,559,40,2438
"Orlando, FL","Syracuse, NY",151,9,106,1,112,216,8,911
"Orlando, FL","Trenton, NJ",57,11,60,0,67,120,14,618
"Orlando, FL","Tulsa, OK",22,7,25,0,26,37,0,83
"Orlando, FL","Washington, DC",764,155,707,10,887,1411,122,6714
"Orlando, FL","White Plains, NY",293,21,175,1,210,379,13,1312
"Orlando, FL","Worcester, MA",55,1,40,2,27,65,4,338
"Pago Pago, TT","Honolulu, HI",19,0,0,0,12,22,0,125
"Palm Springs, CA","Atlanta, GA",14,1,9,0,11,18,0,124
"Palm Springs, CA","Austin, TX",6,1,7,0,10,14,3,62
"Palm Springs, CA","Bellingham, WA",11,2,11,0,12,22,0,102
"Palm Springs, CA","Boise, ID",0,0,0,0,1,1,0,4
"Palm Springs, CA","Chicago, IL",48,5,64,0,57,102,4,580
"Palm Springs, CA","Dallas, TX",9,0,16,0,14,21,1,140
"Palm Springs, CA","Dallas/Fort Worth, TX",73,17,82,0,98,163,21,1029
"Palm Springs, CA","Denver, CO",151,8,82,1,97,226,7,1849
"Palm Springs, CA","Houston, TX",12,0,13,0,13,21,0,180
"Palm Springs, CA","Las Vegas, NV",63,3,101,3,113,160,2,705
"Palm Springs, CA","Los Angeles, CA",20,0,13,0,2,26,2,220
"Palm Springs, CA","Minneapolis, MN",27,1,31,0,28,49,2,308
"Palm Springs, CA","New York, NY",31,1,59,0,36,75,8,239
"Palm Springs, CA","Oakland, CA",42,0,33,1,77,85,2,576
"Palm Springs, CA","Phoenix, AZ",120,8,115,2,79,207,3,1597
"Palm Springs, CA","Portland, OR",17,1,35,1,42,62,15,505
"Palm Springs, CA","Sacramento, CA",22,0,17,3,37,45,0,414
"Palm Springs, CA","Salt Lake City, UT",66,20,22,1,0,85,5,951
"Palm Springs, CA","San Francisco, CA",257,13,613,0,172,805,25,2294
"Palm Springs, CA","San Jose, CA",14,0,8,1,32,33,2,234
"Palm Springs, CA","Seattle, WA",94,5,127,1,128,245,37,1681
"Palm Springs, CA","Washington, DC",1,0,0,0,1,1,0,13
"Panama City, FL","Atlanta, GA",223,25,159,0,123,343,19,2374
"Panama City, FL","Austin, TX",15,4,15,0,24,31,1,124
"Panama City, FL","Baltimore, MD",13,0,8,0,19,20,1,56
"Panama City, FL","Boston, MA",4,0,2,0,4,4,0,13
"Panama City, FL","Charlotte, NC",113,23,129,2,233,286,12,1164
"Panama City, FL","Chicago, IL",31,9,38,0,56,81,5,479
"Panama City, FL","Dallas, TX",65,5,66,0,83,127,5,693
"Panama City, FL","Dallas/Fort Worth, TX",166,33,138,2,221,293,18,1059
"Panama City, FL","Denver, CO",32,2,29,0,35,50,1,159
"Panama City, FL","Houston, TX",29,3,38,0,55,70,4,451
"Panama City, FL","Indianapolis, IN",6,4,5,1,9,13,0,53
"Panama City, FL","Kansas City, MO",14,1,11,0,21,22,0,101
"Panama City, FL","Nashville, TN",68,6,47,0,112,136,8,1050
"Panama City, FL","Philadelphia, PA",4,0,3,0,3,4,0,15
"Panama City, FL","St. Louis, MO",25,6,21,0,48,50,1,310
"Panama City, FL","Washington, DC",39,8,45,0,66,86,6,279
"Pasco/Kennewick/Richland, WA","Denver, CO",49,10,38,0,26,92,4,732
"Pasco/Kennewick/Richland, WA","Las Vegas, NV",7,2,14,0,11,20,2,127
"Pasco/Kennewick/Richland, WA","Los Angeles, CA",19,0,13,1,7,21,0,113
"Pasco/Kennewick/Richland, WA","Minneapolis, MN",20,5,13,0,0,28,3,366
"Pasco/Kennewick/Richland, WA","Phoenix, AZ",58,4,38,1,15,80,0,596
"Pasco/Kennewick/Richland, WA","Salt Lake City, UT",70,24,24,1,1,97,1,1057
"Pasco/Kennewick/Richland, WA","San Francisco, CA",41,6,54,0,26,105,3,473
"Pasco/Kennewick/Richland, WA","Seattle, WA",130,42,124,7,51,242,12,1769
"Pellston, MI","Detroit, MI",116,34,34,2,0,153,16,846
"Pensacola, FL","Atlanta, GA",59,16,110,0,142,233,19,2588
"Pensacola, FL","Austin, TX",2,0,1,0,2,3,0,9
"Pensacola, FL","Charlotte, NC",257,54,213,9,341,481,10,2068
"Pensacola, FL","Chicago, IL",43,10,35,0,59,79,4,531
"Pensacola, FL","Cincinnati, OH",3,0,4,0,3,6,0,63
"Pensacola, FL","Cleveland, OH",5,1,7,0,8,12,1,36
"Pensacola, FL","Dallas, TX",26,3,40,0,48,64,1,442
"Pensacola, FL","Dallas/Fort Worth, TX",310,67,303,5,380,539,51,1756
"Pensacola, FL","Denver, CO",57,1,72,0,89,121,7,432
"Pensacola, FL","Fort Lauderdale, FL",22,2,60,2,54,94,11,429
"Pensacola, FL","Houston, TX",42,6,34,0,65,99,10,836
"Pensacola, FL","Kansas City, MO",6,1,5,0,12,15,0,133
"Pensacola, FL","Miami, FL",107,23,101,1,128,190,13,1081
"Pensacola, FL","Nashville, TN",60,4,15,1,83,101,4,895
"Pensacola, FL","New York, NY",9,4,25,0,36,48,4,244
"Pensacola, FL","Orlando, FL",19,4,47,0,44,84,10,434
"Pensacola, FL","Philadelphia, PA",47,11,47,0,73,92,8,304
"Pensacola, FL","St. Louis, MO",4,0,6,0,16,19,0,171
"Pensacola, FL","Washington, DC",120,15,112,5,116,193,14,912
"Peoria, IL","Charlotte, NC",83,35,83,0,97,155,14,759
"Peoria, IL","Chicago, IL",112,28,107,2,117,268,21,1168
"Peoria, IL","Dallas/Fort Worth, TX",88,49,94,2,79,174,8,729
"Peoria, IL","Denver, CO",6,1,17,0,10,23,1,100
"Peoria, IL","Fort Lauderdale, FL",2,0,0,0,5,5,1,10
"Peoria, IL","Las Vegas, NV",12,1,13,0,14,21,2,115
"Peoria, IL","Nashville, TN",8,1,8,0,27,29,2,108
"Peoria, IL","Phoenix, AZ",6,3,7,0,11,15,0,178
"Peoria, IL","Punta Gorda, FL",12,1,25,0,12,28,5,180
"Peoria, IL","Sanford, FL",9,1,15,0,11,24,1,109
"Peoria, IL","Sarasota/Bradenton, FL",1,0,5,0,5,10,4,100
"Peoria, IL","St. Petersburg, FL",5,5,20,0,18,30,4,153
"Peoria, IL","Valparaiso, FL",1,0,1,0,3,4,0,35
"Petersburg, AK","Juneau, AK",8,2,24,1,35,45,6,363
"Petersburg, AK","Wrangell, AK",8,2,22,0,49,56,5,363
"Philadelphia, PA","Asheville, NC",8,0,13,0,1,15,1,48
"Philadelphia, PA","Atlanta, GA",658,42,605,3,632,1138,56,5814
"Philadelphia, PA","Augusta, GA",1,0,6,0,1,5,0,13
"Philadelphia, PA","Austin, TX",139,10,101,2,130,218,16,987
"Philadelphia, PA","Bangor, ME",66,8,56,1,59,108,11,469
"Philadelphia, PA","Birmingham, AL",63,9,66,3,57,113,6,566
"Philadelphia, PA","Boston, MA",606,46,619,0,675,1143,81,5264
"Philadelphia, PA","Buffalo, NY",54,11,47,0,45,90,22,435
"Philadelphia, PA","Burlington, VT",102,10,104,0,96,173,10,754
"Philadelphia, PA","Charleston, SC",156,10,115,1,166,278,14,1374
"Philadelphia, PA","Charlotte Amalie, VI",16,2,20,0,10,27,2,137
"Philadelphia, PA","Charlotte, NC",561,44,460,3,516,878,69,3986
"Philadelphia, PA","Chicago, IL",733,33,673,8,751,1272,82,6315
"Philadelphia, PA","Cincinnati, OH",163,23,184,5,178,321,18,1282
"Philadelphia, PA","Cleveland, OH",190,18,155,3,161,296,21,1241
"Philadelphia, PA","Columbus, OH",137,11,124,0,123,245,35,1471
"Philadelphia, PA","Dallas, TX",11,0,6,0,10,12,0,47
"Philadelphia, PA","Dallas/Fort Worth, TX",511,41,419,6,375,794,57,3539
"Philadelphia, PA","Dayton, OH",3,0,8,0,0,10,0,38
"Philadelphia, PA","Denver, CO",375,12,317,3,332,589,33,2970
"Philadelphia, PA","Detroit, MI",316,34,285,3,330,577,62,3306
"Philadelphia, PA","Fayetteville, AR",2,0,1,0,2,3,0,11
"Philadelphia, PA","Fort Lauderdale, FL",359,37,386,5,303,600,45,2537
"Philadelphia, PA","Fort Myers, FL",154,11,175,1,164,318,24,1368
"Philadelphia, PA","Grand Rapids, MI",0,0,0,0,1,1,0,33
"Philadelphia, PA","Greensboro/High Point, NC",5,2,4,0,7,12,4,76
"Philadelphia, PA","Greer, SC",66,8,82,2,55,131,7,575
"Philadelphia, PA","Hartford, CT",83,8,74,1,88,145,22,664
"Philadelphia, PA","Hilton Head, SC",1,0,2,0,0,2,0,17
"Philadelphia, PA","Houston, TX",278,17,294,1,195,441,59,2175
"Philadelphia, PA","Indianapolis, IN",199,15,141,2,186,308,24,1681
"Philadelphia, PA","Jacksonville, FL",209,18,167,0,209,350,23,1618
"Philadelphia, PA","Kansas City, MO",124,7,81,0,79,168,12,856
"Philadelphia, PA","Key West, FL",37,4,59,0,35,85,11,429
"Philadelphia, PA","Knoxville, TN",53,5,63,0,51,105,5,513
"Philadelphia, PA","Las Vegas, NV",233,21,222,5,156,372,20,1625
"Philadelphia, PA","Lexington, KY",2,0,3,0,1,3,4,61
"Philadelphia, PA","Los Angeles, CA",380,22,331,7,239,546,19,2579
"Philadelphia, PA","Louisville, KY",45,6,63,0,38,94,9,481
"Philadelphia, PA","Madison, WI",22,2,30,0,20,40,3,190
"Philadelphia, PA","Manchester, NH",12,0,10,0,14,21,3,135
"Philadelphia, PA","Martha's Vineyard, MA",1,0,0,0,0,0,0,11
"Philadelphia, PA","Memphis, TN",54,10,59,0,54,108,7,573
"Philadelphia, PA","Miami, FL",405,22,393,4,277,670,56,3127
"Philadelphia, PA","Milwaukee, WI",62,5,53,1,39,101,10,519
"Philadelphia, PA","Minneapolis, MN",213,21,198,0,198,363,25,1924
"Philadelphia, PA","Myrtle Beach, SC",71,10,78,0,60,119,7,552
"Philadelphia, PA","Nantucket, MA",4,0,9,0,3,12,3,75
"Philadelphia, PA","Nashville, TN",337,19,269,2,369,549,39,2793
"Philadelphia, PA","New Orleans, LA",135,8,108,1,127,223,14,1056
"Philadelphia, PA","New York, NY",66,9,129,0,74,182,36,1372
"Philadelphia, PA","Newark, NJ",8,0,16,0,6,24,5,267
"Philadelphia, PA","Norfolk, VA",128,9,108,3,104,187,15,741
"Philadelphia, PA","Orlando, FL",748,51,726,6,805,1368,112,5574
"Philadelphia, PA","Panama City, FL",1,0,2,0,1,3,0,15
"Philadelphia, PA","Pensacola, FL",34,1,45,0,18,65,6,305
"Philadelphia, PA","Phoenix, AZ",274,20,222,3,206,424,23,2492
"Philadelphia, PA","Pittsburgh, PA",224,25,165,2,237,382,41,1740
"Philadelphia, PA","Portland, ME",130,10,106,0,122,215,22,971
"Philadelphia, PA","Portland, OR",26,3,18,0,14,35,3,85
"Philadelphia, PA","Providence, RI",87,12,90,1,111,183,15,1012
"Philadelphia, PA","Raleigh/Durham, NC",323,14,229,2,355,565,56,2451
"Philadelphia, PA","Richmond, VA",8,1,14,1,14,24,0,88
"Philadelphia, PA","Roanoke, VA",2,1,2,0,3,4,0,29
"Philadelphia, PA","Rochester, NY",0,0,0,0,0,0,0,1
"Philadelphia, PA","Salt Lake City, UT",92,8,68,0,58,139,17,693
"Philadelphia, PA","San Antonio, TX",16,0,8,0,13,21,4,148
"Philadelphia, PA","San Diego, CA",140,11,127,0,96,219,11,936
"Philadelphia, PA","San Francisco, CA",202,15,256,1,120,358,14,1395
"Philadelphia, PA","San Juan, PR",322,16,379,5,186,510,24,1443
"Philadelphia, PA","Sarasota/Bradenton, FL",50,2,64,0,49,109,25,644
"Philadelphia, PA","Savannah, GA",123,12,109,2,120,208,9,978
"Philadelphia, PA","Seattle, WA",161,5,232,2,139,322,18,1055
"Philadelphia, PA","South Bend, IN",0,0,1,0,0,1,0,2
"Philadelphia, PA","St. Louis, MO",243,8,156,0,227,340,25,1624
"Philadelphia, PA","State College, PA",1,2,2,0,2,3,1,13
"Philadelphia, PA","Syracuse, NY",29,4,31,2,30,54,14,187
"Philadelphia, PA","Tampa, FL",344,15,314,4,354,622,72,2636
"Philadelphia, PA","Traverse City, MI",10,1,14,0,3,15,1,88
"Philadelphia, PA","Trenton, NJ",0,0,1,0,0,1,4,6
"Philadelphia, PA","Valparaiso, FL",5,0,2,0,3,7,0,17
"Philadelphia, PA","Washington, DC",87,17,125,4,84,194,18,1421
"Philadelphia, PA","West Palm Beach/Palm Beach, FL",258,15,244,1,249,455,33,1648
"Philadelphia, PA","Wilmington, NC",22,0,31,0,21,46,6,248
"Phoenix, AZ","Albuquerque, NM",364,9,151,3,337,538,5,3236
"Phoenix, AZ","Anchorage, AK",46,4,68,0,41,92,6,353
"Phoenix, AZ","Appleton, WI",13,4,12,0,12,23,2,198
"Phoenix, AZ","Asheville, NC",6,0,6,0,8,13,3,105
"Phoenix, AZ","Aspen, CO",21,3,24,0,1,35,8,100
"Phoenix, AZ","Atlanta, GA",401,6,256,5,341,586,20,3685
"Phoenix, AZ","Augusta, GA",0,0,0,0,0,0,0,2
"Phoenix, AZ","Austin, TX",407,5,252,2,467,678,16,3474
"Phoenix, AZ","Bakersfield, CA",96,5,42,0,93,162,2,1197
"Phoenix, AZ","Baltimore, MD",159,2,125,0,123,225,3,1163
"Phoenix, AZ","Bellingham, WA",13,0,7,0,5,18,1,138
"Phoenix, AZ","Bend/Redmond, OR",53,11,41,1,34,82,4,743
"Phoenix, AZ","Billings, MT",22,4,31,0,24,43,3,362
"Phoenix, AZ","Birmingham, AL",4,0,4,0,8,9,0,50
"Phoenix, AZ","Bismarck/Mandan, ND",14,3,16,1,12,25,3,283
"Phoenix, AZ","Boise, ID",221,8,131,3,173,318,1,1807
"Phoenix, AZ","Boston, MA",244,8,238,2,240,430,10,2148
"Phoenix, AZ","Bozeman, MT",16,5,15,0,13,24,1,129
"Phoenix, AZ","Buffalo, NY",43,0,23,0,22,47,2,213
"Phoenix, AZ","Burbank, CA",357,10,159,5,345,544,10,3159
"Phoenix, AZ","Cedar Rapids/Iowa City, IA",95,9,65,0,47,144,9,837
"Phoenix, AZ","Charlotte, NC",284,10,232,2,194,419,19,3044
"Phoenix, AZ","Chicago, IL",1085,17,745,13,1080,1711,100,9038
"Phoenix, AZ","Cincinnati, OH",98,2,76,5,94,156,6,651
"Phoenix, AZ","Cleveland, OH",96,1,62,0,109,156,7,872
"Phoenix, AZ","Colorado Springs, CO",142,1,61,0,184,213,4,976
"Phoenix, AZ","Columbus, OH",161,1,96,3,176,250,3,1039
"Phoenix, AZ","Dallas, TX",361,7,245,1,355,582,38,3088
"Phoenix, AZ","Dallas/Fort Worth, TX",523,29,585,9,575,1022,70,5203
"Phoenix, AZ","Denver, CO",926,11,697,4,1069,1690,111,9479
"Phoenix, AZ","Des Moines, IA",138,6,101,3,137,231,8,1070
"Phoenix, AZ","Detroit, MI",207,7,163,5,143,327,23,2304
"Phoenix, AZ","Durango, CO",81,5,63,9,32,129,1,945
"Phoenix, AZ","Eagle, CO",16,1,10,0,1,21,0,77
"Phoenix, AZ","El Paso, TX",270,8,99,2,294,428,6,2656
"Phoenix, AZ","Eugene, OR",81,7,48,0,75,132,11,732
"Phoenix, AZ","Everett, WA",21,3,45,0,50,74,6,505
"Phoenix, AZ","Fargo, ND",29,6,33,0,19,52,3,476
"Phoenix, AZ","Fayetteville, AR",47,0,46,1,34,74,1,532
"Phoenix, AZ","Flagstaff, AZ",92,16,45,0,44,150,3,1376
"Phoenix, AZ","Flint, MI",10,3,16,0,10,18,0,106
"Phoenix, AZ","Fort Lauderdale, FL",65,3,78,0,19,100,9,389
"Phoenix, AZ","Fort Wayne, IN",7,0,2,0,1,8,1,66
"Phoenix, AZ","Fresno, CA",172,12,97,1,140,274,2,1493
"Phoenix, AZ","Grand Forks, ND",2,0,2,1,1,3,0,61
"Phoenix, AZ","Grand Island, NE",8,0,7,0,8,11,2,115
"Phoenix, AZ","Grand Junction, CO",80,4,63,1,55,133,3,1109
"Phoenix, AZ","Grand Rapids, MI",35,2,19,1,42,58,2,344
"Phoenix, AZ","Great Falls, MT",7,0,7,0,1,9,0,65
"Phoenix, AZ","Honolulu, HI",161,1,100,4,51,205,1,1319
"Phoenix, AZ","Houston, TX",480,19,358,5,448,808,48,4722
"Phoenix, AZ","Idaho Falls, ID",28,2,20,1,15,46,2,430
"Phoenix, AZ","Indianapolis, IN",223,2,147,3,239,331,2,1500
"Phoenix, AZ","Jacksonville, FL",53,0,31,1,66,87,4,361
"Phoenix, AZ","Kahului, HI",67,1,72,0,46,117,0,829
"Phoenix, AZ","Kalispell, MT",3,0,1,0,1,4,1,73
"Phoenix, AZ","Kansas City, MO",338,4,185,1,316,492,18,2644
"Phoenix, AZ","Knoxville, TN",9,2,15,0,19,24,0,112
"Phoenix, AZ","Kona, HI",40,0,49,0,32,78,0,385
"Phoenix, AZ","Las Vegas, NV",746,17,739,9,1029,1575,44,7071
"Phoenix, AZ","Lihue, HI",23,0,29,0,28,49,0,385
"Phoenix, AZ","Little Rock, AR",2,0,1,0,0,2,0,6
"Phoenix, AZ","Long Beach, CA",161,0,54,1,194,232,6,1437
"Phoenix, AZ","Los Angeles, CA",811,87,495,5,688,1230,23,7145
"Phoenix, AZ","Louisville, KY",55,0,49,2,54,88,0,379
"Phoenix, AZ","Lubbock, TX",36,3,24,0,18,57,1,366
"Phoenix, AZ","Madison, WI",69,2,64,3,92,129,0,402
"Phoenix, AZ","Medford, OR",71,4,34,1,24,106,4,715
"Phoenix, AZ","Memphis, TN",56,2,48,1,62,104,0,419
"Phoenix, AZ","Miami, FL",213,3,144,1,108,299,19,1761
"Phoenix, AZ","Midland/Odessa, TX",37,1,22,0,11,52,3,366
"Phoenix, AZ","Milwaukee, WI",196,3,136,2,182,285,4,1458
"Phoenix, AZ","Minneapolis, MN",283,9,259,1,345,563,20,3457
"Phoenix, AZ","Minot, ND",13,4,14,0,9,22,1,158
"Phoenix, AZ","Mission/McAllen/Edinburg, TX",0,0,0,0,0,0,0,1
"Phoenix, AZ","Missoula, MT",13,4,21,0,15,30,2,176
"Phoenix, AZ","Moline, IL",7,2,7,0,2,12,0,92
"Phoenix, AZ","Monterey, CA",137,5,96,0,75,210,3,1391
"Phoenix, AZ","Nashville, TN",315,2,176,7,302,438,12,2280
"Phoenix, AZ","New Orleans, LA",118,1,68,0,140,188,1,759
"Phoenix, AZ","New York, NY",353,13,307,6,261,561,31,2666
"Phoenix, AZ","Newark, NJ",332,9,465,6,255,652,40,2708
"Phoenix, AZ","Oakland, CA",298,2,125,2,308,407,3,2036
"Phoenix, AZ","Oklahoma City, OK",219,4,100,1,158,303,2,1780
"Phoenix, AZ","Omaha, NE",213,2,149,1,198,319,10,1872
"Phoenix, AZ","Ontario, CA",377,8,135,1,456,619,8,3303
"Phoenix, AZ","Orlando, FL",193,4,168,4,191,339,17,1624
"Phoenix, AZ","Palm Springs, CA",128,10,82,5,111,228,3,1598
"Phoenix, AZ","Pasco/Kennewick/Richland, WA",37,4,22,1,17,67,0,597
"Phoenix, AZ","Peoria, IL",11,2,9,0,6,19,0,178
"Phoenix, AZ","Philadelphia, PA",246,6,219,3,175,366,23,2494
"Phoenix, AZ","Pittsburgh, PA",137,1,74,1,122,171,1,730
"Phoenix, AZ","Portland, OR",426,11,319,3,443,688,34,3945
"Phoenix, AZ","Provo, UT",94,22,92,1,137,189,7,821
"Phoenix, AZ","Raleigh/Durham, NC",80,0,62,2,76,129,1,499
"Phoenix, AZ","Rapid City, SD",12,6,11,0,9,21,1,195
"Phoenix, AZ","Reno, NV",261,9,156,2,284,434,6,2399
"Phoenix, AZ","Rockford, IL",6,0,3,1,2,7,1,153
"Phoenix, AZ","Sacramento, CA",501,11,210,3,486,693,1,3653
"Phoenix, AZ","Salt Lake City, UT",502,13,261,6,536,835,17,5870
"Phoenix, AZ","San Antonio, TX",333,6,165,2,368,518,10,2677
"Phoenix, AZ","San Diego, CA",646,18,652,11,777,1297,34,5695
"Phoenix, AZ","San Francisco, CA",582,22,1076,2,674,1531,42,4778
"Phoenix, AZ","San Jose, CA",382,4,148,4,390,555,5,3340
"Phoenix, AZ","San Luis Obispo, CA",104,4,52,3,85,170,3,1160
"Phoenix, AZ","Santa Ana, CA",430,9,208,2,474,709,21,4350
"Phoenix, AZ","Santa Barbara, CA",143,14,104,5,150,259,8,1373
"Phoenix, AZ","Santa Fe, NM",48,1,29,0,22,63,1,418
"Phoenix, AZ","Santa Rosa, CA",40,0,26,2,21,61,0,455
"Phoenix, AZ","Seattle, WA",653,15,697,9,732,1284,57,7161
"Phoenix, AZ","Sioux Falls, SD",71,0,52,0,14,100,1,682
"Phoenix, AZ","South Bend, IN",4,0,5,1,0,6,1,108
"Phoenix, AZ","Spokane, WA",178,6,95,1,165,279,1,1315
"Phoenix, AZ","Springfield, MO",11,0,8,0,2,13,0,163
"Phoenix, AZ","St. Cloud, MN",1,0,2,0,0,2,2,107
"Phoenix, AZ","St. George, UT",60,3,26,0,20,82,0,611
"Phoenix, AZ","St. Louis, MO",319,2,180,2,306,467,9,2424
"Phoenix, AZ","Stockton, CA",11,0,15,0,34,35,0,116
"Phoenix, AZ","Tampa, FL",170,1,135,0,170,280,14,1001
"Phoenix, AZ","Toledo, OH",1,1,4,1,1,5,0,21
"Phoenix, AZ","Traverse City, MI",1,2,1,0,1,3,0,15
"Phoenix, AZ","Tucson, AZ",232,15,120,1,183,398,12,3340
"Phoenix, AZ","Tulsa, OK",128,4,67,1,95,185,1,1087
"Phoenix, AZ","Washington, DC",173,2,134,0,119,258,22,2179
"Phoenix, AZ","Wichita, KS",77,4,50,2,41,118,1,589
"Phoenix, AZ","Yuma, AZ",102,2,55,1,69,150,2,1357
"Pittsburgh, PA","Atlanta, GA",134,15,184,1,159,321,21,2851
"Pittsburgh, PA","Austin, TX",53,2,77,1,64,98,2,374
"Pittsburgh, PA","Baltimore, MD",55,9,60,1,76,120,9,1088
"Pittsburgh, PA","Boston, MA",137,20,255,0,170,396,39,2207
"Pittsburgh, PA","Charleston, SC",3,1,7,0,9,13,1,48
"Pittsburgh, PA","Charlotte, NC",177,25,199,1,245,352,15,1934
"Pittsburgh, PA","Chicago, IL",270,38,357,1,333,597,53,4100
"Pittsburgh, PA","Cleveland, OH",0,0,0,0,0,0,0,1
"Pittsburgh, PA","Dallas, TX",29,3,42,0,35,63,0,360
"Pittsburgh, PA","Dallas/Fort Worth, TX",167,27,184,0,218,336,25,1538
"Pittsburgh, PA","Denver, CO",161,16,147,0,144,271,11,1819
"Pittsburgh, PA","Detroit, MI",86,25,66,0,54,160,12,1363
"Pittsburgh, PA","Fort Lauderdale, FL",126,11,190,4,146,269,20,1165
"Pittsburgh, PA","Fort Myers, FL",71,4,67,0,67,121,7,565
"Pittsburgh, PA","Houston, TX",95,14,144,0,123,219,22,979
"Pittsburgh, PA","Jacksonville, FL",13,1,14,0,0,21,1,106
"Pittsburgh, PA","Key West, FL",5,0,12,0,5,16,5,91
"Pittsburgh, PA","Las Vegas, NV",108,18,135,3,102,194,6,952
"Pittsburgh, PA","Los Angeles, CA",30,5,46,2,22,56,8,259
"Pittsburgh, PA","Melbourne, FL",6,1,10,0,5,13,3,104
"Pittsburgh, PA","Miami, FL",70,5,104,0,53,139,5,685
"Pittsburgh, PA","Minneapolis, MN",75,15,58,1,73,148,6,1219
"Pittsburgh, PA","Myrtle Beach, SC",41,2,62,1,35,76,8,346
"Pittsburgh, PA","Nashville, TN",73,8,56,1,116,144,2,949
"Pittsburgh, PA","New York, NY",196,42,482,0,242,652,105,5014
"Pittsburgh, PA","Newark, NJ",89,18,256,0,88,347,73,2474
"Pittsburgh, PA","Orlando, FL",229,18,290,1,265,459,37,2344
"Pittsburgh, PA","Philadelphia, PA",153,12,278,2,232,403,38,1740
"Pittsburgh, PA","Phoenix, AZ",122,8,95,0,99,171,1,754
"Pittsburgh, PA","Punta Gorda, FL",14,4,27,2,14,39,1,158
"Pittsburgh, PA","Raleigh/Durham, NC",26,6,52,0,41,80,9,745
"Pittsburgh, PA","Salt Lake City, UT",14,1,13,0,9,20,0,39
"Pittsburgh, PA","San Diego, CA",3,0,1,0,3,3,0,9
"Pittsburgh, PA","San Francisco, CA",48,3,103,0,30,137,6,587
"Pittsburgh, PA","Sanford, FL",18,3,15,1,13,30,1,133
"Pittsburgh, PA","Sarasota/Bradenton, FL",31,1,19,0,31,49,18,253
"Pittsburgh, PA","Savannah, GA",13,1,8,0,13,22,2,104
"Pittsburgh, PA","Seattle, WA",18,8,41,3,29,68,12,471
"Pittsburgh, PA","St. Louis, MO",24,0,18,1,39,48,1,374
"Pittsburgh, PA","St. Petersburg, FL",14,4,19,2,12,31,5,154
"Pittsburgh, PA","Tampa, FL",105,6,108,2,133,192,14,982
"Pittsburgh, PA","Valparaiso, FL",6,2,8,1,4,12,1,49
"Pittsburgh, PA","Washington, DC",128,12,190,0,178,325,17,2229
"Pittsburgh, PA","West Palm Beach/Palm Beach, FL",14,4,21,0,6,29,2,115
"Plattsburgh, NY","Fort Lauderdale, FL",21,4,36,0,33,57,5,136
"Plattsburgh, NY","Punta Gorda, FL",3,1,7,0,3,10,4,50
"Plattsburgh, NY","Sanford, FL",14,7,31,0,26,46,3,149
"Plattsburgh, NY","Sarasota/Bradenton, FL",2,0,6,0,4,9,5,60
"Plattsburgh, NY","St. Petersburg, FL",6,4,15,0,13,22,3,106
"Pocatello, ID","Salt Lake City, UT",31,12,8,0,0,42,0,700
"Ponce, PR","New York, NY",13,0,16,0,28,40,9,265
"Ponce, PR","Orlando, FL",50,1,56,0,125,140,12,680
"Portland, ME","Atlanta, GA",49,9,35,0,24,70,7,508
"Portland, ME","Baltimore, MD",164,6,98,0,181,234,13,1271
"Portland, ME","Charlotte, NC",68,11,99,0,86,160,15,749
"Portland, ME","Chicago, IL",102,18,156,0,90,229,16,1228
"Portland, ME","Cincinnati, OH",2,0,2,0,5,7,4,36
"Portland, ME","Dallas/Fort Worth, TX",7,0,4,0,11,12,1,54
"Portland, ME","Denver, CO",21,3,27,0,12,37,0,157
"Portland, ME","Detroit, MI",82,28,48,0,21,113,8,695
"Portland, ME","Minneapolis, MN",11,3,21,0,10,27,0,143
"Portland, ME","Nashville, TN",11,1,5,0,14,16,0,107
"Portland, ME","New York, NY",206,56,247,0,228,439,80,2496
"Portland, ME","Newark, NJ",36,4,116,0,28,152,37,988
"Portland, ME","Orlando, FL",10,1,23,0,38,51,13,269
"Portland, ME","Philadelphia, PA",77,7,109,0,126,192,20,970
"Portland, ME","Raleigh/Durham, NC",2,0,2,0,8,10,2,73
"Portland, ME","Tampa, FL",0,0,0,0,0,0,0,6
"Portland, ME","Washington, DC",102,15,131,1,202,296,36,1924
"Portland, OR","Albuquerque, NM",0,0,0,0,4,4,0,8
"Portland, OR","Anchorage, AK",36,1,61,0,27,78,7,359
"Portland, OR","Appleton, WI",3,0,3,0,3,5,0,46
"Portland, OR","Atlanta, GA",92,5,86,2,76,163,10,1355
"Portland, OR","Austin, TX",22,1,91,0,30,110,7,363
"Portland, OR","Baltimore, MD",15,0,14,0,7,21,5,134
"Portland, OR","Boise, ID",61,14,102,1,85,169,2,1039
"Portland, OR","Boston, MA",94,2,100,0,74,154,7,671
"Portland, OR","Bozeman, MT",11,2,15,0,17,30,0,154
"Portland, OR","Burbank, CA",90,5,119,0,101,203,16,1113
"Portland, OR","Charlotte, NC",42,2,24,0,28,59,4,360
"Portland, OR","Chicago, IL",209,3,216,0,198,400,38,2862
"Portland, OR","Columbus, OH",0,0,0,0,0,0,0,2
"Portland, OR","Dallas, TX",17,0,15,0,11,24,0,146
"Portland, OR","Dallas/Fort Worth, TX",309,35,329,4,284,593,52,2524
"Portland, OR","Denver, CO",354,15,306,1,421,649,49,4468
"Portland, OR","Des Moines, IA",3,0,2,0,3,5,0,46
"Portland, OR","Detroit, MI",17,0,18,0,34,38,3,306
"Portland, OR","Fort Lauderdale, FL",5,1,20,0,3,22,12,102
"Portland, OR","Fresno, CA",29,6,47,1,41,83,1,530
"Portland, OR","Grand Rapids, MI",1,0,2,0,0,2,0,24
"Portland, OR","Honolulu, HI",118,10,57,4,3,147,12,734
"Portland, OR","Houston, TX",55,8,55,1,54,113,19,891
"Portland, OR","Idaho Falls, ID",3,1,2,0,9,9,0,41
"Portland, OR","Indianapolis, IN",0,0,0,0,0,0,0,2
"Portland, OR","Kahului, HI",46,8,24,1,0,62,14,662
"Portland, OR","Kansas City, MO",2,1,5,0,4,6,0,34
"Portland, OR","Kona, HI",24,4,31,0,1,43,7,315
"Portland, OR","Las Vegas, NV",302,12,412,0,373,688,56,3747
"Portland, OR","Lihue, HI",6,5,17,0,0,18,0,75
"Portland, OR","Long Beach, CA",2,0,0,0,2,3,0,37
"Portland, OR","Los Angeles, CA",231,13,220,2,215,477,48,4353
"Portland, OR","Miami, FL",72,6,54,1,71,109,13,414
"Portland, OR","Minneapolis, MN",48,3,63,1,54,114,11,1260
"Portland, OR","Missoula, MT",1,0,2,0,1,2,0,17
"Portland, OR","Nashville, TN",12,0,19,0,6,29,0,292
"Portland, OR","New York, NY",51,9,97,0,34,139,20,951
"Portland, OR","Newark, NJ",59,3,74,0,50,132,14,837
"Portland, OR","Oakland, CA",132,4,79,1,217,260,9,1779
"Portland, OR","Ontario, CA",50,0,49,0,62,100,17,735
"Portland, OR","Orlando, FL",37,3,63,0,19,85,10,514
"Portland, OR","Palm Springs, CA",33,0,44,0,25,56,15,502
"Portland, OR","Philadelphia, PA",7,0,9,0,21,23,4,85
"Portland, OR","Phoenix, AZ",358,20,300,2,420,670,29,3963
"Portland, OR","Provo, UT",5,1,5,0,13,14,0,108
"Portland, OR","Reno, NV",25,4,27,1,18,49,0,312
"Portland, OR","Sacramento, CA",149,2,86,3,200,246,11,1647
"Portland, OR","Salt Lake City, UT",99,13,90,0,168,262,17,2428
"Portland, OR","San Diego, CA",106,6,229,1,124,332,44,1746
"Portland, OR","San Francisco, CA",228,20,948,2,333,1126,60,3585
"Portland, OR","San Jose, CA",174,4,119,2,274,355,13,2489
"Portland, OR","San Luis Obispo, CA",9,3,16,0,10,24,0,187
"Portland, OR","Santa Ana, CA",55,3,91,0,63,140,19,1349
"Portland, OR","Santa Barbara, CA",5,2,8,0,8,16,1,101
"Portland, OR","Santa Rosa, CA",13,1,26,0,26,44,4,272
"Portland, OR","Seattle, WA",381,110,339,1,151,678,65,5280
"Portland, OR","Spokane, WA",30,5,28,0,21,55,6,350
"Portland, OR","St. Louis, MO",2,0,3,0,1,5,0,59
"Portland, OR","Tampa, FL",1,0,3,0,1,5,0,16
"Portland, OR","Tucson, AZ",7,2,18,1,20,32,0,152
"Portland, OR","Washington, DC",40,1,73,0,10,99,4,651
"Portsmouth, NH","Punta Gorda, FL",16,1,27,0,23,42,3,197
"Portsmouth, NH","Sanford, FL",12,4,11,0,14,23,3,125
"Portsmouth, NH","Sarasota/Bradenton, FL",0,0,1,0,1,2,1,12
"Portsmouth, NH","St. Petersburg, FL",5,1,4,0,6,9,1,39
"Prescott, AZ","Denver, CO",56,6,28,0,10,73,2,366
"Prescott, AZ","Los Angeles, CA",34,10,35,0,41,85,2,365
"Presque Isle/Houlton, ME","Boston, MA",9,0,11,2,1,13,1,117
"Providence, RI","Atlanta, GA",86,16,70,0,85,155,7,1004
"Providence, RI","Baltimore, MD",120,6,72,0,159,195,16,1858
"Providence, RI","Charlotte, NC",156,15,156,2,220,323,16,1584
"Providence, RI","Chicago, IL",155,17,207,0,165,320,12,1867
"Providence, RI","Cincinnati, OH",1,0,3,0,2,4,0,18
"Providence, RI","Dallas, TX",0,0,1,0,0,1,0,17
"Providence, RI","Denver, CO",17,0,14,0,27,29,1,100
"Providence, RI","Detroit, MI",57,16,43,0,40,101,11,802
"Providence, RI","Fort Lauderdale, FL",63,2,76,0,42,101,4,498
"Providence, RI","Fort Myers, FL",11,1,17,0,13,25,2,116
"Providence, RI","Minneapolis, MN",10,0,14,0,8,20,1,88
"Providence, RI","Nashville, TN",3,1,5,0,4,10,0,76
"Providence, RI","New York, NY",22,2,31,0,21,50,12,410
"Providence, RI","Newark, NJ",5,1,26,0,6,31,1,131
"Providence, RI","Orlando, FL",134,10,203,0,219,312,25,1595
"Providence, RI","Philadelphia, PA",69,7,104,0,81,149,15,1012
"Providence, RI","Punta Gorda, FL",23,1,22,0,25,45,1,143
"Providence, RI","San Juan, PR",9,0,10,1,1,13,0,64
"Providence, RI","Tampa, FL",42,0,48,0,59,81,8,474
"Providence, RI","Washington, DC",169,8,238,2,276,416,36,2580
"Providence, RI","West Palm Beach/Palm Beach, FL",56,4,57,0,54,94,4,413
"Provo, UT","Austin, TX",14,1,14,0,21,28,1,109
"Provo, UT","Chicago, IL",10,0,11,0,4,16,1,78
"Provo, UT","Dallas/Fort Worth, TX",50,2,22,0,4,57,4,223
"Provo, UT","Houston, TX",9,1,6,0,1,11,0,110
"Provo, UT","Las Vegas, NV",9,2,18,1,17,33,0,91
"Provo, UT","Los Angeles, CA",1,0,1,0,0,1,0,2
"Provo, UT","Nashville, TN",8,1,9,0,2,12,0,101
"Provo, UT","Phoenix, AZ",106,11,63,0,39,143,5,822
"Provo, UT","Portland, OR",10,1,5,0,6,13,0,108
"Provo, UT","San Diego, CA",9,0,16,0,0,18,0,104
"Provo, UT","Sanford, FL",6,0,5,0,0,8,1,68
"Provo, UT","Santa Ana, CA",21,4,23,0,8,41,1,369
"Provo, UT","St. Petersburg, FL",2,0,1,0,2,2,0,2
"Punta Gorda, FL","Akron, OH",6,3,8,0,7,16,2,116
"Punta Gorda, FL","Albany, NY",10,5,18,0,8,20,2,138
"Punta Gorda, FL","Allentown/Bethlehem/Easton, PA",27,6,20,0,24,41,3,197
"Punta Gorda, FL","Appleton, WI",17,6,15,1,19,29,4,162
"Punta Gorda, FL","Asheville, NC",30,14,40,0,48,69,8,230
"Punta Gorda, FL","Ashland, WV",6,3,7,0,9,10,0,22
"Punta Gorda, FL","Baltimore, MD",4,0,1,0,4,6,0,18
"Punta Gorda, FL","Bangor, ME",2,0,0,0,1,2,1,90
"Punta Gorda, FL","Belleville, IL",23,6,19,1,16,36,1,164
"Punta Gorda, FL","Cedar Rapids/Iowa City, IA",12,4,14,1,7,23,4,152
"Punta Gorda, FL","Chicago, IL",10,2,12,0,2,16,1,92
"Punta Gorda, FL","Cincinnati, OH",29,8,33,0,45,65,5,317
"Punta Gorda, FL","Columbus, OH",20,9,22,0,13,34,3,161
"Punta Gorda, FL","Concord, NC",13,5,18,0,14,24,1,118
"Punta Gorda, FL","Dayton, OH",14,2,11,1,7,20,3,92
"Punta Gorda, FL","Des Moines, IA",24,2,21,0,32,43,2,154
"Punta Gorda, FL","Elmira/Corning, NY",2,0,4,0,2,4,2,42
"Punta Gorda, FL","Flint, MI",43,9,27,0,46,71,3,276
"Punta Gorda, FL","Fort Wayne, IN",21,3,15,1,8,31,2,209
"Punta Gorda, FL","Grand Rapids, MI",31,9,35,0,49,66,6,300
"Punta Gorda, FL","Harrisburg, PA",11,2,6,0,5,17,2,126
"Punta Gorda, FL","Indianapolis, IN",43,5,32,0,48,61,4,213
"Punta Gorda, FL","Kansas City, MO",4,2,8,0,3,12,3,94
"Punta Gorda, FL","Knoxville, TN",33,9,32,1,47,65,7,194
"Punta Gorda, FL","Lexington, KY",22,5,26,0,19,39,4,157
"Punta Gorda, FL","Louisville, KY",11,5,15,0,9,19,2,111
"Punta Gorda, FL","Minneapolis, MN",2,2,2,0,0,5,0,43
"Punta Gorda, FL","Moline, IL",7,5,8,0,3,14,2,91
"Punta Gorda, FL","Nashville, TN",12,3,13,0,21,30,4,144
"Punta Gorda, FL","Newburgh/Poughkeepsie, NY",10,5,13,0,5,22,1,88
"Punta Gorda, FL","Niagara Falls, NY",14,5,12,0,7,29,2,188
"Punta Gorda, FL","Omaha, NE",4,1,5,0,1,8,2,54
"Punta Gorda, FL","Peoria, IL",10,1,11,0,5,16,5,180
"Punta Gorda, FL","Pittsburgh, PA",23,10,24,0,36,50,1,158
"Punta Gorda, FL","Plattsburgh, NY",1,1,3,0,0,3,3,49
"Punta Gorda, FL","Portsmouth, NH",14,3,14,1,2,21,3,197
"Punta Gorda, FL","Providence, RI",21,6,16,0,11,33,1,143
"Punta Gorda, FL","Richmond, VA",4,0,5,0,4,8,0,38
"Punta Gorda, FL","Rochester, NY",4,1,5,0,1,8,1,52
"Punta Gorda, FL","Rockford, IL",14,3,14,0,8,23,2,166
"Punta Gorda, FL","Savannah, GA",3,0,1,0,5,6,0,17
"Punta Gorda, FL","Sioux Falls, SD",3,0,10,0,4,11,1,46
"Punta Gorda, FL","South Bend, IN",22,6,16,0,10,34,2,177
"Punta Gorda, FL","Springfield, IL",17,1,15,0,11,22,2,107
"Punta Gorda, FL","Springfield, MO",11,0,8,0,6,14,4,91
"Punta Gorda, FL","St. Cloud, MN",3,0,4,0,2,6,0,42
"Punta Gorda, FL","Syracuse, NY",8,0,6,0,3,11,1,59
"Punta Gorda, FL","Toledo, OH",6,2,10,1,5,16,1,126
"Punta Gorda, FL","Traverse City, MI",6,1,4,1,2,9,2,70
"Punta Gorda, FL","Washington, DC",10,6,11,0,9,21,0,66
"Raleigh/Durham, NC","Atlanta, GA",351,23,351,1,484,729,38,4756
"Raleigh/Durham, NC","Austin, TX",220,49,194,1,67,326,6,1383
"Raleigh/Durham, NC","Baltimore, MD",160,5,107,1,240,294,11,1872
"Raleigh/Durham, NC","Boston, MA",266,17,271,0,297,539,30,3013
"Raleigh/Durham, NC","Buffalo, NY",13,1,12,0,20,27,5,102
"Raleigh/Durham, NC","Charlotte, NC",434,68,479,4,619,917,55,3704
"Raleigh/Durham, NC","Chicago, IL",384,51,432,2,417,768,50,4306
"Raleigh/Durham, NC","Cincinnati, OH",45,2,33,0,14,66,3,673
"Raleigh/Durham, NC","Cleveland, OH",15,1,15,0,30,35,7,212
"Raleigh/Durham, NC","Dallas, TX",82,1,61,1,91,117,4,409
"Raleigh/Durham, NC","Dallas/Fort Worth, TX",358,33,243,0,300,513,35,2179
"Raleigh/Durham, NC","Denver, CO",202,13,146,0,210,334,21,1898
"Raleigh/Durham, NC","Detroit, MI",115,9,70,0,142,221,18,1514
"Raleigh/Durham, NC","Fort Lauderdale, FL",144,6,214,0,170,302,15,1421
"Raleigh/Durham, NC","Hartford, CT",8,2,13,0,12,22,1,87
"Raleigh/Durham, NC","Houston, TX",159,7,171,0,143,260,12,1197
"Raleigh/Durham, NC","Indianapolis, IN",5,0,8,0,11,14,4,73
"Raleigh/Durham, NC","Kansas City, MO",7,1,2,0,8,9,0,35
"Raleigh/Durham, NC","Las Vegas, NV",35,1,34,0,23,53,5,436
"Raleigh/Durham, NC","Los Angeles, CA",86,6,61,2,67,126,4,687
"Raleigh/Durham, NC","Louisville, KY",0,0,0,0,0,0,0,2
"Raleigh/Durham, NC","Miami, FL",314,37,256,3,285,524,47,2400
"Raleigh/Durham, NC","Milwaukee, WI",4,0,4,0,7,9,1,38
"Raleigh/Durham, NC","Minneapolis, MN",84,7,52,0,85,145,10,1217
"Raleigh/Durham, NC","Nashville, TN",150,16,129,0,212,306,16,2330
"Raleigh/Durham, NC","New Orleans, LA",5,0,5,0,17,17,4,78
"Raleigh/Durham, NC","New York, NY",744,80,1100,1,867,1693,217,8077
"Raleigh/Durham, NC","Newark, NJ",191,27,448,0,211,600,74,2644
"Raleigh/Durham, NC","Orlando, FL",296,8,317,0,392,604,50,2684
"Raleigh/Durham, NC","Philadelphia, PA",254,28,277,1,387,573,54,2448
"Raleigh/Durham, NC","Phoenix, AZ",66,3,57,3,26,99,1,498
"Raleigh/Durham, NC","Pittsburgh, PA",30,5,26,1,58,82,9,744
"Raleigh/Durham, NC","Portland, ME",6,0,8,0,7,14,4,73
"Raleigh/Durham, NC","Salt Lake City, UT",46,5,32,0,40,76,5,423
"Raleigh/Durham, NC","San Francisco, CA",53,6,87,0,31,116,4,660
"Raleigh/Durham, NC","San Juan, PR",124,2,105,0,141,179,8,575
"Raleigh/Durham, NC","Seattle, WA",77,10,119,3,67,174,8,891
"Raleigh/Durham, NC","St. Louis, MO",63,2,34,0,77,99,0,631
"Raleigh/Durham, NC","Syracuse, NY",6,0,10,0,11,14,3,47
"Raleigh/Durham, NC","Tallahassee, FL",0,0,0,0,0,0,0,2
"Raleigh/Durham, NC","Tampa, FL",120,8,122,0,154,239,27,1261
"Raleigh/Durham, NC","Trenton, NJ",1,1,3,0,2,4,0,60
"Raleigh/Durham, NC","Washington, DC",251,23,576,3,337,781,58,3576
"Rapid City, SD","Charlotte, NC",36,1,48,1,42,54,2,123
"Rapid City, SD","Chicago, IL",51,11,46,0,44,88,3,387
"Rapid City, SD","Dallas/Fort Worth, TX",89,47,98,2,121,193,8,1107
"Rapid City, SD","Denver, CO",163,45,168,0,84,346,35,2103
"Rapid City, SD","Las Vegas, NV",14,2,23,0,15,32,1,126
"Rapid City, SD","Los Angeles, CA",7,1,7,0,6,11,0,59
"Rapid City, SD","Minneapolis, MN",110,36,74,0,27,175,9,1057
"Rapid City, SD","Phoenix, AZ",21,1,24,0,22,40,3,196
"Rapid City, SD","San Francisco, CA",0,0,1,0,0,0,0,7
"Rapid City, SD","Sanford, FL",2,1,4,0,5,8,1,67
"Rapid City, SD","Williston, ND",0,0,0,0,0,0,0,1
"Redding, CA","Los Angeles, CA",26,2,9,0,13,40,1,367
"Redding, CA","San Francisco, CA",48,9,53,0,26,115,5,861
"Redding, CA","Seattle, WA",13,2,42,1,50,62,1,259
"Reno, NV","Atlanta, GA",34,0,9,1,29,46,4,167
"Reno, NV","Austin, TX",21,1,22,0,30,36,1,97
"Reno, NV","Burbank, CA",34,0,12,0,46,59,2,432
"Reno, NV","Chicago, IL",47,1,48,0,40,94,7,501
"Reno, NV","Dallas, TX",9,1,6,0,9,13,0,68
"Reno, NV","Dallas/Fort Worth, TX",114,29,144,2,173,272,22,1328
"Reno, NV","Denver, CO",192,17,150,1,174,319,24,2420
"Reno, NV","Houston, TX",9,0,8,0,3,11,1,51
"Reno, NV","Las Vegas, NV",257,20,510,5,467,790,41,4246
"Reno, NV","Long Beach, CA",68,8,39,3,108,133,1,725
"Reno, NV","Los Angeles, CA",222,44,150,3,113,369,10,2802
"Reno, NV","Minneapolis, MN",14,0,8,0,0,16,4,124
"Reno, NV","New York, NY",29,0,22,0,31,43,5,122
"Reno, NV","Oakland, CA",20,2,17,0,48,62,1,569
"Reno, NV","Phoenix, AZ",174,10,131,0,231,333,10,2400
"Reno, NV","Portland, OR",14,3,22,1,23,41,4,312
"Reno, NV","Salt Lake City, UT",96,20,52,0,28,138,5,1097
"Reno, NV","San Diego, CA",90,7,115,0,122,189,9,856
"Reno, NV","San Francisco, CA",131,22,314,0,80,426,16,1431
"Reno, NV","San Jose, CA",14,1,12,1,63,61,3,330
"Reno, NV","Seattle, WA",40,8,122,0,114,181,7,835
"Rhinelander, WI","Minneapolis, MN",102,47,65,0,0,152,7,827
"Richmond, VA","Atlanta, GA",265,10,216,2,202,419,18,3089
"Richmond, VA","Baltimore, MD",61,4,39,1,50,83,0,420
"Richmond, VA","Boston, MA",133,10,176,2,122,283,21,1722
"Richmond, VA","Charlotte, NC",210,32,295,5,433,607,39,2766
"Richmond, VA","Chicago, IL",83,5,71,1,80,152,7,1070
"Richmond, VA","Dallas/Fort Worth, TX",151,14,131,0,146,248,21,997
"Richmond, VA","Denver, CO",78,5,60,0,40,104,2,665
"Richmond, VA","Detroit, MI",100,23,46,0,24,146,7,994
"Richmond, VA","Fort Lauderdale, FL",118,2,152,1,72,193,8,922
"Richmond, VA","Fort Myers, FL",3,0,3,0,4,6,2,30
"Richmond, VA","Houston, TX",19,5,23,0,11,33,4,216
"Richmond, VA","Las Vegas, NV",28,2,28,2,6,39,1,138
"Richmond, VA","Miami, FL",45,0,32,1,14,64,5,435
"Richmond, VA","Minneapolis, MN",42,8,28,0,17,67,4,359
"Richmond, VA","Nashville, TN",26,5,14,0,28,46,0,318
"Richmond, VA","New York, NY",169,18,396,1,243,529,77,2836
"Richmond, VA","Newark, NJ",2,2,15,0,5,18,9,88
"Richmond, VA","Orlando, FL",162,2,147,3,169,253,19,898
"Richmond, VA","Philadelphia, PA",6,1,10,1,14,20,0,88
"Richmond, VA","Punta Gorda, FL",4,0,4,0,3,7,0,38
"Richmond, VA","Sanford, FL",15,0,7,0,20,25,3,68
"Richmond, VA","St. Petersburg, FL",18,2,11,0,21,28,2,96
"Richmond, VA","Tampa, FL",4,0,5,0,2,7,0,26
"Riverton/Lander, WY","Denver, CO",40,6,41,0,30,81,11,622
"Roanoke, VA","Atlanta, GA",116,11,59,0,75,164,13,1096
"Roanoke, VA","Charlotte, NC",34,0,42,0,50,62,3,220
"Roanoke, VA","Chicago, IL",89,9,71,0,46,151,16,719
"Roanoke, VA","New York, NY",40,11,73,0,49,107,26,640
"Roanoke, VA","Philadelphia, PA",0,1,5,0,3,6,0,29
"Roanoke, VA","Sanford, FL",31,3,18,0,38,47,4,113
"Roanoke, VA","St. Petersburg, FL",24,7,13,0,32,41,5,127
"Rochester, MN","Chicago, IL",40,8,47,0,35,72,2,405
"Rochester, MN","Minneapolis, MN",91,38,73,1,37,168,11,1011
"Rochester, NY","Atlanta, GA",72,8,76,0,94,153,10,1011
"Rochester, NY","Baltimore, MD",131,2,67,0,135,160,4,1110
"Rochester, NY","Charlotte, NC",106,22,135,1,157,232,15,1076
"Rochester, NY","Chicago, IL",168,17,234,2,146,336,22,1968
"Rochester, NY","Detroit, MI",88,28,99,0,91,195,9,1308
"Rochester, NY","Fort Lauderdale, FL",22,1,19,2,0,28,0,126
"Rochester, NY","Las Vegas, NV",10,0,4,0,7,12,0,49
"Rochester, NY","Miami, FL",1,0,4,0,1,5,0,21
"Rochester, NY","Myrtle Beach, SC",3,0,6,1,1,10,1,48
"Rochester, NY","New York, NY",272,17,284,1,270,485,105,2703
"Rochester, NY","Newark, NJ",25,1,20,0,6,36,14,535
"Rochester, NY","Orlando, FL",85,8,99,2,89,148,8,628
"Rochester, NY","Philadelphia, PA",0,0,0,0,0,0,0,2
"Rochester, NY","Punta Gorda, FL",5,0,8,0,6,12,1,52
"Rochester, NY","Sanford, FL",2,0,2,0,1,4,0,20
"Rochester, NY","Tampa, FL",21,1,21,0,24,30,0,80
"Rochester, NY","Washington, DC",84,17,119,0,103,188,17,1199
"Rock Springs, WY","Denver, CO",41,6,43,0,18,69,7,623
"Rockford, IL","Las Vegas, NV",11,2,15,3,16,27,2,105
"Rockford, IL","Los Angeles, CA",3,1,2,0,3,5,0,36
"Rockford, IL","Nashville, TN",0,1,0,0,1,2,0,50
"Rockford, IL","Phoenix, AZ",17,1,11,1,12,20,2,153
"Rockford, IL","Punta Gorda, FL",18,7,30,0,23,47,2,166
"Rockford, IL","Sanford, FL",10,3,13,0,20,27,1,123
"Rockford, IL","Sarasota/Bradenton, FL",3,1,5,0,8,11,3,70
"Rockford, IL","St. Petersburg, FL",17,5,26,1,29,43,4,138
"Roswell, NM","Dallas/Fort Worth, TX",135,45,91,0,35,215,26,963
"Sacramento, CA","Atlanta, GA",71,2,65,0,22,108,8,961
"Sacramento, CA","Austin, TX",42,1,41,2,55,82,1,552
"Sacramento, CA","Baltimore, MD",10,0,12,0,10,17,2,42
"Sacramento, CA","Boise, ID",91,2,44,0,110,139,3,875
"Sacramento, CA","Boston, MA",31,0,11,0,34,36,2,83
"Sacramento, CA","Burbank, CA",201,4,115,1,330,421,34,2771
"Sacramento, CA","Charlotte, NC",29,3,32,2,40,62,6,370
"Sacramento, CA","Chicago, IL",148,5,119,1,124,244,22,1819
"Sacramento, CA","Dallas, TX",78,1,58,2,66,112,1,552
"Sacramento, CA","Dallas/Fort Worth, TX",199,10,197,1,258,397,40,1776
"Sacramento, CA","Denver, CO",282,7,215,3,354,535,39,3996
"Sacramento, CA","Detroit, MI",5,1,6,0,7,9,2,94
"Sacramento, CA","Eugene, OR",20,0,5,1,24,29,0,211
"Sacramento, CA","Honolulu, HI",130,4,34,1,10,148,2,733
"Sacramento, CA","Houston, TX",64,3,71,0,38,108,13,918
"Sacramento, CA","Kahului, HI",58,2,8,1,1,53,4,528
"Sacramento, CA","Kansas City, MO",9,0,3,0,6,10,0,62
"Sacramento, CA","Kona, HI",7,1,0,0,0,6,1,95
"Sacramento, CA","Las Vegas, NV",404,49,556,6,562,1023,45,5620
"Sacramento, CA","Lihue, HI",9,0,0,0,0,9,1,126
"Sacramento, CA","Long Beach, CA",109,3,53,2,177,229,16,2004
"Sacramento, CA","Los Angeles, CA",437,65,236,2,294,678,8,5212
"Sacramento, CA","Miami, FL",28,1,18,1,48,59,3,270
"Sacramento, CA","Minneapolis, MN",37,2,33,0,19,56,4,550
"Sacramento, CA","Nashville, TN",36,0,31,0,20,44,0,226
"Sacramento, CA","New York, NY",86,0,33,0,70,96,3,300
"Sacramento, CA","Newark, NJ",61,1,25,0,54,70,9,284
"Sacramento, CA","Ontario, CA",136,2,33,0,206,247,6,1946
"Sacramento, CA","Orlando, FL",1,1,4,0,1,4,0,18
"Sacramento, CA","Palm Springs, CA",43,0,19,0,80,88,2,415
"Sacramento, CA","Phoenix, AZ",267,5,131,1,360,491,5,3657
"Sacramento, CA","Portland, OR",151,2,95,0,215,269,5,1651
"Sacramento, CA","Salt Lake City, UT",125,6,55,1,134,204,11,1933
"Sacramento, CA","San Diego, CA",560,16,676,3,765,1231,48,5449
"Sacramento, CA","San Francisco, CA",71,10,134,0,51,214,16,992
"Sacramento, CA","Santa Ana, CA",166,1,35,2,218,271,7,2235
"Sacramento, CA","Santa Barbara, CA",19,1,2,0,34,35,3,330
"Sacramento, CA","Seattle, WA",313,54,365,4,364,702,20,4117
"Sacramento, CA","Spokane, WA",67,0,32,0,102,109,0,601
"Sacramento, CA","St. Louis, MO",33,0,21,2,29,44,1,372
"Sacramento, CA","Washington, DC",18,0,8,0,4,25,5,306
"Saginaw/Bay City/Midland, MI","Chicago, IL",103,25,112,0,96,232,24,1057
"Saginaw/Bay City/Midland, MI","Detroit, MI",146,43,68,0,6,197,7,1153
"Saipan, TT","Guam, TT",17,2,10,0,11,25,2,366
"Salina, KS","Chicago, IL",26,5,34,0,41,77,9,347
"Salina, KS","Denver, CO",31,4,13,0,4,39,2,275
"Salina, KS","Hays, KS",5,1,6,0,5,13,5,90
"Salt Lake City, UT","Albuquerque, NM",114,24,38,0,18,144,4,1054
"Salt Lake City, UT","Anchorage, AK",18,1,11,0,5,24,4,120
"Salt Lake City, UT","Atlanta, GA",315,18,159,0,158,435,17,2992
"Salt Lake City, UT","Austin, TX",237,12,212,0,145,370,7,1761
"Salt Lake City, UT","Baltimore, MD",105,4,101,1,78,165,6,723
"Salt Lake City, UT","Bend/Redmond, OR",68,14,25,1,0,82,10,738
"Salt Lake City, UT","Billings, MT",91,11,26,0,19,116,4,1037
"Salt Lake City, UT","Boise, ID",181,16,81,0,87,250,8,1672
"Salt Lake City, UT","Boston, MA",172,6,146,1,141,285,5,1299
"Salt Lake City, UT","Bozeman, MT",141,31,52,0,31,173,2,1169
"Salt Lake City, UT","Burbank, CA",145,23,70,0,66,193,0,1348
"Salt Lake City, UT","Butte, MT",57,11,16,1,0,67,0,690
"Salt Lake City, UT","Casper, WY",22,5,5,0,0,27,0,338
"Salt Lake City, UT","Cedar City, UT",62,8,18,1,0,68,4,629
"Salt Lake City, UT","Charlotte, NC",90,2,65,1,65,140,8,921
"Salt Lake City, UT","Chicago, IL",365,24,317,1,268,607,42,3575
"Salt Lake City, UT","Cincinnati, OH",85,3,59,0,28,110,3,676
"Salt Lake City, UT","Cleveland, OH",21,0,13,0,22,30,5,107
"Salt Lake City, UT","Colorado Springs, CO",52,6,26,0,0,60,0,366
"Salt Lake City, UT","Columbus, OH",41,2,22,0,7,47,2,208
"Salt Lake City, UT","Dallas, TX",108,4,90,1,105,154,1,670
"Salt Lake City, UT","Dallas/Fort Worth, TX",499,44,482,2,437,918,55,3999
"Salt Lake City, UT","Denver, CO",843,62,864,0,854,1634,62,8092
"Salt Lake City, UT","Detroit, MI",138,12,109,0,57,210,7,1521
"Salt Lake City, UT","Elko, NV",28,7,11,0,0,35,2,366
"Salt Lake City, UT","Eugene, OR",69,13,31,0,0,74,9,732
"Salt Lake City, UT","Fort Lauderdale, FL",80,3,74,0,69,128,4,590
"Salt Lake City, UT","Fresno, CA",87,27,39,0,0,114,1,1052
"Salt Lake City, UT","Grand Junction, CO",5,1,0,0,0,6,0,50
"Salt Lake City, UT","Great Falls, MT",60,18,17,0,0,77,0,1023
"Salt Lake City, UT","Helena, MT",29,15,13,0,0,41,2,734
"Salt Lake City, UT","Honolulu, HI",87,8,71,0,14,124,5,632
"Salt Lake City, UT","Houston, TX",246,27,234,0,141,420,31,2379
"Salt Lake City, UT","Idaho Falls, ID",88,20,42,0,3,115,1,1046
"Salt Lake City, UT","Indianapolis, IN",42,0,31,0,13,53,1,297
"Salt Lake City, UT","Jackson, WY",124,21,59,0,50,173,7,1059
"Salt Lake City, UT","Kahului, HI",17,1,26,0,5,33,1,149
"Salt Lake City, UT","Kalispell, MT",117,14,50,0,25,140,4,1149
"Salt Lake City, UT","Kansas City, MO",125,7,45,0,61,171,8,961
"Salt Lake City, UT","Las Vegas, NV",448,34,683,0,508,1047,34,4406
"Salt Lake City, UT","Lewiston, ID",34,3,5,0,0,34,0,366
"Salt Lake City, UT","Long Beach, CA",120,24,69,0,77,193,2,1606
"Salt Lake City, UT","Los Angeles, CA",477,15,314,2,338,714,19,4452
"Salt Lake City, UT","Louisville, KY",0,0,0,0,0,0,0,1
"Salt Lake City, UT","Madison, WI",1,0,0,0,0,1,0,2
"Salt Lake City, UT","Medford, OR",87,20,42,1,0,105,5,732
"Salt Lake City, UT","Memphis, TN",37,0,19,0,22,55,4,367
"Salt Lake City, UT","Miami, FL",95,6,81,2,45,135,3,554
"Salt Lake City, UT","Milwaukee, WI",52,8,31,0,22,79,2,368
"Salt Lake City, UT","Minneapolis, MN",143,13,94,0,81,210,8,1601
"Salt Lake City, UT","Missoula, MT",81,19,32,0,13,112,8,1062
"Salt Lake City, UT","Nashville, TN",101,5,57,0,56,139,8,1007
"Salt Lake City, UT","New Orleans, LA",27,1,31,0,10,46,2,372
"Salt Lake City, UT","New York, NY",281,12,226,0,206,426,15,1960
"Salt Lake City, UT","Newark, NJ",132,6,170,0,92,259,21,1215
"Salt Lake City, UT","Oakland, CA",183,14,85,0,153,254,4,1993
"Salt Lake City, UT","Oklahoma City, OK",88,18,50,0,0,103,0,704
"Salt Lake City, UT","Omaha, NE",73,18,44,0,0,87,0,696
"Salt Lake City, UT","Ontario, CA",99,10,49,0,54,150,12,1213
"Salt Lake City, UT","Orlando, FL",215,8,241,0,104,375,24,1866
"Salt Lake City, UT","Palm Springs, CA",98,16,34,0,0,106,2,951
"Salt Lake City, UT","Pasco/Kennewick/Richland, WA",127,25,46,0,16,157,2,1057
"Salt Lake City, UT","Philadelphia, PA",80,1,68,0,46,129,16,693
"Salt Lake City, UT","Phoenix, AZ",564,20,347,2,544,912,27,5883
"Salt Lake City, UT","Pittsburgh, PA",5,0,4,0,6,8,0,39
"Salt Lake City, UT","Pocatello, ID",42,12,16,0,0,53,0,700
"Salt Lake City, UT","Portland, OR",217,14,150,0,109,307,16,2428
"Salt Lake City, UT","Raleigh/Durham, NC",41,3,33,0,22,63,6,422
"Salt Lake City, UT","Reno, NV",113,14,51,0,24,147,4,1097
"Salt Lake City, UT","Sacramento, CA",203,8,100,1,151,290,12,1933
"Salt Lake City, UT","San Antonio, TX",116,11,94,0,62,190,6,1029
"Salt Lake City, UT","San Diego, CA",313,13,279,0,230,515,16,2629
"Salt Lake City, UT","San Francisco, CA",369,23,812,0,256,1060,25,3393
"Salt Lake City, UT","San Jose, CA",177,19,78,0,104,244,6,1846
"Salt Lake City, UT","Santa Ana, CA",189,11,111,1,107,263,4,1705
"Salt Lake City, UT","Santa Barbara, CA",23,9,28,0,7,50,1,416
"Salt Lake City, UT","Seattle, WA",398,24,386,0,272,698,30,3985
"Salt Lake City, UT","Spokane, WA",179,11,94,0,57,239,9,1649
"Salt Lake City, UT","St. George, UT",104,33,41,0,0,131,0,1320
"Salt Lake City, UT","St. Louis, MO",108,11,60,0,51,154,2,955
"Salt Lake City, UT","Sun Valley/Hailey/Ketchum, ID",43,16,19,0,0,56,3,772
"Salt Lake City, UT","Tampa, FL",20,3,15,0,16,35,6,370
"Salt Lake City, UT","Tucson, AZ",89,20,26,0,0,103,0,1084
"Salt Lake City, UT","Tulsa, OK",72,13,28,0,0,80,1,702
"Salt Lake City, UT","Twin Falls, ID",56,7,11,0,0,62,2,700
"Salt Lake City, UT","Washington, DC",70,3,56,0,38,105,5,745
"Salt Lake City, UT","West Yellowstone, MT",36,1,12,0,0,37,2,277
"San Angelo, TX","Dallas/Fort Worth, TX",100,34,99,6,90,211,22,1089
"San Antonio, TX","Albuquerque, NM",4,0,2,0,2,4,0,18
"San Antonio, TX","Atlanta, GA",224,11,189,2,279,421,22,2993
"San Antonio, TX","Baltimore, MD",69,2,59,0,84,113,5,778
"San Antonio, TX","Boston, MA",53,3,54,0,54,99,5,335
"San Antonio, TX","Burbank, CA",21,0,23,0,20,29,1,187
"San Antonio, TX","Charlotte, NC",138,19,129,1,148,268,12,1412
"San Antonio, TX","Chicago, IL",150,5,131,2,127,259,29,2133
"San Antonio, TX","Colorado Springs, CO",1,0,2,0,3,4,0,16
"San Antonio, TX","Dallas, TX",259,17,220,3,374,485,32,2721
"San Antonio, TX","Dallas/Fort Worth, TX",401,107,651,2,763,1166,115,4549
"San Antonio, TX","Denver, CO",250,5,203,4,320,470,25,3176
"San Antonio, TX","Detroit, MI",60,3,38,0,51,105,9,903
"San Antonio, TX","El Paso, TX",79,1,40,0,115,127,1,783
"San Antonio, TX","Fort Lauderdale, FL",22,0,27,0,28,54,7,355
"San Antonio, TX","Houston, TX",231,19,348,1,347,631,69,3760
"San Antonio, TX","Kansas City, MO",16,0,12,1,30,36,1,312
"San Antonio, TX","Las Vegas, NV",185,14,223,4,290,440,20,2368
"San Antonio, TX","Los Angeles, CA",188,10,120,2,146,274,7,2147
"San Antonio, TX","Miami, FL",44,6,44,0,40,76,10,473
"San Antonio, TX","Minneapolis, MN",66,5,55,0,56,114,7,880
"San Antonio, TX","Nashville, TN",65,1,24,0,78,100,3,745
"San Antonio, TX","New Orleans, LA",30,0,21,0,38,51,1,364
"San Antonio, TX","New York, NY",94,5,85,0,87,161,10,659
"San Antonio, TX","Newark, NJ",55,2,96,0,49,143,14,840
"San Antonio, TX","Oklahoma City, OK",17,2,9,0,27,33,1,267
"San Antonio, TX","Orlando, FL",126,8,118,2,141,240,20,1186
"San Antonio, TX","Philadelphia, PA",23,2,30,0,26,43,4,148
"San Antonio, TX","Phoenix, AZ",234,12,161,0,298,420,12,2690
"San Antonio, TX","Salt Lake City, UT",92,2,56,0,87,145,6,1028
"San Antonio, TX","San Diego, CA",73,3,85,2,94,139,1,649
"San Antonio, TX","San Francisco, CA",28,2,66,0,21,96,5,436
"San Antonio, TX","Seattle, WA",46,16,98,6,82,155,4,633
"San Antonio, TX","St. Louis, MO",51,0,29,0,62,79,6,545
"San Antonio, TX","Tampa, FL",57,1,70,0,82,113,8,464
"San Antonio, TX","Washington, DC",40,3,20,0,15,56,14,660
"San Diego, CA","Albuquerque, NM",75,2,59,0,120,143,5,607
"San Diego, CA","Anchorage, AK",1,0,1,0,1,2,0,20
"San Diego, CA","Atlanta, GA",198,16,321,0,170,442,23,2431
"San Diego, CA","Austin, TX",247,9,298,2,352,513,35,1995
"San Diego, CA","Baltimore, MD",150,0,145,0,134,220,5,1003
"San Diego, CA","Bellingham, WA",0,0,3,0,1,3,1,24
"San Diego, CA","Bend/Redmond, OR",15,3,34,0,38,58,6,336
"San Diego, CA","Boise, ID",64,9,99,0,78,156,5,689
"San Diego, CA","Boston, MA",126,27,277,2,151,364,6,1510
"San Diego, CA","Bozeman, MT",9,0,10,0,7,16,1,66
"San Diego, CA","Charlotte, NC",179,63,212,3,194,351,12,1627
"San Diego, CA","Chicago, IL",398,32,417,3,373,698,53,3932
"San Diego, CA","Colorado Springs, CO",7,0,0,0,7,8,1,16
"San Diego, CA","Columbus, OH",2,0,3,0,0,3,0,9
"San Diego, CA","Dallas, TX",221,1,227,0,294,389,11,1525
"San Diego, CA","Dallas/Fort Worth, TX",423,138,470,10,582,883,66,3525
"San Diego, CA","Denver, CO",531,19,613,0,834,1170,73,5588
"San Diego, CA","Des Moines, IA",10,0,12,0,8,12,0,24
"San Diego, CA","Detroit, MI",76,4,129,0,82,179,10,1182
"San Diego, CA","Eagle, CO",1,0,0,0,2,2,0,6
"San Diego, CA","El Paso, TX",34,0,37,0,54,68,2,314
"San Diego, CA","Eugene, OR",15,1,26,0,25,46,1,200
"San Diego, CA","Everett, WA",0,0,0,0,0,0,0,1
"San Diego, CA","Fort Lauderdale, FL",66,6,72,0,87,132,15,486
"San Diego, CA","Fresno, CA",66,15,163,1,161,270,8,1012
"San Diego, CA","Hayden, CO",2,3,10,0,4,14,0,46
"San Diego, CA","Honolulu, HI",323,41,203,5,143,473,16,1666
"San Diego, CA","Houston, TX",276,9,278,0,306,509,57,2667
"San Diego, CA","Indianapolis, IN",11,0,5,0,16,20,0,81
"San Diego, CA","Jackson, WY",2,0,3,1,3,4,0,26
"San Diego, CA","Kahului, HI",71,24,54,2,13,121,21,713
"San Diego, CA","Kalispell, MT",7,0,6,1,2,12,0,39
"San Diego, CA","Kansas City, MO",69,0,55,0,92,105,2,443
"San Diego, CA","Kona, HI",16,9,54,0,19,76,11,336
"San Diego, CA","Las Vegas, NV",593,109,1076,8,1031,1731,102,6755
"San Diego, CA","Lihue, HI",9,2,23,0,12,33,0,213
"San Diego, CA","Los Angeles, CA",146,71,151,0,37,266,9,2156
"San Diego, CA","Medford, OR",4,0,6,0,6,6,1,22
"San Diego, CA","Miami, FL",45,18,51,1,43,88,8,558
"San Diego, CA","Milwaukee, WI",5,0,1,0,4,5,0,9
"San Diego, CA","Minneapolis, MN",95,6,143,1,108,216,8,1327
"San Diego, CA","Missoula, MT",2,0,1,0,1,4,0,10
"San Diego, CA","Monterey, CA",36,6,114,0,105,168,4,588
"San Diego, CA","Nashville, TN",115,2,105,0,159,206,7,860
"San Diego, CA","New Orleans, LA",57,0,54,0,80,91,0,312
"San Diego, CA","New York, NY",205,27,378,2,159,490,28,2396
"San Diego, CA","Newark, NJ",109,15,174,1,90,251,33,1629
"San Diego, CA","Oakland, CA",376,1,412,1,662,810,43,3511
"San Diego, CA","Orlando, FL",45,12,123,1,54,153,20,585
"San Diego, CA","Philadelphia, PA",57,31,80,0,52,117,12,937
"San Diego, CA","Phoenix, AZ",477,35,557,5,1021,1201,68,5688
"San Diego, CA","Pittsburgh, PA",3,0,2,0,3,3,0,9
"San Diego, CA","Portland, OR",124,13,231,1,148,325,51,1743
"San Diego, CA","Provo, UT",16,1,28,2,19,35,0,104
"San Diego, CA","Reno, NV",77,4,94,1,166,202,10,855
"San Diego, CA","Sacramento, CA",548,13,655,4,1005,1247,37,5460
"San Diego, CA","Salt Lake City, UT",198,15,228,1,316,452,16,2622
"San Diego, CA","San Antonio, TX",89,1,87,2,158,183,3,657
"San Diego, CA","San Francisco, CA",603,62,1880,1,1040,2397,98,6364
"San Diego, CA","San Jose, CA",494,13,619,5,976,1231,49,5707
"San Diego, CA","San Luis Obispo, CA",30,5,86,1,78,132,12,537
"San Diego, CA","Santa Rosa, CA",49,14,112,1,99,179,9,713
"San Diego, CA","Seattle, WA",308,33,580,7,420,874,68,4665
"San Diego, CA","Spokane, WA",43,3,56,1,46,97,4,349
"San Diego, CA","St. Louis, MO",68,1,68,0,89,122,2,592
"San Diego, CA","Tampa, FL",27,10,110,0,24,121,22,368
"San Diego, CA","Tucson, AZ",70,0,55,0,132,147,3,609
"San Diego, CA","Washington, DC",101,13,177,1,68,242,38,1590
"San Francisco, CA","Albuquerque, NM",64,6,41,0,42,113,5,582
"San Francisco, CA","Anchorage, AK",21,0,56,0,39,71,1,264
"San Francisco, CA","Arcata/Eureka, CA",104,26,124,0,75,246,26,1052
"San Francisco, CA","Aspen, CO",62,5,55,0,31,120,16,334
"San Francisco, CA","Atlanta, GA",344,9,291,0,323,569,32,3123
"San Francisco, CA","Austin, TX",171,1,133,0,150,298,41,2001
"San Francisco, CA","Bakersfield, CA",37,3,32,0,15,69,4,484
"San Francisco, CA","Baltimore, MD",41,0,30,0,30,57,3,464
"San Francisco, CA","Bend/Redmond, OR",92,10,107,0,70,191,31,1117
"San Francisco, CA","Bishop, CA",14,4,14,0,10,32,10,171
"San Francisco, CA","Boise, ID",128,4,122,0,133,292,17,1477
"San Francisco, CA","Boston, MA",478,14,578,0,426,959,41,4445
"San Francisco, CA","Bozeman, MT",42,2,34,0,49,90,5,424
"San Francisco, CA","Burbank, CA",261,13,358,1,325,668,41,3109
"San Francisco, CA","Charlotte, NC",226,7,195,2,173,369,14,1617
"San Francisco, CA","Chicago, IL",682,10,531,4,561,1084,69,5351
"San Francisco, CA","Cleveland, OH",45,0,24,0,47,66,15,470
"San Francisco, CA","Columbus, OH",46,0,29,0,32,67,7,329
"San Francisco, CA","Dallas, TX",1,0,0,0,1,1,1,22
"San Francisco, CA","Dallas/Fort Worth, TX",646,60,474,4,679,1068,64,4061
"San Francisco, CA","Denver, CO",729,9,420,1,941,1251,54,5546
"San Francisco, CA","Detroit, MI",145,5,155,0,154,267,10,1528
"San Francisco, CA","Eagle, CO",3,3,14,1,2,19,1,105
"San Francisco, CA","Eugene, OR",103,1,57,0,97,163,16,865
"San Francisco, CA","Fort Lauderdale, FL",186,1,168,0,175,297,26,1501
"San Francisco, CA","Fort Myers, FL",8,0,3,0,10,15,0,57
"San Francisco, CA","Fresno, CA",106,16,103,0,65,215,17,1046
"San Francisco, CA","Hayden, CO",1,0,0,0,0,0,0,15
"San Francisco, CA","Honolulu, HI",366,5,232,0,156,521,28,2528
"San Francisco, CA","Houston, TX",344,11,184,0,219,485,58,3154
"San Francisco, CA","Indianapolis, IN",57,0,25,0,51,81,2,427
"San Francisco, CA","Jackson, WY",30,3,20,0,27,50,8,362
"San Francisco, CA","Kahului, HI",136,0,54,0,69,178,13,1482
"San Francisco, CA","Kalispell, MT",15,0,12,0,14,35,1,169
"San Francisco, CA","Kansas City, MO",32,3,26,0,33,78,6,442
"San Francisco, CA","Kona, HI",83,0,55,0,47,117,4,747
"San Francisco, CA","Las Vegas, NV",789,15,806,0,1299,1748,100,5775
"San Francisco, CA","Lihue, HI",28,0,22,0,13,39,1,548
"San Francisco, CA","Los Angeles, CA",1222,39,1222,3,1742,2659,116,11499
"San Francisco, CA","Louisville, KY",0,0,0,0,0,0,0,1
"San Francisco, CA","Madison, WI",1,0,0,0,1,1,0,1
"San Francisco, CA","Medford, OR",62,8,58,0,51,124,18,879
"San Francisco, CA","Miami, FL",176,4,180,2,147,315,23,1531
"San Francisco, CA","Minneapolis, MN",145,8,122,0,184,298,17,1942
"San Francisco, CA","Missoula, MT",5,0,3,0,7,14,0,88
"San Francisco, CA","Monterey, CA",42,6,51,0,24,95,10,585
"San Francisco, CA","Montrose/Delta, CO",6,1,4,0,2,12,1,43
"San Francisco, CA","Nashville, TN",98,0,52,0,70,129,19,623
"San Francisco, CA","New Orleans, LA",67,0,24,0,62,93,3,528
"San Francisco, CA","New York, NY",505,32,729,6,428,1144,72,6459
"San Francisco, CA","Newark, NJ",555,23,437,0,337,890,78,4015
"San Francisco, CA","North Bend/Coos Bay, OR",24,7,27,0,22,64,4,300
"San Francisco, CA","Omaha, NE",23,0,14,0,15,42,3,214
"San Francisco, CA","Ontario, CA",126,9,97,0,167,282,22,1485
"San Francisco, CA","Orlando, FL",100,0,144,0,80,215,40,1171
"San Francisco, CA","Palm Springs, CA",161,15,307,0,245,530,24,2274
"San Francisco, CA","Pasco/Kennewick/Richland, WA",42,6,43,0,25,85,2,474
"San Francisco, CA","Philadelphia, PA",146,2,164,3,87,243,13,1392
"San Francisco, CA","Phoenix, AZ",658,11,389,1,916,1145,34,4777
"San Francisco, CA","Pittsburgh, PA",79,0,42,0,57,104,4,588
"San Francisco, CA","Portland, OR",367,4,364,1,507,814,51,3583
"San Francisco, CA","Raleigh/Durham, NC",70,1,35,0,48,90,5,658
"San Francisco, CA","Rapid City, SD",1,0,2,0,0,2,0,7
"San Francisco, CA","Redding, CA",65,10,65,0,39,138,9,862
"San Francisco, CA","Reno, NV",164,13,92,0,120,279,14,1430
"San Francisco, CA","Sacramento, CA",82,7,88,0,48,163,14,994
"San Francisco, CA","Salt Lake City, UT",313,15,250,0,559,771,24,3388
"San Francisco, CA","San Antonio, TX",45,0,20,0,36,69,3,435
"San Francisco, CA","San Diego, CA",786,40,1046,4,1129,1808,97,6345
"San Francisco, CA","San Luis Obispo, CA",62,9,64,0,44,143,20,959
"San Francisco, CA","Santa Ana, CA",278,19,445,0,424,867,54,4261
"San Francisco, CA","Santa Barbara, CA",97,13,56,0,101,181,26,1187
"San Francisco, CA","Seattle, WA",588,100,846,1,778,1609,112,6598
"San Francisco, CA","South Bend, IN",0,0,0,0,0,0,0,1
"San Francisco, CA","Spokane, WA",38,5,45,0,27,91,9,536
"San Francisco, CA","St. Louis, MO",90,2,55,0,81,128,1,492
"San Francisco, CA","Sun Valley/Hailey/Ketchum, ID",10,3,11,0,13,32,3,241
"San Francisco, CA","Tampa, FL",56,0,56,0,51,93,14,585
"San Francisco, CA","Tucson, AZ",67,4,59,0,48,146,7,867
"San Francisco, CA","Washington, DC",350,1,235,0,243,520,39,3486
"San Jose, CA","Atlanta, GA",38,0,23,0,11,53,8,818
"San Jose, CA","Austin, TX",135,0,69,0,135,198,2,1222
"San Jose, CA","Baltimore, MD",13,0,16,0,5,23,3,66
"San Jose, CA","Boise, ID",45,2,32,3,65,95,1,598
"San Jose, CA","Boston, MA",33,0,8,0,31,36,2,126
"San Jose, CA","Burbank, CA",141,2,113,0,239,335,36,2451
"San Jose, CA","Chicago, IL",58,0,51,0,29,84,3,959
"San Jose, CA","Dallas, TX",48,0,46,1,39,78,2,607
"San Jose, CA","Dallas/Fort Worth, TX",146,6,172,2,170,292,16,1331
"San Jose, CA","Denver, CO",199,2,177,0,248,413,23,3179
"San Jose, CA","Detroit, MI",0,0,0,0,0,0,0,1
"San Jose, CA","Eugene, OR",21,0,8,0,30,35,4,272
"San Jose, CA","Green Bay, WI",0,0,0,0,0,0,0,1
"San Jose, CA","Honolulu, HI",113,5,96,0,43,170,10,1389
"San Jose, CA","Houston, TX",56,3,25,1,47,82,6,721
"San Jose, CA","Kahului, HI",45,0,31,2,12,64,6,577
"San Jose, CA","Kansas City, MO",0,0,0,0,0,0,0,1
"San Jose, CA","Kona, HI",18,0,28,4,9,40,4,309
"San Jose, CA","Las Vegas, NV",294,8,486,0,460,819,30,4522
"San Jose, CA","Lihue, HI",5,0,7,0,1,11,0,124
"San Jose, CA","Long Beach, CA",71,1,32,0,111,146,8,1336
"San Jose, CA","Los Angeles, CA",422,61,343,4,349,779,14,5727
"San Jose, CA","Minneapolis, MN",30,0,27,0,13,48,2,472
"San Jose, CA","Nashville, TN",17,0,14,1,4,21,0,277
"San Jose, CA","New York, NY",20,0,5,0,21,21,1,34
"San Jose, CA","Ontario, CA",92,1,20,0,158,181,4,1363
"San Jose, CA","Palm Springs, CA",13,1,8,0,20,30,1,250
"San Jose, CA","Phoenix, AZ",233,3,112,0,320,441,7,3352
"San Jose, CA","Portland, OR",157,3,121,1,254,344,15,2471
"San Jose, CA","Reno, NV",17,0,9,1,16,27,0,338
"San Jose, CA","Salt Lake City, UT",87,12,38,0,79,162,6,1836
"San Jose, CA","San Diego, CA",535,15,765,3,625,1228,51,5769
"San Jose, CA","Santa Ana, CA",165,1,46,1,264,315,24,2718
"San Jose, CA","Seattle, WA",293,57,395,6,334,720,49,4541
"San Jose, CA","Spokane, WA",29,0,18,0,34,43,1,355
"San Jose, CA","St. Louis, MO",11,0,8,0,2,17,0,279
"San Juan, PR","Atlanta, GA",149,12,300,1,236,436,12,2114
"San Juan, PR","Austin, TX",5,0,4,0,5,8,0,30
"San Juan, PR","Baltimore, MD",116,14,211,3,154,291,11,1332
"San Juan, PR","Boston, MA",340,28,294,3,296,549,25,2159
"San Juan, PR","Charlotte Amalie, VI",81,7,62,0,78,132,11,639
"San Juan, PR","Charlotte, NC",172,9,189,1,181,295,7,1107
"San Juan, PR","Chicago, IL",168,12,267,3,144,341,13,1315
"San Juan, PR","Christiansted, VI",3,0,2,0,5,6,0,33
"San Juan, PR","Cleveland, OH",43,2,66,0,28,80,6,203
"San Juan, PR","Dallas/Fort Worth, TX",148,12,229,3,134,291,10,945
"San Juan, PR","Denver, CO",24,1,83,0,22,86,4,307
"San Juan, PR","Detroit, MI",14,5,51,0,30,64,2,324
"San Juan, PR","Fort Lauderdale, FL",408,12,268,8,421,580,25,2409
"San Juan, PR","Fort Myers, FL",10,1,22,1,14,26,6,115
"San Juan, PR","Hartford, CT",313,8,256,0,218,415,21,1001
"San Juan, PR","Houston, TX",116,5,168,0,123,232,19,1062
"San Juan, PR","Jacksonville, FL",35,0,27,0,43,64,8,256
"San Juan, PR","Miami, FL",469,32,424,12,501,734,29,2959
"San Juan, PR","Minneapolis, MN",6,0,26,0,13,31,1,129
"San Juan, PR","Nashville, TN",10,0,13,0,18,25,0,48
"San Juan, PR","New Orleans, LA",7,0,17,0,10,18,3,100
"San Juan, PR","New York, NY",492,16,314,1,383,697,34,3724
"San Juan, PR","Newark, NJ",335,11,286,2,353,562,41,2251
"San Juan, PR","Norfolk, VA",5,0,8,0,9,11,1,27
"San Juan, PR","Orlando, FL",907,19,624,7,924,1389,86,6312
"San Juan, PR","Philadelphia, PA",370,12,429,0,373,567,25,1438
"San Juan, PR","Providence, RI",14,0,16,0,6,19,0,65
"San Juan, PR","Raleigh/Durham, NC",116,5,77,4,89,154,8,576
"San Juan, PR","St. Louis, MO",1,0,8,0,4,8,0,39
"San Juan, PR","Tampa, FL",249,4,168,1,250,369,24,1557
"San Juan, PR","Washington, DC",115,3,89,1,108,186,6,786
"San Juan, PR","West Palm Beach/Palm Beach, FL",0,0,0,0,0,0,1,4
"San Juan, PR","White Plains, NY",25,2,18,1,21,28,0,65
"San Luis Obispo, CA","Dallas/Fort Worth, TX",67,14,45,2,84,123,2,466
"San Luis Obispo, CA","Denver, CO",47,5,33,0,23,85,5,729
"San Luis Obispo, CA","Las Vegas, NV",36,0,24,0,3,41,4,171
"San Luis Obispo, CA","Los Angeles, CA",36,14,26,0,20,70,10,642
"San Luis Obispo, CA","Phoenix, AZ",83,6,51,3,76,146,3,1160
"San Luis Obispo, CA","Portland, OR",7,1,18,0,23,32,0,187
"San Luis Obispo, CA","San Diego, CA",30,3,44,1,32,75,11,534
"San Luis Obispo, CA","San Francisco, CA",90,20,131,0,50,226,14,961
"San Luis Obispo, CA","Santa Barbara, CA",0,0,0,0,0,0,0,1
"San Luis Obispo, CA","Seattle, WA",29,2,31,0,27,59,3,393
"Sanford, FL","Akron, OH",14,4,17,0,9,28,2,109
"Sanford, FL","Albany, NY",3,0,1,0,1,4,1,91
"Sanford, FL","Allentown/Bethlehem/Easton, PA",65,24,43,0,74,116,9,642
"Sanford, FL","Appleton, WI",20,3,10,0,18,31,3,191
"Sanford, FL","Asheville, NC",57,17,84,0,87,138,17,485
"Sanford, FL","Ashland, WV",25,2,18,0,17,35,1,137
"Sanford, FL","Austin, TX",10,1,10,0,9,14,1,46
"Sanford, FL","Bangor, ME",18,7,11,1,3,27,4,229
"Sanford, FL","Belleville, IL",24,6,20,0,24,38,1,136
"Sanford, FL","Bismarck/Mandan, ND",3,0,4,0,1,6,0,73
"Sanford, FL","Bloomington/Normal, IL",9,2,9,0,6,16,2,122
"Sanford, FL","Bristol/Johnson City/Kingsport, TN",20,4,16,0,26,33,3,111
"Sanford, FL","Cedar Rapids/Iowa City, IA",21,5,16,0,3,29,3,139
"Sanford, FL","Chattanooga, TN",17,2,10,0,17,27,4,110
"Sanford, FL","Cincinnati, OH",50,12,43,0,46,87,4,340
"Sanford, FL","Clarksburg/Fairmont, WV",19,4,15,2,13,26,2,117
"Sanford, FL","Columbus, OH",35,11,30,0,29,53,1,142
"Sanford, FL","Concord, NC",31,7,25,0,25,51,2,179
"Sanford, FL","Dayton, OH",19,5,13,0,16,21,2,80
"Sanford, FL","Des Moines, IA",28,4,21,0,37,46,2,161
"Sanford, FL","Elmira/Corning, NY",19,6,13,0,5,25,0,135
"Sanford, FL","Evansville, IN",21,7,17,0,17,39,5,122
"Sanford, FL","Fargo, ND",10,2,7,0,6,15,1,77
"Sanford, FL","Fayetteville, AR",16,7,16,0,10,30,1,135
"Sanford, FL","Flint, MI",44,5,30,0,44,61,2,258
"Sanford, FL","Fort Wayne, IN",21,7,24,2,16,33,6,161
"Sanford, FL","Grand Forks, ND",4,0,3,0,0,5,0,25
"Sanford, FL","Grand Rapids, MI",50,5,45,0,57,81,2,360
"Sanford, FL","Greensboro/High Point, NC",7,1,7,0,6,12,2,46
"Sanford, FL","Greer, SC",23,7,21,0,20,37,1,116
"Sanford, FL","Gulfport/Biloxi, MS",0,1,3,1,1,5,0,26
"Sanford, FL","Hagerstown, MD",29,6,25,0,15,40,2,119
"Sanford, FL","Harrisburg, PA",47,9,38,0,37,73,3,256
"Sanford, FL","Indianapolis, IN",31,7,28,0,33,50,4,209
"Sanford, FL","Key West, FL",6,2,5,0,0,9,2,85
"Sanford, FL","Knoxville, TN",75,21,80,0,107,162,14,630
"Sanford, FL","Las Vegas, NV",0,0,0,1,1,1,0,21
"Sanford, FL","Lexington, KY",46,12,36,0,46,75,8,216
"Sanford, FL","Little Rock, AR",7,6,6,0,3,12,1,51
"Sanford, FL","Louisville, KY",25,8,26,2,22,38,3,132
"Sanford, FL","Memphis, TN",25,6,23,0,25,41,1,100
"Sanford, FL","Minot, ND",1,1,1,0,0,3,2,91
"Sanford, FL","Mission/McAllen/Edinburg, TX",7,2,5,0,2,10,0,101
"Sanford, FL","Moline, IL",4,4,4,0,2,9,1,92
"Sanford, FL","Nashville, TN",20,1,19,0,29,39,1,147
"Sanford, FL","Newburgh/Poughkeepsie, NY",9,3,7,0,3,12,0,69
"Sanford, FL","Niagara Falls, NY",7,2,9,1,2,15,2,77
"Sanford, FL","Norfolk, VA",9,1,10,0,1,14,1,65
"Sanford, FL","Oklahoma City, OK",6,0,3,0,1,6,0,22
"Sanford, FL","Omaha, NE",11,1,11,0,3,16,2,90
"Sanford, FL","Peoria, IL",6,5,5,0,7,14,1,109
"Sanford, FL","Pittsburgh, PA",33,10,22,0,31,52,1,133
"Sanford, FL","Plattsburgh, NY",16,6,28,0,2,36,1,149
"Sanford, FL","Portsmouth, NH",7,5,6,0,6,13,3,125
"Sanford, FL","Provo, UT",13,5,15,0,8,21,1,68
"Sanford, FL","Rapid City, SD",6,0,5,0,1,7,1,67
"Sanford, FL","Richmond, VA",11,4,10,0,15,23,3,68
"Sanford, FL","Roanoke, VA",25,6,16,0,18,35,3,113
"Sanford, FL","Rochester, NY",3,0,1,0,0,3,0,20
"Sanford, FL","Rockford, IL",15,2,11,0,3,18,1,123
"Sanford, FL","Shreveport, LA",6,0,5,0,3,7,2,22
"Sanford, FL","Sioux Falls, SD",3,2,5,1,1,7,1,94
"Sanford, FL","South Bend, IN",16,3,10,0,10,25,3,151
"Sanford, FL","Springfield, MO",13,7,16,1,8,26,1,154
"Sanford, FL","Syracuse, NY",11,2,7,0,4,14,0,90
"Sanford, FL","Toledo, OH",20,4,23,0,16,32,1,105
"Sanford, FL","Traverse City, MI",9,6,16,2,5,20,2,93
"Sanford, FL","Tulsa, OK",11,6,14,0,8,22,0,106
"Sanford, FL","Wichita, KS",7,1,1,0,2,8,0,35
"Santa Ana, CA","Atlanta, GA",93,3,75,0,73,160,10,1011
"Santa Ana, CA","Austin, TX",61,1,50,0,72,107,6,712
"Santa Ana, CA","Boise, ID",26,3,31,0,30,43,1,188
"Santa Ana, CA","Charlotte, NC",30,3,24,0,16,37,3,361
"Santa Ana, CA","Chicago, IL",171,11,190,2,177,327,8,2119
"Santa Ana, CA","Dallas, TX",36,1,28,0,27,52,2,370
"Santa Ana, CA","Dallas/Fort Worth, TX",251,53,212,3,328,486,52,2797
"Santa Ana, CA","Denver, CO",228,16,190,1,335,479,25,3619
"Santa Ana, CA","Des Moines, IA",15,0,11,0,15,19,1,107
"Santa Ana, CA","Detroit, MI",24,0,26,0,25,49,0,265
"Santa Ana, CA","Eugene, OR",15,1,14,0,16,24,3,95
"Santa Ana, CA","Houston, TX",75,9,78,0,82,154,14,1280
"Santa Ana, CA","Idaho Falls, ID",13,1,8,0,17,21,0,104
"Santa Ana, CA","Las Vegas, NV",266,15,401,1,431,677,42,3694
"Santa Ana, CA","Medford, OR",10,1,9,0,16,21,4,102
"Santa Ana, CA","Miami, FL",23,0,31,0,32,51,4,194
"Santa Ana, CA","Minneapolis, MN",43,3,32,0,28,69,4,570
"Santa Ana, CA","Missoula, MT",4,1,7,0,3,7,3,26
"Santa Ana, CA","Nashville, TN",1,0,1,0,0,1,0,18
"Santa Ana, CA","New York, NY",42,9,54,0,27,77,3,362
"Santa Ana, CA","Newark, NJ",60,6,117,0,45,160,14,1096
"Santa Ana, CA","Oakland, CA",205,3,57,1,294,337,22,2665
"Santa Ana, CA","Phoenix, AZ",339,7,209,5,541,676,35,4350
"Santa Ana, CA","Portland, OR",33,3,104,0,94,152,13,1353
"Santa Ana, CA","Provo, UT",53,5,42,0,70,88,3,369
"Santa Ana, CA","Sacramento, CA",211,1,72,3,280,319,11,2234
"Santa Ana, CA","Salt Lake City, UT",76,3,64,0,173,232,4,1705
"Santa Ana, CA","San Francisco, CA",281,43,1049,1,319,1356,53,4279
"Santa Ana, CA","San Jose, CA",190,1,46,1,289,329,19,2704
"Santa Ana, CA","Santa Rosa, CA",37,6,74,0,59,127,1,641
"Santa Ana, CA","Seattle, WA",159,8,310,2,278,546,44,3978
"Santa Ana, CA","Spokane, WA",5,0,6,0,4,8,0,34
"Santa Ana, CA","Tucson, AZ",4,1,1,0,6,10,0,117
"Santa Barbara, CA","Atlanta, GA",15,0,12,0,6,25,2,207
"Santa Barbara, CA","Dallas/Fort Worth, TX",79,10,57,1,75,119,10,472
"Santa Barbara, CA","Denver, CO",79,5,61,1,69,133,22,1112
"Santa Barbara, CA","Las Vegas, NV",35,2,61,1,79,111,12,854
"Santa Barbara, CA","Los Angeles, CA",34,18,28,0,16,73,11,715
"Santa Barbara, CA","Oakland, CA",18,1,14,0,47,47,4,367
"Santa Barbara, CA","Phoenix, AZ",81,12,89,0,130,205,13,1373
"Santa Barbara, CA","Portland, OR",8,3,10,0,11,22,2,101
"Santa Barbara, CA","Sacramento, CA",10,0,10,0,26,31,3,331
"Santa Barbara, CA","Salt Lake City, UT",24,0,10,0,25,46,1,415
"Santa Barbara, CA","San Francisco, CA",71,12,249,1,98,322,27,1186
"Santa Barbara, CA","Seattle, WA",11,1,31,0,35,56,3,360
"Santa Fe, NM","Dallas/Fort Worth, TX",179,82,149,2,55,343,29,1604
"Santa Fe, NM","Denver, CO",64,14,39,0,54,137,13,885
"Santa Fe, NM","Phoenix, AZ",51,11,32,0,23,85,2,419
"Santa Maria, CA","Las Vegas, NV",12,4,20,1,27,34,0,106
"Santa Rosa, CA","Burbank, CA",23,2,71,1,66,102,0,267
"Santa Rosa, CA","Dallas/Fort Worth, TX",49,8,47,1,61,74,1,210
"Santa Rosa, CA","Las Vegas, NV",0,3,6,0,10,13,0,39
"Santa Rosa, CA","Los Angeles, CA",38,6,44,0,64,113,2,617
"Santa Rosa, CA","Phoenix, AZ",43,5,41,0,48,75,0,455
"Santa Rosa, CA","Portland, OR",11,5,17,0,35,54,4,271
"Santa Rosa, CA","San Diego, CA",85,14,116,1,77,202,7,713
"Santa Rosa, CA","Santa Ana, CA",44,11,73,0,65,120,1,641
"Santa Rosa, CA","Seattle, WA",35,5,61,0,62,96,3,475
"Sarasota/Bradenton, FL","Akron, OH",7,2,12,0,12,20,5,124
"Sarasota/Bradenton, FL","Allentown/Bethlehem/Easton, PA",5,1,6,0,15,19,4,106
"Sarasota/Bradenton, FL","Appleton, WI",4,1,3,0,5,9,2,66
"Sarasota/Bradenton, FL","Asheville, NC",11,1,10,1,20,23,9,121
"Sarasota/Bradenton, FL","Atlanta, GA",130,27,154,0,220,345,80,2675
"Sarasota/Bradenton, FL","Austin, TX",2,2,4,0,12,13,1,33
"Sarasota/Bradenton, FL","Baltimore, MD",81,16,98,0,168,221,42,1372
"Sarasota/Bradenton, FL","Belleville, IL",5,1,6,0,4,11,4,89
"Sarasota/Bradenton, FL","Boston, MA",54,1,49,0,45,82,18,439
"Sarasota/Bradenton, FL","Buffalo, NY",6,0,8,0,6,9,2,43
"Sarasota/Bradenton, FL","Cedar Rapids/Iowa City, IA",1,0,1,0,0,2,2,31
"Sarasota/Bradenton, FL","Charlotte, NC",137,18,160,0,270,353,63,1797
"Sarasota/Bradenton, FL","Chicago, IL",146,12,170,2,165,284,29,1313
"Sarasota/Bradenton, FL","Cincinnati, OH",19,2,20,0,31,40,8,242
"Sarasota/Bradenton, FL","Cleveland, OH",31,2,62,0,60,95,9,270
"Sarasota/Bradenton, FL","Columbus, OH",27,4,19,0,37,47,16,268
"Sarasota/Bradenton, FL","Dallas, TX",14,2,24,0,30,37,3,128
"Sarasota/Bradenton, FL","Dallas/Fort Worth, TX",45,17,67,0,101,132,19,377
"Sarasota/Bradenton, FL","Denver, CO",34,0,31,0,32,49,3,191
"Sarasota/Bradenton, FL","Des Moines, IA",2,2,5,0,8,11,4,72
"Sarasota/Bradenton, FL","Detroit, MI",12,1,15,0,16,24,0,101
"Sarasota/Bradenton, FL","Flint, MI",10,0,12,0,23,25,4,158
"Sarasota/Bradenton, FL","Fort Wayne, IN",3,0,4,0,2,6,3,92
"Sarasota/Bradenton, FL","Grand Rapids, MI",7,2,11,0,20,22,5,144
"Sarasota/Bradenton, FL","Harrisburg, PA",7,0,7,0,6,12,2,91
"Sarasota/Bradenton, FL","Houston, TX",25,6,27,0,40,50,24,283
"Sarasota/Bradenton, FL","Indianapolis, IN",34,2,22,0,62,69,23,315
"Sarasota/Bradenton, FL","Kansas City, MO",2,0,2,0,5,5,0,15
"Sarasota/Bradenton, FL","Louisville, KY",6,2,5,0,10,14,0,71
"Sarasota/Bradenton, FL","Milwaukee, WI",0,0,1,0,1,1,1,10
"Sarasota/Bradenton, FL","Minneapolis, MN",10,1,15,0,18,29,7,239
"Sarasota/Bradenton, FL","Nashville, TN",54,7,41,3,71,103,20,643
"Sarasota/Bradenton, FL","New York, NY",133,7,108,0,146,220,37,1072
"Sarasota/Bradenton, FL","Newark, NJ",61,4,76,0,47,127,36,939
"Sarasota/Bradenton, FL","Peoria, IL",4,1,3,0,2,7,4,100
"Sarasota/Bradenton, FL","Philadelphia, PA",49,10,58,0,103,131,27,645
"Sarasota/Bradenton, FL","Pittsburgh, PA",28,1,26,1,41,50,16,253
"Sarasota/Bradenton, FL","Plattsburgh, NY",2,0,8,0,2,8,5,60
"Sarasota/Bradenton, FL","Portsmouth, NH",1,0,0,0,0,1,1,12
"Sarasota/Bradenton, FL","Rockford, IL",4,0,7,0,3,7,3,70
"Sarasota/Bradenton, FL","South Bend, IN",7,1,3,0,2,9,3,96
"Sarasota/Bradenton, FL","St. Louis, MO",31,1,19,1,42,50,7,336
"Sarasota/Bradenton, FL","Syracuse, NY",0,0,5,0,1,5,2,89
"Sarasota/Bradenton, FL","Washington, DC",61,3,65,1,84,125,18,610
"Sault Ste. Marie, MI","Detroit, MI",63,22,31,0,0,82,4,364
"Sault Ste. Marie, MI","Minneapolis, MN",57,6,17,1,0,63,6,364
"Savannah, GA","Akron, OH",24,1,10,0,5,28,1,154
"Savannah, GA","Appleton, WI",0,0,4,0,1,3,2,35
"Savannah, GA","Atlanta, GA",206,59,193,0,215,374,21,2835
"Savannah, GA","Baltimore, MD",88,5,78,0,111,160,9,971
"Savannah, GA","Belleville, IL",2,0,3,0,2,5,0,25
"Savannah, GA","Boston, MA",83,6,90,1,92,147,6,613
"Savannah, GA","Charlotte, NC",213,53,205,1,360,496,27,2829
"Savannah, GA","Chicago, IL",148,10,124,1,116,246,17,1578
"Savannah, GA","Cincinnati, OH",25,3,13,0,21,36,3,174
"Savannah, GA","Cleveland, OH",1,0,6,0,8,11,1,40
"Savannah, GA","Columbus, OH",12,1,7,0,7,18,0,114
"Savannah, GA","Dallas, TX",69,4,58,0,74,93,1,376
"Savannah, GA","Dallas/Fort Worth, TX",144,23,124,2,172,264,31,996
"Savannah, GA","Denver, CO",50,5,40,0,43,79,6,408
"Savannah, GA","Detroit, MI",26,4,12,0,26,30,3,250
"Savannah, GA","Fort Lauderdale, FL",1,0,0,0,2,3,0,16
"Savannah, GA","Grand Rapids, MI",2,1,3,0,2,5,1,35
"Savannah, GA","Houston, TX",41,1,21,0,49,60,2,271
"Savannah, GA","Indianapolis, IN",4,0,5,0,4,9,0,35
"Savannah, GA","Louisville, KY",2,3,0,0,3,5,0,20
"Savannah, GA","Miami, FL",68,3,50,2,47,94,13,802
"Savannah, GA","Minneapolis, MN",36,8,31,0,35,67,2,250
"Savannah, GA","Nashville, TN",85,4,37,1,138,144,5,712
"Savannah, GA","New York, NY",251,60,212,0,247,427,76,2538
"Savannah, GA","Newark, NJ",43,7,110,0,38,140,15,938
"Savannah, GA","Philadelphia, PA",82,28,75,3,114,172,17,978
"Savannah, GA","Pittsburgh, PA",11,3,10,2,16,26,1,104
"Savannah, GA","Punta Gorda, FL",2,2,4,0,0,4,1,17
"Savannah, GA","St. Louis, MO",4,0,1,0,4,5,0,9
"Savannah, GA","St. Petersburg, FL",2,1,3,0,0,4,0,17
"Savannah, GA","Washington, DC",88,9,92,1,67,146,14,980
"Scottsbluff, NE","Denver, CO",40,8,41,0,28,85,17,627
"Scranton/Wilkes-Barre, PA","Charlotte, NC",89,14,99,1,152,212,12,1064
"Scranton/Wilkes-Barre, PA","Chicago, IL",65,18,70,1,70,124,8,528
"Seattle, WA","Albuquerque, NM",35,0,53,0,70,104,2,416
"Seattle, WA","Anchorage, AK",1062,30,1295,8,785,1909,74,7590
"Seattle, WA","Atlanta, GA",387,21,402,1,235,659,40,3537
"Seattle, WA","Austin, TX",222,4,328,3,165,468,17,2023
"Seattle, WA","Baltimore, MD",57,2,77,1,67,129,9,595
"Seattle, WA","Bellingham, WA",52,11,87,1,91,152,6,965
"Seattle, WA","Bend/Redmond, OR",158,38,139,5,76,272,30,1671
"Seattle, WA","Boise, ID",366,94,290,10,131,594,8,3716
"Seattle, WA","Boston, MA",311,33,400,2,257,607,20,2580
"Seattle, WA","Bozeman, MT",64,1,74,0,110,162,8,704
"Seattle, WA","Buffalo, NY",0,0,0,0,0,0,0,1
"Seattle, WA","Burbank, CA",159,3,262,0,203,391,30,1551
"Seattle, WA","Cedar Rapids/Iowa City, IA",0,0,0,0,0,0,0,1
"Seattle, WA","Charleston, SC",22,1,46,0,25,61,8,350
"Seattle, WA","Charlotte, NC",163,10,118,1,111,239,17,1320
"Seattle, WA","Chicago, IL",663,20,739,7,539,1173,51,5574
"Seattle, WA","Cincinnati, OH",50,1,67,0,49,111,13,714
"Seattle, WA","Cleveland, OH",31,3,87,0,54,110,6,477
"Seattle, WA","Columbus, OH",50,1,41,0,47,99,6,472
"Seattle, WA","Dallas, TX",25,3,49,0,23,68,7,393
"Seattle, WA","Dallas/Fort Worth, TX",645,44,732,4,581,1170,90,5010
"Seattle, WA","Denver, CO",729,34,660,9,756,1313,71,6729
"Seattle, WA","Detroit, MI",196,5,195,0,149,330,18,2080
"Seattle, WA","Eagle, CO",0,0,0,0,0,0,0,6
"Seattle, WA","Eugene, OR",119,39,95,0,40,207,19,1350
"Seattle, WA","Fairbanks, AK",302,13,371,5,239,588,22,2331
"Seattle, WA","Fort Lauderdale, FL",61,10,100,0,29,149,27,904
"Seattle, WA","Fort Myers, FL",14,3,20,0,16,35,7,166
"Seattle, WA","Fresno, CA",72,2,84,1,66,146,9,864
"Seattle, WA","Great Falls, MT",2,0,0,0,10,12,0,129
"Seattle, WA","Green Bay, WI",0,0,0,0,0,0,0,1
"Seattle, WA","Harrisburg, PA",0,0,0,0,0,0,0,1
"Seattle, WA","Hayden, CO",1,0,1,0,0,1,0,3
"Seattle, WA","Helena, MT",6,0,5,0,4,11,0,92
"Seattle, WA","Honolulu, HI",377,23,357,4,187,655,44,2912
"Seattle, WA","Houston, TX",223,9,243,3,185,423,50,2147
"Seattle, WA","Indianapolis, IN",59,3,70,0,75,130,9,540
"Seattle, WA","Jackson, WY",8,1,9,2,7,19,1,163
"Seattle, WA","Juneau, AK",252,10,291,1,183,440,17,1612
"Seattle, WA","Kahului, HI",166,7,114,0,94,282,37,1750
"Seattle, WA","Kalispell, MT",0,0,0,0,0,0,0,6
"Seattle, WA","Kansas City, MO",122,6,149,2,122,243,11,1173
"Seattle, WA","Ketchikan, AK",153,8,145,0,112,275,8,1423
"Seattle, WA","Kona, HI",115,10,149,1,110,260,28,1368
"Seattle, WA","Las Vegas, NV",700,74,885,7,631,1449,68,6627
"Seattle, WA","Lewiston, ID",31,10,15,1,0,46,2,366
"Seattle, WA","Lihue, HI",93,11,135,2,78,211,4,1069
"Seattle, WA","Los Angeles, CA",699,25,621,9,458,1210,73,7380
"Seattle, WA","Medford, OR",95,37,57,0,0,129,8,996
"Seattle, WA","Miami, FL",90,14,95,3,58,161,17,789
"Seattle, WA","Milwaukee, WI",39,3,61,0,22,79,4,473
"Seattle, WA","Minneapolis, MN",227,13,231,2,156,398,20,2731
"Seattle, WA","Missoula, MT",38,1,82,0,45,87,0,256
"Seattle, WA","Monterey, CA",6,2,13,0,13,21,0,138
"Seattle, WA","Nashville, TN",149,1,156,1,140,275,9,1312
"Seattle, WA","New Orleans, LA",73,2,78,2,74,150,3,701
"Seattle, WA","New York, NY",322,26,404,2,224,641,48,2935
"Seattle, WA","Newark, NJ",170,23,257,1,159,404,42,2024
"Seattle, WA","Oakland, CA",386,2,262,7,427,575,20,2262
"Seattle, WA","Oklahoma City, OK",24,0,31,0,9,49,7,347
"Seattle, WA","Omaha, NE",47,1,67,1,46,100,6,470
"Seattle, WA","Ontario, CA",238,26,186,2,163,408,27,2518
"Seattle, WA","Orlando, FL",148,17,250,1,116,354,61,1853
"Seattle, WA","Palm Springs, CA",133,4,155,4,121,271,26,1684
"Seattle, WA","Pasco/Kennewick/Richland, WA",187,54,165,15,86,329,10,1771
"Seattle, WA","Philadelphia, PA",160,8,219,7,162,323,17,1055
"Seattle, WA","Phoenix, AZ",845,28,747,1,696,1392,62,7176
"Seattle, WA","Pittsburgh, PA",44,0,59,0,40,94,4,434
"Seattle, WA","Portland, OR",654,96,543,4,376,1083,45,5259
"Seattle, WA","Raleigh/Durham, NC",90,2,112,2,80,179,8,892
"Seattle, WA","Redding, CA",19,1,27,1,29,53,0,259
"Seattle, WA","Reno, NV",86,2,117,1,105,197,4,835
"Seattle, WA","Sacramento, CA",494,50,369,10,419,802,21,4119
"Seattle, WA","Salt Lake City, UT",353,10,296,1,325,610,30,3985
"Seattle, WA","San Antonio, TX",74,1,86,1,91,160,4,633
"Seattle, WA","San Diego, CA",446,25,600,4,349,956,59,4661
"Seattle, WA","San Francisco, CA",679,88,1691,5,507,2138,86,6600
"Seattle, WA","San Jose, CA",498,52,369,2,411,835,39,4523
"Seattle, WA","San Luis Obispo, CA",33,2,43,3,38,83,1,392
"Seattle, WA","Santa Ana, CA",303,6,260,0,201,519,32,3982
"Seattle, WA","Santa Barbara, CA",23,1,24,0,36,57,2,360
"Seattle, WA","Santa Rosa, CA",55,4,56,0,30,95,2,474
"Seattle, WA","Sitka, AK",66,18,72,1,39,123,4,326
"Seattle, WA","Spokane, WA",598,128,490,4,319,1008,32,5189
"Seattle, WA","St. Louis, MO",116,4,132,0,85,197,5,882
"Seattle, WA","Sun Valley/Hailey/Ketchum, ID",3,0,1,0,0,3,0,8
"Seattle, WA","Tampa, FL",118,8,186,1,103,245,20,1011
"Seattle, WA","Tucson, AZ",104,7,113,1,117,212,3,1038
"Seattle, WA","Walla Walla, WA",28,6,39,0,53,92,17,543
"Seattle, WA","Washington, DC",257,11,296,1,211,522,41,2977
"Sheridan, WY","Denver, CO",61,3,37,1,16,85,14,730
"Shreveport, LA","Atlanta, GA",71,17,60,0,80,151,23,1337
"Shreveport, LA","Charlotte, NC",66,44,62,1,83,131,12,837
"Shreveport, LA","Dallas/Fort Worth, TX",139,143,214,2,282,428,50,1925
"Shreveport, LA","Denver, CO",34,3,11,0,1,37,1,222
"Shreveport, LA","Houston, TX",1,0,1,0,0,1,0,19
"Shreveport, LA","Las Vegas, NV",16,3,13,0,12,23,1,107
"Shreveport, LA","Sanford, FL",6,1,5,0,8,9,2,22
"Shreveport, LA","Valparaiso, FL",2,1,4,0,4,6,0,22
"Sioux City, IA","Chicago, IL",51,9,21,0,19,77,8,364
"Sioux City, IA","Denver, CO",30,5,37,0,32,73,6,366
"Sioux Falls, SD","Atlanta, GA",34,19,45,0,4,66,3,369
"Sioux Falls, SD","Austin, TX",2,0,7,0,9,11,0,49
"Sioux Falls, SD","Chicago, IL",80,20,103,1,73,171,30,1179
"Sioux Falls, SD","Dallas/Fort Worth, TX",115,64,109,11,124,215,13,904
"Sioux Falls, SD","Denver, CO",116,20,171,1,88,288,18,1712
"Sioux Falls, SD","Fort Lauderdale, FL",8,1,9,0,9,15,0,33
"Sioux Falls, SD","Las Vegas, NV",12,4,27,1,27,39,0,178
"Sioux Falls, SD","Los Angeles, CA",4,1,3,0,6,7,1,22
"Sioux Falls, SD","Minneapolis, MN",144,111,172,1,48,324,16,1547
"Sioux Falls, SD","Nashville, TN",3,2,12,0,17,20,3,119
"Sioux Falls, SD","Phoenix, AZ",74,27,62,2,59,123,2,683
"Sioux Falls, SD","Punta Gorda, FL",3,1,5,0,7,10,1,46
"Sioux Falls, SD","Sanford, FL",6,2,11,0,7,14,1,94
"Sioux Falls, SD","St. Cloud, MN",1,0,1,0,0,1,0,1
"Sioux Falls, SD","St. Petersburg, FL",12,5,15,0,13,26,2,97
"Sitka, AK","Juneau, AK",22,13,61,2,53,95,12,729
"Sitka, AK","Ketchikan, AK",8,1,20,0,27,34,6,366
"Sitka, AK","Seattle, WA",33,5,33,4,34,73,6,326
"South Bend, IN","Atlanta, GA",162,45,57,0,0,209,9,1029
"South Bend, IN","Boston, MA",0,0,0,0,0,0,0,2
"South Bend, IN","Charlotte, NC",191,28,149,1,159,250,10,1166
"South Bend, IN","Chicago, IL",204,24,160,1,139,388,52,1987
"South Bend, IN","Dallas/Fort Worth, TX",154,26,78,1,7,190,12,869
"South Bend, IN","Detroit, MI",82,6,18,0,0,86,2,367
"South Bend, IN","Knoxville, TN",0,0,0,0,3,3,2,58
"South Bend, IN","Las Vegas, NV",8,1,12,0,8,15,0,105
"South Bend, IN","Miami, FL",0,0,0,0,0,0,0,1
"South Bend, IN","Minneapolis, MN",49,10,16,0,0,58,1,366
"South Bend, IN","New York, NY",2,0,1,0,2,3,0,23
"South Bend, IN","Newark, NJ",3,0,1,0,1,3,1,11
"South Bend, IN","Philadelphia, PA",1,0,0,0,1,1,0,2
"South Bend, IN","Phoenix, AZ",9,1,10,0,3,13,1,108
"South Bend, IN","Punta Gorda, FL",14,6,20,0,30,44,2,177
"South Bend, IN","San Francisco, CA",1,0,1,0,0,1,0,1
"South Bend, IN","Sanford, FL",20,2,22,0,26,36,3,150
"South Bend, IN","Sarasota/Bradenton, FL",1,0,12,0,10,14,3,96
"South Bend, IN","St. Petersburg, FL",13,2,16,0,17,32,3,125
"South Bend, IN","Tallahassee, FL",0,0,0,0,0,0,0,1
"South Bend, IN","Washington, DC",7,3,6,0,3,10,0,41
"Spokane, WA","Atlanta, GA",22,1,31,0,37,60,5,471
"Spokane, WA","Boise, ID",31,14,69,0,53,100,5,859
"Spokane, WA","Charlotte, NC",10,0,8,0,21,23,1,91
"Spokane, WA","Chicago, IL",8,2,3,0,2,11,1,143
"Spokane, WA","Dallas, TX",2,0,0,0,2,2,0,9
"Spokane, WA","Dallas/Fort Worth, TX",93,8,84,3,115,178,8,687
"Spokane, WA","Denver, CO",119,3,127,1,133,244,21,1905
"Spokane, WA","Las Vegas, NV",53,7,76,3,73,130,1,758
"Spokane, WA","Los Angeles, CA",43,9,33,0,5,69,9,770
"Spokane, WA","Minneapolis, MN",64,2,87,0,68,138,8,807
"Spokane, WA","Oakland, CA",41,0,33,1,49,76,0,651
"Spokane, WA","Phoenix, AZ",115,9,75,2,95,181,3,1315
"Spokane, WA","Portland, OR",14,4,27,0,33,50,7,349
"Spokane, WA","Sacramento, CA",49,0,30,0,63,73,0,601
"Spokane, WA","Salt Lake City, UT",97,10,78,0,113,214,10,1649
"Spokane, WA","San Diego, CA",18,4,37,0,0,43,4,350
"Spokane, WA","San Francisco, CA",42,6,63,0,20,102,5,538
"Spokane, WA","San Jose, CA",30,0,18,1,40,45,1,353
"Spokane, WA","Santa Ana, CA",7,1,7,0,4,11,2,34
"Spokane, WA","Seattle, WA",351,116,368,1,249,722,36,5187
"Springfield, IL","Punta Gorda, FL",18,4,20,1,18,35,2,107
"Springfield, MO","Atlanta, GA",104,28,80,0,79,184,6,1178
"Springfield, MO","Charlotte, NC",189,61,173,1,231,316,8,1286
"Springfield, MO","Chicago, IL",205,51,169,0,156,387,21,1711
"Springfield, MO","Dallas/Fort Worth, TX",368,151,387,4,380,670,54,3045
"Springfield, MO","Denver, CO",102,16,70,0,54,186,7,943
"Springfield, MO","Houston, TX",36,5,20,0,14,54,1,265
"Springfield, MO","Las Vegas, NV",6,0,12,0,12,18,1,116
"Springfield, MO","Los Angeles, CA",19,1,15,1,21,27,0,104
"Springfield, MO","Phoenix, AZ",12,1,16,0,10,21,0,163
"Springfield, MO","Punta Gorda, FL",9,2,8,0,11,16,4,91
"Springfield, MO","Sanford, FL",27,2,26,0,27,45,1,154
"Springfield, MO","St. Petersburg, FL",12,1,26,0,32,46,3,169
"Springfield, MO","Valparaiso, FL",3,0,4,0,5,8,2,55
"St. Cloud, MN","Phoenix, AZ",4,2,4,1,1,10,2,107
"St. Cloud, MN","Punta Gorda, FL",2,1,7,0,5,10,0,42
"St. George, UT","Dallas/Fort Worth, TX",36,9,32,0,18,65,2,270
"St. George, UT","Denver, CO",58,12,35,1,17,104,7,725
"St. George, UT","Los Angeles, CA",7,1,0,0,1,9,0,97
"St. George, UT","Phoenix, AZ",53,3,36,0,14,69,0,611
"St. George, UT","Salt Lake City, UT",86,36,43,1,0,119,0,1320
"St. Louis, MO","Atlanta, GA",224,16,230,1,311,491,22,3448
"St. Louis, MO","Austin, TX",85,6,94,1,135,170,4,883
"St. Louis, MO","Baltimore, MD",119,10,94,1,150,210,14,1335
"St. Louis, MO","Boston, MA",176,19,207,0,231,350,20,1574
"St. Louis, MO","Burbank, CA",40,0,41,0,32,53,0,210
"St. Louis, MO","Charleston, SC",5,0,2,0,3,6,0,34
"St. Louis, MO","Charlotte, NC",230,35,203,3,263,404,19,1999
"St. Louis, MO","Chicago, IL",440,70,419,4,527,857,54,4497
"St. Louis, MO","Cleveland, OH",105,6,47,0,115,160,3,705
"St. Louis, MO","Columbus, OH",76,2,33,2,86,117,3,657
"St. Louis, MO","Dallas, TX",221,17,210,1,285,422,21,2090
"St. Louis, MO","Dallas/Fort Worth, TX",289,60,313,1,339,576,56,2394
"St. Louis, MO","Denver, CO",444,38,373,3,482,766,38,3883
"St. Louis, MO","Des Moines, IA",67,2,31,0,120,139,6,681
"St. Louis, MO","Detroit, MI",148,14,76,0,142,235,9,1865
"St. Louis, MO","Fort Lauderdale, FL",120,7,145,0,132,229,11,892
"St. Louis, MO","Fort Myers, FL",109,3,85,2,121,186,19,876
"St. Louis, MO","Houston, TX",274,17,260,1,291,490,29,2292
"St. Louis, MO","Jacksonville, FL",37,0,24,0,31,52,3,377
"St. Louis, MO","Kansas City, MO",139,7,47,0,171,218,8,1049
"St. Louis, MO","Las Vegas, NV",216,14,200,2,286,414,15,2101
"St. Louis, MO","Little Rock, AR",66,3,31,0,114,127,3,679
"St. Louis, MO","Long Beach, CA",51,1,29,0,62,78,1,365
"St. Louis, MO","Los Angeles, CA",186,19,139,1,180,262,7,1177
"St. Louis, MO","Miami, FL",98,16,130,0,94,194,13,958
"St. Louis, MO","Milwaukee, WI",68,2,36,0,93,109,8,674
"St. Louis, MO","Minneapolis, MN",158,19,149,0,203,330,16,2022
"St. Louis, MO","Myrtle Beach, SC",9,0,3,0,6,10,1,52
"St. Louis, MO","Nashville, TN",85,4,38,2,129,163,9,1238
"St. Louis, MO","New Orleans, LA",71,3,52,0,85,126,5,704
"St. Louis, MO","New York, NY",262,39,308,1,318,575,98,3726
"St. Louis, MO","Newark, NJ",84,7,114,0,74,188,20,1051
"St. Louis, MO","Norfolk, VA",1,0,2,0,0,3,0,17
"St. Louis, MO","Oakland, CA",72,3,50,0,59,99,0,231
"St. Louis, MO","Oklahoma City, OK",92,3,51,0,120,155,3,697
"St. Louis, MO","Omaha, NE",85,2,49,0,117,151,6,765
"St. Louis, MO","Orlando, FL",215,17,234,6,300,458,47,2402
"St. Louis, MO","Panama City, FL",26,2,21,1,31,50,1,309
"St. Louis, MO","Pensacola, FL",14,1,10,0,17,27,0,178
"St. Louis, MO","Philadelphia, PA",164,18,145,0,189,299,29,1626
"St. Louis, MO","Phoenix, AZ",321,21,203,0,299,463,8,2383
"St. Louis, MO","Pittsburgh, PA",44,2,13,0,55,66,1,387
"St. Louis, MO","Portland, OR",12,1,12,0,11,18,0,59
"St. Louis, MO","Raleigh/Durham, NC",58,2,29,0,62,85,2,631
"St. Louis, MO","Sacramento, CA",85,0,48,3,84,108,0,372
"St. Louis, MO","Salt Lake City, UT",61,5,28,0,52,100,4,955
"St. Louis, MO","San Antonio, TX",62,2,47,1,91,113,1,550
"St. Louis, MO","San Diego, CA",91,6,71,0,74,127,1,573
"St. Louis, MO","San Francisco, CA",76,6,92,0,75,147,0,500
"St. Louis, MO","San Jose, CA",58,1,34,1,71,85,0,304
"St. Louis, MO","San Juan, PR",6,0,13,0,2,12,0,39
"St. Louis, MO","Sarasota/Bradenton, FL",42,0,39,0,56,82,8,338
"St. Louis, MO","Savannah, GA",2,0,2,0,2,3,0,9
"St. Louis, MO","Seattle, WA",65,4,117,0,57,151,9,882
"St. Louis, MO","Tampa, FL",137,5,105,1,166,242,20,1147
"St. Louis, MO","Tulsa, OK",77,4,33,0,98,130,2,694
"St. Louis, MO","Valparaiso, FL",4,0,2,0,2,5,0,55
"St. Louis, MO","Washington, DC",221,24,211,0,227,392,24,2296
"St. Louis, MO","West Palm Beach/Palm Beach, FL",4,0,13,0,9,15,0,25
"St. Louis, MO","Wichita, KS",64,4,32,2,116,141,4,685
"St. Petersburg, FL","Akron, OH",4,5,6,0,7,14,3,104
"St. Petersburg, FL","Albany, NY",6,2,11,0,3,15,2,126
"St. Petersburg, FL","Allentown/Bethlehem/Easton, PA",18,13,21,0,33,55,6,261
"St. Petersburg, FL","Appleton, WI",6,6,17,0,22,30,5,171
"St. Petersburg, FL","Asheville, NC",39,22,57,0,60,104,20,488
"St. Petersburg, FL","Ashland, WV",21,9,28,0,14,41,6,168
"St. Petersburg, FL","Bangor, ME",15,6,24,0,7,31,8,196
"St. Petersburg, FL","Belleville, IL",17,9,16,0,14,30,5,146
"St. Petersburg, FL","Bismarck/Mandan, ND",1,3,0,0,0,4,3,67
"St. Petersburg, FL","Bloomington/Normal, IL",8,5,9,0,7,15,2,108
"St. Petersburg, FL","Bristol/Johnson City/Kingsport, TN",8,2,8,0,5,12,3,55
"St. Petersburg, FL","Cedar Rapids/Iowa City, IA",12,2,13,0,3,19,4,149
"St. Petersburg, FL","Chattanooga, TN",10,10,18,0,17,33,5,116
"St. Petersburg, FL","Cincinnati, OH",36,27,61,0,68,109,6,364
"St. Petersburg, FL","Clarksburg/Fairmont, WV",3,0,2,0,1,4,1,57
"St. Petersburg, FL","Columbus, OH",10,7,17,0,13,27,3,140
"St. Petersburg, FL","Concord, NC",16,8,29,0,24,42,6,215
"St. Petersburg, FL","Dayton, OH",11,3,11,0,8,17,6,106
"St. Petersburg, FL","Des Moines, IA",13,7,30,0,35,49,4,168
"St. Petersburg, FL","Elmira/Corning, NY",9,2,9,0,3,18,2,119
"St. Petersburg, FL","Evansville, IN",5,6,4,0,4,12,2,58
"St. Petersburg, FL","Fargo, ND",1,1,3,0,2,5,0,47
"St. Petersburg, FL","Fayetteville, AR",3,3,4,0,1,9,2,66
"St. Petersburg, FL","Flint, MI",22,17,30,0,46,60,3,235
"St. Petersburg, FL","Fort Wayne, IN",18,7,22,0,19,38,6,179
"St. Petersburg, FL","Grand Rapids, MI",26,19,37,0,46,73,8,348
"St. Petersburg, FL","Greensboro/High Point, NC",8,5,13,0,10,20,2,96
"St. Petersburg, FL","Greer, SC",7,8,18,0,17,28,3,120
"St. Petersburg, FL","Hagerstown, MD",11,5,9,0,9,19,3,100
"St. Petersburg, FL","Harrisburg, PA",10,2,9,0,6,17,3,156
"St. Petersburg, FL","Indianapolis, IN",28,14,28,0,42,56,9,228
"St. Petersburg, FL","Kansas City, MO",6,1,6,0,2,10,1,78
"St. Petersburg, FL","Key West, FL",13,5,15,0,6,24,5,169
"St. Petersburg, FL","Knoxville, TN",46,34,77,0,90,130,15,457
"St. Petersburg, FL","Lexington, KY",24,6,31,0,26,46,4,188
"St. Petersburg, FL","Little Rock, AR",6,2,4,0,3,11,0,24
"St. Petersburg, FL","Louisville, KY",9,5,18,0,17,28,3,116
"St. Petersburg, FL","Memphis, TN",8,2,10,0,13,17,1,68
"St. Petersburg, FL","Mission/McAllen/Edinburg, TX",3,1,4,0,0,5,1,32
"St. Petersburg, FL","Moline, IL",7,3,5,0,4,11,2,85
"St. Petersburg, FL","Nashville, TN",7,12,12,0,23,33,2,111
"St. Petersburg, FL","Newburgh/Poughkeepsie, NY",4,5,5,0,3,12,2,108
"St. Petersburg, FL","Niagara Falls, NY",5,6,13,0,3,15,4,118
"St. Petersburg, FL","Norfolk, VA",2,0,2,0,1,3,0,22
"St. Petersburg, FL","Omaha, NE",7,0,5,0,3,10,3,105
"St. Petersburg, FL","Peoria, IL",10,3,13,0,2,19,4,153
"St. Petersburg, FL","Pittsburgh, PA",18,12,25,0,31,45,4,154
"St. Petersburg, FL","Plattsburgh, NY",10,1,9,0,3,18,3,106
"St. Petersburg, FL","Portsmouth, NH",2,3,4,0,3,8,0,38
"St. Petersburg, FL","Provo, UT",1,1,1,0,1,2,0,2
"St. Petersburg, FL","Richmond, VA",11,9,20,0,9,29,1,95
"St. Petersburg, FL","Roanoke, VA",14,5,16,0,21,29,5,127
"St. Petersburg, FL","Rockford, IL",20,9,18,0,11,33,3,137
"St. Petersburg, FL","Savannah, GA",3,1,1,0,4,6,0,17
"St. Petersburg, FL","Sioux Falls, SD",9,2,9,0,1,17,2,97
"St. Petersburg, FL","South Bend, IN",7,5,10,0,4,16,3,125
"St. Petersburg, FL","Springfield, MO",16,12,22,0,9,35,3,169
"St. Petersburg, FL","Syracuse, NY",5,4,8,1,4,16,3,139
"St. Petersburg, FL","Toledo, OH",5,2,2,0,0,8,2,123
"St. Petersburg, FL","Traverse City, MI",8,1,6,0,0,13,1,103
"St. Petersburg, FL","Tulsa, OK",1,2,3,0,4,6,0,56
"St. Petersburg, FL","Valparaiso, FL",0,2,1,0,0,2,0,2
"St. Petersburg, FL","Wichita, KS",0,2,2,0,0,3,0,22
"State College, PA","Chicago, IL",49,12,51,0,48,116,8,561
"State College, PA","Dallas/Fort Worth, TX",0,0,0,0,0,0,0,1
"State College, PA","Philadelphia, PA",1,0,2,0,0,2,2,13
"Stillwater, OK","Dallas/Fort Worth, TX",68,21,45,1,11,103,15,730
"Stockton, CA","Las Vegas, NV",67,10,95,6,91,143,2,399
"Stockton, CA","Phoenix, AZ",25,5,16,6,31,40,0,116
"Sun Valley/Hailey/Ketchum, ID","Chicago, IL",16,2,17,0,14,32,4,133
"Sun Valley/Hailey/Ketchum, ID","Denver, CO",35,7,20,0,15,65,9,610
"Sun Valley/Hailey/Ketchum, ID","Los Angeles, CA",12,4,11,0,9,28,2,242
"Sun Valley/Hailey/Ketchum, ID","Salt Lake City, UT",31,28,25,0,0,59,3,772
"Sun Valley/Hailey/Ketchum, ID","San Francisco, CA",25,8,63,0,17,90,4,240
"Sun Valley/Hailey/Ketchum, ID","Seattle, WA",5,0,2,0,0,5,0,8
"Syracuse, NY","Atlanta, GA",68,9,62,0,60,126,10,1055
"Syracuse, NY","Baltimore, MD",56,0,40,0,79,99,5,625
"Syracuse, NY","Boston, MA",32,1,26,0,2,42,8,363
"Syracuse, NY","Charlotte, NC",169,20,175,1,222,310,15,1209
"Syracuse, NY","Chicago, IL",141,20,218,1,119,292,13,1609
"Syracuse, NY","Dallas/Fort Worth, TX",46,3,36,0,3,65,4,350
"Syracuse, NY","Denver, CO",19,4,24,0,13,45,5,442
"Syracuse, NY","Detroit, MI",112,33,79,0,39,187,9,1301
"Syracuse, NY","Fort Lauderdale, FL",28,5,24,0,25,46,1,118
"Syracuse, NY","Fort Myers, FL",5,2,19,0,18,28,0,75
"Syracuse, NY","Miami, FL",3,0,4,0,0,4,0,31
"Syracuse, NY","Minneapolis, MN",18,5,12,0,1,25,2,232
"Syracuse, NY","Myrtle Beach, SC",5,0,5,0,3,8,0,38
"Syracuse, NY","Nashville, TN",18,2,10,0,21,31,3,165
"Syracuse, NY","New York, NY",199,39,225,1,147,367,73,2502
"Syracuse, NY","Newark, NJ",18,2,69,0,9,81,12,602
"Syracuse, NY","Orlando, FL",121,3,101,0,144,207,13,909
"Syracuse, NY","Philadelphia, PA",18,1,8,0,9,24,3,188
"Syracuse, NY","Punta Gorda, FL",8,3,8,0,9,15,1,59
"Syracuse, NY","Raleigh/Durham, NC",5,0,7,0,6,11,5,47
"Syracuse, NY","Sanford, FL",14,2,17,1,14,25,1,91
"Syracuse, NY","Sarasota/Bradenton, FL",8,0,13,0,4,14,2,89
"Syracuse, NY","St. Petersburg, FL",10,2,18,0,12,24,3,139
"Syracuse, NY","Tampa, FL",3,0,6,0,4,6,0,14
"Syracuse, NY","Washington, DC",87,13,85,1,114,166,14,1123
"Tallahassee, FL","Atlanta, GA",87,17,130,0,137,244,29,2034
"Tallahassee, FL","Charlotte, NC",98,33,113,1,117,198,15,994
"Tallahassee, FL","Dallas/Fort Worth, TX",139,43,129,3,145,238,21,1090
"Tallahassee, FL","Fort Lauderdale, FL",18,1,16,0,33,40,6,298
"Tallahassee, FL","Miami, FL",186,20,138,3,212,287,27,1314
"Tallahassee, FL","Raleigh/Durham, NC",0,0,0,0,0,0,0,2
"Tallahassee, FL","South Bend, IN",0,0,0,0,0,0,0,1
"Tallahassee, FL","Washington, DC",27,7,56,0,3,68,6,364
"Tampa, FL","Aguadilla, PR",41,1,16,0,37,51,2,187
"Tampa, FL","Albany, NY",19,0,9,0,20,26,5,185
"Tampa, FL","Atlanta, GA",610,83,864,0,878,1404,135,6761
"Tampa, FL","Atlantic City, NJ",24,5,40,0,21,55,12,394
"Tampa, FL","Austin, TX",151,17,155,0,175,251,23,1026
"Tampa, FL","Baltimore, MD",300,27,305,0,423,590,76,3253
"Tampa, FL","Birmingham, AL",62,7,41,1,80,101,8,406
"Tampa, FL","Boston, MA",337,22,304,0,295,549,73,2628
"Tampa, FL","Buffalo, NY",76,6,75,0,77,127,23,813
"Tampa, FL","Burlington, VT",1,0,0,0,1,1,0,5
"Tampa, FL","Charleston, SC",2,0,3,0,3,6,1,44
"Tampa, FL","Charlotte, NC",383,114,505,2,608,878,113,3813
"Tampa, FL","Chicago, IL",461,78,568,2,557,952,136,4896
"Tampa, FL","Cincinnati, OH",123,13,92,0,189,251,31,984
"Tampa, FL","Cleveland, OH",127,6,107,0,174,238,27,1053
"Tampa, FL","Columbus, OH",107,10,75,0,134,184,22,893
"Tampa, FL","Dallas, TX",180,22,201,1,220,330,30,1345
"Tampa, FL","Dallas/Fort Worth, TX",402,105,473,3,485,790,93,2969
"Tampa, FL","Denver, CO",388,28,381,1,404,671,82,3261
"Tampa, FL","Detroit, MI",216,24,247,1,263,435,51,2335
"Tampa, FL","Fort Lauderdale, FL",70,12,126,0,128,210,32,1197
"Tampa, FL","Grand Rapids, MI",13,0,13,0,15,22,2,85
"Tampa, FL","Hartford, CT",121,6,77,1,106,164,14,959
"Tampa, FL","Houston, TX",289,40,338,1,326,567,84,2906
"Tampa, FL","Indianapolis, IN",125,15,92,0,168,235,32,1132
"Tampa, FL","Islip, NY",57,4,41,0,70,89,7,453
"Tampa, FL","Kansas City, MO",75,9,72,0,88,121,18,598
"Tampa, FL","Knoxville, TN",0,0,1,0,1,1,0,2
"Tampa, FL","Las Vegas, NV",96,15,125,0,84,167,25,966
"Tampa, FL","Los Angeles, CA",118,29,116,0,82,204,19,1103
"Tampa, FL","Louisville, KY",40,1,34,0,44,64,8,418
"Tampa, FL","Manchester, NH",15,1,18,0,13,23,2,103
"Tampa, FL","Memphis, TN",7,3,13,0,10,17,1,59
"Tampa, FL","Miami, FL",291,61,208,2,330,496,80,2601
"Tampa, FL","Milwaukee, WI",69,4,66,0,80,119,15,501
"Tampa, FL","Minneapolis, MN",65,14,115,0,86,176,28,1192
"Tampa, FL","Nashville, TN",287,47,241,2,436,544,56,2287
"Tampa, FL","New Orleans, LA",122,8,122,0,156,214,26,1208
"Tampa, FL","New York, NY",650,33,510,3,563,1011,107,4620
"Tampa, FL","Newark, NJ",276,43,415,0,301,622,118,2961
"Tampa, FL","Norfolk, VA",5,0,6,0,5,11,1,44
"Tampa, FL","Omaha, NE",4,1,4,0,5,5,0,9
"Tampa, FL","Philadelphia, PA",293,37,283,2,428,605,76,2639
"Tampa, FL","Phoenix, AZ",139,19,153,0,78,227,21,1004
"Tampa, FL","Pittsburgh, PA",99,15,86,0,129,185,19,982
"Tampa, FL","Portland, ME",0,0,0,0,0,0,0,6
"Tampa, FL","Portland, OR",3,0,5,0,5,9,0,16
"Tampa, FL","Providence, RI",79,1,48,1,70,106,6,474
"Tampa, FL","Raleigh/Durham, NC",104,5,100,0,138,212,23,1255
"Tampa, FL","Richmond, VA",2,0,6,0,5,9,0,26
"Tampa, FL","Rochester, NY",7,0,4,0,6,9,1,80
"Tampa, FL","Salt Lake City, UT",29,3,17,0,19,40,6,370
"Tampa, FL","San Antonio, TX",69,8,84,0,74,124,7,464
"Tampa, FL","San Diego, CA",23,8,77,1,68,119,23,368
"Tampa, FL","San Francisco, CA",51,9,124,0,55,154,24,584
"Tampa, FL","San Juan, PR",218,10,75,0,190,281,23,1556
"Tampa, FL","Seattle, WA",83,13,179,1,126,265,26,1010
"Tampa, FL","St. Louis, MO",132,16,97,0,164,225,21,1142
"Tampa, FL","Syracuse, NY",5,1,5,0,4,8,0,14
"Tampa, FL","Trenton, NJ",36,4,35,0,41,68,9,361
"Tampa, FL","Washington, DC",348,63,342,3,424,655,72,3145
"Tampa, FL","White Plains, NY",80,4,43,0,64,102,10,366
"Texarkana, AR","Dallas/Fort Worth, TX",76,26,68,0,49,141,21,737
"Toledo, OH","Phoenix, AZ",0,0,1,0,1,1,0,21
"Toledo, OH","Punta Gorda, FL",14,2,23,0,16,30,1,126
"Toledo, OH","Sanford, FL",22,1,18,0,33,38,1,105
"Toledo, OH","St. Petersburg, FL",7,6,13,0,10,23,2,123
"Traverse City, MI","Atlanta, GA",9,0,3,0,4,9,1,30
"Traverse City, MI","Boston, MA",8,3,29,0,14,31,2,117
"Traverse City, MI","Charlotte, NC",32,2,31,1,28,44,1,209
"Traverse City, MI","Chicago, IL",121,30,197,0,153,301,23,1399
"Traverse City, MI","Dallas/Fort Worth, TX",40,1,24,0,41,51,0,133
"Traverse City, MI","Denver, CO",23,1,14,0,14,30,0,166
"Traverse City, MI","Detroit, MI",125,55,85,0,23,211,11,1137
"Traverse City, MI","Fort Lauderdale, FL",5,2,8,0,6,13,1,66
"Traverse City, MI","Houston, TX",5,0,6,0,2,7,0,8
"Traverse City, MI","Minneapolis, MN",53,13,40,0,1,76,0,216
"Traverse City, MI","New York, NY",9,1,10,0,7,14,3,116
"Traverse City, MI","Philadelphia, PA",13,1,14,0,21,22,1,88
"Traverse City, MI","Phoenix, AZ",2,0,5,0,3,5,0,15
"Traverse City, MI","Punta Gorda, FL",8,1,17,0,8,22,3,70
"Traverse City, MI","Sanford, FL",12,0,19,0,14,24,2,93
"Traverse City, MI","St. Petersburg, FL",11,3,21,0,14,30,1,103
"Traverse City, MI","Washington, DC",9,2,9,0,13,18,0,124
"Trenton, NJ","Atlanta, GA",13,1,41,0,40,57,3,225
"Trenton, NJ","Charlotte, NC",6,0,12,0,13,18,6,71
"Trenton, NJ","Fort Lauderdale, FL",6,0,14,0,16,25,2,93
"Trenton, NJ","Fort Myers, FL",12,1,23,0,26,39,5,170
"Trenton, NJ","Orlando, FL",51,0,48,0,103,140,18,616
"Trenton, NJ","Raleigh/Durham, NC",5,0,3,0,2,6,1,60
"Trenton, NJ","Tampa, FL",23,3,35,0,76,88,14,362
"Trenton, NJ","West Palm Beach/Palm Beach, FL",17,2,26,0,20,47,10,201
"Tucson, AZ","Atlanta, GA",28,1,33,0,25,64,7,791
"Tucson, AZ","Chicago, IL",86,4,100,0,81,158,12,1314
"Tucson, AZ","Dallas, TX",6,0,5,0,12,13,4,118
"Tucson, AZ","Dallas/Fort Worth, TX",180,37,218,1,318,463,49,2307
"Tucson, AZ","Denver, CO",168,23,136,1,234,373,15,2532
"Tucson, AZ","Houston, TX",61,8,59,1,60,120,13,936
"Tucson, AZ","Las Vegas, NV",76,7,124,0,195,247,2,1299
"Tucson, AZ","Los Angeles, CA",304,65,176,2,112,439,1,2486
"Tucson, AZ","Minneapolis, MN",11,2,5,0,13,21,0,141
"Tucson, AZ","Phoenix, AZ",239,24,222,0,183,462,12,3335
"Tucson, AZ","Portland, OR",8,1,2,0,5,13,0,152
"Tucson, AZ","Salt Lake City, UT",52,21,21,0,0,71,0,1084
"Tucson, AZ","San Diego, CA",48,0,69,0,80,119,1,610
"Tucson, AZ","San Francisco, CA",63,27,187,0,37,264,13,869
"Tucson, AZ","Santa Ana, CA",4,2,7,0,7,13,0,117
"Tucson, AZ","Seattle, WA",91,25,129,2,82,207,4,1037
"Tulsa, OK","Atlanta, GA",90,14,64,0,127,186,12,1565
"Tulsa, OK","Austin, TX",18,0,29,0,34,54,1,358
"Tulsa, OK","Charlotte, NC",63,8,61,0,69,132,8,820
"Tulsa, OK","Chicago, IL",145,30,144,0,128,286,13,2007
"Tulsa, OK","Dallas, TX",43,5,79,4,116,162,7,1118
"Tulsa, OK","Dallas/Fort Worth, TX",268,81,360,1,423,694,74,3148
"Tulsa, OK","Denver, CO",133,17,180,1,126,322,13,2153
"Tulsa, OK","Houston, TX",71,5,92,1,100,168,16,1101
"Tulsa, OK","Las Vegas, NV",44,10,53,1,75,111,2,746
"Tulsa, OK","Los Angeles, CA",36,2,23,1,24,59,1,469
"Tulsa, OK","Miami, FL",5,4,7,0,0,13,3,129
"Tulsa, OK","New York, NY",29,3,23,0,2,43,6,424
"Tulsa, OK","Orlando, FL",4,1,11,0,8,16,0,83
"Tulsa, OK","Phoenix, AZ",96,7,54,1,73,147,2,1086
"Tulsa, OK","Salt Lake City, UT",53,14,27,0,0,62,2,702
"Tulsa, OK","Sanford, FL",9,1,15,0,17,24,0,106
"Tulsa, OK","St. Louis, MO",22,2,20,0,47,64,3,693
"Tulsa, OK","St. Petersburg, FL",0,3,4,0,7,9,0,56
"Tulsa, OK","Valparaiso, FL",2,0,7,0,12,11,0,36
"Tulsa, OK","Washington, DC",27,5,42,0,39,65,8,355
"Twin Falls, ID","Salt Lake City, UT",49,9,13,0,0,54,2,700
"Tyler, TX","Dallas/Fort Worth, TX",114,40,86,0,67,218,30,1090
"Valdosta, GA","Atlanta, GA",44,19,62,0,58,110,17,781
"Valparaiso, FL","Asheville, NC",0,0,2,0,3,3,0,11
"Valparaiso, FL","Ashland, WV",8,1,6,0,8,13,2,43
"Valparaiso, FL","Atlanta, GA",181,24,132,0,152,296,21,2287
"Valparaiso, FL","Austin, TX",4,0,3,0,4,5,0,9
"Valparaiso, FL","Baltimore, MD",19,2,19,0,32,36,0,249
"Valparaiso, FL","Belleville, IL",37,8,14,0,32,56,9,342
"Valparaiso, FL","Boston, MA",2,2,1,0,0,4,0,27
"Valparaiso, FL","Charlotte, NC",144,32,173,2,192,288,16,1172
"Valparaiso, FL","Chicago, IL",6,1,9,0,6,14,1,119
"Valparaiso, FL","Cincinnati, OH",44,5,29,0,70,87,5,401
"Valparaiso, FL","Clarksburg/Fairmont, WV",1,0,3,0,4,4,2,11
"Valparaiso, FL","Columbus, OH",3,4,3,0,2,8,1,93
"Valparaiso, FL","Dallas, TX",31,3,40,1,64,79,3,428
"Valparaiso, FL","Dallas/Fort Worth, TX",173,47,170,1,234,338,33,1394
"Valparaiso, FL","Des Moines, IA",1,0,3,1,2,5,0,11
"Valparaiso, FL","Evansville, IN",2,0,1,0,2,3,1,22
"Valparaiso, FL","Fayetteville, AR",17,3,17,0,9,30,3,194
"Valparaiso, FL","Flint, MI",1,0,1,0,2,1,1,14
"Valparaiso, FL","Grand Rapids, MI",1,2,2,0,1,3,1,64
"Valparaiso, FL","Houston, TX",24,2,22,1,55,61,3,323
"Valparaiso, FL","Indianapolis, IN",16,0,9,0,28,35,0,81
"Valparaiso, FL","Kansas City, MO",4,0,3,0,7,8,0,55
"Valparaiso, FL","Knoxville, TN",10,1,10,0,13,16,1,89
"Valparaiso, FL","Las Vegas, NV",10,2,12,0,13,21,0,81
"Valparaiso, FL","Lexington, KY",7,1,8,0,8,13,0,33
"Valparaiso, FL","Little Rock, AR",5,1,3,0,4,7,0,22
"Valparaiso, FL","Louisville, KY",7,1,5,1,9,16,1,115
"Valparaiso, FL","Memphis, TN",4,0,2,0,1,5,1,24
"Valparaiso, FL","Minneapolis, MN",43,3,32,0,47,70,1,338
"Valparaiso, FL","Nashville, TN",37,6,30,1,49,82,2,875
"Valparaiso, FL","Newark, NJ",11,3,3,0,0,13,0,97
"Valparaiso, FL","Oklahoma City, OK",7,2,3,0,2,10,1,67
"Valparaiso, FL","Omaha, NE",1,0,0,0,0,1,1,30
"Valparaiso, FL","Peoria, IL",1,1,1,0,1,3,0,35
"Valparaiso, FL","Philadelphia, PA",4,1,2,0,3,5,0,17
"Valparaiso, FL","Pittsburgh, PA",3,0,8,0,12,12,1,49
"Valparaiso, FL","Shreveport, LA",2,1,3,0,0,4,0,22
"Valparaiso, FL","Springfield, MO",2,3,6,0,1,7,2,55
"Valparaiso, FL","St. Louis, MO",0,1,1,0,4,3,0,55
"Valparaiso, FL","Tulsa, OK",8,0,6,0,6,12,0,36
"Valparaiso, FL","Washington, DC",60,6,63,0,83,113,3,437
"Valparaiso, FL","Wichita, KS",7,1,5,0,5,10,1,70
"Vernal, UT","Denver, CO",2,0,6,0,2,5,0,52
"Victoria, TX","Houston, TX",37,9,35,0,40,94,16,635
"Waco, TX","Dallas/Fort Worth, TX",154,35,113,0,82,263,27,1087
"Walla Walla, WA","Seattle, WA",18,3,43,0,43,75,18,544
"Washington, DC","Akron, OH",56,6,57,1,71,117,7,363
"Washington, DC","Albany, NY",131,15,67,1,166,230,40,1208
"Washington, DC","Anchorage, AK",7,1,11,0,2,14,4,103
"Washington, DC","Asheville, NC",46,2,54,0,56,94,8,574
"Washington, DC","Atlanta, GA",824,99,796,4,934,1658,110,10151
"Washington, DC","Augusta, GA",52,14,60,1,62,104,11,359
"Washington, DC","Austin, TX",184,14,155,1,144,276,13,1338
"Washington, DC","Baltimore, MD",0,0,0,0,0,0,0,1
"Washington, DC","Bangor, ME",136,15,143,3,171,252,27,962
"Washington, DC","Baton Rouge, LA",68,11,43,1,67,111,5,308
"Washington, DC","Birmingham, AL",125,9,126,3,136,219,21,996
"Washington, DC","Boston, MA",993,66,1205,4,1142,2126,179,11120
"Washington, DC","Bozeman, MT",0,0,0,0,0,0,0,6
"Washington, DC","Buffalo, NY",139,15,111,1,148,252,38,1370
"Washington, DC","Burlington, VT",175,20,149,1,188,318,29,1997
"Washington, DC","Cedar Rapids/Iowa City, IA",54,10,39,1,52,92,25,544
"Washington, DC","Charleston, SC",184,21,168,2,224,374,33,2491
"Washington, DC","Charleston/Dunbar, WV",52,6,39,0,62,92,12,344
"Washington, DC","Charlotte Amalie, VI",25,2,27,0,2,41,0,320
"Washington, DC","Charlotte, NC",519,70,644,4,629,1101,54,5383
"Washington, DC","Chattanooga, TN",39,6,36,2,50,73,5,297
"Washington, DC","Chicago, IL",914,89,954,1,967,1697,122,9956
"Washington, DC","Cincinnati, OH",172,23,192,3,281,420,27,2324
"Washington, DC","Cleveland, OH",170,30,151,2,181,326,29,1990
"Washington, DC","College Station/Bryan, TX",0,0,0,0,0,0,0,2
"Washington, DC","Columbia, SC",135,12,114,0,141,241,20,1026
"Washington, DC","Columbus, OH",209,34,164,0,222,378,31,2658
"Washington, DC","Dallas, TX",253,6,172,1,256,351,23,1697
"Washington, DC","Dallas/Fort Worth, TX",534,75,581,4,510,1012,74,5009
"Washington, DC","Dayton, OH",133,24,124,0,125,224,19,1130
"Washington, DC","Daytona Beach, FL",3,1,4,0,1,6,0,26
"Washington, DC","Denver, CO",436,48,402,0,454,813,66,4712
"Washington, DC","Des Moines, IA",78,9,83,2,82,144,11,708
"Washington, DC","Detroit, MI",371,66,272,4,352,701,52,4025
"Washington, DC","Fayetteville, AR",55,7,65,0,76,107,5,388
"Washington, DC","Fort Lauderdale, FL",436,35,417,0,358,697,40,3215
"Washington, DC","Fort Myers, FL",97,10,147,0,85,229,30,1382
"Washington, DC","Grand Rapids, MI",96,14,65,2,114,163,12,694
"Washington, DC","Greensboro/High Point, NC",84,10,84,1,109,172,21,752
"Washington, DC","Greer, SC",122,16,119,1,136,222,21,1001
"Washington, DC","Hartford, CT",292,35,263,6,293,519,43,2610
"Washington, DC","Hayden, CO",1,0,3,0,0,4,0,15
"Washington, DC","Hilton Head, SC",8,6,18,0,12,30,4,239
"Washington, DC","Honolulu, HI",15,1,7,0,7,21,0,127
"Washington, DC","Houston, TX",508,46,542,1,383,883,77,4848
"Washington, DC","Huntsville, AL",147,17,126,2,179,286,32,1430
"Washington, DC","Hyannis, MA",3,1,8,0,6,10,0,74
"Washington, DC","Indianapolis, IN",204,27,209,2,225,426,30,3275
"Washington, DC","Jackson/Vicksburg, MS",37,7,39,0,32,74,12,301
"Washington, DC","Jacksonville, FL",239,24,248,1,247,470,29,2402
"Washington, DC","Johnstown, PA",30,4,15,0,31,66,10,366
"Washington, DC","Kansas City, MO",210,15,167,2,201,315,23,1815
"Washington, DC","Key West, FL",32,9,83,0,31,95,5,635
"Washington, DC","Knoxville, TN",113,18,157,1,156,245,19,1073
"Washington, DC","Lansing, MI",41,2,40,2,47,78,7,294
"Washington, DC","Las Vegas, NV",73,10,99,0,57,149,10,1311
"Washington, DC","Lexington, KY",20,2,24,0,22,38,8,299
"Washington, DC","Little Rock, AR",49,8,71,0,52,96,4,364
"Washington, DC","Los Angeles, CA",333,41,433,11,233,693,46,4073
"Washington, DC","Louisville, KY",103,11,118,0,103,213,20,1562
"Washington, DC","Madison, WI",99,13,116,2,96,181,11,948
"Washington, DC","Manchester, NH",148,19,93,1,160,252,31,1244
"Washington, DC","Martha's Vineyard, MA",22,0,18,0,19,33,4,233
"Washington, DC","Melbourne, FL",3,1,6,1,3,10,0,24
"Washington, DC","Memphis, TN",75,6,94,1,116,168,9,1011
"Washington, DC","Miami, FL",435,38,556,4,508,927,89,4487
"Washington, DC","Milwaukee, WI",162,10,107,2,135,235,20,1363
"Washington, DC","Minneapolis, MN",283,60,225,1,183,485,31,3236
"Washington, DC","Montgomery, AL",45,5,40,0,57,79,7,294
"Washington, DC","Morgantown, WV",2,3,1,0,3,8,0,19
"Washington, DC","Myrtle Beach, SC",56,9,77,1,67,118,8,621
"Washington, DC","Nantucket, MA",23,4,24,0,22,47,6,301
"Washington, DC","Nashville, TN",467,36,420,4,455,796,54,5147
"Washington, DC","New Orleans, LA",283,30,262,1,265,472,28,2460
"Washington, DC","New York, NY",691,117,1301,6,671,1833,240,8832
"Washington, DC","Newark, NJ",170,18,227,0,135,357,39,1473
"Washington, DC","Norfolk, VA",217,29,188,3,194,361,28,1925
"Washington, DC","Oklahoma City, OK",99,3,80,0,82,139,6,720
"Washington, DC","Omaha, NE",69,1,44,1,69,101,5,645
"Washington, DC","Orlando, FL",712,48,738,2,690,1318,119,6711
"Washington, DC","Palm Springs, CA",0,1,2,0,0,2,0,13
"Washington, DC","Panama City, FL",36,7,48,0,36,69,3,279
"Washington, DC","Pensacola, FL",119,14,161,2,133,250,11,913
"Washington, DC","Philadelphia, PA",115,19,126,3,126,229,23,1421
"Washington, DC","Phoenix, AZ",188,11,180,0,107,298,24,2180
"Washington, DC","Pittsburgh, PA",191,16,162,1,230,368,22,2229
"Washington, DC","Portland, ME",209,12,158,1,214,354,33,1919
"Washington, DC","Portland, OR",54,18,86,1,60,130,4,651
"Washington, DC","Providence, RI",241,33,172,4,300,423,39,2577
"Washington, DC","Punta Gorda, FL",10,0,7,0,18,22,0,66
"Washington, DC","Raleigh/Durham, NC",238,40,335,1,445,660,54,3584
"Washington, DC","Rochester, NY",121,17,91,1,140,212,22,1200
"Washington, DC","Sacramento, CA",27,5,22,0,13,43,5,304
"Washington, DC","Salt Lake City, UT",55,5,48,0,30,89,5,745
"Washington, DC","San Antonio, TX",63,6,50,0,33,101,12,660
"Washington, DC","San Diego, CA",119,14,171,3,89,265,35,1590
"Washington, DC","San Francisco, CA",287,45,412,4,255,686,40,3483
"Washington, DC","San Juan, PR",81,10,96,0,20,139,4,786
"Washington, DC","Sarasota/Bradenton, FL",48,5,84,0,41,123,18,610
"Washington, DC","Savannah, GA",107,11,120,1,111,206,10,977
"Washington, DC","Seattle, WA",204,33,294,12,191,488,40,2973
"Washington, DC","South Bend, IN",3,0,3,0,2,5,0,42
"Washington, DC","St. Louis, MO",254,14,167,1,284,416,28,2296
"Washington, DC","Syracuse, NY",78,8,93,0,111,181,16,1123
"Washington, DC","Tallahassee, FL",59,8,56,0,57,102,7,364
"Washington, DC","Tampa, FL",300,21,404,1,316,626,69,3145
"Washington, DC","Traverse City, MI",9,0,10,0,10,15,0,124
"Washington, DC","Tulsa, OK",34,3,37,0,33,63,3,356
"Washington, DC","Valparaiso, FL",41,6,60,0,55,92,2,437
"Washington, DC","West Palm Beach/Palm Beach, FL",186,6,211,1,146,325,21,1711
"Washington, DC","White Plains, NY",158,30,205,2,238,339,40,1313
"Washington, DC","Wichita, KS",35,5,48,1,38,69,1,325
"Washington, DC","Wilmington, NC",67,12,71,1,84,143,9,774
"West Palm Beach/Palm Beach, FL","Asheville, NC",5,1,17,0,15,25,2,134
"West Palm Beach/Palm Beach, FL","Atlanta, GA",210,49,289,0,399,627,42,4199
"West Palm Beach/Palm Beach, FL","Atlantic City, NJ",21,5,35,0,20,52,3,361
"West Palm Beach/Palm Beach, FL","Augusta, GA",0,0,1,0,0,1,0,2
"West Palm Beach/Palm Beach, FL","Baltimore, MD",102,4,114,3,184,232,11,1341
"West Palm Beach/Palm Beach, FL","Boston, MA",349,9,290,3,379,546,28,1996
"West Palm Beach/Palm Beach, FL","Buffalo, NY",3,0,1,0,2,3,0,29
"West Palm Beach/Palm Beach, FL","Charlotte, NC",216,38,235,3,352,452,30,2046
"West Palm Beach/Palm Beach, FL","Chicago, IL",151,16,135,1,181,260,15,988
"West Palm Beach/Palm Beach, FL","Cincinnati, OH",12,2,18,0,16,25,1,81
"West Palm Beach/Palm Beach, FL","Cleveland, OH",1,1,1,0,2,2,0,2
"West Palm Beach/Palm Beach, FL","Dallas, TX",0,0,2,0,1,2,1,5
"West Palm Beach/Palm Beach, FL","Dallas/Fort Worth, TX",181,19,188,0,258,335,36,1140
"West Palm Beach/Palm Beach, FL","Denver, CO",5,0,1,0,4,5,0,20
"West Palm Beach/Palm Beach, FL","Detroit, MI",58,7,50,0,91,118,6,435
"West Palm Beach/Palm Beach, FL","Grand Rapids, MI",2,0,3,0,4,4,0,14
"West Palm Beach/Palm Beach, FL","Hartford, CT",41,2,27,2,35,62,9,522
"West Palm Beach/Palm Beach, FL","Houston, TX",56,3,48,0,41,83,6,304
"West Palm Beach/Palm Beach, FL","Indianapolis, IN",0,1,3,0,2,3,0,14
"West Palm Beach/Palm Beach, FL","Islip, NY",124,6,90,1,158,203,15,986
"West Palm Beach/Palm Beach, FL","Knoxville, TN",2,0,2,0,1,2,0,5
"West Palm Beach/Palm Beach, FL","Los Angeles, CA",23,0,23,0,21,40,0,186
"West Palm Beach/Palm Beach, FL","Minneapolis, MN",9,1,8,0,21,27,0,124
"West Palm Beach/Palm Beach, FL","New York, NY",738,47,606,4,741,1159,99,5027
"West Palm Beach/Palm Beach, FL","Newark, NJ",471,18,457,1,438,807,115,3450
"West Palm Beach/Palm Beach, FL","Philadelphia, PA",249,33,218,2,330,446,36,1648
"West Palm Beach/Palm Beach, FL","Pittsburgh, PA",21,1,26,0,27,39,3,115
"West Palm Beach/Palm Beach, FL","Providence, RI",68,2,32,0,56,82,3,413
"West Palm Beach/Palm Beach, FL","San Juan, PR",0,0,1,0,1,1,1,4
"West Palm Beach/Palm Beach, FL","St. Louis, MO",3,0,6,0,9,10,0,25
"West Palm Beach/Palm Beach, FL","Trenton, NJ",30,0,18,0,47,59,7,201
"West Palm Beach/Palm Beach, FL","Washington, DC",223,24,199,2,250,367,22,1711
"West Palm Beach/Palm Beach, FL","White Plains, NY",311,8,176,3,250,405,24,1948
"West Yellowstone, MT","Denver, CO",5,1,2,0,2,8,0,36
"West Yellowstone, MT","Salt Lake City, UT",24,10,9,0,0,33,4,277
"White Plains, NY","Atlanta, GA",180,37,130,1,163,306,26,1869
"White Plains, NY","Charleston, SC",14,1,17,0,13,23,0,179
"White Plains, NY","Charlotte, NC",168,16,144,5,199,280,32,1482
"White Plains, NY","Chicago, IL",113,25,126,3,94,186,20,1026
"White Plains, NY","Detroit, MI",123,66,54,0,4,195,18,923
"White Plains, NY","Fort Lauderdale, FL",126,10,104,2,98,185,10,983
"White Plains, NY","Fort Myers, FL",45,5,44,0,35,77,7,457
"White Plains, NY","Miami, FL",13,4,11,1,1,19,2,182
"White Plains, NY","Nantucket, MA",13,14,22,0,6,35,6,232
"White Plains, NY","Orlando, FL",135,13,134,1,107,219,17,1309
"White Plains, NY","San Juan, PR",7,3,20,1,2,20,0,64
"White Plains, NY","Tampa, FL",18,3,25,0,11,35,11,366
"White Plains, NY","Washington, DC",132,17,206,2,229,323,36,1314
"White Plains, NY","West Palm Beach/Palm Beach, FL",249,19,296,1,193,441,26,1946
"Wichita Falls, TX","Dallas/Fort Worth, TX",64,35,34,0,15,109,13,725
"Wichita, KS","Atlanta, GA",48,15,69,0,59,128,10,1039
"Wichita, KS","Chicago, IL",139,24,120,0,86,240,22,1583
"Wichita, KS","Dallas/Fort Worth, TX",284,71,308,4,337,613,54,2678
"Wichita, KS","Denver, CO",128,27,159,0,103,308,10,1799
"Wichita, KS","Dodge City, KS",0,0,0,0,0,0,0,1
"Wichita, KS","Houston, TX",58,10,49,0,46,118,10,569
"Wichita, KS","Las Vegas, NV",29,2,24,1,48,60,3,468
"Wichita, KS","Los Angeles, CA",1,0,3,0,2,3,0,22
"Wichita, KS","Miami, FL",7,0,4,0,1,9,0,30
"Wichita, KS","Minneapolis, MN",48,1,13,0,0,50,1,360
"Wichita, KS","Phoenix, AZ",51,6,28,1,25,74,1,589
"Wichita, KS","Sanford, FL",8,1,6,0,9,11,0,35
"Wichita, KS","St. Louis, MO",27,1,25,0,60,80,2,685
"Wichita, KS","St. Petersburg, FL",3,0,1,0,3,4,0,22
"Wichita, KS","Valparaiso, FL",4,0,2,0,8,10,1,70
"Wichita, KS","Washington, DC",40,5,39,0,42,65,1,326
"Williston, ND","Denver, CO",126,31,117,3,57,236,25,1237
"Williston, ND","Minneapolis, MN",124,24,56,1,0,154,6,735
"Wilmington, NC","Atlanta, GA",79,18,70,0,88,149,13,1291
"Wilmington, NC","Boston, MA",23,9,31,1,27,52,3,184
"Wilmington, NC","Charlotte, NC",171,49,261,1,397,537,44,2827
"Wilmington, NC","Chicago, IL",17,5,23,0,21,32,1,151
"Wilmington, NC","Dallas/Fort Worth, TX",50,17,73,0,61,119,6,599
"Wilmington, NC","Miami, FL",10,0,9,0,3,15,0,148
"Wilmington, NC","Minneapolis, MN",8,0,8,0,12,15,1,53
"Wilmington, NC","New York, NY",80,51,182,0,133,261,48,1667
"Wilmington, NC","Newark, NJ",6,2,28,0,5,29,1,127
"Wilmington, NC","Philadelphia, PA",17,4,27,0,30,46,8,248
"Wilmington, NC","Washington, DC",37,14,109,0,120,178,16,774
"Worcester, MA","Fort Lauderdale, FL",44,2,52,0,58,85,5,322
"Worcester, MA","Fort Myers, FL",22,0,16,1,29,30,3,85
"Worcester, MA","New York, NY",7,8,70,0,41,91,33,659
"Worcester, MA","Orlando, FL",48,2,49,0,64,81,6,338
"Wrangell, AK","Ketchikan, AK",3,0,18,0,35,38,8,363
"Wrangell, AK","Petersburg, AK",7,5,26,0,45,53,3,363
"Yakutat, AK","Cordova, AK",7,4,38,1,47,63,8,363
"Yakutat, AK","Juneau, AK",7,3,13,6,34,42,8,363
"Yuma, AZ","Dallas/Fort Worth, TX",36,7,21,0,10,59,3,365
"Yuma, AZ","Phoenix, AZ",100,3,75,1,66,159,3,1357
